sku_id,week_start_date,demand_qty,on_hand_qty,unit_cost,lead_time_days,stockout_flag,_dupe_key
CB-1001,2024-01-01,0.0,2,154.9,28,0,False
CB-1001,2024-01-08,0.0,2,154.9,28,0,False
CB-1001,2024-01-15,0.0,2,154.9,28,0,False
CB-1001,2024-01-22,0.0,2,154.9,28,0,False
CB-1001,2024-01-29,0.0,24,154.9,28,0,False
CB-1001,2024-02-05,0.0,47,154.9,28,0,False
CB-1001,2024-02-12,0.0,47,154.9,28,0,False
CB-1001,2024-02-19,0.0,47,154.9,28,0,False
CB-1001,2024-02-26,9.0,38,154.9,28,0,False
CB-1001,2024-03-04,0.0,38,154.9,28,0,False
CB-1001,2024-03-11,20.0,18,154.9,28,0,False
CB-1001,2024-03-18,0.0,18,154.9,28,0,False
CB-1001,2024-03-25,22.0,0,154.9,28,1,False
CB-1001,2024-04-01,0.0,0,154.9,28,0,False
CB-1001,2024-04-08,50.0,0,154.9,28,1,False
CB-1001,2024-04-15,0.0,0,154.9,28,0,False
CB-1001,2024-04-22,0.0,22,154.9,28,0,False
CB-1001,2024-04-29,38.0,0,154.9,28,1,False
CB-1001,2024-05-06,25.0,0,154.9,28,1,False
CB-1001,2024-05-13,0.0,0,154.9,28,0,False
CB-1001,2024-05-20,0.0,0,154.9,28,0,False
CB-1001,2024-05-27,0.0,22,154.9,28,0,False
CB-1001,2024-06-03,0.0,45,154.9,28,0,False
CB-1001,2024-06-10,0.0,45,154.9,28,0,False
CB-1001,2024-06-17,0.0,45,154.9,28,0,False
CB-1001,2024-06-24,0.0,45,154.9,28,0,False
CB-1001,2024-07-01,0.0,45,154.9,28,0,False
CB-1001,2024-07-08,16.0,29,154.9,28,0,False
CB-1001,2024-07-15,0.0,29,154.9,28,0,False
CB-1001,2024-07-22,14.0,15,154.9,28,0,False
CB-1001,2024-07-29,0.0,15,154.9,28,0,False
CB-1001,2024-08-05,0.0,37,154.9,28,0,False
CB-1001,2024-08-12,0.0,37,154.9,28,0,False
CB-1001,2024-08-19,0.0,37,154.9,28,0,False
CB-1001,2024-08-26,0.0,37,154.9,28,0,False
CB-1001,2024-09-02,30.0,7,154.9,28,0,False
CB-1001,2024-09-09,0.0,7,154.9,28,0,False
CB-1001,2024-09-16,47.0,0,154.9,28,1,False
CB-1001,2024-09-23,0.0,0,154.9,28,0,False
CB-1001,2024-09-30,0.0,22,154.9,28,0,False
CB-1001,2024-10-07,15.0,30,154.9,28,0,False
CB-1001,2024-10-14,0.0,30,154.9,28,0,False
CB-1001,2024-10-21,18.0,12,154.9,28,0,False
CB-1001,2024-10-28,32.0,0,154.9,28,1,False
CB-1001,2024-11-04,0.0,22,154.9,28,0,False
CB-1001,2024-11-11,0.0,22,154.9,28,0,False
CB-1001,2024-11-18,18.0,4,154.9,28,0,False
CB-1001,2024-11-25,0.0,27,154.9,28,0,False
CB-1001,2024-12-02,0.0,27,154.9,28,0,False
CB-1001,2024-12-09,0.0,27,154.9,28,0,False
CB-1001,2024-12-16,0.0,49,154.9,28,0,False
CB-1001,2024-12-23,0.0,49,154.9,28,0,False
CB-1001,2024-12-30,25.0,24,154.9,28,0,False
CB-1001,2025-01-06,0.0,24,154.9,28,0,False
CB-1001,2025-01-13,0.0,24,154.9,28,0,False
CB-1001,2025-01-20,0.0,24,154.9,28,0,False
CB-1001,2025-01-27,0.0,46,154.9,28,0,False
CB-1001,2025-02-03,0.0,46,154.9,28,0,False
CB-1001,2025-02-10,0.0,46,154.9,28,0,False
CB-1001,2025-02-17,0.0,46,154.9,28,0,False
CB-1001,2025-02-24,0.0,46,154.9,28,0,False
CB-1001,2025-03-03,0.0,46,154.9,28,0,False
CB-1001,2025-03-10,0.0,46,154.9,28,0,False
CB-1001,2025-03-17,0.0,46,154.9,28,0,False
CB-1001,2025-03-24,0.0,46,154.9,28,0,False
CB-1001,2025-03-31,0.0,46,154.9,28,0,False
CB-1001,2025-04-07,27.0,19,154.9,28,0,False
CB-1001,2025-04-14,0.0,19,154.9,28,0,False
CB-1001,2025-04-21,0.0,19,154.9,28,0,False
CB-1001,2025-04-28,24.0,0,154.9,28,1,False
CB-1001,2025-05-05,6.0,16,154.9,28,0,False
CB-1001,2025-05-12,0.0,16,154.9,28,0,False
CB-1001,2025-05-19,0.0,16,154.9,28,0,False
CB-1001,2025-05-26,0.0,39,154.9,28,0,False
CB-1001,2025-06-02,0.0,39,154.9,28,0,False
CB-1001,2025-06-09,20.0,19,154.9,28,0,False
CB-1001,2025-06-16,0.0,19,154.9,28,0,False
CB-1001,2025-06-23,0.0,19,154.9,28,0,False
CB-1001,2025-06-30,0.0,19,154.9,28,0,False
CB-1001,2025-07-07,0.0,41,154.9,28,0,False
CB-1001,2025-07-14,0.0,41,154.9,28,0,False
CB-1001,2025-07-21,0.0,41,154.9,28,0,False
CB-1001,2025-07-28,0.0,41,154.9,28,0,False
CB-1001,2025-08-04,0.0,41,154.9,28,0,False
CB-1001,2025-08-11,0.0,41,154.9,28,0,False
CB-1001,2025-08-18,0.0,41,154.9,28,0,False
CB-1001,2025-08-25,0.0,41,154.9,28,0,False
CB-1001,2025-09-01,45.0,0,154.9,28,1,False
CB-1001,2025-09-08,0.0,0,154.9,28,0,False
CB-1001,2025-09-15,0.0,0,154.9,28,0,False
CB-1001,2025-09-22,0.0,0,154.9,28,0,False
CB-1001,2025-09-29,0.0,22,154.9,28,0,False
CB-1001,2025-10-06,0.0,45,154.9,28,0,False
CB-1001,2025-10-13,45.0,0,154.9,28,1,False
CB-1001,2025-10-20,0.0,0,154.9,28,0,False
CB-1001,2025-10-27,0.0,0,154.9,28,0,False
CB-1001,2025-11-03,7.0,0,154.9,28,1,False
CB-1001,2025-11-10,0.0,22,154.9,28,0,False
CB-1001,2025-11-17,0.0,45,154.9,28,0,False
CB-1001,2025-11-24,0.0,45,154.9,28,0,False
CB-1001,2025-12-01,0.0,45,154.9,28,0,False
CB-1001,2025-12-08,0.0,45,154.9,28,0,False
CB-1001,2025-12-15,0.0,45,154.9,28,0,False
CB-1001,2025-12-22,0.0,45,154.9,28,0,False
CB-1002,2024-01-01,41.0,120,19.22,21,0,False
CB-1002,2024-01-08,66.0,54,19.22,21,0,False
CB-1002,2024-01-15,72.0,0,19.22,21,1,False
CB-1002,2024-01-22,68.0,163,19.22,21,0,False
CB-1002,2024-01-29,25.0,138,19.22,21,0,False
CB-1002,2024-02-05,73.0,65,19.22,21,0,False
CB-1002,2024-02-12,40.0,255,19.22,21,0,False
CB-1002,2024-02-19,70.0,185,19.22,21,0,False
CB-1002,2024-02-26,33.0,152,19.22,21,0,False
CB-1002,2024-03-04,77.0,75,19.22,21,0,False
CB-1002,2024-03-11,48.0,258,19.22,21,0,False
CB-1002,2024-03-18,38.0,220,19.22,21,0,False
CB-1002,2024-03-25,86.0,134,19.22,21,0,False
CB-1002,2024-04-01,75.0,59,19.22,21,0,False
CB-1002,2024-04-08,54.0,5,19.22,21,0,False
CB-1002,2024-04-15,104.0,132,19.22,21,0,False
CB-1002,2024-04-22,58.0,74,19.22,21,0,False
CB-1002,2024-04-29,69.0,5,19.22,21,0,False
CB-1002,2024-05-06,74.0,161,19.22,21,0,False
CB-1002,2024-05-13,52.0,109,19.22,21,0,False
CB-1002,2024-05-20,76.0,33,19.22,21,0,False
CB-1002,2024-05-27,52.0,212,19.22,21,0,False
CB-1002,2024-06-03,54.0,158,19.22,21,0,False
CB-1002,2024-06-10,91.0,67,19.22,21,0,False
CB-1002,2024-06-17,38.0,29,19.22,21,0,False
CB-1002,2024-06-24,9.0,251,19.22,21,0,False
CB-1002,2024-07-01,89.0,162,19.22,21,0,False
CB-1002,2024-07-08,104.0,58,19.22,21,0,False
CB-1002,2024-07-15,46.0,12,19.22,21,0,False
CB-1002,2024-07-22,17.0,225,19.22,21,0,False
CB-1002,2024-07-29,45.0,180,19.22,21,0,False
CB-1002,2024-08-05,44.0,136,19.22,21,0,False
CB-1002,2024-08-12,45.0,91,19.22,21,0,False
CB-1002,2024-08-19,29.0,293,19.22,21,0,False
CB-1002,2024-08-26,55.0,238,19.22,21,0,False
CB-1002,2024-09-02,53.0,185,19.22,21,0,False
CB-1002,2024-09-09,21.0,164,19.22,21,0,False
CB-1002,2024-09-16,55.0,109,19.22,21,0,False
CB-1002,2024-09-23,75.0,265,19.22,21,0,False
CB-1002,2024-09-30,47.0,218,19.22,21,0,False
CB-1002,2024-10-07,39.0,179,19.22,21,0,False
CB-1002,2024-10-14,42.0,137,19.22,21,0,False
CB-1002,2024-10-21,55.0,82,19.22,21,0,False
CB-1002,2024-10-28,18.0,294,19.22,21,0,False
CB-1002,2024-11-04,50.0,244,19.22,21,0,False
CB-1002,2024-11-11,42.0,202,19.22,21,0,False
CB-1002,2024-11-18,82.0,120,19.22,21,0,False
CB-1002,2024-11-25,48.0,72,19.22,21,0,False
CB-1002,2024-12-02,84.0,0,19.22,21,1,False
CB-1002,2024-12-09,33.0,198,19.22,21,0,False
CB-1002,2024-12-16,68.0,130,19.22,21,0,False
CB-1002,2024-12-23,65.0,65,19.22,21,0,False
CB-1002,2024-12-30,42.0,23,19.22,21,0,False
CB-1002,2025-01-06,66.0,187,19.22,21,0,False
CB-1002,2025-01-13,91.0,96,19.22,21,0,False
CB-1002,2025-01-20,59.0,37,19.22,21,0,False
CB-1002,2025-01-27,28.0,240,19.22,21,0,False
CB-1002,2025-02-03,69.0,171,19.22,21,0,False
CB-1002,2025-02-10,49.0,122,19.22,21,0,False
CB-1002,2025-02-17,64.0,58,19.22,21,0,False
CB-1002,2025-02-24,72.0,217,19.22,21,0,False
CB-1002,2025-03-03,30.0,187,19.22,21,0,False
CB-1002,2025-03-10,33.0,154,19.22,21,0,False
CB-1002,2025-03-17,90.0,64,19.22,21,0,False
CB-1002,2025-03-24,63.0,231,19.22,21,0,False
CB-1002,2025-03-31,8.0,223,19.22,21,0,False
CB-1002,2025-04-07,99.0,124,19.22,21,0,False
CB-1002,2025-04-14,85.0,39,19.22,21,0,False
CB-1002,2025-04-21,58.0,0,19.22,21,1,False
CB-1002,2025-04-28,41.0,190,19.22,21,0,False
CB-1002,2025-05-05,98.0,92,19.22,21,0,False
CB-1002,2025-05-12,84.0,8,19.22,21,0,False
CB-1002,2025-05-19,135.0,103,19.22,21,0,False
CB-1002,2025-05-26,83.0,20,19.22,21,0,False
CB-1002,2025-06-02,80.0,0,19.22,21,1,False
CB-1002,2025-06-09,65.0,166,19.22,21,0,False
CB-1002,2025-06-16,86.0,80,19.22,21,0,False
CB-1002,2025-06-23,80.0,0,19.22,21,1,False
CB-1002,2025-06-30,92.0,139,19.22,21,0,False
CB-1002,2025-07-07,51.0,88,19.22,21,0,False
CB-1002,2025-07-14,51.0,37,19.22,21,0,False
CB-1002,2025-07-21,49.0,218,19.22,21,0,False
CB-1002,2025-07-28,73.0,145,19.22,21,0,False
CB-1002,2025-08-04,84.0,61,19.22,21,0,False
CB-1002,2025-08-11,45.0,16,19.22,21,0,False
CB-1002,2025-08-18,45.0,202,19.22,21,0,False
CB-1002,2025-08-25,57.0,145,19.22,21,0,False
CB-1002,2025-09-01,46.0,99,19.22,21,0,False
CB-1002,2025-09-08,66.0,33,19.22,21,0,False
CB-1002,2025-09-15,10.0,254,19.22,21,0,False
CB-1002,2025-09-22,35.0,219,19.22,21,0,False
CB-1002,2025-09-29,36.0,183,19.22,21,0,False
CB-1002,2025-10-06,9.0,174,19.22,21,0,False
CB-1002,2025-10-13,33.0,141,19.22,21,0,False
CB-1002,2025-10-20,34.0,337,19.22,21,0,False
CB-1002,2025-10-27,48.0,289,19.22,21,0,False
CB-1002,2025-11-03,73.0,216,19.22,21,0,False
CB-1002,2025-11-10,49.0,167,19.22,21,0,False
CB-1002,2025-11-17,35.0,132,19.22,21,0,False
CB-1002,2025-11-24,56.0,76,19.22,21,0,False
CB-1002,2025-12-01,81.0,226,19.22,21,0,False
CB-1002,2025-12-08,40.0,186,19.22,21,0,False
CB-1002,2025-12-15,43.0,143,19.22,21,0,False
CB-1002,2025-12-22,78.0,65,19.22,21,0,False
CB-1003,2024-01-01,11.0,2,142.03,35,0,False
CB-1003,2024-01-08,0.0,2,142.03,35,0,False
CB-1003,2024-01-15,33.0,0,142.03,35,1,False
CB-1003,2024-01-22,0.0,0,142.03,35,0,False
CB-1003,2024-01-29,0.0,0,142.03,35,0,False
CB-1003,2024-02-05,0.0,34,142.03,35,0,False
CB-1003,2024-02-12,0.0,67,142.03,35,0,False
CB-1003,2024-02-19,0.0,67,142.03,35,0,False
CB-1003,2024-02-26,0.0,67,142.03,35,0,False
CB-1003,2024-03-04,0.0,67,142.03,35,0,False
CB-1003,2024-03-11,0.0,67,142.03,35,0,False
CB-1003,2024-03-18,0.0,67,142.03,35,0,False
CB-1003,2024-03-25,0.0,67,142.03,35,0,False
CB-1003,2024-04-01,23.0,44,142.03,35,0,False
CB-1003,2024-04-08,0.0,44,142.03,35,0,False
CB-1003,2024-04-15,30.0,14,142.03,35,0,False
CB-1003,2024-04-22,0.0,14,142.03,35,0,False
CB-1003,2024-04-29,8.0,6,142.03,35,0,False
CB-1003,2024-05-06,56.0,0,142.03,35,1,False
CB-1003,2024-05-13,15.0,0,142.03,35,1,False
CB-1003,2024-05-20,11.0,23,142.03,35,0,False
CB-1003,2024-05-27,0.0,23,142.03,35,0,False
CB-1003,2024-06-03,0.0,23,142.03,35,0,False
CB-1003,2024-06-10,0.0,56,142.03,35,0,False
CB-1003,2024-06-17,0.0,56,142.03,35,0,False
CB-1003,2024-06-24,0.0,90,142.03,35,0,False
CB-1003,2024-07-01,52.0,38,142.03,35,0,False
CB-1003,2024-07-08,0.0,38,142.03,35,0,False
CB-1003,2024-07-15,48.0,0,142.03,35,1,False
CB-1003,2024-07-22,0.0,0,142.03,35,0,False
CB-1003,2024-07-29,0.0,0,142.03,35,0,False
CB-1003,2024-08-05,0.0,34,142.03,35,0,False
CB-1003,2024-08-12,0.0,34,142.03,35,0,False
CB-1003,2024-08-19,0.0,67,142.03,35,0,False
CB-1003,2024-08-26,0.0,67,142.03,35,0,False
CB-1003,2024-09-02,0.0,67,142.03,35,0,False
CB-1003,2024-09-09,0.0,67,142.03,35,0,False
CB-1003,2024-09-16,0.0,67,142.03,35,0,False
CB-1003,2024-09-23,0.0,67,142.03,35,0,False
CB-1003,2024-09-30,0.0,67,142.03,35,0,False
CB-1003,2024-10-07,28.0,39,142.03,35,0,False
CB-1003,2024-10-14,0.0,39,142.03,35,0,False
CB-1003,2024-10-21,7.0,32,142.03,35,0,False
CB-1003,2024-10-28,0.0,32,142.03,35,0,False
CB-1003,2024-11-04,14.0,18,142.03,35,0,False
CB-1003,2024-11-11,0.0,52,142.03,35,0,False
CB-1003,2024-11-18,0.0,52,142.03,35,0,False
CB-1003,2024-11-25,0.0,52,142.03,35,0,False
CB-1003,2024-12-02,0.0,52,142.03,35,0,False
CB-1003,2024-12-09,0.0,86,142.03,35,0,False
CB-1003,2024-12-16,0.0,86,142.03,35,0,False
CB-1003,2024-12-23,13.0,73,142.03,35,0,False
CB-1003,2024-12-30,0.0,73,142.03,35,0,False
CB-1003,2025-01-06,33.0,40,142.03,35,0,False
CB-1003,2025-01-13,0.0,40,142.03,35,0,False
CB-1003,2025-01-20,6.0,34,142.03,35,0,False
CB-1003,2025-01-27,0.0,34,142.03,35,0,False
CB-1003,2025-02-03,0.0,34,142.03,35,0,False
CB-1003,2025-02-10,54.0,13,142.03,35,0,False
CB-1003,2025-02-17,0.0,13,142.03,35,0,False
CB-1003,2025-02-24,0.0,13,142.03,35,0,False
CB-1003,2025-03-03,0.0,13,142.03,35,0,False
CB-1003,2025-03-10,0.0,13,142.03,35,0,False
CB-1003,2025-03-17,38.0,9,142.03,35,0,False
CB-1003,2025-03-24,0.0,43,142.03,35,0,False
CB-1003,2025-03-31,0.0,43,142.03,35,0,False
CB-1003,2025-04-07,0.0,43,142.03,35,0,False
CB-1003,2025-04-14,38.0,5,142.03,35,0,False
CB-1003,2025-04-21,53.0,0,142.03,35,1,False
CB-1003,2025-04-28,0.0,0,142.03,35,0,False
CB-1003,2025-05-05,0.0,0,142.03,35,0,False
CB-1003,2025-05-12,0.0,0,142.03,35,0,False
CB-1003,2025-05-19,0.0,34,142.03,35,0,False
CB-1003,2025-05-26,0.0,67,142.03,35,0,False
CB-1003,2025-06-02,0.0,67,142.03,35,0,False
CB-1003,2025-06-09,0.0,67,142.03,35,0,False
CB-1003,2025-06-16,0.0,67,142.03,35,0,False
CB-1003,2025-06-23,0.0,67,142.03,35,0,False
CB-1003,2025-06-30,0.0,67,142.03,35,0,False
CB-1003,2025-07-07,0.0,67,142.03,35,0,False
CB-1003,2025-07-14,49.0,18,142.03,35,0,False
CB-1003,2025-07-21,0.0,18,142.03,35,0,False
CB-1003,2025-07-28,0.0,18,142.03,35,0,False
CB-1003,2025-08-04,54.0,0,142.03,35,1,False
CB-1003,2025-08-11,0.0,0,142.03,35,0,False
CB-1003,2025-08-18,0.0,34,142.03,35,0,False
CB-1003,2025-08-25,58.0,9,142.03,35,0,False
CB-1003,2025-09-01,16.0,0,142.03,35,1,False
CB-1003,2025-09-08,0.0,0,142.03,35,0,False
CB-1003,2025-09-15,0.0,0,142.03,35,0,False
CB-1003,2025-09-22,31.0,0,142.03,35,1,False
CB-1003,2025-09-29,0.0,34,142.03,35,0,False
CB-1003,2025-10-06,0.0,67,142.03,35,0,False
CB-1003,2025-10-13,0.0,67,142.03,35,0,False
CB-1003,2025-10-20,0.0,67,142.03,35,0,False
CB-1003,2025-10-27,0.0,67,142.03,35,0,False
CB-1003,2025-11-03,0.0,67,142.03,35,0,False
CB-1003,2025-11-10,0.0,67,142.03,35,0,False
CB-1003,2025-11-17,0.0,67,142.03,35,0,False
CB-1003,2025-11-24,55.0,12,142.03,35,0,False
CB-1003,2025-12-01,0.0,12,142.03,35,0,False
CB-1003,2025-12-08,0.0,12,142.03,35,0,False
CB-1003,2025-12-15,16.0,0,142.03,35,1,False
CB-1003,2025-12-22,0.0,0,142.03,35,0,False
CB-1004,2024-01-01,119.0,308,82.44,35,0,False
CB-1004,2024-01-08,139.0,169,82.44,35,0,False
CB-1004,2024-01-15,125.0,44,82.44,35,0,False
CB-1004,2024-01-22,131.0,0,82.44,35,1,False
CB-1004,2024-01-29,137.0,0,82.44,35,1,False
CB-1004,2024-02-05,172.0,362,82.44,35,0,False
CB-1004,2024-02-12,150.0,212,82.44,35,0,False
CB-1004,2024-02-19,135.0,611,82.44,35,0,False
CB-1004,2024-02-26,157.0,454,82.44,35,0,False
CB-1004,2024-03-04,144.0,310,82.44,35,0,False
CB-1004,2024-03-11,144.0,-26,82.44,35,0,False
CB-1004,2024-03-18,162.0,4,82.44,35,0,False
CB-1004,2024-03-25,153.0,384,82.44,35,0,False
CB-1004,2024-04-01,156.0,228,82.44,35,0,False
CB-1004,2024-04-08,153.0,75,82.44,35,0,False
CB-1004,2024-04-15,157.0,0,82.44,35,1,False
CB-1004,2024-04-22,157.0,377,82.44,35,0,False
CB-1004,2024-04-29,127.0,250,82.44,35,0,False
CB-1004,2024-05-06,157.0,93,82.44,35,0,False
CB-1004,2024-05-13,136.0,491,82.44,35,0,False
CB-1004,2024-05-20,128.0,363,82.44,35,0,False
CB-1004,2024-05-27,142.0,221,82.44,35,0,False
CB-1004,2024-06-03,140.0,81,82.44,35,0,False
CB-1004,2024-06-10,129.0,485,82.44,35,0,False
CB-1004,2024-06-17,142.0,343,82.44,35,0,False
CB-1004,2024-06-24,116.0,227,82.44,35,0,False
CB-1004,2024-07-01,122.0,105,82.44,35,0,False
CB-1004,2024-07-08,117.0,522,82.44,35,0,False
CB-1004,2024-07-15,119.0,403,82.44,35,0,False
CB-1004,2024-07-22,118.0,285,82.44,35,0,False
CB-1004,2024-07-29,103.0,182,82.44,35,0,False
CB-1004,2024-08-05,116.0,600,82.44,35,0,False
CB-1004,2024-08-12,107.0,493,82.44,35,0,False
CB-1004,2024-08-19,88.0,-31,82.44,35,0,False
CB-1004,2024-08-26,86.0,319,82.44,35,0,False
CB-1004,2024-09-02,100.0,219,82.44,35,0,False
CB-1004,2024-09-09,97.0,656,82.44,35,0,False
CB-1004,2024-09-16,97.0,559,82.44,35,0,False
CB-1004,2024-09-23,97.0,462,82.44,35,0,False
CB-1004,2024-09-30,99.0,363,82.44,35,0,False
CB-1004,2024-10-07,105.0,258,82.44,35,0,False
CB-1004,2024-10-14,90.0,702,82.44,35,0,False
CB-1004,2024-10-21,91.0,611,82.44,35,0,False
CB-1004,2024-10-28,93.0,518,82.44,35,0,False
CB-1004,2024-11-04,107.0,411,82.44,35,0,False
CB-1004,2024-11-11,118.0,293,82.44,35,0,False
CB-1004,2024-11-18,106.0,187,82.44,35,0,False
CB-1004,2024-11-25,91.0,629,82.44,35,0,False
CB-1004,2024-12-02,101.0,528,82.44,35,0,False
CB-1004,2024-12-09,113.0,415,82.44,35,0,False
CB-1004,2024-12-16,120.0,295,82.44,35,0,False
CB-1004,2024-12-23,125.0,170,82.44,35,0,False
CB-1004,2024-12-30,134.0,570,82.44,35,0,False
CB-1004,2025-01-06,135.0,435,82.44,35,0,False
CB-1004,2025-01-13,154.0,281,82.44,35,0,False
CB-1004,2025-01-20,139.0,142,82.44,35,0,False
CB-1004,2025-01-27,140.0,-22,82.44,35,0,False
CB-1004,2025-02-03,160.0,376,82.44,35,0,False
CB-1004,2025-02-10,139.0,237,82.44,35,0,False
CB-1004,2025-02-17,166.0,71,82.44,35,0,False
CB-1004,2025-02-24,165.0,440,82.44,35,0,False
CB-1004,2025-03-03,165.0,275,82.44,35,0,False
CB-1004,2025-03-10,190.0,85,82.44,35,0,False
CB-1004,2025-03-17,162.0,0,82.44,35,1,False
CB-1004,2025-03-24,200.0,334,82.44,35,0,False
CB-1004,2025-03-31,169.0,165,82.44,35,0,False
CB-1004,2025-04-07,154.0,11,82.44,35,0,False
CB-1004,2025-04-14,173.0,372,82.44,35,0,False
CB-1004,2025-04-21,156.0,216,82.44,35,0,False
CB-1004,2025-04-28,159.0,57,82.44,35,0,False
CB-1004,2025-05-05,173.0,0,82.44,35,1,False
CB-1004,2025-05-12,173.0,361,82.44,35,0,False
CB-1004,2025-05-19,155.0,206,82.44,35,0,False
CB-1004,2025-05-26,172.0,34,82.44,35,0,False
CB-1004,2025-06-02,171.0,397,82.44,35,0,False
CB-1004,2025-06-09,171.0,226,82.44,35,0,False
CB-1004,2025-06-16,156.0,70,82.44,35,0,False
CB-1004,2025-06-23,161.0,0,82.44,35,1,False
CB-1004,2025-06-30,120.0,414,82.44,35,0,False
CB-1004,2025-07-07,134.0,-23,82.44,35,0,False
CB-1004,2025-07-14,124.0,156,82.44,35,0,False
CB-1004,2025-07-21,131.0,559,82.44,35,0,False
CB-1004,2025-07-28,120.0,439,82.44,35,0,False
CB-1004,2025-08-04,121.0,318,82.44,35,0,False
CB-1004,2025-08-11,137.0,181,82.44,35,0,False
CB-1004,2025-08-18,115.0,599,82.44,35,0,False
CB-1004,2025-08-25,118.0,481,82.44,35,0,False
CB-1004,2025-09-01,110.0,371,82.44,35,0,False
CB-1004,2025-09-08,111.0,260,82.44,35,0,False
CB-1004,2025-09-15,110.0,150,82.44,35,0,False
CB-1004,2025-09-22,113.0,571,82.44,35,0,False
CB-1004,2025-09-29,119.0,452,82.44,35,0,False
CB-1004,2025-10-06,124.0,328,82.44,35,0,False
CB-1004,2025-10-13,113.0,215,82.44,35,0,False
CB-1004,2025-10-20,117.0,632,82.44,35,0,False
CB-1004,2025-10-27,104.0,528,82.44,35,0,False
CB-1004,2025-11-03,116.0,412,82.44,35,0,False
CB-1004,2025-11-10,129.0,283,82.44,35,0,False
CB-1004,2025-11-17,131.0,152,82.44,35,0,False
CB-1004,2025-11-24,129.0,557,82.44,35,0,False
CB-1004,2025-12-01,140.0,417,82.44,35,0,False
CB-1004,2025-12-08,140.0,277,82.44,35,0,False
CB-1004,2025-12-15,153.0,-15,82.44,35,0,False
CB-1004,2025-12-22,148.0,510,82.44,35,0,False
CB-1005,2024-01-01,42.0,158,116.79,14,0,False
CB-1005,2024-01-08,59.0,99,116.79,14,0,False
CB-1005,2024-01-15,41.0,58,116.79,14,0,False
CB-1005,2024-01-22,52.0,253,116.79,14,0,False
CB-1005,2024-01-29,64.0,189,116.79,14,0,False
CB-1005,2024-02-05,66.0,123,116.79,14,0,False
CB-1005,2024-02-12,59.0,64,116.79,14,0,False
CB-1005,2024-02-19,63.0,248,116.79,14,0,False
CB-1005,2024-02-26,75.0,173,116.79,14,0,False
CB-1005,2024-03-04,66.0,107,116.79,14,0,False
CB-1005,2024-03-11,82.0,25,116.79,14,0,False
CB-1005,2024-03-18,70.0,201,116.79,14,0,False
CB-1005,2024-03-25,73.0,128,116.79,14,0,False
CB-1005,2024-04-01,80.0,48,116.79,14,0,False
CB-1005,2024-04-08,72.0,223,116.79,14,0,False
CB-1005,2024-04-15,65.0,158,116.79,14,0,False
CB-1005,2024-04-22,70.0,88,116.79,14,0,False
CB-1005,2024-04-29,70.0,18,116.79,14,0,False
CB-1005,2024-05-06,62.0,203,116.79,14,0,False
CB-1005,2024-05-13,67.0,136,116.79,14,0,False
CB-1005,2024-05-20,63.0,73,116.79,14,0,False
CB-1005,2024-05-27,71.0,2,116.79,14,0,False
CB-1005,2024-06-03,65.0,183,116.79,14,0,False
CB-1005,2024-06-10,62.0,121,116.79,14,0,False
CB-1005,2024-06-17,61.0,60,116.79,14,0,False
CB-1005,2024-06-24,61.0,246,116.79,14,0,False
CB-1005,2024-07-01,61.0,185,116.79,14,0,False
CB-1005,2024-07-08,52.0,133,116.79,14,0,False
CB-1005,2024-07-15,51.0,82,116.79,14,0,False
CB-1005,2024-07-22,58.0,271,116.79,14,0,False
CB-1005,2024-07-29,51.0,220,116.79,14,0,False
CB-1005,2024-08-05,45.0,175,116.79,14,0,False
CB-1005,2024-08-12,51.0,124,116.79,14,0,False
CB-1005,2024-08-19,50.0,74,116.79,14,0,False
CB-1005,2024-08-26,42.0,279,116.79,14,0,False
CB-1005,2024-09-02,47.0,232,116.79,14,0,False
CB-1005,2024-09-09,49.0,183,116.79,14,0,False
CB-1005,2024-09-16,47.0,136,116.79,14,0,False
CB-1005,2024-09-23,48.0,88,116.79,14,0,False
CB-1005,2024-09-30,40.0,48,116.79,14,0,False
CB-1005,2024-10-07,47.0,247,116.79,14,0,False
CB-1005,2024-10-14,45.0,202,116.79,14,0,False
CB-1005,2024-10-21,45.0,157,116.79,14,0,False
CB-1005,2024-10-28,51.0,106,116.79,14,0,False
CB-1005,2024-11-04,54.0,52,116.79,14,0,False
CB-1005,2024-11-11,57.0,242,116.79,14,0,False
CB-1005,2024-11-18,57.0,185,116.79,14,0,False
CB-1005,2024-11-25,52.0,133,116.79,14,0,False
CB-1005,2024-12-02,56.0,77,116.79,14,0,False
CB-1005,2024-12-09,60.0,264,116.79,14,0,False
CB-1005,2024-12-16,59.0,205,116.79,14,0,False
CB-1005,2024-12-23,61.0,144,116.79,14,0,False
CB-1005,2024-12-30,66.0,78,116.79,14,0,False
CB-1005,2025-01-06,64.0,14,116.79,14,0,False
CB-1005,2025-01-13,62.0,198,116.79,14,0,False
CB-1005,2025-01-20,66.0,132,116.79,14,0,False
CB-1005,2025-01-27,74.0,58,116.79,14,0,False
CB-1005,2025-02-03,72.0,233,116.79,14,0,False
CB-1005,2025-02-10,75.0,158,116.79,14,0,False
CB-1005,2025-02-17,79.0,79,116.79,14,0,False
CB-1005,2025-02-24,74.0,5,116.79,14,0,False
CB-1005,2025-03-03,82.0,170,116.79,14,0,False
CB-1005,2025-03-10,81.0,89,116.79,14,0,False
CB-1005,2025-03-17,71.0,18,116.79,14,0,False
CB-1005,2025-03-24,89.0,175,116.79,14,0,False
CB-1005,2025-03-31,77.0,98,116.79,14,0,False
CB-1005,2025-04-07,69.0,29,116.79,14,0,False
CB-1005,2025-04-14,73.0,203,116.79,14,0,False
CB-1005,2025-04-21,73.0,130,116.79,14,0,False
CB-1005,2025-04-28,79.0,51,116.79,14,0,False
CB-1005,2025-05-05,76.0,222,116.79,14,0,False
CB-1005,2025-05-12,75.0,147,116.79,14,0,False
CB-1005,2025-05-19,79.0,68,116.79,14,0,False
CB-1005,2025-05-26,76.0,0,116.79,14,1,False
CB-1005,2025-06-02,75.0,172,116.79,14,0,False
CB-1005,2025-06-09,73.0,99,116.79,14,0,False
CB-1005,2025-06-16,73.0,26,116.79,14,0,False
CB-1005,2025-06-23,56.0,216,116.79,14,0,False
CB-1005,2025-06-30,64.0,152,116.79,14,0,False
CB-1005,2025-07-07,53.0,99,116.79,14,0,False
CB-1005,2025-07-14,62.0,37,116.79,14,0,False
CB-1005,2025-07-21,60.0,224,116.79,14,0,False
CB-1005,2025-07-28,63.0,161,116.79,14,0,False
CB-1005,2025-08-04,62.0,99,116.79,14,0,False
CB-1005,2025-08-11,56.0,43,116.79,14,0,False
CB-1005,2025-08-18,52.0,238,116.79,14,0,False
CB-1005,2025-08-25,55.0,183,116.79,14,0,False
CB-1005,2025-09-01,50.0,133,116.79,14,0,False
CB-1005,2025-09-08,51.0,82,116.79,14,0,False
CB-1005,2025-09-15,55.0,273,116.79,14,0,False
CB-1005,2025-09-22,48.0,225,116.79,14,0,False
CB-1005,2025-09-29,54.0,171,116.79,14,0,False
CB-1005,2025-10-06,54.0,117,116.79,14,0,False
CB-1005,2025-10-13,47.0,70,116.79,14,0,False
CB-1005,2025-10-20,56.0,261,116.79,14,0,False
CB-1005,2025-10-27,56.0,205,116.79,14,0,False
CB-1005,2025-11-03,55.0,150,116.79,14,0,False
CB-1005,2025-11-10,52.0,98,116.79,14,0,False
CB-1005,2025-11-17,53.0,45,116.79,14,0,False
CB-1005,2025-11-24,56.0,236,116.79,14,0,False
CB-1005,2025-12-01,63.0,173,116.79,14,0,False
CB-1005,2025-12-08,58.0,115,116.79,14,0,False
CB-1005,2025-12-15,67.0,48,116.79,14,0,False
CB-1005,2025-12-22,60.0,235,116.79,14,0,False
CB-1006,2024-01-01,0.0,34,81.21,42,0,False
CB-1006,2024-01-08,0.0,34,81.21,42,0,False
CB-1006,2024-01-15,40.0,0,81.21,42,1,False
CB-1006,2024-01-22,19.0,0,81.21,42,1,False
CB-1006,2024-01-29,0.0,0,81.21,42,0,False
CB-1006,2024-02-05,0.0,0,81.21,42,0,False
CB-1006,2024-02-12,50.0,0,81.21,42,1,False
CB-1006,2024-02-19,0.0,0,81.21,42,0,False
CB-1006,2024-02-26,5.0,32,81.21,42,0,False
CB-1006,2024-03-04,0.0,32,81.21,42,0,False
CB-1006,2024-03-11,0.0,32,81.21,42,0,False
CB-1006,2024-03-18,0.0,32,81.21,42,0,False
CB-1006,2024-03-25,48.0,21,81.21,42,0,False
CB-1006,2024-04-01,26.0,0,81.21,42,1,False
CB-1006,2024-04-08,0.0,37,81.21,42,0,False
CB-1006,2024-04-15,13.0,24,81.21,42,0,False
CB-1006,2024-04-22,0.0,24,81.21,42,0,False
CB-1006,2024-04-29,0.0,24,81.21,42,0,False
CB-1006,2024-05-06,0.0,61,81.21,42,0,False
CB-1006,2024-05-13,0.0,61,81.21,42,0,False
CB-1006,2024-05-20,13.0,48,81.21,42,0,False
CB-1006,2024-05-27,0.0,85,81.21,42,0,False
CB-1006,2024-06-03,54.0,31,81.21,42,0,False
CB-1006,2024-06-10,0.0,31,81.21,42,0,False
CB-1006,2024-06-17,51.0,0,81.21,42,1,False
CB-1006,2024-06-24,28.0,0,81.21,42,1,False
CB-1006,2024-07-01,0.0,0,81.21,42,0,False
CB-1006,2024-07-08,0.0,0,81.21,42,0,False
CB-1006,2024-07-15,0.0,37,81.21,42,0,False
CB-1006,2024-07-22,0.0,74,81.21,42,0,False
CB-1006,2024-07-29,0.0,74,81.21,42,0,False
CB-1006,2024-08-05,0.0,74,81.21,42,0,False
CB-1006,2024-08-12,0.0,74,81.21,42,0,False
CB-1006,2024-08-19,45.0,29,81.21,42,0,False
CB-1006,2024-08-26,0.0,29,81.21,42,0,False
CB-1006,2024-09-02,0.0,29,81.21,42,0,False
CB-1006,2024-09-09,0.0,29,81.21,42,0,False
CB-1006,2024-09-16,0.0,29,81.21,42,0,False
CB-1006,2024-09-23,42.0,0,81.21,42,1,False
CB-1006,2024-09-30,0.0,37,81.21,42,0,False
CB-1006,2024-10-07,0.0,74,81.21,42,0,False
CB-1006,2024-10-14,0.0,74,81.21,42,0,False
CB-1006,2024-10-21,0.0,74,81.21,42,0,False
CB-1006,2024-10-28,0.0,74,81.21,42,0,False
CB-1006,2024-11-04,0.0,74,81.21,42,0,False
CB-1006,2024-11-11,0.0,74,81.21,42,0,False
CB-1006,2024-11-18,0.0,74,81.21,42,0,False
CB-1006,2024-11-25,0.0,74,81.21,42,0,False
CB-1006,2024-12-02,0.0,74,81.21,42,0,False
CB-1006,2024-12-09,53.0,21,81.21,42,0,False
CB-1006,2024-12-16,13.0,8,81.21,42,0,False
CB-1006,2024-12-23,0.0,8,81.21,42,0,False
CB-1006,2024-12-30,8.0,0,81.21,42,0,False
CB-1006,2025-01-06,29.0,0,81.21,42,1,False
CB-1006,2025-01-13,0.0,0,81.21,42,0,False
CB-1006,2025-01-20,41.0,0,81.21,42,1,False
CB-1006,2025-01-27,0.0,37,81.21,42,0,False
CB-1006,2025-02-03,13.0,24,81.21,42,0,False
CB-1006,2025-02-10,0.0,24,81.21,42,0,False
CB-1006,2025-02-17,0.0,24,81.21,42,0,False
CB-1006,2025-02-24,0.0,24,81.21,42,0,False
CB-1006,2025-03-03,0.0,61,81.21,42,0,False
CB-1006,2025-03-10,27.0,34,81.21,42,0,False
CB-1006,2025-03-17,0.0,71,81.21,42,0,False
CB-1006,2025-03-24,46.0,25,81.21,42,0,False
CB-1006,2025-03-31,0.0,25,81.21,42,0,False
CB-1006,2025-04-07,0.0,25,81.21,42,0,False
CB-1006,2025-04-14,0.0,25,81.21,42,0,False
CB-1006,2025-04-21,0.0,25,81.21,42,0,False
CB-1006,2025-04-28,16.0,9,81.21,42,0,False
CB-1006,2025-05-05,0.0,46,81.21,42,0,False
CB-1006,2025-05-12,10.0,73,81.21,42,0,False
CB-1006,2025-05-19,15.0,58,81.21,42,0,False
CB-1006,2025-05-26,0.0,58,81.21,42,0,False
CB-1006,2025-06-02,0.0,58,81.21,42,0,False
CB-1006,2025-06-09,0.0,58,81.21,42,0,False
CB-1006,2025-06-16,41.0,17,81.21,42,0,False
CB-1006,2025-06-23,0.0,17,81.21,42,0,False
CB-1006,2025-06-30,0.0,54,81.21,42,0,False
CB-1006,2025-07-07,0.0,54,81.21,42,0,False
CB-1006,2025-07-14,0.0,54,81.21,42,0,False
CB-1006,2025-07-21,0.0,54,81.21,42,0,False
CB-1006,2025-07-28,17.0,74,81.21,42,0,False
CB-1006,2025-08-04,0.0,74,81.21,42,0,False
CB-1006,2025-08-11,45.0,29,81.21,42,0,False
CB-1006,2025-08-18,0.0,29,81.21,42,0,False
CB-1006,2025-08-25,0.0,29,81.21,42,0,False
CB-1006,2025-09-01,0.0,29,81.21,42,0,False
CB-1006,2025-09-08,0.0,29,81.21,42,0,False
CB-1006,2025-09-15,8.0,21,81.21,42,0,False
CB-1006,2025-09-22,0.0,58,81.21,42,0,False
CB-1006,2025-09-29,0.0,95,81.21,42,0,False
CB-1006,2025-10-06,28.0,67,81.21,42,0,False
CB-1006,2025-10-13,0.0,67,81.21,42,0,False
CB-1006,2025-10-20,0.0,67,81.21,42,0,False
CB-1006,2025-10-27,0.0,67,81.21,42,0,False
CB-1006,2025-11-03,0.0,67,81.21,42,0,False
CB-1006,2025-11-10,34.0,33,81.21,42,0,False
CB-1006,2025-11-17,0.0,70,81.21,42,0,False
CB-1006,2025-11-24,0.0,70,81.21,42,0,False
CB-1006,2025-12-01,0.0,70,81.21,42,0,False
CB-1006,2025-12-08,5.0,65,81.21,42,0,False
CB-1006,2025-12-15,54.0,11,81.21,42,0,False
CB-1006,2025-12-22,0.0,11,81.21,42,0,False
CB-1007,2024-01-01,125.0,274,13.83,7,0,False
CB-1007,2024-01-08,124.0,150,13.83,7,0,False
CB-1007,2024-01-15,116.0,34,13.83,7,0,False
CB-1007,2024-01-22,129.0,407,13.83,7,0,False
CB-1007,2024-01-29,145.0,262,13.83,7,0,False
CB-1007,2024-02-05,149.0,113,13.83,7,0,False
CB-1007,2024-02-12,119.0,495,13.83,7,0,False
CB-1007,2024-02-19,124.0,371,13.83,7,0,False
CB-1007,2024-02-26,153.0,218,13.83,7,0,False
CB-1007,2024-03-04,127.0,91,13.83,7,0,False
CB-1007,2024-03-11,126.0,467,13.83,7,0,False
CB-1007,2024-03-18,136.0,331,13.83,7,0,False
CB-1007,2024-03-25,148.0,183,13.83,7,0,False
CB-1007,2024-04-01,142.0,41,13.83,7,0,False
CB-1007,2024-04-08,136.0,406,13.83,7,0,False
CB-1007,2024-04-15,136.0,270,13.83,7,0,False
CB-1007,2024-04-22,135.0,135,13.83,7,0,False
CB-1007,2024-04-29,132.0,505,13.83,7,0,False
CB-1007,2024-05-06,166.0,339,13.83,7,0,False
CB-1007,2024-05-13,142.0,197,13.83,7,0,False
CB-1007,2024-05-20,146.0,51,13.83,7,0,False
CB-1007,2024-05-27,128.0,424,13.83,7,0,False
CB-1007,2024-06-03,129.0,295,13.83,7,0,False
CB-1007,2024-06-10,121.0,174,13.83,7,0,False
CB-1007,2024-06-17,98.0,76,13.83,7,0,False
CB-1007,2024-06-24,108.0,470,13.83,7,0,False
CB-1007,2024-07-01,101.0,369,13.83,7,0,False
CB-1007,2024-07-08,94.0,275,13.83,7,0,False
CB-1007,2024-07-15,101.0,174,13.83,7,0,False
CB-1007,2024-07-22,120.0,54,13.83,7,0,False
CB-1007,2024-07-29,105.0,450,13.83,7,0,False
CB-1007,2024-08-05,113.0,337,13.83,7,0,False
CB-1007,2024-08-12,104.0,233,13.83,7,0,False
CB-1007,2024-08-19,104.0,129,13.83,7,0,False
CB-1007,2024-08-26,89.0,542,13.83,7,0,False
CB-1007,2024-09-02,98.0,444,13.83,7,0,False
CB-1007,2024-09-09,98.0,346,13.83,7,0,False
CB-1007,2024-09-16,88.0,258,13.83,7,0,False
CB-1007,2024-09-23,96.0,162,13.83,7,0,False
CB-1007,2024-09-30,96.0,66,13.83,7,0,False
CB-1007,2024-10-07,88.0,479,13.83,7,0,False
CB-1007,2024-10-14,85.0,394,13.83,7,0,False
CB-1007,2024-10-21,85.0,309,13.83,7,0,False
CB-1007,2024-10-28,97.0,212,13.83,7,0,False
CB-1007,2024-11-04,101.0,111,13.83,7,0,False
CB-1007,2024-11-11,94.0,519,13.83,7,0,False
CB-1007,2024-11-18,104.0,415,13.83,7,0,False
CB-1007,2024-11-25,112.0,303,13.83,7,0,False
CB-1007,2024-12-02,116.0,187,13.83,7,0,False
CB-1007,2024-12-09,128.0,59,13.83,7,0,False
CB-1007,2024-12-16,130.0,431,13.83,7,0,False
CB-1007,2024-12-23,112.0,319,13.83,7,0,False
CB-1007,2024-12-30,143.0,176,13.83,7,0,False
CB-1007,2025-01-06,124.0,52,13.83,7,0,False
CB-1007,2025-01-13,145.0,408,13.83,7,0,False
CB-1007,2025-01-20,138.0,270,13.83,7,0,False
CB-1007,2025-01-27,137.0,133,13.83,7,0,False
CB-1007,2025-02-03,124.0,511,13.83,7,0,False
CB-1007,2025-02-10,146.0,365,13.83,7,0,False
CB-1007,2025-02-17,133.0,232,13.83,7,0,False
CB-1007,2025-02-24,166.0,66,13.83,7,0,False
CB-1007,2025-03-03,176.0,391,13.83,7,0,False
CB-1007,2025-03-10,148.0,243,13.83,7,0,False
CB-1007,2025-03-17,164.0,79,13.83,7,0,False
CB-1007,2025-03-24,152.0,429,13.83,7,0,False
CB-1007,2025-03-31,153.0,276,13.83,7,0,False
CB-1007,2025-04-07,172.0,104,13.83,7,0,False
CB-1007,2025-04-14,161.0,444,13.83,7,0,False
CB-1007,2025-04-21,183.0,261,13.83,7,0,False
CB-1007,2025-04-28,153.0,108,13.83,7,0,False
CB-1007,2025-05-05,170.0,440,13.83,7,0,False
CB-1007,2025-05-12,157.0,283,13.83,7,0,False
CB-1007,2025-05-19,163.0,120,13.83,7,0,False
CB-1007,2025-05-26,145.0,476,13.83,7,0,False
CB-1007,2025-06-02,147.0,329,13.83,7,0,False
CB-1007,2025-06-09,142.0,187,13.83,7,0,False
CB-1007,2025-06-16,131.0,56,13.83,7,0,False
CB-1007,2025-06-23,144.0,414,13.83,7,0,False
CB-1007,2025-06-30,140.0,274,13.83,7,0,False
CB-1007,2025-07-07,135.0,139,13.83,7,0,False
CB-1007,2025-07-14,141.0,499,13.83,7,0,False
CB-1007,2025-07-21,136.0,363,13.83,7,0,False
CB-1007,2025-07-28,115.0,248,13.83,7,0,False
CB-1007,2025-08-04,119.0,129,13.83,7,0,False
CB-1007,2025-08-11,107.0,524,13.83,7,0,False
CB-1007,2025-08-18,110.0,414,13.83,7,0,False
CB-1007,2025-08-25,102.0,312,13.83,7,0,False
CB-1007,2025-09-01,119.0,193,13.83,7,0,False
CB-1007,2025-09-08,107.0,86,13.83,7,0,False
CB-1007,2025-09-15,101.0,486,13.83,7,0,False
CB-1007,2025-09-22,112.0,374,13.83,7,0,False
CB-1007,2025-09-29,85.0,289,13.83,7,0,False
CB-1007,2025-10-06,86.0,203,13.83,7,0,False
CB-1007,2025-10-13,110.0,93,13.83,7,0,False
CB-1007,2025-10-20,106.0,489,13.83,7,0,False
CB-1007,2025-10-27,109.0,380,13.83,7,0,False
CB-1007,2025-11-03,98.0,282,13.83,7,0,False
CB-1007,2025-11-10,112.0,170,13.83,7,0,False
CB-1007,2025-11-17,134.0,36,13.83,7,0,False
CB-1007,2025-11-24,127.0,411,13.83,7,0,False
CB-1007,2025-12-01,125.0,286,13.83,7,0,False
CB-1007,2025-12-08,122.0,164,13.83,7,0,False
CB-1007,2025-12-15,127.0,37,13.83,7,0,False
CB-1007,2025-12-22,113.0,425,13.83,7,0,False
CB-1008,2024-01-01,0.0,36,114.62,28,0,False
CB-1008,2024-01-08,0.0,36,114.62,28,0,False
CB-1008,2024-01-15,38.0,0,114.62,28,1,False
CB-1008,2024-01-22,0.0,0,114.62,28,0,False
CB-1008,2024-01-29,0.0,48,114.62,28,0,False
CB-1008,2024-02-05,50.0,0,114.62,28,1,False
CB-1008,2024-02-12,0.0,48,114.62,28,0,False
CB-1008,2024-02-19,0.0,48,114.62,28,0,False
CB-1008,2024-02-26,0.0,48,114.62,28,0,False
CB-1008,2024-03-04,0.0,97,114.62,28,0,False
CB-1008,2024-03-11,0.0,97,114.62,28,0,False
CB-1008,2024-03-18,0.0,97,114.62,28,0,False
CB-1008,2024-03-25,0.0,97,114.62,28,0,False
CB-1008,2024-04-01,49.0,48,114.62,28,0,False
CB-1008,2024-04-08,0.0,48,114.62,28,0,False
CB-1008,2024-04-15,22.0,26,114.62,28,0,False
CB-1008,2024-04-22,0.0,26,114.62,28,0,False
CB-1008,2024-04-29,34.0,40,114.62,28,0,False
CB-1008,2024-05-06,0.0,40,114.62,28,0,False
CB-1008,2024-05-13,0.0,40,114.62,28,0,False
CB-1008,2024-05-20,42.0,0,114.62,28,1,False
CB-1008,2024-05-27,0.0,48,114.62,28,0,False
CB-1008,2024-06-03,0.0,48,114.62,28,0,False
CB-1008,2024-06-10,30.0,18,114.62,28,0,False
CB-1008,2024-06-17,0.0,67,114.62,28,0,False
CB-1008,2024-06-24,13.0,54,114.62,28,0,False
CB-1008,2024-07-01,24.0,30,114.62,28,0,False
CB-1008,2024-07-08,57.0,0,114.62,28,1,False
CB-1008,2024-07-15,0.0,0,114.62,28,0,False
CB-1008,2024-07-22,0.0,48,114.62,28,0,False
CB-1008,2024-07-29,0.0,48,114.62,28,0,False
CB-1008,2024-08-05,41.0,56,114.62,28,0,False
CB-1008,2024-08-12,0.0,56,114.62,28,0,False
CB-1008,2024-08-19,0.0,56,114.62,28,0,False
CB-1008,2024-08-26,0.0,56,114.62,28,0,False
CB-1008,2024-09-02,0.0,104,114.62,28,0,False
CB-1008,2024-09-09,34.0,70,114.62,28,0,False
CB-1008,2024-09-16,0.0,70,114.62,28,0,False
CB-1008,2024-09-23,0.0,70,114.62,28,0,False
CB-1008,2024-09-30,44.0,26,114.62,28,0,False
CB-1008,2024-10-07,55.0,0,114.62,28,1,False
CB-1008,2024-10-14,56.0,0,114.62,28,1,False
CB-1008,2024-10-21,0.0,0,114.62,28,0,False
CB-1008,2024-10-28,8.0,40,114.62,28,0,False
CB-1008,2024-11-04,0.0,89,114.62,28,0,False
CB-1008,2024-11-11,34.0,55,114.62,28,0,False
CB-1008,2024-11-18,0.0,55,114.62,28,0,False
CB-1008,2024-11-25,0.0,55,114.62,28,0,False
CB-1008,2024-12-02,0.0,55,114.62,28,0,False
CB-1008,2024-12-09,0.0,103,114.62,28,0,False
CB-1008,2024-12-16,58.0,45,114.62,28,0,False
CB-1008,2024-12-23,15.0,30,114.62,28,0,False
CB-1008,2024-12-30,58.0,0,114.62,28,1,False
CB-1008,2025-01-06,53.0,0,114.62,28,1,False
CB-1008,2025-01-13,0.0,48,114.62,28,0,False
CB-1008,2025-01-20,0.0,48,114.62,28,0,False
CB-1008,2025-01-27,0.0,97,114.62,28,0,False
CB-1008,2025-02-03,0.0,97,114.62,28,0,False
CB-1008,2025-02-10,0.0,97,114.62,28,0,False
CB-1008,2025-02-17,49.0,48,114.62,28,0,False
CB-1008,2025-02-24,0.0,48,114.62,28,0,False
CB-1008,2025-03-03,0.0,48,114.62,28,0,False
CB-1008,2025-03-10,0.0,48,114.62,28,0,False
CB-1008,2025-03-17,0.0,96,114.62,28,0,False
CB-1008,2025-03-24,0.0,96,114.62,28,0,False
CB-1008,2025-03-31,0.0,96,114.62,28,0,False
CB-1008,2025-04-07,0.0,96,114.62,28,0,False
CB-1008,2025-04-14,0.0,96,114.62,28,0,False
CB-1008,2025-04-21,0.0,96,114.62,28,0,False
CB-1008,2025-04-28,0.0,96,114.62,28,0,False
CB-1008,2025-05-05,9.0,87,114.62,28,0,False
CB-1008,2025-05-12,0.0,87,114.62,28,0,False
CB-1008,2025-05-19,0.0,87,114.62,28,0,False
CB-1008,2025-05-26,0.0,87,114.62,28,0,False
CB-1008,2025-06-02,0.0,87,114.62,28,0,False
CB-1008,2025-06-09,14.0,73,114.62,28,0,False
CB-1008,2025-06-16,59.0,14,114.62,28,0,False
CB-1008,2025-06-23,33.0,0,114.62,28,1,False
CB-1008,2025-06-30,0.0,0,114.62,28,0,False
CB-1008,2025-07-07,0.0,0,114.62,28,0,False
CB-1008,2025-07-14,8.0,40,114.62,28,0,False
CB-1008,2025-07-21,8.0,81,114.62,28,0,False
CB-1008,2025-07-28,36.0,45,114.62,28,0,False
CB-1008,2025-08-04,0.0,45,114.62,28,0,False
CB-1008,2025-08-11,0.0,45,114.62,28,0,False
CB-1008,2025-08-18,0.0,45,114.62,28,0,False
CB-1008,2025-08-25,49.0,44,114.62,28,0,False
CB-1008,2025-09-01,0.0,44,114.62,28,0,False
CB-1008,2025-09-08,0.0,44,114.62,28,0,False
CB-1008,2025-09-15,0.0,44,114.62,28,0,False
CB-1008,2025-09-22,0.0,93,114.62,28,0,False
CB-1008,2025-09-29,17.0,76,114.62,28,0,False
CB-1008,2025-10-06,0.0,76,114.62,28,0,False
CB-1008,2025-10-13,0.0,76,114.62,28,0,False
CB-1008,2025-10-20,0.0,76,114.62,28,0,False
CB-1008,2025-10-27,0.0,76,114.62,28,0,False
CB-1008,2025-11-03,0.0,76,114.62,28,0,False
CB-1008,2025-11-10,23.0,53,114.62,28,0,False
CB-1008,2025-11-17,0.0,53,114.62,28,0,False
CB-1008,2025-11-24,0.0,53,114.62,28,0,False
CB-1008,2025-12-01,0.0,53,114.62,28,0,False
CB-1008,2025-12-08,45.0,56,114.62,28,0,False
CB-1008,2025-12-15,57.0,0,114.62,28,1,False
CB-1008,2025-12-22,11.0,0,114.62,28,1,False
CB-1009,2024-01-01,0.0,25,174.8,35,0,False
CB-1009,2024-01-08,0.0,25,174.8,35,0,False
CB-1009,2024-01-15,0.0,25,174.8,35,0,False
CB-1009,2024-01-22,0.0,25,174.8,35,0,False
CB-1009,2024-01-29,0.0,25,174.8,35,0,False
CB-1009,2024-02-05,0.0,53,174.8,35,0,False
CB-1009,2024-02-12,38.0,15,174.8,35,0,False
CB-1009,2024-02-19,40.0,0,174.8,35,1,False
CB-1009,2024-02-26,59.0,0,174.8,35,1,False
CB-1009,2024-03-04,0.0,0,174.8,35,0,False
CB-1009,2024-03-11,0.0,0,174.8,35,0,False
CB-1009,2024-03-18,0.0,29,174.8,35,0,False
CB-1009,2024-03-25,50.0,8,174.8,35,0,False
CB-1009,2024-04-01,0.0,8,174.8,35,0,False
CB-1009,2024-04-08,0.0,8,174.8,35,0,False
CB-1009,2024-04-15,0.0,8,174.8,35,0,False
CB-1009,2024-04-22,0.0,8,174.8,35,0,False
CB-1009,2024-04-29,0.0,36,174.8,35,0,False
CB-1009,2024-05-06,0.0,65,174.8,35,0,False
CB-1009,2024-05-13,0.0,65,174.8,35,0,False
CB-1009,2024-05-20,0.0,65,174.8,35,0,False
CB-1009,2024-05-27,0.0,65,174.8,35,0,False
CB-1009,2024-06-03,0.0,65,174.8,35,0,False
CB-1009,2024-06-10,0.0,65,174.8,35,0,False
CB-1009,2024-06-17,0.0,65,174.8,35,0,False
CB-1009,2024-06-24,0.0,65,174.8,35,0,False
CB-1009,2024-07-01,0.0,65,174.8,35,0,False
CB-1009,2024-07-08,0.0,65,174.8,35,0,False
CB-1009,2024-07-15,0.0,65,174.8,35,0,False
CB-1009,2024-07-22,46.0,19,174.8,35,0,False
CB-1009,2024-07-29,16.0,3,174.8,35,0,False
CB-1009,2024-08-05,0.0,3,174.8,35,0,False
CB-1009,2024-08-12,0.0,3,174.8,35,0,False
CB-1009,2024-08-19,0.0,3,174.8,35,0,False
CB-1009,2024-08-26,0.0,32,174.8,35,0,False
CB-1009,2024-09-02,58.0,3,174.8,35,0,False
CB-1009,2024-09-09,16.0,0,174.8,35,1,False
CB-1009,2024-09-16,0.0,0,174.8,35,0,False
CB-1009,2024-09-23,0.0,0,174.8,35,0,False
CB-1009,2024-09-30,0.0,0,174.8,35,0,False
CB-1009,2024-10-07,0.0,29,174.8,35,0,False
CB-1009,2024-10-14,0.0,58,174.8,35,0,False
CB-1009,2024-10-21,25.0,33,174.8,35,0,False
CB-1009,2024-10-28,0.0,33,174.8,35,0,False
CB-1009,2024-11-04,20.0,13,174.8,35,0,False
CB-1009,2024-11-11,0.0,13,174.8,35,0,False
CB-1009,2024-11-18,35.0,0,174.8,35,1,False
CB-1009,2024-11-25,0.0,29,174.8,35,0,False
CB-1009,2024-12-02,31.0,0,174.8,35,1,False
CB-1009,2024-12-09,0.0,29,174.8,35,0,False
CB-1009,2024-12-16,0.0,29,174.8,35,0,False
CB-1009,2024-12-23,0.0,29,174.8,35,0,False
CB-1009,2024-12-30,0.0,29,174.8,35,0,False
CB-1009,2025-01-06,0.0,58,174.8,35,0,False
CB-1009,2025-01-13,25.0,33,174.8,35,0,False
CB-1009,2025-01-20,31.0,2,174.8,35,0,False
CB-1009,2025-01-27,0.0,2,174.8,35,0,False
CB-1009,2025-02-03,46.0,0,174.8,35,1,False
CB-1009,2025-02-10,0.0,0,174.8,35,0,False
CB-1009,2025-02-17,0.0,29,174.8,35,0,False
CB-1009,2025-02-24,29.0,29,174.8,35,0,False
CB-1009,2025-03-03,0.0,29,174.8,35,0,False
CB-1009,2025-03-10,0.0,29,174.8,35,0,False
CB-1009,2025-03-17,47.0,0,174.8,35,1,False
CB-1009,2025-03-24,0.0,0,174.8,35,0,False
CB-1009,2025-03-31,0.0,29,174.8,35,0,False
CB-1009,2025-04-07,0.0,29,174.8,35,0,False
CB-1009,2025-04-14,0.0,29,174.8,35,0,False
CB-1009,2025-04-21,0.0,58,174.8,35,0,False
CB-1009,2025-04-28,0.0,58,174.8,35,0,False
CB-1009,2025-05-05,0.0,58,174.8,35,0,False
CB-1009,2025-05-12,0.0,58,174.8,35,0,False
CB-1009,2025-05-19,0.0,58,174.8,35,0,False
CB-1009,2025-05-26,0.0,58,174.8,35,0,False
CB-1009,2025-06-02,6.0,52,174.8,35,0,False
CB-1009,2025-06-09,0.0,52,174.8,35,0,False
CB-1009,2025-06-16,0.0,52,174.8,35,0,False
CB-1009,2025-06-23,0.0,52,174.8,35,0,False
CB-1009,2025-06-30,0.0,52,174.8,35,0,False
CB-1009,2025-07-07,0.0,52,174.8,35,0,False
CB-1009,2025-07-14,0.0,52,174.8,35,0,False
CB-1009,2025-07-21,17.0,35,174.8,35,0,False
CB-1009,2025-07-28,0.0,35,174.8,35,0,False
CB-1009,2025-08-04,0.0,35,174.8,35,0,False
CB-1009,2025-08-11,0.0,35,174.8,35,0,False
CB-1009,2025-08-18,0.0,35,174.8,35,0,False
CB-1009,2025-08-25,0.0,63,174.8,35,0,False
CB-1009,2025-09-01,0.0,63,174.8,35,0,False
CB-1009,2025-09-08,0.0,63,174.8,35,0,False
CB-1009,2025-09-15,0.0,63,174.8,35,0,False
CB-1009,2025-09-22,0.0,63,174.8,35,0,False
CB-1009,2025-09-29,0.0,63,174.8,35,0,False
CB-1009,2025-10-06,0.0,63,174.8,35,0,False
CB-1009,2025-10-13,0.0,63,174.8,35,0,False
CB-1009,2025-10-20,0.0,63,174.8,35,0,False
CB-1009,2025-10-27,16.0,47,174.8,35,0,False
CB-1009,2025-11-03,57.0,0,174.8,35,1,False
CB-1009,2025-11-10,0.0,0,174.8,35,0,False
CB-1009,2025-11-17,0.0,0,174.8,35,0,False
CB-1009,2025-11-24,0.0,0,174.8,35,0,False
CB-1009,2025-12-01,15.0,14,174.8,35,0,False
CB-1009,2025-12-08,0.0,43,174.8,35,0,False
CB-1009,2025-12-15,0.0,43,174.8,35,0,False
CB-1009,2025-12-22,0.0,43,174.8,35,0,False
CB-1010,2024-01-01,0.0,33,140.66,21,0,False
CB-1010,2024-01-08,20.0,13,140.66,21,0,False
CB-1010,2024-01-15,0.0,13,140.66,21,0,False
CB-1010,2024-01-22,29.0,14,140.66,21,0,False
CB-1010,2024-01-29,0.0,14,140.66,21,0,False
CB-1010,2024-02-05,48.0,0,140.66,21,1,False
CB-1010,2024-02-12,0.0,30,140.66,21,0,False
CB-1010,2024-02-19,0.0,30,140.66,21,0,False
CB-1010,2024-02-26,0.0,61,140.66,21,0,False
CB-1010,2024-03-04,5.0,56,140.66,21,0,False
CB-1010,2024-03-11,0.0,56,140.66,21,0,False
CB-1010,2024-03-18,0.0,56,140.66,21,0,False
CB-1010,2024-03-25,16.0,40,140.66,21,0,False
CB-1010,2024-04-01,0.0,40,140.66,21,0,False
CB-1010,2024-04-08,0.0,40,140.66,21,0,False
CB-1010,2024-04-15,27.0,13,140.66,21,0,False
CB-1010,2024-04-22,0.0,13,140.66,21,0,False
CB-1010,2024-04-29,0.0,13,140.66,21,0,False
CB-1010,2024-05-06,16.0,27,140.66,21,0,False
CB-1010,2024-05-13,0.0,27,140.66,21,0,False
CB-1010,2024-05-20,0.0,27,140.66,21,0,False
CB-1010,2024-05-27,0.0,58,140.66,21,0,False
CB-1010,2024-06-03,0.0,58,140.66,21,0,False
CB-1010,2024-06-10,0.0,58,140.66,21,0,False
CB-1010,2024-06-17,0.0,58,140.66,21,0,False
CB-1010,2024-06-24,0.0,58,140.66,21,0,False
CB-1010,2024-07-01,0.0,58,140.66,21,0,False
CB-1010,2024-07-08,0.0,58,140.66,21,0,False
CB-1010,2024-07-15,45.0,13,140.66,21,0,False
CB-1010,2024-07-22,0.0,13,140.66,21,0,False
CB-1010,2024-07-29,31.0,0,140.66,21,1,False
CB-1010,2024-08-05,15.0,15,140.66,21,0,False
CB-1010,2024-08-12,0.0,15,140.66,21,0,False
CB-1010,2024-08-19,0.0,46,140.66,21,0,False
CB-1010,2024-08-26,0.0,46,140.66,21,0,False
CB-1010,2024-09-02,0.0,46,140.66,21,0,False
CB-1010,2024-09-09,0.0,46,140.66,21,0,False
CB-1010,2024-09-16,20.0,26,140.66,21,0,False
CB-1010,2024-09-23,12.0,14,140.66,21,0,False
CB-1010,2024-09-30,0.0,14,140.66,21,0,False
CB-1010,2024-10-07,0.0,44,140.66,21,0,False
CB-1010,2024-10-14,52.0,0,140.66,21,1,False
CB-1010,2024-10-21,0.0,0,140.66,21,0,False
CB-1010,2024-10-28,14.0,0,140.66,21,1,False
CB-1010,2024-11-04,0.0,30,140.66,21,0,False
CB-1010,2024-11-11,0.0,61,140.66,21,0,False
CB-1010,2024-11-18,55.0,6,140.66,21,0,False
CB-1010,2024-11-25,0.0,6,140.66,21,0,False
CB-1010,2024-12-02,0.0,6,140.66,21,0,False
CB-1010,2024-12-09,8.0,28,140.66,21,0,False
CB-1010,2024-12-16,0.0,59,140.66,21,0,False
CB-1010,2024-12-23,0.0,59,140.66,21,0,False
CB-1010,2024-12-30,0.0,59,140.66,21,0,False
CB-1010,2025-01-06,0.0,59,140.66,21,0,False
CB-1010,2025-01-13,48.0,11,140.66,21,0,False
CB-1010,2025-01-20,0.0,11,140.66,21,0,False
CB-1010,2025-01-27,0.0,11,140.66,21,0,False
CB-1010,2025-02-03,0.0,41,140.66,21,0,False
CB-1010,2025-02-10,0.0,41,140.66,21,0,False
CB-1010,2025-02-17,0.0,41,140.66,21,0,False
CB-1010,2025-02-24,0.0,41,140.66,21,0,False
CB-1010,2025-03-03,0.0,41,140.66,21,0,False
CB-1010,2025-03-10,0.0,41,140.66,21,0,False
CB-1010,2025-03-17,0.0,41,140.66,21,0,False
CB-1010,2025-03-24,18.0,23,140.66,21,0,False
CB-1010,2025-03-31,0.0,23,140.66,21,0,False
CB-1010,2025-04-07,0.0,23,140.66,21,0,False
CB-1010,2025-04-14,0.0,53,140.66,21,0,False
CB-1010,2025-04-21,0.0,53,140.66,21,0,False
CB-1010,2025-04-28,0.0,53,140.66,21,0,False
CB-1010,2025-05-05,0.0,53,140.66,21,0,False
CB-1010,2025-05-12,46.0,7,140.66,21,0,False
CB-1010,2025-05-19,0.0,7,140.66,21,0,False
CB-1010,2025-05-26,0.0,7,140.66,21,0,False
CB-1010,2025-06-02,49.0,0,140.66,21,1,False
CB-1010,2025-06-09,0.0,0,140.66,21,0,False
CB-1010,2025-06-16,0.0,0,140.66,21,0,False
CB-1010,2025-06-23,0.0,30,140.66,21,0,False
CB-1010,2025-06-30,0.0,61,140.66,21,0,False
CB-1010,2025-07-07,0.0,61,140.66,21,0,False
CB-1010,2025-07-14,0.0,61,140.66,21,0,False
CB-1010,2025-07-21,0.0,61,140.66,21,0,False
CB-1010,2025-07-28,0.0,61,140.66,21,0,False
CB-1010,2025-08-04,28.0,33,140.66,21,0,False
CB-1010,2025-08-11,0.0,33,140.66,21,0,False
CB-1010,2025-08-18,48.0,0,140.66,21,1,False
CB-1010,2025-08-25,0.0,30,140.66,21,0,False
CB-1010,2025-09-01,0.0,30,140.66,21,0,False
CB-1010,2025-09-08,0.0,61,140.66,21,0,False
CB-1010,2025-09-15,0.0,61,140.66,21,0,False
CB-1010,2025-09-22,0.0,61,140.66,21,0,False
CB-1010,2025-09-29,0.0,61,140.66,21,0,False
CB-1010,2025-10-06,0.0,61,140.66,21,0,False
CB-1010,2025-10-13,0.0,61,140.66,21,0,False
CB-1010,2025-10-20,0.0,61,140.66,21,0,False
CB-1010,2025-10-27,17.0,44,140.66,21,0,False
CB-1010,2025-11-03,0.0,44,140.66,21,0,False
CB-1010,2025-11-10,0.0,44,140.66,21,0,False
CB-1010,2025-11-17,0.0,44,140.66,21,0,False
CB-1010,2025-11-24,24.0,20,140.66,21,0,False
CB-1010,2025-12-01,0.0,20,140.66,21,0,False
CB-1010,2025-12-08,27.0,0,140.66,21,1,False
CB-1010,2025-12-15,0.0,30,140.66,21,0,False
CB-1010,2025-12-22,46.0,0,140.66,21,1,False
CB-1011,2024-01-01,105.0,171,10.28,21,0,False
CB-1011,2024-01-08,102.0,69,10.28,21,0,False
CB-1011,2024-01-15,120.0,0,10.28,21,1,False
CB-1011,2024-01-22,115.0,372,10.28,21,0,False
CB-1011,2024-01-29,147.0,225,10.28,21,0,False
CB-1011,2024-02-05,109.0,116,10.28,21,0,False
CB-1011,2024-02-12,131.0,472,10.28,21,0,False
CB-1011,2024-02-19,120.0,352,10.28,21,0,False
CB-1011,2024-02-26,129.0,223,10.28,21,0,False
CB-1011,2024-03-04,138.0,85,10.28,21,0,False
CB-1011,2024-03-11,113.0,460,10.28,21,0,False
CB-1011,2024-03-18,142.0,318,10.28,21,0,False
CB-1011,2024-03-25,162.0,156,10.28,21,0,False
CB-1011,2024-04-01,136.0,20,10.28,21,0,False
CB-1011,2024-04-08,144.0,363,10.28,21,0,False
CB-1011,2024-04-15,153.0,210,10.28,21,0,False
CB-1011,2024-04-22,138.0,72,10.28,21,0,False
CB-1011,2024-04-29,133.0,426,10.28,21,0,False
CB-1011,2024-05-06,113.0,313,10.28,21,0,False
CB-1011,2024-05-13,143.0,170,10.28,21,0,False
CB-1011,2024-05-20,133.0,37,10.28,21,0,False
CB-1011,2024-05-27,121.0,403,10.28,21,0,False
CB-1011,2024-06-03,130.0,273,10.28,21,0,False
CB-1011,2024-06-10,120.0,153,10.28,21,0,False
CB-1011,2024-06-17,118.0,35,10.28,21,0,False
CB-1011,2024-06-24,125.0,397,10.28,21,0,False
CB-1011,2024-07-01,104.0,293,10.28,21,0,False
CB-1011,2024-07-08,123.0,170,10.28,21,0,False
CB-1011,2024-07-15,98.0,72,10.28,21,0,False
CB-1011,2024-07-22,101.0,459,10.28,21,0,False
CB-1011,2024-07-29,120.0,339,10.28,21,0,False
CB-1011,2024-08-05,110.0,229,10.28,21,0,False
CB-1011,2024-08-12,99.0,130,10.28,21,0,False
CB-1011,2024-08-19,89.0,528,10.28,21,0,False
CB-1011,2024-08-26,90.0,438,10.28,21,0,False
CB-1011,2024-09-02,93.0,345,10.28,21,0,False
CB-1011,2024-09-09,92.0,253,10.28,21,0,False
CB-1011,2024-09-16,90.0,163,10.28,21,0,False
CB-1011,2024-09-23,90.0,560,10.28,21,0,False
CB-1011,2024-09-30,88.0,472,10.28,21,0,False
CB-1011,2024-10-07,80.0,392,10.28,21,0,False
CB-1011,2024-10-14,88.0,304,10.28,21,0,False
CB-1011,2024-10-21,99.0,205,10.28,21,0,False
CB-1011,2024-10-28,84.0,121,10.28,21,0,False
CB-1011,2024-11-04,95.0,513,10.28,21,0,False
CB-1011,2024-11-11,92.0,421,10.28,21,0,False
CB-1011,2024-11-18,103.0,318,10.28,21,0,False
CB-1011,2024-11-25,102.0,216,10.28,21,0,False
CB-1011,2024-12-02,121.0,95,10.28,21,0,False
CB-1011,2024-12-09,116.0,466,10.28,21,0,False
CB-1011,2024-12-16,104.0,362,10.28,21,0,False
CB-1011,2024-12-23,126.0,236,10.28,21,0,False
CB-1011,2024-12-30,116.0,120,10.28,21,0,False
CB-1011,2025-01-06,122.0,485,10.28,21,0,False
CB-1011,2025-01-13,135.0,350,10.28,21,0,False
CB-1011,2025-01-20,130.0,220,10.28,21,0,False
CB-1011,2025-01-27,149.0,71,10.28,21,0,False
CB-1011,2025-02-03,134.0,425,10.28,21,0,False
CB-1011,2025-02-10,139.0,286,10.28,21,0,False
CB-1011,2025-02-17,141.0,145,10.28,21,0,False
CB-1011,2025-02-24,145.0,0,10.28,21,1,False
CB-1011,2025-03-03,167.0,320,10.28,21,0,False
CB-1011,2025-03-10,164.0,156,10.28,21,0,False
CB-1011,2025-03-17,179.0,0,10.28,21,1,False
CB-1011,2025-03-24,187.0,300,10.28,21,0,False
CB-1011,2025-03-31,146.0,154,10.28,21,0,False
CB-1011,2025-04-07,160.0,0,10.28,21,1,False
CB-1011,2025-04-14,144.0,343,10.28,21,0,False
CB-1011,2025-04-21,148.0,195,10.28,21,0,False
CB-1011,2025-04-28,149.0,46,10.28,21,0,False
CB-1011,2025-05-05,142.0,391,10.28,21,0,False
CB-1011,2025-05-12,140.0,251,10.28,21,0,False
CB-1011,2025-05-19,149.0,102,10.28,21,0,False
CB-1011,2025-05-26,133.0,0,10.28,21,1,False
CB-1011,2025-06-02,154.0,333,10.28,21,0,False
CB-1011,2025-06-09,131.0,202,10.28,21,0,False
CB-1011,2025-06-16,169.0,33,10.28,21,0,False
CB-1011,2025-06-23,129.0,391,10.28,21,0,False
CB-1011,2025-06-30,131.0,260,10.28,21,0,False
CB-1011,2025-07-07,114.0,146,10.28,21,0,False
CB-1011,2025-07-14,140.0,6,10.28,21,0,False
CB-1011,2025-07-21,131.0,363,10.28,21,0,False
CB-1011,2025-07-28,119.0,244,10.28,21,0,False
CB-1011,2025-08-04,101.0,143,10.28,21,0,False
CB-1011,2025-08-11,112.0,518,10.28,21,0,False
CB-1011,2025-08-18,98.0,420,10.28,21,0,False
CB-1011,2025-08-25,118.0,302,10.28,21,0,False
CB-1011,2025-09-01,110.0,192,10.28,21,0,False
CB-1011,2025-09-08,103.0,89,10.28,21,0,False
CB-1011,2025-09-15,81.0,495,10.28,21,0,False
CB-1011,2025-09-22,93.0,402,10.28,21,0,False
CB-1011,2025-09-29,106.0,296,10.28,21,0,False
CB-1011,2025-10-06,111.0,185,10.28,21,0,False
CB-1011,2025-10-13,111.0,74,10.28,21,0,False
CB-1011,2025-10-20,90.0,471,10.28,21,0,False
CB-1011,2025-10-27,108.0,363,10.28,21,0,False
CB-1011,2025-11-03,116.0,247,10.28,21,0,False
CB-1011,2025-11-10,96.0,151,10.28,21,0,False
CB-1011,2025-11-17,113.0,525,10.28,21,0,False
CB-1011,2025-11-24,120.0,405,10.28,21,0,False
CB-1011,2025-12-01,118.0,287,10.28,21,0,False
CB-1011,2025-12-08,106.0,181,10.28,21,0,False
CB-1011,2025-12-15,126.0,55,10.28,21,0,False
CB-1011,2025-12-22,130.0,413,10.28,21,0,False
CB-1012,2024-01-01,111.0,146,123.74,21,0,False
CB-1012,2024-01-08,119.0,27,123.74,21,0,False
CB-1012,2024-01-15,127.0,0,123.74,21,1,False
CB-1012,2024-01-22,123.0,392,123.74,21,0,False
CB-1012,2024-01-29,126.0,266,123.74,21,0,False
CB-1012,2024-02-05,134.0,132,123.74,21,0,False
CB-1012,2024-02-12,115.0,531,123.74,21,0,False
CB-1012,2024-02-19,145.0,386,123.74,21,0,False
CB-1012,2024-02-26,142.0,244,123.74,21,0,False
CB-1012,2024-03-04,144.0,100,123.74,21,0,False
CB-1012,2024-03-11,157.0,458,123.74,21,0,False
CB-1012,2024-03-18,124.0,334,123.74,21,0,False
CB-1012,2024-03-25,125.0,209,123.74,21,0,False
CB-1012,2024-04-01,152.0,57,123.74,21,0,False
CB-1012,2024-04-08,149.0,423,123.74,21,0,False
CB-1012,2024-04-15,151.0,272,123.74,21,0,False
CB-1012,2024-04-22,142.0,130,123.74,21,0,False
CB-1012,2024-04-29,155.0,0,123.74,21,1,False
CB-1012,2024-05-06,156.0,359,123.74,21,0,False
CB-1012,2024-05-13,149.0,210,123.74,21,0,False
CB-1012,2024-05-20,138.0,72,123.74,21,0,False
CB-1012,2024-05-27,115.0,471,123.74,21,0,False
CB-1012,2024-06-03,144.0,327,123.74,21,0,False
CB-1012,2024-06-10,146.0,181,123.74,21,0,False
CB-1012,2024-06-17,136.0,45,123.74,21,0,False
CB-1012,2024-06-24,117.0,443,123.74,21,0,False
CB-1012,2024-07-01,129.0,314,123.74,21,0,False
CB-1012,2024-07-08,128.0,186,123.74,21,0,False
CB-1012,2024-07-15,130.0,56,123.74,21,0,False
CB-1012,2024-07-22,105.0,466,123.74,21,0,False
CB-1012,2024-07-29,108.0,358,123.74,21,0,False
CB-1012,2024-08-05,113.0,245,123.74,21,0,False
CB-1012,2024-08-12,104.0,141,123.74,21,0,False
CB-1012,2024-08-19,92.0,564,123.74,21,0,False
CB-1012,2024-08-26,103.0,461,123.74,21,0,False
CB-1012,2024-09-02,102.0,359,123.74,21,0,False
CB-1012,2024-09-09,97.0,262,123.74,21,0,False
CB-1012,2024-09-16,97.0,165,123.74,21,0,False
CB-1012,2024-09-23,93.0,586,123.74,21,0,False
CB-1012,2024-09-30,106.0,480,123.74,21,0,False
CB-1012,2024-10-07,88.0,392,123.74,21,0,False
CB-1012,2024-10-14,92.0,300,123.74,21,0,False
CB-1012,2024-10-21,98.0,202,123.74,21,0,False
CB-1012,2024-10-28,106.0,611,123.74,21,0,False
CB-1012,2024-11-04,89.0,522,123.74,21,0,False
CB-1012,2024-11-11,93.0,429,123.74,21,0,False
CB-1012,2024-11-18,90.0,339,123.74,21,0,False
CB-1012,2024-11-25,111.0,228,123.74,21,0,False
CB-1012,2024-12-02,104.0,124,123.74,21,0,False
CB-1012,2024-12-09,114.0,525,123.74,21,0,False
CB-1012,2024-12-16,128.0,397,123.74,21,0,False
CB-1012,2024-12-23,120.0,277,123.74,21,0,False
CB-1012,2024-12-30,133.0,144,123.74,21,0,False
CB-1012,2025-01-06,131.0,528,123.74,21,0,False
CB-1012,2025-01-13,146.0,382,123.74,21,0,False
CB-1012,2025-01-20,148.0,234,123.74,21,0,False
CB-1012,2025-01-27,139.0,95,123.74,21,0,False
CB-1012,2025-02-03,148.0,461,123.74,21,0,False
CB-1012,2025-02-10,167.0,294,123.74,21,0,False
CB-1012,2025-02-17,162.0,132,123.74,21,0,False
CB-1012,2025-02-24,142.0,0,123.74,21,1,False
CB-1012,2025-03-03,171.0,344,123.74,21,0,False
CB-1012,2025-03-10,150.0,194,123.74,21,0,False
CB-1012,2025-03-17,185.0,9,123.74,21,0,False
CB-1012,2025-03-24,181.0,342,123.74,21,0,False
CB-1012,2025-03-31,171.0,171,123.74,21,0,False
CB-1012,2025-04-07,170.0,1,123.74,21,0,False
CB-1012,2025-04-14,164.0,352,123.74,21,0,False
CB-1012,2025-04-21,175.0,177,123.74,21,0,False
CB-1012,2025-04-28,160.0,17,123.74,21,0,False
CB-1012,2025-05-05,166.0,366,123.74,21,0,False
CB-1012,2025-05-12,,194,123.74,21,0,False
CB-1012,2025-05-19,151.0,43,123.74,21,0,False
CB-1012,2025-05-26,148.0,410,123.74,21,0,False
CB-1012,2025-06-02,138.0,272,123.74,21,0,False
CB-1012,2025-06-09,136.0,136,123.74,21,0,False
CB-1012,2025-06-16,124.0,526,123.74,21,0,False
CB-1012,2025-06-23,150.0,376,123.74,21,0,False
CB-1012,2025-06-30,158.0,218,123.74,21,0,False
CB-1012,2025-07-07,149.0,69,123.74,21,0,False
CB-1012,2025-07-14,113.0,471,123.74,21,0,False
CB-1012,2025-07-21,134.0,337,123.74,21,0,False
CB-1012,2025-07-28,137.0,200,123.74,21,0,False
CB-1012,2025-08-04,115.0,85,123.74,21,0,False
CB-1012,2025-08-11,117.0,483,123.74,21,0,False
CB-1012,2025-08-18,95.0,388,123.74,21,0,False
CB-1012,2025-08-25,114.0,274,123.74,21,0,False
CB-1012,2025-09-01,100.0,174,123.74,21,0,False
CB-1012,2025-09-08,109.0,580,123.74,21,0,False
CB-1012,2025-09-15,93.0,487,123.74,21,0,False
CB-1012,2025-09-22,111.0,376,123.74,21,0,False
CB-1012,2025-09-29,115.0,261,123.74,21,0,False
CB-1012,2025-10-06,100.0,161,123.74,21,0,False
CB-1012,2025-10-13,98.0,577,123.74,21,0,False
CB-1012,2025-10-20,90.0,487,123.74,21,0,False
CB-1012,2025-10-27,109.0,378,123.74,21,0,False
CB-1012,2025-11-03,108.0,270,123.74,21,0,False
CB-1012,2025-11-10,102.0,168,123.74,21,0,False
CB-1012,2025-11-17,124.0,559,123.74,21,0,False
CB-1012,2025-11-24,119.0,440,123.74,21,0,False
CB-1012,2025-12-01,116.0,324,123.74,21,0,False
CB-1012,2025-12-08,126.0,198,123.74,21,0,False
CB-1012,2025-12-15,148.0,50,123.74,21,0,False
CB-1012,2025-12-22,147.0,418,123.74,21,0,False
CB-1013,2024-01-01,45.0,174,60.33,21,0,False
CB-1013,2024-01-08,79.0,95,60.33,21,0,False
CB-1013,2024-01-15,85.0,10,60.33,21,0,False
CB-1013,2024-01-22,69.0,255,60.33,21,0,False
CB-1013,2024-01-29,98.0,157,60.33,21,0,False
CB-1013,2024-02-05,63.0,94,60.33,21,0,False
CB-1013,2024-02-12,105.0,303,60.33,21,0,False
CB-1013,2024-02-19,109.0,194,60.33,21,0,False
CB-1013,2024-02-26,0.0,194,60.33,21,0,False
CB-1013,2024-03-04,134.0,60,60.33,21,0,False
CB-1013,2024-03-11,0.0,374,60.33,21,0,False
CB-1013,2024-03-18,76.0,298,60.33,21,0,False
CB-1013,2024-03-25,132.0,166,60.33,21,0,False
CB-1013,2024-04-01,87.0,79,60.33,21,0,False
CB-1013,2024-04-08,47.0,32,60.33,21,0,False
CB-1013,2024-04-15,60.0,286,60.33,21,0,False
CB-1013,2024-04-22,132.0,154,60.33,21,0,False
CB-1013,2024-04-29,31.0,123,60.33,21,0,False
CB-1013,2024-05-06,133.0,0,60.33,21,1,False
CB-1013,2024-05-13,92.0,222,60.33,21,0,False
CB-1013,2024-05-20,54.0,168,60.33,21,0,False
CB-1013,2024-05-27,72.0,96,60.33,21,0,False
CB-1013,2024-06-03,57.0,353,60.33,21,0,False
CB-1013,2024-06-10,113.0,240,60.33,21,0,False
CB-1013,2024-06-17,107.0,133,60.33,21,0,False
CB-1013,2024-06-24,33.0,100,60.33,21,0,False
CB-1013,2024-07-01,69.0,345,60.33,21,0,False
CB-1013,2024-07-08,55.0,290,60.33,21,0,False
CB-1013,2024-07-15,110.0,180,60.33,21,0,False
CB-1013,2024-07-22,39.0,141,60.33,21,0,False
CB-1013,2024-07-29,112.0,29,60.33,21,0,False
CB-1013,2024-08-05,69.0,274,60.33,21,0,False
CB-1013,2024-08-12,40.0,234,60.33,21,0,False
CB-1013,2024-08-19,51.0,183,60.33,21,0,False
CB-1013,2024-08-26,47.0,136,60.33,21,0,False
CB-1013,2024-09-02,35.0,415,60.33,21,0,False
CB-1013,2024-09-09,65.0,350,60.33,21,0,False
CB-1013,2024-09-16,36.0,314,60.33,21,0,False
CB-1013,2024-09-23,15.0,299,60.33,21,0,False
CB-1013,2024-09-30,54.0,245,60.33,21,0,False
CB-1013,2024-10-07,23.0,222,60.33,21,0,False
CB-1013,2024-10-14,46.0,176,60.33,21,0,False
CB-1013,2024-10-21,44.0,446,60.33,21,0,False
CB-1013,2024-10-28,45.0,401,60.33,21,0,False
CB-1013,2024-11-04,113.0,288,60.33,21,0,False
CB-1013,2024-11-11,70.0,218,60.33,21,0,False
CB-1013,2024-11-18,76.0,142,60.33,21,0,False
CB-1013,2024-11-25,27.0,115,60.33,21,0,False
CB-1013,2024-12-02,58.0,372,60.33,21,0,False
CB-1013,2024-12-09,83.0,289,60.33,21,0,False
CB-1013,2024-12-16,51.0,238,60.33,21,0,False
CB-1013,2024-12-23,109.0,129,60.33,21,0,False
CB-1013,2024-12-30,49.0,80,60.33,21,0,False
CB-1013,2025-01-06,79.0,315,60.33,21,0,False
CB-1013,2025-01-13,72.0,243,60.33,21,0,False
CB-1013,2025-01-20,99.0,144,60.33,21,0,False
CB-1013,2025-01-27,75.0,69,60.33,21,0,False
CB-1013,2025-02-03,89.0,294,60.33,21,0,False
CB-1013,2025-02-10,92.0,202,60.33,21,0,False
CB-1013,2025-02-17,76.0,126,60.33,21,0,False
CB-1013,2025-02-24,122.0,4,60.33,21,0,False
CB-1013,2025-03-03,115.0,203,60.33,21,0,False
CB-1013,2025-03-10,104.0,99,60.33,21,0,False
CB-1013,2025-03-17,92.0,7,60.33,21,0,False
CB-1013,2025-03-24,140.0,181,60.33,21,0,False
CB-1013,2025-03-31,101.0,80,60.33,21,0,False
CB-1013,2025-04-07,98.0,0,60.33,21,1,False
CB-1013,2025-04-14,114.0,200,60.33,21,0,False
CB-1013,2025-04-21,174.0,26,60.33,21,0,False
CB-1013,2025-04-28,57.0,0,60.33,21,1,False
CB-1013,2025-05-05,136.0,178,60.33,21,0,False
CB-1013,2025-05-12,36.0,142,60.33,21,0,False
CB-1013,2025-05-19,112.0,30,60.33,21,0,False
CB-1013,2025-05-26,158.0,186,60.33,21,0,False
CB-1013,2025-06-02,117.0,69,60.33,21,0,False
CB-1013,2025-06-09,103.0,0,60.33,21,1,False
CB-1013,2025-06-16,77.0,237,60.33,21,0,False
CB-1013,2025-06-23,94.0,143,60.33,21,0,False
CB-1013,2025-06-30,82.0,61,60.33,21,0,False
CB-1013,2025-07-07,64.0,311,60.33,21,0,False
CB-1013,2025-07-14,77.0,234,60.33,21,0,False
CB-1013,2025-07-21,88.0,146,60.33,21,0,False
CB-1013,2025-07-28,59.0,87,60.33,21,0,False
CB-1013,2025-08-04,56.0,345,60.33,21,0,False
CB-1013,2025-08-11,40.0,305,60.33,21,0,False
CB-1013,2025-08-18,85.0,220,60.33,21,0,False
CB-1013,2025-08-25,87.0,133,60.33,21,0,False
CB-1013,2025-09-01,77.0,56,60.33,21,0,False
CB-1013,2025-09-08,94.0,276,60.33,21,0,False
CB-1013,2025-09-15,72.0,204,60.33,21,0,False
CB-1013,2025-09-22,79.0,125,60.33,21,0,False
CB-1013,2025-09-29,77.0,48,60.33,21,0,False
CB-1013,2025-10-06,68.0,294,60.33,21,0,False
CB-1013,2025-10-13,57.0,237,60.33,21,0,False
CB-1013,2025-10-20,127.0,110,60.33,21,0,False
CB-1013,2025-10-27,61.0,49,60.33,21,0,False
CB-1013,2025-11-03,57.0,306,60.33,21,0,False
CB-1013,2025-11-10,88.0,218,60.33,21,0,False
CB-1013,2025-11-17,85.0,133,60.33,21,0,False
CB-1013,2025-11-24,,92,60.33,21,0,False
CB-1013,2025-12-01,116.0,291,60.33,21,0,False
CB-1013,2025-12-08,83.0,208,60.33,21,0,False
CB-1013,2025-12-15,54.0,154,60.33,21,0,False
CB-1013,2025-12-22,130.0,24,60.33,21,0,False
CB-1014,2024-01-01,90.0,170,85.85,42,0,False
CB-1014,2024-01-08,85.0,85,85.85,42,0,False
CB-1014,2024-01-15,83.0,2,85.85,42,0,False
CB-1014,2024-01-22,97.0,0,85.85,42,1,False
CB-1014,2024-01-29,89.0,0,85.85,42,1,False
CB-1014,2024-02-05,90.0,0,85.85,42,1,False
CB-1014,2024-02-12,88.0,264,85.85,42,0,False
CB-1014,2024-02-19,99.0,517,85.85,42,0,False
CB-1014,2024-02-26,100.0,417,85.85,42,0,False
CB-1014,2024-03-04,98.0,319,85.85,42,0,False
CB-1014,2024-03-11,93.0,226,85.85,42,0,False
CB-1014,2024-03-18,101.0,125,85.85,42,0,False
CB-1014,2024-03-25,100.0,25,85.85,42,0,False
CB-1014,2024-04-01,90.0,287,85.85,42,0,False
CB-1014,2024-04-08,89.0,198,85.85,42,0,False
CB-1014,2024-04-15,106.0,92,85.85,42,0,False
CB-1014,2024-04-22,80.0,12,85.85,42,0,False
CB-1014,2024-04-29,101.0,263,85.85,42,0,False
CB-1014,2024-05-06,95.0,168,85.85,42,0,False
CB-1014,2024-05-13,108.0,60,85.85,42,0,False
CB-1014,2024-05-20,92.0,0,85.85,42,1,False
CB-1014,2024-05-27,99.0,253,85.85,42,0,False
CB-1014,2024-06-03,89.0,164,85.85,42,0,False
CB-1014,2024-06-10,91.0,73,85.85,42,0,False
CB-1014,2024-06-17,93.0,332,85.85,42,0,False
CB-1014,2024-06-24,83.0,249,85.85,42,0,False
CB-1014,2024-07-01,90.0,159,85.85,42,0,False
CB-1014,2024-07-08,75.0,84,85.85,42,0,False
CB-1014,2024-07-15,81.0,355,85.85,42,0,False
CB-1014,2024-07-22,82.0,273,85.85,42,0,False
CB-1014,2024-07-29,78.0,195,85.85,42,0,False
CB-1014,2024-08-05,84.0,111,85.85,42,0,False
CB-1014,2024-08-12,66.0,397,85.85,42,0,False
CB-1014,2024-08-19,61.0,336,85.85,42,0,False
CB-1014,2024-08-26,62.0,274,85.85,42,0,False
CB-1014,2024-09-02,70.0,204,85.85,42,0,False
CB-1014,2024-09-09,68.0,136,85.85,42,0,False
CB-1014,2024-09-16,65.0,423,85.85,42,0,False
CB-1014,2024-09-23,59.0,364,85.85,42,0,False
CB-1014,2024-09-30,68.0,296,85.85,42,0,False
CB-1014,2024-10-07,58.0,238,85.85,42,0,False
CB-1014,2024-10-14,72.0,166,85.85,42,0,False
CB-1014,2024-10-21,82.0,436,85.85,42,0,False
CB-1014,2024-10-28,70.0,366,85.85,42,0,False
CB-1014,2024-11-04,72.0,294,85.85,42,0,False
CB-1014,2024-11-11,68.0,226,85.85,42,0,False
CB-1014,2024-11-18,62.0,164,85.85,42,0,False
CB-1014,2024-11-25,72.0,444,85.85,42,0,False
CB-1014,2024-12-02,71.0,373,85.85,42,0,False
CB-1014,2024-12-09,71.0,302,85.85,42,0,False
CB-1014,2024-12-16,94.0,208,85.85,42,0,False
CB-1014,2024-12-23,88.0,120,85.85,42,0,False
CB-1014,2024-12-30,91.0,381,85.85,42,0,False
CB-1014,2025-01-06,89.0,292,85.85,42,0,False
CB-1014,2025-01-13,93.0,199,85.85,42,0,False
CB-1014,2025-01-20,105.0,94,85.85,42,0,False
CB-1014,2025-01-27,99.0,0,85.85,42,1,False
CB-1014,2025-02-03,107.0,245,85.85,42,0,False
CB-1014,2025-02-10,103.0,142,85.85,42,0,False
CB-1014,2025-02-17,104.0,38,85.85,42,0,False
CB-1014,2025-02-24,96.0,0,85.85,42,1,False
CB-1014,2025-03-03,93.0,259,85.85,42,0,False
CB-1014,2025-03-10,109.0,150,85.85,42,0,False
CB-1014,2025-03-17,113.0,37,85.85,42,0,False
CB-1014,2025-03-24,102.0,287,85.85,42,0,False
CB-1014,2025-03-31,114.0,173,85.85,42,0,False
CB-1014,2025-04-07,114.0,59,85.85,42,0,False
CB-1014,2025-04-14,94.0,0,85.85,42,1,False
CB-1014,2025-04-21,105.0,247,85.85,42,0,False
CB-1014,2025-04-28,116.0,131,85.85,42,0,False
CB-1014,2025-05-05,114.0,17,85.85,42,0,False
CB-1014,2025-05-12,99.0,270,85.85,42,0,False
CB-1014,2025-05-19,109.0,161,85.85,42,0,False
CB-1014,2025-05-26,115.0,46,85.85,42,0,False
CB-1014,2025-06-02,110.0,0,85.85,42,1,False
CB-1014,2025-06-09,101.0,251,85.85,42,0,False
CB-1014,2025-06-16,95.0,156,85.85,42,0,False
CB-1014,2025-06-23,91.0,65,85.85,42,0,False
CB-1014,2025-06-30,97.0,320,85.85,42,0,False
CB-1014,2025-07-07,92.0,228,85.85,42,0,False
CB-1014,2025-07-14,93.0,135,85.85,42,0,False
CB-1014,2025-07-21,87.0,48,85.85,42,0,False
CB-1014,2025-07-28,89.0,311,85.85,42,0,False
CB-1014,2025-08-04,82.0,229,85.85,42,0,False
CB-1014,2025-08-11,84.0,145,85.85,42,0,False
CB-1014,2025-08-18,83.0,62,85.85,42,0,False
CB-1014,2025-08-25,71.0,343,85.85,42,0,False
CB-1014,2025-09-01,64.0,279,85.85,42,0,False
CB-1014,2025-09-08,82.0,197,85.85,42,0,False
CB-1014,2025-09-15,74.0,123,85.85,42,0,False
CB-1014,2025-09-22,62.0,413,85.85,42,0,False
CB-1014,2025-09-29,68.0,345,85.85,42,0,False
CB-1014,2025-10-06,77.0,268,85.85,42,0,False
CB-1014,2025-10-13,72.0,196,85.85,42,0,False
CB-1014,2025-10-20,71.0,125,85.85,42,0,False
CB-1014,2025-10-27,84.0,393,85.85,42,0,False
CB-1014,2025-11-03,71.0,322,85.85,42,0,False
CB-1014,2025-11-10,74.0,248,85.85,42,0,False
CB-1014,2025-11-17,83.0,165,85.85,42,0,False
CB-1014,2025-11-24,87.0,78,85.85,42,0,False
CB-1014,2025-12-01,90.0,340,85.85,42,0,False
CB-1014,2025-12-08,96.0,244,85.85,42,0,False
CB-1014,2025-12-15,94.0,150,85.85,42,0,False
CB-1014,2025-12-22,99.0,51,85.85,42,0,False
CB-1015,2024-01-01,111.0,290,86.94,21,0,False
CB-1015,2024-01-08,116.0,174,86.94,21,0,False
CB-1015,2024-01-15,125.0,49,86.94,21,0,False
CB-1015,2024-01-22,,422,86.94,21,0,False
CB-1015,2024-01-29,125.0,297,86.94,21,0,False
CB-1015,2024-02-05,119.0,178,86.94,21,0,False
CB-1015,2024-02-12,131.0,47,86.94,21,0,False
CB-1015,2024-02-19,133.0,414,86.94,21,0,False
CB-1015,2024-02-26,138.0,276,86.94,21,0,False
CB-1015,2024-03-04,162.0,114,86.94,21,0,False
CB-1015,2024-03-11,134.0,0,86.94,21,1,False
CB-1015,2024-03-18,146.0,353,86.94,21,0,False
CB-1015,2024-03-25,154.0,199,86.94,21,0,False
CB-1015,2024-04-01,144.0,55,86.94,21,0,False
CB-1015,2024-04-08,169.0,386,86.94,21,0,False
CB-1015,2024-04-15,138.0,248,86.94,21,0,False
CB-1015,2024-04-22,145.0,103,86.94,21,0,False
CB-1015,2024-04-29,132.0,470,86.94,21,0,False
CB-1015,2024-05-06,135.0,335,86.94,21,0,False
CB-1015,2024-05-13,140.0,195,86.94,21,0,False
CB-1015,2024-05-20,144.0,51,86.94,21,0,False
CB-1015,2024-05-27,136.0,415,86.94,21,0,False
CB-1015,2024-06-03,143.0,272,86.94,21,0,False
CB-1015,2024-06-10,126.0,146,86.94,21,0,False
CB-1015,2024-06-17,121.0,25,86.94,21,0,False
CB-1015,2024-06-24,147.0,377,86.94,21,0,False
CB-1015,2024-07-01,121.0,256,86.94,21,0,False
CB-1015,2024-07-08,108.0,148,86.94,21,0,False
CB-1015,2024-07-15,105.0,543,86.94,21,0,False
CB-1015,2024-07-22,100.0,443,86.94,21,0,False
CB-1015,2024-07-29,113.0,330,86.94,21,0,False
CB-1015,2024-08-05,99.0,231,86.94,21,0,False
CB-1015,2024-08-12,100.0,131,86.94,21,0,False
CB-1015,2024-08-19,97.0,533,86.94,21,0,False
CB-1015,2024-08-26,101.0,432,86.94,21,0,False
CB-1015,2024-09-02,87.0,345,86.94,21,0,False
CB-1015,2024-09-09,84.0,261,86.94,21,0,False
CB-1015,2024-09-16,93.0,168,86.94,21,0,False
CB-1015,2024-09-23,95.0,573,86.94,21,0,False
CB-1015,2024-09-30,93.0,480,86.94,21,0,False
CB-1015,2024-10-07,85.0,395,86.94,21,0,False
CB-1015,2024-10-14,97.0,298,86.94,21,0,False
CB-1015,2024-10-21,88.0,210,86.94,21,0,False
CB-1015,2024-10-28,91.0,618,86.94,21,0,False
CB-1015,2024-11-04,90.0,528,86.94,21,0,False
CB-1015,2024-11-11,110.0,418,86.94,21,0,False
CB-1015,2024-11-18,108.0,310,86.94,21,0,False
CB-1015,2024-11-25,111.0,199,86.94,21,0,False
CB-1015,2024-12-02,120.0,79,86.94,21,0,False
CB-1015,2024-12-09,138.0,441,86.94,21,0,False
CB-1015,2024-12-16,101.0,340,86.94,21,0,False
CB-1015,2024-12-23,114.0,226,86.94,21,0,False
CB-1015,2024-12-30,119.0,107,86.94,21,0,False
CB-1015,2025-01-06,120.0,486,86.94,21,0,False
CB-1015,2025-01-13,121.0,365,86.94,21,0,False
CB-1015,2025-01-20,133.0,232,86.94,21,0,False
CB-1015,2025-01-27,127.0,105,86.94,21,0,False
CB-1015,2025-02-03,148.0,457,86.94,21,0,False
CB-1015,2025-02-10,148.0,309,86.94,21,0,False
CB-1015,2025-02-17,156.0,153,86.94,21,0,False
CB-1015,2025-02-24,159.0,0,86.94,21,1,False
CB-1015,2025-03-03,163.0,336,86.94,21,0,False
CB-1015,2025-03-10,153.0,183,86.94,21,0,False
CB-1015,2025-03-17,186.0,0,86.94,21,1,False
CB-1015,2025-03-24,,336,86.94,21,0,False
CB-1015,2025-03-31,136.0,200,86.94,21,0,False
CB-1015,2025-04-07,148.0,52,86.94,21,0,False
CB-1015,2025-04-14,138.0,414,86.94,21,0,False
CB-1015,2025-04-21,160.0,254,86.94,21,0,False
CB-1015,2025-04-28,156.0,98,86.94,21,0,False
CB-1015,2025-05-05,150.0,0,86.94,21,1,False
CB-1015,2025-05-12,179.0,320,86.94,21,0,False
CB-1015,2025-05-19,158.0,162,86.94,21,0,False
CB-1015,2025-05-26,158.0,4,86.94,21,0,False
CB-1015,2025-06-02,135.0,369,86.94,21,0,False
CB-1015,2025-06-09,131.0,238,86.94,21,0,False
CB-1015,2025-06-16,140.0,98,86.94,21,0,False
CB-1015,2025-06-23,137.0,460,86.94,21,0,False
CB-1015,2025-06-30,112.0,348,86.94,21,0,False
CB-1015,2025-07-07,126.0,222,86.94,21,0,False
CB-1015,2025-07-14,125.0,97,86.94,21,0,False
CB-1015,2025-07-21,119.0,478,86.94,21,0,False
CB-1015,2025-07-28,110.0,368,86.94,21,0,False
CB-1015,2025-08-04,109.0,259,86.94,21,0,False
CB-1015,2025-08-11,110.0,149,86.94,21,0,False
CB-1015,2025-08-18,110.0,538,86.94,21,0,False
CB-1015,2025-08-25,112.0,426,86.94,21,0,False
CB-1015,2025-09-01,114.0,312,86.94,21,0,False
CB-1015,2025-09-08,101.0,211,86.94,21,0,False
CB-1015,2025-09-15,98.0,113,86.94,21,0,False
CB-1015,2025-09-22,105.0,508,86.94,21,0,False
CB-1015,2025-09-29,107.0,401,86.94,21,0,False
CB-1015,2025-10-06,99.0,302,86.94,21,0,False
CB-1015,2025-10-13,110.0,192,86.94,21,0,False
CB-1015,2025-10-20,113.0,79,86.94,21,0,False
CB-1015,2025-10-27,117.0,461,86.94,21,0,False
CB-1015,2025-11-03,124.0,337,86.94,21,0,False
CB-1015,2025-11-10,104.0,233,86.94,21,0,False
CB-1015,2025-11-17,115.0,118,86.94,21,0,False
CB-1015,2025-11-24,118.0,500,86.94,21,0,False
CB-1015,2025-12-01,121.0,379,86.94,21,0,False
CB-1015,2025-12-08,119.0,260,86.94,21,0,False
CB-1015,2025-12-15,115.0,145,86.94,21,0,False
CB-1015,2025-12-22,136.0,508,86.94,21,0,False
CB-1016,2024-01-01,94.0,274,121.39,7,0,False
CB-1016,2024-01-08,95.0,179,121.39,7,0,False
CB-1016,2024-01-15,109.0,70,121.39,7,0,False
CB-1016,2024-01-22,111.0,412,121.39,7,0,False
CB-1016,2024-01-29,118.0,294,121.39,7,0,False
CB-1016,2024-02-05,136.0,158,121.39,7,0,False
CB-1016,2024-02-12,121.0,37,121.39,7,0,False
CB-1016,2024-02-19,126.0,364,121.39,7,0,False
CB-1016,2024-02-26,113.0,251,121.39,7,0,False
CB-1016,2024-03-04,112.0,139,121.39,7,0,False
CB-1016,2024-03-11,143.0,0,121.39,7,1,False
CB-1016,2024-03-18,119.0,334,121.39,7,0,False
CB-1016,2024-03-25,118.0,216,121.39,7,0,False
CB-1016,2024-04-01,129.0,87,121.39,7,0,False
CB-1016,2024-04-08,129.0,411,121.39,7,0,False
CB-1016,2024-04-15,120.0,291,121.39,7,0,False
CB-1016,2024-04-22,126.0,165,121.39,7,0,False
CB-1016,2024-04-29,140.0,25,121.39,7,0,False
CB-1016,2024-05-06,118.0,360,121.39,7,0,False
CB-1016,2024-05-13,111.0,249,121.39,7,0,False
CB-1016,2024-05-20,132.0,117,121.39,7,0,False
CB-1016,2024-05-27,125.0,445,121.39,7,0,False
CB-1016,2024-06-03,112.0,333,121.39,7,0,False
CB-1016,2024-06-10,101.0,232,121.39,7,0,False
CB-1016,2024-06-17,106.0,126,121.39,7,0,False
CB-1016,2024-06-24,109.0,470,121.39,7,0,False
CB-1016,2024-07-01,117.0,353,121.39,7,0,False
CB-1016,2024-07-08,95.0,258,121.39,7,0,False
CB-1016,2024-07-15,100.0,158,121.39,7,0,False
CB-1016,2024-07-22,103.0,55,121.39,7,0,False
CB-1016,2024-07-29,77.0,431,121.39,7,0,False
CB-1016,2024-08-05,100.0,331,121.39,7,0,False
CB-1016,2024-08-12,82.0,249,121.39,7,0,False
CB-1016,2024-08-19,91.0,158,121.39,7,0,False
CB-1016,2024-08-26,88.0,70,121.39,7,0,False
CB-1016,2024-09-02,92.0,431,121.39,7,0,False
CB-1016,2024-09-09,88.0,343,121.39,7,0,False
CB-1016,2024-09-16,67.0,276,121.39,7,0,False
CB-1016,2024-09-23,77.0,199,121.39,7,0,False
CB-1016,2024-09-30,84.0,115,121.39,7,0,False
CB-1016,2024-10-07,82.0,486,121.39,7,0,False
CB-1016,2024-10-14,87.0,399,121.39,7,0,False
CB-1016,2024-10-21,90.0,309,121.39,7,0,False
CB-1016,2024-10-28,91.0,218,121.39,7,0,False
CB-1016,2024-11-04,87.0,131,121.39,7,0,False
CB-1016,2024-11-11,77.0,507,121.39,7,0,False
CB-1016,2024-11-18,90.0,417,121.39,7,0,False
CB-1016,2024-11-25,99.0,318,121.39,7,0,False
CB-1016,2024-12-02,91.0,227,121.39,7,0,False
CB-1016,2024-12-09,108.0,119,121.39,7,0,False
CB-1016,2024-12-16,114.0,458,121.39,7,0,False
CB-1016,2024-12-23,111.0,347,121.39,7,0,False
CB-1016,2024-12-30,86.0,261,121.39,7,0,False
CB-1016,2025-01-06,105.0,156,121.39,7,0,False
CB-1016,2025-01-13,139.0,17,121.39,7,0,False
CB-1016,2025-01-20,119.0,351,121.39,7,0,False
CB-1016,2025-01-27,107.0,244,121.39,7,0,False
CB-1016,2025-02-03,144.0,100,121.39,7,0,False
CB-1016,2025-02-10,134.0,419,121.39,7,0,False
CB-1016,2025-02-17,149.0,270,121.39,7,0,False
CB-1016,2025-02-24,142.0,128,121.39,7,0,False
CB-1016,2025-03-03,146.0,435,121.39,7,0,False
CB-1016,2025-03-10,147.0,288,121.39,7,0,False
CB-1016,2025-03-17,152.0,136,121.39,7,0,False
CB-1016,2025-03-24,172.0,0,121.39,7,1,False
CB-1016,2025-03-31,157.0,296,121.39,7,0,False
CB-1016,2025-04-07,127.0,169,121.39,7,0,False
CB-1016,2025-04-14,151.0,18,121.39,7,0,False
CB-1016,2025-04-21,158.0,313,121.39,7,0,False
CB-1016,2025-04-28,158.0,155,121.39,7,0,False
CB-1016,2025-05-05,137.0,18,121.39,7,0,False
CB-1016,2025-05-12,153.0,318,121.39,7,0,False
CB-1016,2025-05-19,148.0,170,121.39,7,0,False
CB-1016,2025-05-26,163.0,7,121.39,7,0,False
CB-1016,2025-06-02,125.0,335,121.39,7,0,False
CB-1016,2025-06-09,124.0,211,121.39,7,0,False
CB-1016,2025-06-16,123.0,88,121.39,7,0,False
CB-1016,2025-06-23,118.0,423,121.39,7,0,False
CB-1016,2025-06-30,111.0,312,121.39,7,0,False
CB-1016,2025-07-07,91.0,221,121.39,7,0,False
CB-1016,2025-07-14,109.0,112,121.39,7,0,False
CB-1016,2025-07-21,113.0,452,121.39,7,0,False
CB-1016,2025-07-28,103.0,349,121.39,7,0,False
CB-1016,2025-08-04,120.0,229,121.39,7,0,False
CB-1016,2025-08-11,101.0,128,121.39,7,0,False
CB-1016,2025-08-18,109.0,472,121.39,7,0,False
CB-1016,2025-08-25,99.0,373,121.39,7,0,False
CB-1016,2025-09-01,101.0,272,121.39,7,0,False
CB-1016,2025-09-08,96.0,176,121.39,7,0,False
CB-1016,2025-09-15,103.0,73,121.39,7,0,False
CB-1016,2025-09-22,93.0,433,121.39,7,0,False
CB-1016,2025-09-29,96.0,337,121.39,7,0,False
CB-1016,2025-10-06,96.0,241,121.39,7,0,False
CB-1016,2025-10-13,92.0,149,121.39,7,0,False
CB-1016,2025-10-20,98.0,51,121.39,7,0,False
CB-1016,2025-10-27,114.0,390,121.39,7,0,False
CB-1016,2025-11-03,97.0,293,121.39,7,0,False
CB-1016,2025-11-10,105.0,188,121.39,7,0,False
CB-1016,2025-11-17,115.0,73,121.39,7,0,False
CB-1016,2025-11-24,117.0,409,121.39,7,0,False
CB-1016,2025-12-01,111.0,298,121.39,7,0,False
CB-1016,2025-12-08,93.0,205,121.39,7,0,False
CB-1016,2025-12-15,123.0,82,121.39,7,0,False
CB-1016,2025-12-22,101.0,434,121.39,7,0,False
CB-1017,2024-01-01,55.0,105,126.8,7,0,False
CB-1017,2024-01-08,49.0,56,126.8,7,0,False
CB-1017,2024-01-15,47.0,237,126.8,7,0,False
CB-1017,2024-01-22,57.0,180,126.8,7,0,False
CB-1017,2024-01-29,57.0,123,126.8,7,0,False
CB-1017,2024-02-05,56.0,67,126.8,7,0,False
CB-1017,2024-02-12,60.0,7,126.8,7,0,False
CB-1017,2024-02-19,75.0,159,126.8,7,0,False
CB-1017,2024-02-26,67.0,92,126.8,7,0,False
CB-1017,2024-03-04,69.0,23,126.8,7,0,False
CB-1017,2024-03-11,68.0,183,126.8,7,0,False
CB-1017,2024-03-18,72.0,111,126.8,7,0,False
CB-1017,2024-03-25,64.0,47,126.8,7,0,False
CB-1017,2024-04-01,55.0,219,126.8,7,0,False
CB-1017,2024-04-08,65.0,154,126.8,7,0,False
CB-1017,2024-04-15,70.0,84,126.8,7,0,False
CB-1017,2024-04-22,60.0,24,126.8,7,0,False
CB-1017,2024-04-29,64.0,188,126.8,7,0,False
CB-1017,2024-05-06,60.0,128,126.8,7,0,False
CB-1017,2024-05-13,71.0,57,126.8,7,0,False
CB-1017,2024-05-20,66.0,218,126.8,7,0,False
CB-1017,2024-05-27,64.0,154,126.8,7,0,False
CB-1017,2024-06-03,63.0,91,126.8,7,0,False
CB-1017,2024-06-10,58.0,33,126.8,7,0,False
CB-1017,2024-06-17,58.0,203,126.8,7,0,False
CB-1017,2024-06-24,50.0,153,126.8,7,0,False
CB-1017,2024-07-01,45.0,108,126.8,7,0,False
CB-1017,2024-07-08,53.0,55,126.8,7,0,False
CB-1017,2024-07-15,52.0,230,126.8,7,0,False
CB-1017,2024-07-22,54.0,176,126.8,7,0,False
CB-1017,2024-07-29,54.0,122,126.8,7,0,False
CB-1017,2024-08-05,53.0,69,126.8,7,0,False
CB-1017,2024-08-12,42.0,27,126.8,7,0,False
CB-1017,2024-08-19,43.0,212,126.8,7,0,False
CB-1017,2024-08-26,45.0,167,126.8,7,0,False
CB-1017,2024-09-02,52.0,115,126.8,7,0,False
CB-1017,2024-09-09,47.0,68,126.8,7,0,False
CB-1017,2024-09-16,46.0,22,126.8,7,0,False
CB-1017,2024-09-23,40.0,209,126.8,7,0,False
CB-1017,2024-09-30,39.0,170,126.8,7,0,False
CB-1017,2024-10-07,45.0,125,126.8,7,0,False
CB-1017,2024-10-14,39.0,86,126.8,7,0,False
CB-1017,2024-10-21,42.0,44,126.8,7,0,False
CB-1017,2024-10-28,43.0,229,126.8,7,0,False
CB-1017,2024-11-04,50.0,179,126.8,7,0,False
CB-1017,2024-11-11,45.0,134,126.8,7,0,False
CB-1017,2024-11-18,38.0,96,126.8,7,0,False
CB-1017,2024-11-25,51.0,45,126.8,7,0,False
CB-1017,2024-12-02,47.0,225,126.8,7,0,False
CB-1017,2024-12-09,52.0,173,126.8,7,0,False
CB-1017,2024-12-16,53.0,120,126.8,7,0,False
CB-1017,2024-12-23,54.0,66,126.8,7,0,False
CB-1017,2024-12-30,61.0,232,126.8,7,0,False
CB-1017,2025-01-06,52.0,180,126.8,7,0,False
CB-1017,2025-01-13,58.0,122,126.8,7,0,False
CB-1017,2025-01-20,66.0,56,126.8,7,0,False
CB-1017,2025-01-27,61.0,223,126.8,7,0,False
CB-1017,2025-02-03,58.0,165,126.8,7,0,False
CB-1017,2025-02-10,71.0,94,126.8,7,0,False
CB-1017,2025-02-17,75.0,19,126.8,7,0,False
CB-1017,2025-02-24,70.0,176,126.8,7,0,False
CB-1017,2025-03-03,60.0,116,126.8,7,0,False
CB-1017,2025-03-10,76.0,40,126.8,7,0,False
CB-1017,2025-03-17,63.0,205,126.8,7,0,False
CB-1017,2025-03-24,75.0,130,126.8,7,0,False
CB-1017,2025-03-31,68.0,62,126.8,7,0,False
CB-1017,2025-04-07,67.0,222,126.8,7,0,False
CB-1017,2025-04-14,71.0,151,126.8,7,0,False
CB-1017,2025-04-21,72.0,79,126.8,7,0,False
CB-1017,2025-04-28,69.0,10,126.8,7,0,False
CB-1017,2025-05-05,75.0,163,126.8,7,0,False
CB-1017,2025-05-12,68.0,95,126.8,7,0,False
CB-1017,2025-05-19,75.0,20,126.8,7,0,False
CB-1017,2025-05-26,70.0,177,126.8,7,0,False
CB-1017,2025-06-02,63.0,114,126.8,7,0,False
CB-1017,2025-06-09,61.0,53,126.8,7,0,False
CB-1017,2025-06-16,56.0,225,126.8,7,0,False
CB-1017,2025-06-23,64.0,161,126.8,7,0,False
CB-1017,2025-06-30,59.0,102,126.8,7,0,False
CB-1017,2025-07-07,48.0,54,126.8,7,0,False
CB-1017,2025-07-14,55.0,226,126.8,7,0,False
CB-1017,2025-07-21,52.0,174,126.8,7,0,False
CB-1017,2025-07-28,61.0,113,126.8,7,0,False
CB-1017,2025-08-04,45.0,68,126.8,7,0,False
CB-1017,2025-08-11,45.0,23,126.8,7,0,False
CB-1017,2025-08-18,54.0,197,126.8,7,0,False
CB-1017,2025-08-25,54.0,143,126.8,7,0,False
CB-1017,2025-09-01,45.0,98,126.8,7,0,False
CB-1017,2025-09-08,45.0,53,126.8,7,0,False
CB-1017,2025-09-15,49.0,231,126.8,7,0,False
CB-1017,2025-09-22,38.0,193,126.8,7,0,False
CB-1017,2025-09-29,40.0,153,126.8,7,0,False
CB-1017,2025-10-06,46.0,107,126.8,7,0,False
CB-1017,2025-10-13,53.0,54,126.8,7,0,False
CB-1017,2025-10-20,46.0,236,126.8,7,0,False
CB-1017,2025-10-27,49.0,187,126.8,7,0,False
CB-1017,2025-11-03,54.0,133,126.8,7,0,False
CB-1017,2025-11-10,60.0,73,126.8,7,0,False
CB-1017,2025-11-17,50.0,23,126.8,7,0,False
CB-1017,2025-11-24,54.0,196,126.8,7,0,False
CB-1017,2025-12-01,64.0,132,126.8,7,0,False
CB-1017,2025-12-08,51.0,81,126.8,7,0,False
CB-1017,2025-12-15,65.0,16,126.8,7,0,False
CB-1017,2025-12-22,57.0,186,126.8,7,0,False
CB-1018,2024-01-01,94.0,344,150.23,35,0,False
CB-1018,2024-01-08,97.0,247,150.23,35,0,False
CB-1018,2024-01-15,111.0,136,150.23,35,0,False
CB-1018,2024-01-22,121.0,15,150.23,35,0,False
CB-1018,2024-01-29,114.0,0,150.23,35,1,False
CB-1018,2024-02-05,118.0,345,150.23,35,0,False
CB-1018,2024-02-12,126.0,219,150.23,35,0,False
CB-1018,2024-02-19,113.0,569,150.23,35,0,False
CB-1018,2024-02-26,133.0,436,150.23,35,0,False
CB-1018,2024-03-04,135.0,301,150.23,35,0,False
CB-1018,2024-03-11,156.0,145,150.23,35,0,False
CB-1018,2024-03-18,126.0,19,150.23,35,0,False
CB-1018,2024-03-25,126.0,356,150.23,35,0,False
CB-1018,2024-04-01,139.0,217,150.23,35,0,False
CB-1018,2024-04-08,140.0,77,150.23,35,0,False
CB-1018,2024-04-15,126.0,0,150.23,35,1,False
CB-1018,2024-04-22,126.0,337,150.23,35,0,False
CB-1018,2024-04-29,135.0,202,150.23,35,0,False
CB-1018,2024-05-06,120.0,82,150.23,35,0,False
CB-1018,2024-05-13,122.0,423,150.23,35,0,False
CB-1018,2024-05-20,126.0,297,150.23,35,0,False
CB-1018,2024-05-27,132.0,165,150.23,35,0,False
CB-1018,2024-06-03,114.0,51,150.23,35,0,False
CB-1018,2024-06-10,100.0,414,150.23,35,0,False
CB-1018,2024-06-17,97.0,317,150.23,35,0,False
CB-1018,2024-06-24,100.0,217,150.23,35,0,False
CB-1018,2024-07-01,97.0,120,150.23,35,0,False
CB-1018,2024-07-08,104.0,479,150.23,35,0,False
CB-1018,2024-07-15,93.0,386,150.23,35,0,False
CB-1018,2024-07-22,94.0,292,150.23,35,0,False
CB-1018,2024-07-29,91.0,201,150.23,35,0,False
CB-1018,2024-08-05,91.0,573,150.23,35,0,False
CB-1018,2024-08-12,101.0,472,150.23,35,0,False
CB-1018,2024-08-19,94.0,378,150.23,35,0,False
CB-1018,2024-08-26,88.0,290,150.23,35,0,False
CB-1018,2024-09-02,83.0,207,150.23,35,0,False
CB-1018,2024-09-09,82.0,588,150.23,35,0,False
CB-1018,2024-09-16,86.0,502,150.23,35,0,False
CB-1018,2024-09-23,88.0,414,150.23,35,0,False
CB-1018,2024-09-30,78.0,336,150.23,35,0,False
CB-1018,2024-10-07,84.0,252,150.23,35,0,False
CB-1018,2024-10-14,71.0,643,150.23,35,0,False
CB-1018,2024-10-21,88.0,555,150.23,35,0,False
CB-1018,2024-10-28,93.0,462,150.23,35,0,False
CB-1018,2024-11-04,88.0,374,150.23,35,0,False
CB-1018,2024-11-11,105.0,269,150.23,35,0,False
CB-1018,2024-11-18,88.0,181,150.23,35,0,False
CB-1018,2024-11-25,99.0,545,150.23,35,0,False
CB-1018,2024-12-02,100.0,445,150.23,35,0,False
CB-1018,2024-12-09,103.0,342,150.23,35,0,False
CB-1018,2024-12-16,107.0,235,150.23,35,0,False
CB-1018,2024-12-23,112.0,123,150.23,35,0,False
CB-1018,2024-12-30,123.0,463,150.23,35,0,False
CB-1018,2025-01-06,132.0,331,150.23,35,0,False
CB-1018,2025-01-13,122.0,209,150.23,35,0,False
CB-1018,2025-01-20,134.0,75,150.23,35,0,False
CB-1018,2025-01-27,122.0,416,150.23,35,0,False
CB-1018,2025-02-03,141.0,275,150.23,35,0,False
CB-1018,2025-02-10,128.0,147,150.23,35,0,False
CB-1018,2025-02-17,151.0,0,150.23,35,1,False
CB-1018,2025-02-24,166.0,297,150.23,35,0,False
CB-1018,2025-03-03,142.0,155,150.23,35,0,False
CB-1018,2025-03-10,120.0,35,150.23,35,0,False
CB-1018,2025-03-17,140.0,0,150.23,35,1,False
CB-1018,2025-03-24,162.0,301,150.23,35,0,False
CB-1018,2025-03-31,154.0,147,150.23,35,0,False
CB-1018,2025-04-07,151.0,0,150.23,35,1,False
CB-1018,2025-04-14,160.0,303,150.23,35,0,False
CB-1018,2025-04-21,153.0,150,150.23,35,0,False
CB-1018,2025-04-28,160.0,0,150.23,35,1,False
CB-1018,2025-05-05,155.0,0,150.23,35,1,False
CB-1018,2025-05-12,160.0,303,150.23,35,0,False
CB-1018,2025-05-19,144.0,159,150.23,35,0,False
CB-1018,2025-05-26,147.0,12,150.23,35,0,False
CB-1018,2025-06-02,131.0,344,150.23,35,0,False
CB-1018,2025-06-09,125.0,219,150.23,35,0,False
CB-1018,2025-06-16,146.0,73,150.23,35,0,False
CB-1018,2025-06-23,127.0,0,150.23,35,1,False
CB-1018,2025-06-30,129.0,334,150.23,35,0,False
CB-1018,2025-07-07,119.0,215,150.23,35,0,False
CB-1018,2025-07-14,109.0,106,150.23,35,0,False
CB-1018,2025-07-21,112.0,457,150.23,35,0,False
CB-1018,2025-07-28,121.0,336,150.23,35,0,False
CB-1018,2025-08-04,110.0,226,150.23,35,0,False
CB-1018,2025-08-11,89.0,137,150.23,35,0,False
CB-1018,2025-08-18,99.0,501,150.23,35,0,False
CB-1018,2025-08-25,112.0,389,150.23,35,0,False
CB-1018,2025-09-01,95.0,294,150.23,35,0,False
CB-1018,2025-09-08,81.0,213,150.23,35,0,False
CB-1018,2025-09-15,109.0,567,150.23,35,0,False
CB-1018,2025-09-22,99.0,468,150.23,35,0,False
CB-1018,2025-09-29,93.0,375,150.23,35,0,False
CB-1018,2025-10-06,91.0,284,150.23,35,0,False
CB-1018,2025-10-13,103.0,181,150.23,35,0,False
CB-1018,2025-10-20,92.0,552,150.23,35,0,False
CB-1018,2025-10-27,107.0,445,150.23,35,0,False
CB-1018,2025-11-03,105.0,340,150.23,35,0,False
CB-1018,2025-11-10,105.0,235,150.23,35,0,False
CB-1018,2025-11-17,107.0,128,150.23,35,0,False
CB-1018,2025-11-24,107.0,484,150.23,35,0,False
CB-1018,2025-12-01,122.0,362,150.23,35,0,False
CB-1018,2025-12-08,108.0,254,150.23,35,0,False
CB-1018,2025-12-15,105.0,149,150.23,35,0,False
CB-1018,2025-12-22,130.0,481,150.23,35,0,False
CB-1019,2024-01-01,0.0,16,53.68,42,0,False
CB-1019,2024-01-08,0.0,16,53.68,42,0,False
CB-1019,2024-01-15,0.0,16,53.68,42,0,False
CB-1019,2024-01-22,0.0,16,53.68,42,0,False
CB-1019,2024-01-29,13.0,3,53.68,42,0,False
CB-1019,2024-02-05,0.0,3,53.68,42,0,False
CB-1019,2024-02-12,42.0,0,53.68,42,1,False
CB-1019,2024-02-19,0.0,37,53.68,42,0,False
CB-1019,2024-02-26,0.0,37,53.68,42,0,False
CB-1019,2024-03-04,0.0,37,53.68,42,0,False
CB-1019,2024-03-11,0.0,37,53.68,42,0,False
CB-1019,2024-03-18,0.0,37,53.68,42,0,False
CB-1019,2024-03-25,32.0,42,53.68,42,0,False
CB-1019,2024-04-01,52.0,0,53.68,42,1,False
CB-1019,2024-04-08,0.0,0,53.68,42,0,False
CB-1019,2024-04-15,0.0,0,53.68,42,0,False
CB-1019,2024-04-22,0.0,0,53.68,42,0,False
CB-1019,2024-04-29,0.0,0,53.68,42,0,False
CB-1019,2024-05-06,56.0,0,53.68,42,1,False
CB-1019,2024-05-13,0.0,37,53.68,42,0,False
CB-1019,2024-05-20,,37,53.68,42,0,False
CB-1019,2024-05-27,0.0,37,53.68,42,0,False
CB-1019,2024-06-03,0.0,37,53.68,42,0,False
CB-1019,2024-06-10,18.0,19,53.68,42,0,False
CB-1019,2024-06-17,32.0,24,53.68,42,0,False
CB-1019,2024-06-24,0.0,24,53.68,42,0,False
CB-1019,2024-07-01,0.0,24,53.68,42,0,False
CB-1019,2024-07-08,0.0,24,53.68,42,0,False
CB-1019,2024-07-15,0.0,24,53.68,42,0,False
CB-1019,2024-07-22,0.0,61,53.68,42,0,False
CB-1019,2024-07-29,50.0,49,53.68,42,0,False
CB-1019,2024-08-05,44.0,5,53.68,42,0,False
CB-1019,2024-08-12,0.0,5,53.68,42,0,False
CB-1019,2024-08-19,0.0,5,53.68,42,0,False
CB-1019,2024-08-26,0.0,5,53.68,42,0,False
CB-1019,2024-09-02,53.0,0,53.68,42,1,False
CB-1019,2024-09-09,0.0,37,53.68,42,0,False
CB-1019,2024-09-16,0.0,74,53.68,42,0,False
CB-1019,2024-09-23,0.0,74,53.68,42,0,False
CB-1019,2024-09-30,0.0,74,53.68,42,0,False
CB-1019,2024-10-07,0.0,74,53.68,42,0,False
CB-1019,2024-10-14,0.0,74,53.68,42,0,False
CB-1019,2024-10-21,0.0,74,53.68,42,0,False
CB-1019,2024-10-28,0.0,74,53.68,42,0,False
CB-1019,2024-11-04,0.0,74,53.68,42,0,False
CB-1019,2024-11-11,0.0,74,53.68,42,0,False
CB-1019,2024-11-18,0.0,74,53.68,42,0,False
CB-1019,2024-11-25,0.0,74,53.68,42,0,False
CB-1019,2024-12-02,17.0,57,53.68,42,0,False
CB-1019,2024-12-09,0.0,57,53.68,42,0,False
CB-1019,2024-12-16,0.0,57,53.68,42,0,False
CB-1019,2024-12-23,0.0,57,53.68,42,0,False
CB-1019,2024-12-30,32.0,25,53.68,42,0,False
CB-1019,2025-01-06,0.0,25,53.68,42,0,False
CB-1019,2025-01-13,0.0,62,53.68,42,0,False
CB-1019,2025-01-20,37.0,25,53.68,42,0,False
CB-1019,2025-01-27,0.0,25,53.68,42,0,False
CB-1019,2025-02-03,0.0,25,53.68,42,0,False
CB-1019,2025-02-10,0.0,63,53.68,42,0,False
CB-1019,2025-02-17,0.0,63,53.68,42,0,False
CB-1019,2025-02-24,0.0,63,53.68,42,0,False
CB-1019,2025-03-03,0.0,100,53.68,42,0,False
CB-1019,2025-03-10,0.0,100,53.68,42,0,False
CB-1019,2025-03-17,0.0,100,53.68,42,0,False
CB-1019,2025-03-24,0.0,100,53.68,42,0,False
CB-1019,2025-03-31,0.0,100,53.68,42,0,False
CB-1019,2025-04-07,0.0,100,53.68,42,0,False
CB-1019,2025-04-14,0.0,100,53.68,42,0,False
CB-1019,2025-04-21,0.0,100,53.68,42,0,False
CB-1019,2025-04-28,37.0,63,53.68,42,0,False
CB-1019,2025-05-05,46.0,17,53.68,42,0,False
CB-1019,2025-05-12,42.0,0,53.68,42,1,False
CB-1019,2025-05-19,33.0,0,53.68,42,1,False
CB-1019,2025-05-26,0.0,0,53.68,42,0,False
CB-1019,2025-06-02,0.0,0,53.68,42,0,False
CB-1019,2025-06-09,0.0,37,53.68,42,0,False
CB-1019,2025-06-16,0.0,74,53.68,42,0,False
CB-1019,2025-06-23,0.0,74,53.68,42,0,False
CB-1019,2025-06-30,50.0,24,53.68,42,0,False
CB-1019,2025-07-07,27.0,0,53.68,42,1,False
CB-1019,2025-07-14,0.0,0,53.68,42,0,False
CB-1019,2025-07-21,0.0,0,53.68,42,0,False
CB-1019,2025-07-28,0.0,0,53.68,42,0,False
CB-1019,2025-08-04,0.0,0,53.68,42,0,False
CB-1019,2025-08-11,0.0,37,53.68,42,0,False
CB-1019,2025-08-18,0.0,74,53.68,42,0,False
CB-1019,2025-08-25,0.0,74,53.68,42,0,False
CB-1019,2025-09-01,0.0,74,53.68,42,0,False
CB-1019,2025-09-08,14.0,60,53.68,42,0,False
CB-1019,2025-09-15,0.0,60,53.68,42,0,False
CB-1019,2025-09-22,0.0,60,53.68,42,0,False
CB-1019,2025-09-29,19.0,41,53.68,42,0,False
CB-1019,2025-10-06,52.0,0,53.68,42,1,False
CB-1019,2025-10-13,33.0,0,53.68,42,1,False
CB-1019,2025-10-20,0.0,37,53.68,42,0,False
CB-1019,2025-10-27,36.0,1,53.68,42,0,False
CB-1019,2025-11-03,0.0,1,53.68,42,0,False
CB-1019,2025-11-10,0.0,1,53.68,42,0,False
CB-1019,2025-11-17,0.0,38,53.68,42,0,False
CB-1019,2025-11-24,0.0,38,53.68,42,0,False
CB-1019,2025-12-01,46.0,0,53.68,42,1,False
CB-1019,2025-12-08,0.0,37,53.68,42,0,False
CB-1019,2025-12-15,27.0,10,53.68,42,0,False
CB-1019,2025-12-22,0.0,10,53.68,42,0,False
CB-1020,2024-01-01,47.0,83,27.31,21,0,False
CB-1020,2024-01-08,59.0,24,27.31,21,0,False
CB-1020,2024-01-15,34.0,0,27.31,21,1,False
CB-1020,2024-01-22,49.0,122,27.31,21,0,False
CB-1020,2024-01-29,39.0,83,27.31,21,0,False
CB-1020,2024-02-05,49.0,34,27.31,21,0,False
CB-1020,2024-02-12,69.0,137,27.31,21,0,False
CB-1020,2024-02-19,54.0,83,27.31,21,0,False
CB-1020,2024-02-26,18.0,65,27.31,21,0,False
CB-1020,2024-03-04,55.0,181,27.31,21,0,False
CB-1020,2024-03-11,69.0,112,27.31,21,0,False
CB-1020,2024-03-18,45.0,67,27.31,21,0,False
CB-1020,2024-03-25,66.0,1,27.31,21,0,False
CB-1020,2024-04-01,37.0,135,27.31,21,0,False
CB-1020,2024-04-08,24.0,111,27.31,21,0,False
CB-1020,2024-04-15,51.0,60,27.31,21,0,False
CB-1020,2024-04-22,19.0,212,27.31,21,0,False
CB-1020,2024-04-29,44.0,168,27.31,21,0,False
CB-1020,2024-05-06,69.0,99,27.31,21,0,False
CB-1020,2024-05-13,16.0,83,27.31,21,0,False
CB-1020,2024-05-20,26.0,57,27.31,21,0,False
CB-1020,2024-05-27,29.0,200,27.31,21,0,False
CB-1020,2024-06-03,44.0,156,27.31,21,0,False
CB-1020,2024-06-10,38.0,118,27.31,21,0,False
CB-1020,2024-06-17,63.0,55,27.31,21,0,False
CB-1020,2024-06-24,55.0,0,27.31,21,1,False
CB-1020,2024-07-01,47.0,124,27.31,21,0,False
CB-1020,2024-07-08,41.0,83,27.31,21,0,False
CB-1020,2024-07-15,43.0,40,27.31,21,0,False
CB-1020,2024-07-22,26.0,186,27.31,21,0,False
CB-1020,2024-07-29,47.0,139,27.31,21,0,False
CB-1020,2024-08-05,21.0,118,27.31,21,0,False
CB-1020,2024-08-12,44.0,74,27.31,21,0,False
CB-1020,2024-08-19,47.0,198,27.31,21,0,False
CB-1020,2024-08-26,35.0,163,27.31,21,0,False
CB-1020,2024-09-02,30.0,133,27.31,21,0,False
CB-1020,2024-09-09,36.0,97,27.31,21,0,False
CB-1020,2024-09-16,0.0,97,27.31,21,0,False
CB-1020,2024-09-23,35.0,233,27.31,21,0,False
CB-1020,2024-09-30,30.0,203,27.31,21,0,False
CB-1020,2024-10-07,31.0,172,27.31,21,0,False
CB-1020,2024-10-14,39.0,133,27.31,21,0,False
CB-1020,2024-10-21,31.0,102,27.31,21,0,False
CB-1020,2024-10-28,20.0,82,27.31,21,0,False
CB-1020,2024-11-04,32.0,221,27.31,21,0,False
CB-1020,2024-11-11,35.0,186,27.31,21,0,False
CB-1020,2024-11-18,37.0,149,27.31,21,0,False
CB-1020,2024-11-25,38.0,111,27.31,21,0,False
CB-1020,2024-12-02,51.0,60,27.31,21,0,False
CB-1020,2024-12-09,24.0,36,27.31,21,0,False
CB-1020,2024-12-16,43.0,165,27.31,21,0,False
CB-1020,2024-12-23,60.0,105,27.31,21,0,False
CB-1020,2024-12-30,17.0,88,27.31,21,0,False
CB-1020,2025-01-06,47.0,41,27.31,21,0,False
CB-1020,2025-01-13,36.0,176,27.31,21,0,False
CB-1020,2025-01-20,41.0,135,27.31,21,0,False
CB-1020,2025-01-27,33.0,102,27.31,21,0,False
CB-1020,2025-02-03,47.0,55,27.31,21,0,False
CB-1020,2025-02-10,83.0,143,27.31,21,0,False
CB-1020,2025-02-17,29.0,114,27.31,21,0,False
CB-1020,2025-02-24,31.0,83,27.31,21,0,False
CB-1020,2025-03-03,29.0,225,27.31,21,0,False
CB-1020,2025-03-10,87.0,138,27.31,21,0,False
CB-1020,2025-03-17,46.0,92,27.31,21,0,False
CB-1020,2025-03-24,54.0,38,27.31,21,0,False
CB-1020,2025-03-31,47.0,163,27.31,21,0,False
CB-1020,2025-04-07,37.0,126,27.31,21,0,False
CB-1020,2025-04-14,50.0,76,27.31,21,0,False
CB-1020,2025-04-21,102.0,0,27.31,21,1,False
CB-1020,2025-04-28,81.0,90,27.31,21,0,False
CB-1020,2025-05-05,38.0,52,27.31,21,0,False
CB-1020,2025-05-12,65.0,0,27.31,21,1,False
CB-1020,2025-05-19,37.0,134,27.31,21,0,False
CB-1020,2025-05-26,19.0,115,27.31,21,0,False
CB-1020,2025-06-02,68.0,47,27.31,21,0,False
CB-1020,2025-06-09,69.0,150,27.31,21,0,False
CB-1020,2025-06-16,65.0,85,27.31,21,0,False
CB-1020,2025-06-23,39.0,46,27.31,21,0,False
CB-1020,2025-06-30,43.0,3,27.31,21,0,False
CB-1020,2025-07-07,56.0,118,27.31,21,0,False
CB-1020,2025-07-14,49.0,69,27.31,21,0,False
CB-1020,2025-07-21,36.0,33,27.31,21,0,False
CB-1020,2025-07-28,18.0,186,27.31,21,0,False
CB-1020,2025-08-04,41.0,145,27.31,21,0,False
CB-1020,2025-08-11,53.0,92,27.31,21,0,False
CB-1020,2025-08-18,22.0,70,27.31,21,0,False
CB-1020,2025-08-25,45.0,25,27.31,21,0,False
CB-1020,2025-09-01,40.0,156,27.31,21,0,False
CB-1020,2025-09-08,45.0,111,27.31,21,0,False
CB-1020,2025-09-15,46.0,65,27.31,21,0,False
CB-1020,2025-09-22,26.0,39,27.31,21,0,False
CB-1020,2025-09-29,15.0,196,27.31,21,0,False
CB-1020,2025-10-06,29.0,167,27.31,21,0,False
CB-1020,2025-10-13,46.0,121,27.31,21,0,False
CB-1020,2025-10-20,29.0,92,27.31,21,0,False
CB-1020,2025-10-27,28.0,64,27.31,21,0,False
CB-1020,2025-11-03,14.0,221,27.31,21,0,False
CB-1020,2025-11-10,62.0,159,27.31,21,0,False
CB-1020,2025-11-17,51.0,108,27.31,21,0,False
CB-1020,2025-11-24,52.0,56,27.31,21,0,False
CB-1020,2025-12-01,56.0,0,27.31,21,1,False
CB-1020,2025-12-08,52.0,119,27.31,21,0,False
CB-1020,2025-12-15,41.0,78,27.31,21,0,False
CB-1020,2025-12-22,44.0,34,27.31,21,0,False
CB-1021,2024-01-01,73.0,153,142.18,35,0,False
CB-1021,2024-01-08,69.0,84,142.18,35,0,False
CB-1021,2024-01-15,77.0,7,142.18,35,0,False
CB-1021,2024-01-22,70.0,0,142.18,35,1,False
CB-1021,2024-01-29,88.0,0,142.18,35,1,False
CB-1021,2024-02-05,76.0,239,142.18,35,0,False
CB-1021,2024-02-12,86.0,469,142.18,35,0,False
CB-1021,2024-02-19,91.0,378,142.18,35,0,False
CB-1021,2024-02-26,88.0,290,142.18,35,0,False
CB-1021,2024-03-04,88.0,202,142.18,35,0,False
CB-1021,2024-03-11,88.0,114,142.18,35,0,False
CB-1021,2024-03-18,89.0,25,142.18,35,0,False
CB-1021,2024-03-25,86.0,254,142.18,35,0,False
CB-1021,2024-04-01,87.0,167,142.18,35,0,False
CB-1021,2024-04-08,101.0,66,142.18,35,0,False
CB-1021,2024-04-15,89.0,0,142.18,35,1,False
CB-1021,2024-04-22,84.0,231,142.18,35,0,False
CB-1021,2024-04-29,85.0,146,142.18,35,0,False
CB-1021,2024-05-06,96.0,50,142.18,35,0,False
CB-1021,2024-05-13,91.0,275,142.18,35,0,False
CB-1021,2024-05-20,89.0,186,142.18,35,0,False
CB-1021,2024-05-27,82.0,104,142.18,35,0,False
CB-1021,2024-06-03,86.0,18,142.18,35,0,False
CB-1021,2024-06-10,76.0,257,142.18,35,0,False
CB-1021,2024-06-17,77.0,180,142.18,35,0,False
CB-1021,2024-06-24,82.0,98,142.18,35,0,False
CB-1021,2024-07-01,79.0,19,142.18,35,0,False
CB-1021,2024-07-08,67.0,268,142.18,35,0,False
CB-1021,2024-07-15,65.0,203,142.18,35,0,False
CB-1021,2024-07-22,69.0,134,142.18,35,0,False
CB-1021,2024-07-29,75.0,59,142.18,35,0,False
CB-1021,2024-08-05,55.0,319,142.18,35,0,False
CB-1021,2024-08-12,64.0,255,142.18,35,0,False
CB-1021,2024-08-19,55.0,200,142.18,35,0,False
CB-1021,2024-08-26,57.0,143,142.18,35,0,False
CB-1021,2024-09-02,57.0,402,142.18,35,0,False
CB-1021,2024-09-09,56.0,346,142.18,35,0,False
CB-1021,2024-09-16,55.0,291,142.18,35,0,False
CB-1021,2024-09-23,57.0,234,142.18,35,0,False
CB-1021,2024-09-30,55.0,179,142.18,35,0,False
CB-1021,2024-10-07,51.0,443,142.18,35,0,False
CB-1021,2024-10-14,62.0,381,142.18,35,0,False
CB-1021,2024-10-21,63.0,318,142.18,35,0,False
CB-1021,2024-10-28,64.0,254,142.18,35,0,False
CB-1021,2024-11-04,54.0,200,142.18,35,0,False
CB-1021,2024-11-11,65.0,135,142.18,35,0,False
CB-1021,2024-11-18,68.0,383,142.18,35,0,False
CB-1021,2024-11-25,61.0,322,142.18,35,0,False
CB-1021,2024-12-02,69.0,253,142.18,35,0,False
CB-1021,2024-12-09,71.0,182,142.18,35,0,False
CB-1021,2024-12-16,85.0,97,142.18,35,0,False
CB-1021,2024-12-23,88.0,324,142.18,35,0,False
CB-1021,2024-12-30,68.0,256,142.18,35,0,False
CB-1021,2025-01-06,98.0,158,142.18,35,0,False
CB-1021,2025-01-13,78.0,80,142.18,35,0,False
CB-1021,2025-01-20,93.0,0,142.18,35,1,False
CB-1021,2025-01-27,96.0,219,142.18,35,0,False
CB-1021,2025-02-03,84.0,135,142.18,35,0,False
CB-1021,2025-02-10,97.0,38,142.18,35,0,False
CB-1021,2025-02-17,94.0,260,142.18,35,0,False
CB-1021,2025-02-24,101.0,159,142.18,35,0,False
CB-1021,2025-03-03,100.0,59,142.18,35,0,False
CB-1021,2025-03-10,109.0,0,142.18,35,1,False
CB-1021,2025-03-17,101.0,214,142.18,35,0,False
CB-1021,2025-03-24,100.0,114,142.18,35,0,False
CB-1021,2025-03-31,110.0,4,142.18,35,0,False
CB-1021,2025-04-07,106.0,214,142.18,35,0,False
CB-1021,2025-04-14,107.0,107,142.18,35,0,False
CB-1021,2025-04-21,95.0,12,142.18,35,0,False
CB-1021,2025-04-28,92.0,0,142.18,35,1,False
CB-1021,2025-05-05,94.0,221,142.18,35,0,False
CB-1021,2025-05-12,93.0,128,142.18,35,0,False
CB-1021,2025-05-19,102.0,26,142.18,35,0,False
CB-1021,2025-05-26,102.0,240,142.18,35,0,False
CB-1021,2025-06-02,91.0,149,142.18,35,0,False
CB-1021,2025-06-09,100.0,49,142.18,35,0,False
CB-1021,2025-06-16,98.0,0,142.18,35,1,False
CB-1021,2025-06-23,87.0,228,142.18,35,0,False
CB-1021,2025-06-30,78.0,150,142.18,35,0,False
CB-1021,2025-07-07,91.0,59,142.18,35,0,False
CB-1021,2025-07-14,78.0,297,142.18,35,0,False
CB-1021,2025-07-21,77.0,220,142.18,35,0,False
CB-1021,2025-07-28,72.0,148,142.18,35,0,False
CB-1021,2025-08-04,67.0,81,142.18,35,0,False
CB-1021,2025-08-11,62.0,334,142.18,35,0,False
CB-1021,2025-08-18,72.0,262,142.18,35,0,False
CB-1021,2025-08-25,63.0,199,142.18,35,0,False
CB-1021,2025-09-01,82.0,117,142.18,35,0,False
CB-1021,2025-09-08,60.0,373,142.18,35,0,False
CB-1021,2025-09-15,58.0,315,142.18,35,0,False
CB-1021,2025-09-22,67.0,248,142.18,35,0,False
CB-1021,2025-09-29,72.0,176,142.18,35,0,False
CB-1021,2025-10-06,65.0,111,142.18,35,0,False
CB-1021,2025-10-13,68.0,358,142.18,35,0,False
CB-1021,2025-10-20,56.0,302,142.18,35,0,False
CB-1021,2025-10-27,64.0,238,142.18,35,0,False
CB-1021,2025-11-03,63.0,175,142.18,35,0,False
CB-1021,2025-11-10,60.0,115,142.18,35,0,False
CB-1021,2025-11-17,73.0,358,142.18,35,0,False
CB-1021,2025-11-24,61.0,297,142.18,35,0,False
CB-1021,2025-12-01,69.0,228,142.18,35,0,False
CB-1021,2025-12-08,76.0,152,142.18,35,0,False
CB-1021,2025-12-15,77.0,75,142.18,35,0,False
CB-1021,2025-12-22,88.0,302,142.18,35,0,False
CB-1022,2024-01-01,50.0,61,127.67,7,0,False
CB-1022,2024-01-08,57.0,183,127.67,7,0,False
CB-1022,2024-01-15,42.0,141,127.67,7,0,False
CB-1022,2024-01-22,48.0,93,127.67,7,0,False
CB-1022,2024-01-29,52.0,41,127.67,7,0,False
CB-1022,2024-02-05,48.0,172,127.67,7,0,False
CB-1022,2024-02-12,40.0,132,127.67,7,0,False
CB-1022,2024-02-19,42.0,90,127.67,7,0,False
CB-1022,2024-02-26,35.0,55,127.67,7,0,False
CB-1022,2024-03-04,57.0,176,127.67,7,0,False
CB-1022,2024-03-11,48.0,128,127.67,7,0,False
CB-1022,2024-03-18,39.0,89,127.67,7,0,False
CB-1022,2024-03-25,39.0,50,127.67,7,0,False
CB-1022,2024-04-01,29.0,200,127.67,7,0,False
CB-1022,2024-04-08,68.0,132,127.67,7,0,False
CB-1022,2024-04-15,52.0,80,127.67,7,0,False
CB-1022,2024-04-22,35.0,45,127.67,7,0,False
CB-1022,2024-04-29,64.0,160,127.67,7,0,False
CB-1022,2024-05-06,40.0,120,127.67,7,0,False
CB-1022,2024-05-13,25.0,95,127.67,7,0,False
CB-1022,2024-05-20,66.0,29,127.67,7,0,False
CB-1022,2024-05-27,39.0,168,127.67,7,0,False
CB-1022,2024-06-03,40.0,128,127.67,7,0,False
CB-1022,2024-06-10,46.0,82,127.67,7,0,False
CB-1022,2024-06-17,62.0,20,127.67,7,0,False
CB-1022,2024-06-24,43.0,156,127.67,7,0,False
CB-1022,2024-07-01,24.0,132,127.67,7,0,False
CB-1022,2024-07-08,49.0,83,127.67,7,0,False
CB-1022,2024-07-15,33.0,50,127.67,7,0,False
CB-1022,2024-07-22,64.0,164,127.67,7,0,False
CB-1022,2024-07-29,37.0,127,127.67,7,0,False
CB-1022,2024-08-05,8.0,119,127.67,7,0,False
CB-1022,2024-08-12,40.0,79,127.67,7,0,False
CB-1022,2024-08-19,58.0,21,127.67,7,0,False
CB-1022,2024-08-26,53.0,147,127.67,7,0,False
CB-1022,2024-09-02,55.0,92,127.67,7,0,False
CB-1022,2024-09-09,21.0,71,127.67,7,0,False
CB-1022,2024-09-16,43.0,28,127.67,7,0,False
CB-1022,2024-09-23,24.0,183,127.67,7,0,False
CB-1022,2024-09-30,35.0,148,127.67,7,0,False
CB-1022,2024-10-07,18.0,130,127.67,7,0,False
CB-1022,2024-10-14,26.0,104,127.67,7,0,False
CB-1022,2024-10-21,26.0,78,127.67,7,0,False
CB-1022,2024-10-28,45.0,33,127.67,7,0,False
CB-1022,2024-11-04,45.0,166,127.67,7,0,False
CB-1022,2024-11-11,39.0,127,127.67,7,0,False
CB-1022,2024-11-18,19.0,108,127.67,7,0,False
CB-1022,2024-11-25,34.0,74,127.67,7,0,False
CB-1022,2024-12-02,29.0,45,127.67,7,0,False
CB-1022,2024-12-09,53.0,171,127.67,7,0,False
CB-1022,2024-12-16,59.0,112,127.67,7,0,False
CB-1022,2024-12-23,59.0,53,127.67,7,0,False
CB-1022,2024-12-30,33.0,198,127.67,7,0,False
CB-1022,2025-01-06,2.0,196,127.67,7,0,False
CB-1022,2025-01-13,18.0,178,127.67,7,0,False
CB-1022,2025-01-20,73.0,105,127.67,7,0,False
CB-1022,2025-01-27,43.0,62,127.67,7,0,False
CB-1022,2025-02-03,38.0,24,127.67,7,0,False
CB-1022,2025-02-10,83.0,120,127.67,7,0,False
CB-1022,2025-02-17,78.0,42,127.67,7,0,False
CB-1022,2025-02-24,55.0,166,127.67,7,0,False
CB-1022,2025-03-03,50.0,116,127.67,7,0,False
CB-1022,2025-03-10,54.0,62,127.67,7,0,False
CB-1022,2025-03-17,61.0,1,127.67,7,0,False
CB-1022,2025-03-24,89.0,90,127.67,7,0,False
CB-1022,2025-03-31,66.0,24,127.67,7,0,False
CB-1022,2025-04-07,72.0,131,127.67,7,0,False
CB-1022,2025-04-14,81.0,50,127.67,7,0,False
CB-1022,2025-04-21,34.0,195,127.67,7,0,False
CB-1022,2025-04-28,71.0,124,127.67,7,0,False
CB-1022,2025-05-05,50.0,74,127.67,7,0,False
CB-1022,2025-05-12,7.0,67,127.67,7,0,False
CB-1022,2025-05-19,14.0,53,127.67,7,0,False
CB-1022,2025-05-26,34.0,197,127.67,7,0,False
CB-1022,2025-06-02,62.0,135,127.67,7,0,False
CB-1022,2025-06-09,53.0,82,127.67,7,0,False
CB-1022,2025-06-16,53.0,29,127.67,7,0,False
CB-1022,2025-06-23,82.0,126,127.67,7,0,False
CB-1022,2025-06-30,26.0,100,127.67,7,0,False
CB-1022,2025-07-07,45.0,55,127.67,7,0,False
CB-1022,2025-07-14,49.0,184,127.67,7,0,False
CB-1022,2025-07-21,32.0,152,127.67,7,0,False
CB-1022,2025-07-28,42.0,110,127.67,7,0,False
CB-1022,2025-08-04,18.0,92,127.67,7,0,False
CB-1022,2025-08-11,59.0,33,127.67,7,0,False
CB-1022,2025-08-18,30.0,182,127.67,7,0,False
CB-1022,2025-08-25,65.0,117,127.67,7,0,False
CB-1022,2025-09-01,37.0,80,127.67,7,0,False
CB-1022,2025-09-08,50.0,30,127.67,7,0,False
CB-1022,2025-09-15,36.0,173,127.67,7,0,False
CB-1022,2025-09-22,36.0,137,127.67,7,0,False
CB-1022,2025-09-29,29.0,108,127.67,7,0,False
CB-1022,2025-10-06,38.0,70,127.67,7,0,False
CB-1022,2025-10-13,41.0,29,127.67,7,0,False
CB-1022,2025-10-20,27.0,180,127.67,7,0,False
CB-1022,2025-10-27,36.0,144,127.67,7,0,False
CB-1022,2025-11-03,31.0,113,127.67,7,0,False
CB-1022,2025-11-10,72.0,41,127.67,7,0,False
CB-1022,2025-11-17,40.0,180,127.67,7,0,False
CB-1022,2025-11-24,65.0,115,127.67,7,0,False
CB-1022,2025-12-01,41.0,74,127.67,7,0,False
CB-1022,2025-12-08,49.0,25,127.67,7,0,False
CB-1022,2025-12-15,25.0,178,127.67,7,0,False
CB-1022,2025-12-22,41.0,137,127.67,7,0,False
CB-1023,2024-01-01,0.0,4,103.45,28,0,False
CB-1023,2024-01-08,0.0,4,103.45,28,0,False
CB-1023,2024-01-15,0.0,4,103.45,28,0,False
CB-1023,2024-01-22,0.0,4,103.45,28,0,False
CB-1023,2024-01-29,0.0,36,103.45,28,0,False
CB-1023,2024-02-05,0.0,69,103.45,28,0,False
CB-1023,2024-02-12,0.0,69,103.45,28,0,False
CB-1023,2024-02-19,0.0,69,103.45,28,0,False
CB-1023,2024-02-26,45.0,24,103.45,28,0,False
CB-1023,2024-03-04,0.0,24,103.45,28,0,False
CB-1023,2024-03-11,58.0,0,103.45,28,1,False
CB-1023,2024-03-18,0.0,0,103.45,28,0,False
CB-1023,2024-03-25,0.0,33,103.45,28,0,False
CB-1023,2024-04-01,0.0,33,103.45,28,0,False
CB-1023,2024-04-08,0.0,65,103.45,28,0,False
CB-1023,2024-04-15,0.0,65,103.45,28,0,False
CB-1023,2024-04-22,0.0,65,103.45,28,0,False
CB-1023,2024-04-29,0.0,65,103.45,28,0,False
CB-1023,2024-05-06,0.0,65,103.45,28,0,False
CB-1023,2024-05-13,0.0,65,103.45,28,0,False
CB-1023,2024-05-20,41.0,24,103.45,28,0,False
CB-1023,2024-05-27,0.0,24,103.45,28,0,False
CB-1023,2024-06-03,0.0,24,103.45,28,0,False
CB-1023,2024-06-10,0.0,24,103.45,28,0,False
CB-1023,2024-06-17,0.0,57,103.45,28,0,False
CB-1023,2024-06-24,0.0,57,103.45,28,0,False
CB-1023,2024-07-01,0.0,57,103.45,28,0,False
CB-1023,2024-07-08,0.0,57,103.45,28,0,False
CB-1023,2024-07-15,0.0,57,103.45,28,0,False
CB-1023,2024-07-22,0.0,57,103.45,28,0,False
CB-1023,2024-07-29,0.0,57,103.45,28,0,False
CB-1023,2024-08-05,0.0,57,103.45,28,0,False
CB-1023,2024-08-12,0.0,57,103.45,28,0,False
CB-1023,2024-08-19,10.0,47,103.45,28,0,False
CB-1023,2024-08-26,0.0,47,103.45,28,0,False
CB-1023,2024-09-02,0.0,47,103.45,28,0,False
CB-1023,2024-09-09,57.0,0,103.45,28,1,False
CB-1023,2024-09-16,0.0,33,103.45,28,0,False
CB-1023,2024-09-23,0.0,33,103.45,28,0,False
CB-1023,2024-09-30,0.0,33,103.45,28,0,False
CB-1023,2024-10-07,0.0,65,103.45,28,0,False
CB-1023,2024-10-14,0.0,65,103.45,28,0,False
CB-1023,2024-10-21,0.0,65,103.45,28,0,False
CB-1023,2024-10-28,0.0,65,103.45,28,0,False
CB-1023,2024-11-04,57.0,8,103.45,28,0,False
CB-1023,2024-11-11,0.0,8,103.45,28,0,False
CB-1023,2024-11-18,0.0,8,103.45,28,0,False
CB-1023,2024-11-25,0.0,8,103.45,28,0,False
CB-1023,2024-12-02,0.0,41,103.45,28,0,False
CB-1023,2024-12-09,0.0,73,103.45,28,0,False
CB-1023,2024-12-16,0.0,73,103.45,28,0,False
CB-1023,2024-12-23,42.0,31,103.45,28,0,False
CB-1023,2024-12-30,0.0,31,103.45,28,0,False
CB-1023,2025-01-06,0.0,31,103.45,28,0,False
CB-1023,2025-01-13,23.0,8,103.45,28,0,False
CB-1023,2025-01-20,0.0,41,103.45,28,0,False
CB-1023,2025-01-27,0.0,41,103.45,28,0,False
CB-1023,2025-02-03,16.0,25,103.45,28,0,False
CB-1023,2025-02-10,0.0,57,103.45,28,0,False
CB-1023,2025-02-17,43.0,14,103.45,28,0,False
CB-1023,2025-02-24,0.0,14,103.45,28,0,False
CB-1023,2025-03-03,0.0,14,103.45,28,0,False
CB-1023,2025-03-10,0.0,14,103.45,28,0,False
CB-1023,2025-03-17,7.0,40,103.45,28,0,False
CB-1023,2025-03-24,0.0,73,103.45,28,0,False
CB-1023,2025-03-31,0.0,73,103.45,28,0,False
CB-1023,2025-04-07,0.0,73,103.45,28,0,False
CB-1023,2025-04-14,48.0,25,103.45,28,0,False
CB-1023,2025-04-21,0.0,25,103.45,28,0,False
CB-1023,2025-04-28,0.0,25,103.45,28,0,False
CB-1023,2025-05-05,60.0,0,103.45,28,1,False
CB-1023,2025-05-12,50.0,0,103.45,28,1,False
CB-1023,2025-05-19,0.0,0,103.45,28,0,False
CB-1023,2025-05-26,0.0,0,103.45,28,0,False
CB-1023,2025-06-02,0.0,33,103.45,28,0,False
CB-1023,2025-06-09,0.0,65,103.45,28,0,False
CB-1023,2025-06-16,5.0,60,103.45,28,0,False
CB-1023,2025-06-23,0.0,60,103.45,28,0,False
CB-1023,2025-06-30,0.0,60,103.45,28,0,False
CB-1023,2025-07-07,15.0,45,103.45,28,0,False
CB-1023,2025-07-14,0.0,45,103.45,28,0,False
CB-1023,2025-07-21,8.0,37,103.45,28,0,False
CB-1023,2025-07-28,0.0,37,103.45,28,0,False
CB-1023,2025-08-04,0.0,70,103.45,28,0,False
CB-1023,2025-08-11,0.0,70,103.45,28,0,False
CB-1023,2025-08-18,0.0,70,103.45,28,0,False
CB-1023,2025-08-25,44.0,26,103.45,28,0,False
CB-1023,2025-09-01,0.0,26,103.45,28,0,False
CB-1023,2025-09-08,0.0,26,103.45,28,0,False
CB-1023,2025-09-15,15.0,11,103.45,28,0,False
CB-1023,2025-09-22,38.0,5,103.45,28,0,False
CB-1023,2025-09-29,0.0,5,103.45,28,0,False
CB-1023,2025-10-06,0.0,5,103.45,28,0,False
CB-1023,2025-10-13,0.0,38,103.45,28,0,False
CB-1023,2025-10-20,0.0,70,103.45,28,0,False
CB-1023,2025-10-27,0.0,70,103.45,28,0,False
CB-1023,2025-11-03,53.0,17,103.45,28,0,False
CB-1023,2025-11-10,0.0,17,103.45,28,0,False
CB-1023,2025-11-17,33.0,0,103.45,28,1,False
CB-1023,2025-11-24,0.0,0,103.45,28,0,False
CB-1023,2025-12-01,0.0,33,103.45,28,0,False
CB-1023,2025-12-08,0.0,33,103.45,28,0,False
CB-1023,2025-12-15,8.0,57,103.45,28,0,False
CB-1023,2025-12-22,45.0,12,103.45,28,0,False
CB-1024,2024-01-01,55.0,116,22.83,21,0,False
CB-1024,2024-01-08,50.0,66,22.83,21,0,False
CB-1024,2024-01-15,54.0,12,22.83,21,0,False
CB-1024,2024-01-22,53.0,192,22.83,21,0,False
CB-1024,2024-01-29,52.0,140,22.83,21,0,False
CB-1024,2024-02-05,61.0,79,22.83,21,0,False
CB-1024,2024-02-12,62.0,17,22.83,21,0,False
CB-1024,2024-02-19,66.0,184,22.83,21,0,False
CB-1024,2024-02-26,66.0,118,22.83,21,0,False
CB-1024,2024-03-04,66.0,52,22.83,21,0,False
CB-1024,2024-03-11,68.0,0,22.83,21,1,False
CB-1024,2024-03-18,65.0,168,22.83,21,0,False
CB-1024,2024-03-25,68.0,100,22.83,21,0,False
CB-1024,2024-04-01,63.0,37,22.83,21,0,False
CB-1024,2024-04-08,68.0,202,22.83,21,0,False
CB-1024,2024-04-15,70.0,132,22.83,21,0,False
CB-1024,2024-04-22,62.0,70,22.83,21,0,False
CB-1024,2024-04-29,66.0,4,22.83,21,0,False
CB-1024,2024-05-06,62.0,175,22.83,21,0,False
CB-1024,2024-05-13,61.0,114,22.83,21,0,False
CB-1024,2024-05-20,57.0,57,22.83,21,0,False
CB-1024,2024-05-27,68.0,221,22.83,21,0,False
CB-1024,2024-06-03,66.0,155,22.83,21,0,False
CB-1024,2024-06-10,62.0,93,22.83,21,0,False
CB-1024,2024-06-17,67.0,26,22.83,21,0,False
CB-1024,2024-06-24,55.0,204,22.83,21,0,False
CB-1024,2024-07-01,68.0,136,22.83,21,0,False
CB-1024,2024-07-08,52.0,84,22.83,21,0,False
CB-1024,2024-07-15,53.0,31,22.83,21,0,False
CB-1024,2024-07-22,49.0,215,22.83,21,0,False
CB-1024,2024-07-29,50.0,165,22.83,21,0,False
CB-1024,2024-08-05,51.0,114,22.83,21,0,False
CB-1024,2024-08-12,46.0,68,22.83,21,0,False
CB-1024,2024-08-19,52.0,249,22.83,21,0,False
CB-1024,2024-08-26,45.0,204,22.83,21,0,False
CB-1024,2024-09-02,45.0,159,22.83,21,0,False
CB-1024,2024-09-09,40.0,119,22.83,21,0,False
CB-1024,2024-09-16,44.0,75,22.83,21,0,False
CB-1024,2024-09-23,42.0,266,22.83,21,0,False
CB-1024,2024-09-30,40.0,226,22.83,21,0,False
CB-1024,2024-10-07,40.0,186,22.83,21,0,False
CB-1024,2024-10-14,52.0,134,22.83,21,0,False
CB-1024,2024-10-21,43.0,91,22.83,21,0,False
CB-1024,2024-10-28,39.0,52,22.83,21,0,False
CB-1024,2024-11-04,43.0,242,22.83,21,0,False
CB-1024,2024-11-11,46.0,196,22.83,21,0,False
CB-1024,2024-11-18,50.0,146,22.83,21,0,False
CB-1024,2024-11-25,52.0,94,22.83,21,0,False
CB-1024,2024-12-02,54.0,40,22.83,21,0,False
CB-1024,2024-12-09,50.0,222,22.83,21,0,False
CB-1024,2024-12-16,56.0,166,22.83,21,0,False
CB-1024,2024-12-23,52.0,114,22.83,21,0,False
CB-1024,2024-12-30,55.0,59,22.83,21,0,False
CB-1024,2025-01-06,56.0,236,22.83,21,0,False
CB-1024,2025-01-13,56.0,180,22.83,21,0,False
CB-1024,2025-01-20,69.0,111,22.83,21,0,False
CB-1024,2025-01-27,69.0,42,22.83,21,0,False
CB-1024,2025-02-03,72.0,203,22.83,21,0,False
CB-1024,2025-02-10,69.0,134,22.83,21,0,False
CB-1024,2025-02-17,74.0,60,22.83,21,0,False
CB-1024,2025-02-24,61.0,0,22.83,21,1,False
CB-1024,2025-03-03,77.0,156,22.83,21,0,False
CB-1024,2025-03-10,74.0,82,22.83,21,0,False
CB-1024,2025-03-17,78.0,4,22.83,21,0,False
CB-1024,2025-03-24,77.0,160,22.83,21,0,False
CB-1024,2025-03-31,69.0,91,22.83,21,0,False
CB-1024,2025-04-07,66.0,25,22.83,21,0,False
CB-1024,2025-04-14,70.0,188,22.83,21,0,False
CB-1024,2025-04-21,78.0,110,22.83,21,0,False
CB-1024,2025-04-28,78.0,32,22.83,21,0,False
CB-1024,2025-05-05,65.0,0,22.83,21,1,False
CB-1024,2025-05-12,66.0,167,22.83,21,0,False
CB-1024,2025-05-19,67.0,100,22.83,21,0,False
CB-1024,2025-05-26,68.0,32,22.83,21,0,False
CB-1024,2025-06-02,61.0,204,22.83,21,0,False
CB-1024,2025-06-09,59.0,145,22.83,21,0,False
CB-1024,2025-06-16,61.0,84,22.83,21,0,False
CB-1024,2025-06-23,64.0,20,22.83,21,0,False
CB-1024,2025-06-30,56.0,197,22.83,21,0,False
CB-1024,2025-07-07,59.0,138,22.83,21,0,False
CB-1024,2025-07-14,63.0,75,22.83,21,0,False
CB-1024,2025-07-21,51.0,24,22.83,21,0,False
CB-1024,2025-07-28,54.0,202,22.83,21,0,False
CB-1024,2025-08-04,58.0,144,22.83,21,0,False
CB-1024,2025-08-11,50.0,94,22.83,21,0,False
CB-1024,2025-08-18,48.0,46,22.83,21,0,False
CB-1024,2025-08-25,54.0,225,22.83,21,0,False
CB-1024,2025-09-01,48.0,177,22.83,21,0,False
CB-1024,2025-09-08,52.0,125,22.83,21,0,False
CB-1024,2025-09-15,49.0,76,22.83,21,0,False
CB-1024,2025-09-22,46.0,263,22.83,21,0,False
CB-1024,2025-09-29,49.0,214,22.83,21,0,False
CB-1024,2025-10-06,49.0,165,22.83,21,0,False
CB-1024,2025-10-13,52.0,113,22.83,21,0,False
CB-1024,2025-10-20,47.0,66,22.83,21,0,False
CB-1024,2025-10-27,50.0,249,22.83,21,0,False
CB-1024,2025-11-03,50.0,199,22.83,21,0,False
CB-1024,2025-11-10,55.0,144,22.83,21,0,False
CB-1024,2025-11-17,49.0,95,22.83,21,0,False
CB-1024,2025-11-24,60.0,35,22.83,21,0,False
CB-1024,2025-12-01,59.0,209,22.83,21,0,False
CB-1024,2025-12-08,53.0,156,22.83,21,0,False
CB-1024,2025-12-15,67.0,89,22.83,21,0,False
CB-1024,2025-12-22,74.0,15,22.83,21,0,False
CB-1025,2024-01-01,80.0,141,102.83,28,0,False
CB-1025,2024-01-08,34.0,107,102.83,28,0,False
CB-1025,2024-01-15,29.0,78,102.83,28,0,False
CB-1025,2024-01-22,93.0,0,102.83,28,1,False
CB-1025,2024-01-29,70.0,285,102.83,28,0,False
CB-1025,2024-02-05,61.0,224,102.83,28,0,False
CB-1025,2024-02-12,90.0,134,102.83,28,0,False
CB-1025,2024-02-19,114.0,375,102.83,28,0,False
CB-1025,2024-02-26,47.0,328,102.83,28,0,False
CB-1025,2024-03-04,82.0,246,102.83,28,0,False
CB-1025,2024-03-11,151.0,95,102.83,28,0,False
CB-1025,2024-03-18,62.0,388,102.83,28,0,False
CB-1025,2024-03-25,131.0,257,102.83,28,0,False
CB-1025,2024-04-01,84.0,173,102.83,28,0,False
CB-1025,2024-04-08,120.0,53,102.83,28,0,False
CB-1025,2024-04-15,139.0,0,102.83,28,1,False
CB-1025,2024-04-22,126.0,229,102.83,28,0,False
CB-1025,2024-04-29,131.0,98,102.83,28,0,False
CB-1025,2024-05-06,59.0,39,102.83,28,0,False
CB-1025,2024-05-13,135.0,259,102.83,28,0,False
CB-1025,2024-05-20,67.0,192,102.83,28,0,False
CB-1025,2024-05-27,102.0,90,102.83,28,0,False
CB-1025,2024-06-03,100.0,0,102.83,28,1,False
CB-1025,2024-06-10,105.0,250,102.83,28,0,False
CB-1025,2024-06-17,98.0,152,102.83,28,0,False
CB-1025,2024-06-24,60.0,92,102.83,28,0,False
CB-1025,2024-07-01,44.0,403,102.83,28,0,False
CB-1025,2024-07-08,105.0,298,102.83,28,0,False
CB-1025,2024-07-15,84.0,214,102.83,28,0,False
CB-1025,2024-07-22,107.0,107,102.83,28,0,False
CB-1025,2024-07-29,73.0,34,102.83,28,0,False
CB-1025,2024-08-05,37.0,352,102.83,28,0,False
CB-1025,2024-08-12,94.0,258,102.83,28,0,False
CB-1025,2024-08-19,60.0,198,102.83,28,0,False
CB-1025,2024-08-26,75.0,123,102.83,28,0,False
CB-1025,2024-09-02,51.0,427,102.83,28,0,False
CB-1025,2024-09-09,103.0,324,102.83,28,0,False
CB-1025,2024-09-16,45.0,279,102.83,28,0,False
CB-1025,2024-09-23,57.0,222,102.83,28,0,False
CB-1025,2024-09-30,67.0,155,102.83,28,0,False
CB-1025,2024-10-07,40.0,470,102.83,28,0,False
CB-1025,2024-10-14,73.0,397,102.83,28,0,False
CB-1025,2024-10-21,103.0,294,102.83,28,0,False
CB-1025,2024-10-28,56.0,238,102.83,28,0,False
CB-1025,2024-11-04,78.0,160,102.83,28,0,False
CB-1025,2024-11-11,3.0,157,102.83,28,0,False
CB-1025,2024-11-18,72.0,440,102.83,28,0,False
CB-1025,2024-11-25,67.0,373,102.83,28,0,False
CB-1025,2024-12-02,55.0,318,102.83,28,0,False
CB-1025,2024-12-09,110.0,208,102.83,28,0,False
CB-1025,2024-12-16,73.0,135,102.83,28,0,False
CB-1025,2024-12-23,80.0,410,102.83,28,0,False
CB-1025,2024-12-30,76.0,334,102.83,28,0,False
CB-1025,2025-01-06,30.0,304,102.83,28,0,False
CB-1025,2025-01-13,57.0,247,102.83,28,0,False
CB-1025,2025-01-20,129.0,118,102.83,28,0,False
CB-1025,2025-01-27,26.0,447,102.83,28,0,False
CB-1025,2025-02-03,74.0,373,102.83,28,0,False
CB-1025,2025-02-10,90.0,283,102.83,28,0,False
CB-1025,2025-02-17,171.0,112,102.83,28,0,False
CB-1025,2025-02-24,137.0,0,102.83,28,1,False
CB-1025,2025-03-03,88.0,267,102.83,28,0,False
CB-1025,2025-03-10,162.0,105,102.83,28,0,False
CB-1025,2025-03-17,83.0,22,102.83,28,0,False
CB-1025,2025-03-24,153.0,224,102.83,28,0,False
CB-1025,2025-03-31,59.0,165,102.83,28,0,False
CB-1025,2025-04-07,156.0,9,102.83,28,0,False
CB-1025,2025-04-14,97.0,267,102.83,28,0,False
CB-1025,2025-04-21,72.0,195,102.83,28,0,False
CB-1025,2025-04-28,103.0,92,102.83,28,0,False
CB-1025,2025-05-05,121.0,326,102.83,28,0,False
CB-1025,2025-05-12,90.0,236,102.83,28,0,False
CB-1025,2025-05-19,128.0,108,102.83,28,0,False
CB-1025,2025-05-26,84.0,24,102.83,28,0,False
CB-1025,2025-06-02,,253,102.83,28,0,False
CB-1025,2025-06-09,116.0,137,102.83,28,0,False
CB-1025,2025-06-16,96.0,41,102.83,28,0,False
CB-1025,2025-06-23,81.0,315,102.83,28,0,False
CB-1025,2025-06-30,98.0,217,102.83,28,0,False
CB-1025,2025-07-07,108.0,109,102.83,28,0,False
CB-1025,2025-07-14,151.0,0,102.83,28,1,False
CB-1025,2025-07-21,114.0,241,102.83,28,0,False
CB-1025,2025-07-28,111.0,130,102.83,28,0,False
CB-1025,2025-08-04,168.0,0,102.83,28,1,False
CB-1025,2025-08-11,93.0,262,102.83,28,0,False
CB-1025,2025-08-18,90.0,172,102.83,28,0,False
CB-1025,2025-08-25,94.0,78,102.83,28,0,False
CB-1025,2025-09-01,48.0,385,102.83,28,0,False
CB-1025,2025-09-08,62.0,323,102.83,28,0,False
CB-1025,2025-09-15,59.0,264,102.83,28,0,False
CB-1025,2025-09-22,88.0,176,102.83,28,0,False
CB-1025,2025-09-29,67.0,464,102.83,28,0,False
CB-1025,2025-10-06,76.0,388,102.83,28,0,False
CB-1025,2025-10-13,100.0,288,102.83,28,0,False
CB-1025,2025-10-20,96.0,192,102.83,28,0,False
CB-1025,2025-10-27,71.0,121,102.83,28,0,False
CB-1025,2025-11-03,59.0,62,102.83,28,0,False
CB-1025,2025-11-10,110.0,307,102.83,28,0,False
CB-1025,2025-11-17,103.0,204,102.83,28,0,False
CB-1025,2025-11-24,37.0,167,102.83,28,0,False
CB-1025,2025-12-01,77.0,90,102.83,28,0,False
CB-1025,2025-12-08,94.0,351,102.83,28,0,False
CB-1025,2025-12-15,117.0,234,102.83,28,0,False
CB-1025,2025-12-22,125.0,109,102.83,28,0,False
CB-1026,2024-01-01,0.0,54,115.16,21,0,False
CB-1026,2024-01-08,0.0,54,115.16,21,0,False
CB-1026,2024-01-15,0.0,54,115.16,21,0,False
CB-1026,2024-01-22,33.0,21,115.16,21,0,False
CB-1026,2024-01-29,41.0,0,115.16,21,1,False
CB-1026,2024-02-05,33.0,0,115.16,21,1,False
CB-1026,2024-02-12,21.0,15,115.16,21,0,False
CB-1026,2024-02-19,39.0,13,115.16,21,0,False
CB-1026,2024-02-26,0.0,13,115.16,21,0,False
CB-1026,2024-03-04,52.0,0,115.16,21,1,False
CB-1026,2024-03-11,0.0,36,115.16,21,0,False
CB-1026,2024-03-18,0.0,36,115.16,21,0,False
CB-1026,2024-03-25,0.0,73,115.16,21,0,False
CB-1026,2024-04-01,0.0,73,115.16,21,0,False
CB-1026,2024-04-08,34.0,39,115.16,21,0,False
CB-1026,2024-04-15,53.0,0,115.16,21,1,False
CB-1026,2024-04-22,0.0,0,115.16,21,0,False
CB-1026,2024-04-29,0.0,36,115.16,21,0,False
CB-1026,2024-05-06,0.0,73,115.16,21,0,False
CB-1026,2024-05-13,0.0,73,115.16,21,0,False
CB-1026,2024-05-20,0.0,73,115.16,21,0,False
CB-1026,2024-05-27,9.0,64,115.16,21,0,False
CB-1026,2024-06-03,0.0,64,115.16,21,0,False
CB-1026,2024-06-10,23.0,41,115.16,21,0,False
CB-1026,2024-06-17,38.0,3,115.16,21,0,False
CB-1026,2024-06-24,15.0,0,115.16,21,1,False
CB-1026,2024-07-01,25.0,11,115.16,21,0,False
CB-1026,2024-07-08,0.0,48,115.16,21,0,False
CB-1026,2024-07-15,0.0,48,115.16,21,0,False
CB-1026,2024-07-22,0.0,48,115.16,21,0,False
CB-1026,2024-07-29,0.0,48,115.16,21,0,False
CB-1026,2024-08-05,50.0,0,115.16,21,1,False
CB-1026,2024-08-12,0.0,0,115.16,21,0,False
CB-1026,2024-08-19,0.0,0,115.16,21,0,False
CB-1026,2024-08-26,7.0,29,115.16,21,0,False
CB-1026,2024-09-02,0.0,66,115.16,21,0,False
CB-1026,2024-09-09,0.0,66,115.16,21,0,False
CB-1026,2024-09-16,0.0,66,115.16,21,0,False
CB-1026,2024-09-23,0.0,66,115.16,21,0,False
CB-1026,2024-09-30,49.0,17,115.16,21,0,False
CB-1026,2024-10-07,0.0,17,115.16,21,0,False
CB-1026,2024-10-14,0.0,17,115.16,21,0,False
CB-1026,2024-10-21,21.0,32,115.16,21,0,False
CB-1026,2024-10-28,0.0,32,115.16,21,0,False
CB-1026,2024-11-04,0.0,32,115.16,21,0,False
CB-1026,2024-11-11,0.0,69,115.16,21,0,False
CB-1026,2024-11-18,22.0,47,115.16,21,0,False
CB-1026,2024-11-25,0.0,47,115.16,21,0,False
CB-1026,2024-12-02,0.0,47,115.16,21,0,False
CB-1026,2024-12-09,0.0,47,115.16,21,0,False
CB-1026,2024-12-16,0.0,47,115.16,21,0,False
CB-1026,2024-12-23,0.0,47,115.16,21,0,False
CB-1026,2024-12-30,0.0,47,115.16,21,0,False
CB-1026,2025-01-06,0.0,47,115.16,21,0,False
CB-1026,2025-01-13,0.0,47,115.16,21,0,False
CB-1026,2025-01-20,0.0,47,115.16,21,0,False
CB-1026,2025-01-27,0.0,47,115.16,21,0,False
CB-1026,2025-02-03,0.0,47,115.16,21,0,False
CB-1026,2025-02-10,0.0,47,115.16,21,0,False
CB-1026,2025-02-17,0.0,47,115.16,21,0,False
CB-1026,2025-02-24,0.0,47,115.16,21,0,False
CB-1026,2025-03-03,0.0,47,115.16,21,0,False
CB-1026,2025-03-10,0.0,47,115.16,21,0,False
CB-1026,2025-03-17,0.0,47,115.16,21,0,False
CB-1026,2025-03-24,0.0,47,115.16,21,0,False
CB-1026,2025-03-31,0.0,47,115.16,21,0,False
CB-1026,2025-04-07,32.0,15,115.16,21,0,False
CB-1026,2025-04-14,0.0,15,115.16,21,0,False
CB-1026,2025-04-21,52.0,0,115.16,21,1,False
CB-1026,2025-04-28,0.0,36,115.16,21,0,False
CB-1026,2025-05-05,50.0,0,115.16,21,1,False
CB-1026,2025-05-12,0.0,36,115.16,21,0,False
CB-1026,2025-05-19,0.0,36,115.16,21,0,False
CB-1026,2025-05-26,0.0,73,115.16,21,0,False
CB-1026,2025-06-02,0.0,73,115.16,21,0,False
CB-1026,2025-06-09,0.0,73,115.16,21,0,False
CB-1026,2025-06-16,0.0,73,115.16,21,0,False
CB-1026,2025-06-23,40.0,33,115.16,21,0,False
CB-1026,2025-06-30,0.0,33,115.16,21,0,False
CB-1026,2025-07-07,0.0,33,115.16,21,0,False
CB-1026,2025-07-14,0.0,69,115.16,21,0,False
CB-1026,2025-07-21,0.0,69,115.16,21,0,False
CB-1026,2025-07-28,0.0,69,115.16,21,0,False
CB-1026,2025-08-04,58.0,11,115.16,21,0,False
CB-1026,2025-08-11,0.0,11,115.16,21,0,False
CB-1026,2025-08-18,0.0,11,115.16,21,0,False
CB-1026,2025-08-25,0.0,48,115.16,21,0,False
CB-1026,2025-09-01,0.0,48,115.16,21,0,False
CB-1026,2025-09-08,0.0,48,115.16,21,0,False
CB-1026,2025-09-15,0.0,48,115.16,21,0,False
CB-1026,2025-09-22,35.0,13,115.16,21,0,False
CB-1026,2025-09-29,0.0,13,115.16,21,0,False
CB-1026,2025-10-06,0.0,13,115.16,21,0,False
CB-1026,2025-10-13,0.0,49,115.16,21,0,False
CB-1026,2025-10-20,26.0,23,115.16,21,0,False
CB-1026,2025-10-27,0.0,23,115.16,21,0,False
CB-1026,2025-11-03,0.0,23,115.16,21,0,False
CB-1026,2025-11-10,13.0,47,115.16,21,0,False
CB-1026,2025-11-17,0.0,47,115.16,21,0,False
CB-1026,2025-11-24,0.0,47,115.16,21,0,False
CB-1026,2025-12-01,6.0,41,115.16,21,0,False
CB-1026,2025-12-08,0.0,41,115.16,21,0,False
CB-1026,2025-12-15,44.0,0,115.16,21,1,False
CB-1026,2025-12-22,0.0,36,115.16,21,0,False
CB-1027,2024-01-01,60.0,46,56.45,7,0,False
CB-1027,2024-01-08,38.0,263,56.45,7,0,False
CB-1027,2024-01-15,54.0,209,56.45,7,0,False
CB-1027,2024-01-22,77.0,132,56.45,7,0,False
CB-1027,2024-01-29,65.0,67,56.45,7,0,False
CB-1027,2024-02-05,32.0,289,56.45,7,0,False
CB-1027,2024-02-12,35.0,254,56.45,7,0,False
CB-1027,2024-02-19,35.0,219,56.45,7,0,False
CB-1027,2024-02-26,80.0,139,56.45,7,0,False
CB-1027,2024-03-04,119.0,20,56.45,7,0,False
CB-1027,2024-03-11,104.0,171,56.45,7,0,False
CB-1027,2024-03-18,24.0,147,56.45,7,0,False
CB-1027,2024-03-25,107.0,40,56.45,7,0,False
CB-1027,2024-04-01,95.0,199,56.45,7,0,False
CB-1027,2024-04-08,33.0,166,56.45,7,0,False
CB-1027,2024-04-15,64.0,102,56.45,7,0,False
CB-1027,2024-04-22,99.0,3,56.45,7,0,False
CB-1027,2024-04-29,84.0,174,56.45,7,0,False
CB-1027,2024-05-06,38.0,136,56.45,7,0,False
CB-1027,2024-05-13,84.0,52,56.45,7,0,False
CB-1027,2024-05-20,17.0,289,56.45,7,0,False
CB-1027,2024-05-27,62.0,227,56.45,7,0,False
CB-1027,2024-06-03,91.0,136,56.45,7,0,False
CB-1027,2024-06-10,64.0,72,56.45,7,0,False
CB-1027,2024-06-17,51.0,276,56.45,7,0,False
CB-1027,2024-06-24,80.0,196,56.45,7,0,False
CB-1027,2024-07-01,79.0,117,56.45,7,0,False
CB-1027,2024-07-08,84.0,33,56.45,7,0,False
CB-1027,2024-07-15,73.0,214,56.45,7,0,False
CB-1027,2024-07-22,75.0,139,56.45,7,0,False
CB-1027,2024-07-29,66.0,73,56.45,7,0,False
CB-1027,2024-08-05,56.0,272,56.45,7,0,False
CB-1027,2024-08-12,52.0,220,56.45,7,0,False
CB-1027,2024-08-19,45.0,175,56.45,7,0,False
CB-1027,2024-08-26,28.0,147,56.45,7,0,False
CB-1027,2024-09-02,31.0,116,56.45,7,0,False
CB-1027,2024-09-09,42.0,74,56.45,7,0,False
CB-1027,2024-09-16,50.0,278,56.45,7,0,False
CB-1027,2024-09-23,69.0,209,56.45,7,0,False
CB-1027,2024-09-30,45.0,164,56.45,7,0,False
CB-1027,2024-10-07,62.0,102,56.45,7,0,False
CB-1027,2024-10-14,64.0,38,56.45,7,0,False
CB-1027,2024-10-21,43.0,250,56.45,7,0,False
CB-1027,2024-10-28,58.0,192,56.45,7,0,False
CB-1027,2024-11-04,45.0,147,56.45,7,0,False
CB-1027,2024-11-11,73.0,74,56.45,7,0,False
CB-1027,2024-11-18,63.0,265,56.45,7,0,False
CB-1027,2024-11-25,31.0,234,56.45,7,0,False
CB-1027,2024-12-02,58.0,176,56.45,7,0,False
CB-1027,2024-12-09,90.0,86,56.45,7,0,False
CB-1027,2024-12-16,55.0,31,56.45,7,0,False
CB-1027,2024-12-23,70.0,216,56.45,7,0,False
CB-1027,2024-12-30,75.0,141,56.45,7,0,False
CB-1027,2025-01-06,41.0,100,56.45,7,0,False
CB-1027,2025-01-13,79.0,21,56.45,7,0,False
CB-1027,2025-01-20,35.0,240,56.45,7,0,False
CB-1027,2025-01-27,55.0,185,56.45,7,0,False
CB-1027,2025-02-03,100.0,85,56.45,7,0,False
CB-1027,2025-02-10,83.0,257,56.45,7,0,False
CB-1027,2025-02-17,68.0,189,56.45,7,0,False
CB-1027,2025-02-24,89.0,100,56.45,7,0,False
CB-1027,2025-03-03,77.0,23,56.45,7,0,False
CB-1027,2025-03-10,79.0,198,56.45,7,0,False
CB-1027,2025-03-17,98.0,100,56.45,7,0,False
CB-1027,2025-03-24,60.0,40,56.45,7,0,False
CB-1027,2025-03-31,82.0,213,56.45,7,0,False
CB-1027,2025-04-07,72.0,141,56.45,7,0,False
CB-1027,2025-04-14,36.0,105,56.45,7,0,False
CB-1027,2025-04-21,54.0,51,56.45,7,0,False
CB-1027,2025-04-28,123.0,182,56.45,7,0,False
CB-1027,2025-05-05,89.0,93,56.45,7,0,False
CB-1027,2025-05-12,42.0,51,56.45,7,0,False
CB-1027,2025-05-19,35.0,271,56.45,7,0,False
CB-1027,2025-05-26,72.0,199,56.45,7,0,False
CB-1027,2025-06-02,114.0,85,56.45,7,0,False
CB-1027,2025-06-09,67.0,272,56.45,7,0,False
CB-1027,2025-06-16,102.0,170,56.45,7,0,False
CB-1027,2025-06-23,77.0,93,56.45,7,0,False
CB-1027,2025-06-30,77.0,16,56.45,7,0,False
CB-1027,2025-07-07,34.0,237,56.45,7,0,False
CB-1027,2025-07-14,83.0,154,56.45,7,0,False
CB-1027,2025-07-21,54.0,100,56.45,7,0,False
CB-1027,2025-07-28,77.0,23,56.45,7,0,False
CB-1027,2025-08-04,41.0,236,56.45,7,0,False
CB-1027,2025-08-11,60.0,176,56.45,7,0,False
CB-1027,2025-08-18,61.0,115,56.45,7,0,False
CB-1027,2025-08-25,51.0,64,56.45,7,0,False
CB-1027,2025-09-01,60.0,259,56.45,7,0,False
CB-1027,2025-09-08,47.0,212,56.45,7,0,False
CB-1027,2025-09-15,40.0,172,56.45,7,0,False
CB-1027,2025-09-22,80.0,92,56.45,7,0,False
CB-1027,2025-09-29,70.0,22,56.45,7,0,False
CB-1027,2025-10-06,38.0,238,56.45,7,0,False
CB-1027,2025-10-13,62.0,176,56.45,7,0,False
CB-1027,2025-10-20,39.0,137,56.45,7,0,False
CB-1027,2025-10-27,31.0,106,56.45,7,0,False
CB-1027,2025-11-03,74.0,32,56.45,7,0,False
CB-1027,2025-11-10,23.0,264,56.45,7,0,False
CB-1027,2025-11-17,76.0,188,56.45,7,0,False
CB-1027,2025-11-24,54.0,134,56.45,7,0,False
CB-1027,2025-12-01,57.0,77,56.45,7,0,False
CB-1027,2025-12-08,72.0,259,56.45,7,0,False
CB-1027,2025-12-15,79.0,180,56.45,7,0,False
CB-1027,2025-12-22,48.0,132,56.45,7,0,False
CB-1028,2024-01-01,90.0,314,80.02,28,0,False
CB-1028,2024-01-08,102.0,212,80.02,28,0,False
CB-1028,2024-01-15,119.0,93,80.02,28,0,False
CB-1028,2024-01-22,125.0,0,80.02,28,1,False
CB-1028,2024-01-29,120.0,338,80.02,28,0,False
CB-1028,2024-02-05,105.0,233,80.02,28,0,False
CB-1028,2024-02-12,124.0,109,80.02,28,0,False
CB-1028,2024-02-19,130.0,437,80.02,28,0,False
CB-1028,2024-02-26,131.0,306,80.02,28,0,False
CB-1028,2024-03-04,133.0,173,80.02,28,0,False
CB-1028,2024-03-11,131.0,42,80.02,28,0,False
CB-1028,2024-03-18,128.0,373,80.02,28,0,False
CB-1028,2024-03-25,123.0,250,80.02,28,0,False
CB-1028,2024-04-01,110.0,140,80.02,28,0,False
CB-1028,2024-04-08,133.0,7,80.02,28,0,False
CB-1028,2024-04-15,131.0,334,80.02,28,0,False
CB-1028,2024-04-22,135.0,199,80.02,28,0,False
CB-1028,2024-04-29,114.0,85,80.02,28,0,False
CB-1028,2024-05-06,133.0,410,80.02,28,0,False
CB-1028,2024-05-13,145.0,265,80.02,28,0,False
CB-1028,2024-05-20,124.0,141,80.02,28,0,False
CB-1028,2024-05-27,120.0,21,80.02,28,0,False
CB-1028,2024-06-03,121.0,358,80.02,28,0,False
CB-1028,2024-06-10,134.0,224,80.02,28,0,False
CB-1028,2024-06-17,104.0,120,80.02,28,0,False
CB-1028,2024-06-24,112.0,8,80.02,28,0,False
CB-1028,2024-07-01,100.0,367,80.02,28,0,False
CB-1028,2024-07-08,99.0,268,80.02,28,0,False
CB-1028,2024-07-15,101.0,167,80.02,28,0,False
CB-1028,2024-07-22,109.0,516,80.02,28,0,False
CB-1028,2024-07-29,109.0,407,80.02,28,0,False
CB-1028,2024-08-05,96.0,311,80.02,28,0,False
CB-1028,2024-08-12,88.0,223,80.02,28,0,False
CB-1028,2024-08-19,106.0,117,80.02,28,0,False
CB-1028,2024-08-26,84.0,491,80.02,28,0,False
CB-1028,2024-09-02,81.0,410,80.02,28,0,False
CB-1028,2024-09-09,72.0,338,80.02,28,0,False
CB-1028,2024-09-16,92.0,246,80.02,28,0,False
CB-1028,2024-09-23,89.0,157,80.02,28,0,False
CB-1028,2024-09-30,99.0,516,80.02,28,0,False
CB-1028,2024-10-07,74.0,442,80.02,28,0,False
CB-1028,2024-10-14,94.0,348,80.02,28,0,False
CB-1028,2024-10-21,86.0,262,80.02,28,0,False
CB-1028,2024-10-28,92.0,170,80.02,28,0,False
CB-1028,2024-11-04,77.0,552,80.02,28,0,False
CB-1028,2024-11-11,102.0,450,80.02,28,0,False
CB-1028,2024-11-18,99.0,351,80.02,28,0,False
CB-1028,2024-11-25,96.0,255,80.02,28,0,False
CB-1028,2024-12-02,105.0,150,80.02,28,0,False
CB-1028,2024-12-09,96.0,512,80.02,28,0,False
CB-1028,2024-12-16,101.0,411,80.02,28,0,False
CB-1028,2024-12-23,106.0,305,80.02,28,0,False
CB-1028,2024-12-30,97.0,208,80.02,28,0,False
CB-1028,2025-01-06,125.0,83,80.02,28,0,False
CB-1028,2025-01-13,132.0,409,80.02,28,0,False
CB-1028,2025-01-20,117.0,292,80.02,28,0,False
CB-1028,2025-01-27,131.0,161,80.02,28,0,False
CB-1028,2025-02-03,128.0,33,80.02,28,0,False
CB-1028,2025-02-10,138.0,353,80.02,28,0,False
CB-1028,2025-02-17,130.0,223,80.02,28,0,False
CB-1028,2025-02-24,129.0,94,80.02,28,0,False
CB-1028,2025-03-03,153.0,0,80.02,28,1,False
CB-1028,2025-03-10,142.0,316,80.02,28,0,False
CB-1028,2025-03-17,168.0,148,80.02,28,0,False
CB-1028,2025-03-24,146.0,2,80.02,28,0,False
CB-1028,2025-03-31,135.0,325,80.02,28,0,False
CB-1028,2025-04-07,160.0,165,80.02,28,0,False
CB-1028,2025-04-14,153.0,12,80.02,28,0,False
CB-1028,2025-04-21,153.0,318,80.02,28,0,False
CB-1028,2025-04-28,158.0,160,80.02,28,0,False
CB-1028,2025-05-05,135.0,25,80.02,28,0,False
CB-1028,2025-05-12,139.0,344,80.02,28,0,False
CB-1028,2025-05-19,136.0,208,80.02,28,0,False
CB-1028,2025-05-26,122.0,86,80.02,28,0,False
CB-1028,2025-06-02,130.0,0,80.02,28,1,False
CB-1028,2025-06-09,144.0,314,80.02,28,0,False
CB-1028,2025-06-16,129.0,185,80.02,28,0,False
CB-1028,2025-06-23,110.0,75,80.02,28,0,False
CB-1028,2025-06-30,105.0,428,80.02,28,0,False
CB-1028,2025-07-07,132.0,296,80.02,28,0,False
CB-1028,2025-07-14,113.0,183,80.02,28,0,False
CB-1028,2025-07-21,104.0,79,80.02,28,0,False
CB-1028,2025-07-28,105.0,433,80.02,28,0,False
CB-1028,2025-08-04,92.0,341,80.02,28,0,False
CB-1028,2025-08-11,113.0,228,80.02,28,0,False
CB-1028,2025-08-18,96.0,132,80.02,28,0,False
CB-1028,2025-08-25,108.0,482,80.02,28,0,False
CB-1028,2025-09-01,96.0,386,80.02,28,0,False
CB-1028,2025-09-08,105.0,281,80.02,28,0,False
CB-1028,2025-09-15,95.0,186,80.02,28,0,False
CB-1028,2025-09-22,99.0,87,80.02,28,0,False
CB-1028,2025-09-29,98.0,447,80.02,28,0,False
CB-1028,2025-10-06,98.0,349,80.02,28,0,False
CB-1028,2025-10-13,96.0,253,80.02,28,0,False
CB-1028,2025-10-20,93.0,160,80.02,28,0,False
CB-1028,2025-10-27,112.0,506,80.02,28,0,False
CB-1028,2025-11-03,92.0,414,80.02,28,0,False
CB-1028,2025-11-10,102.0,312,80.02,28,0,False
CB-1028,2025-11-17,104.0,208,80.02,28,0,False
CB-1028,2025-11-24,111.0,97,80.02,28,0,False
CB-1028,2025-12-01,107.0,449,80.02,28,0,False
CB-1028,2025-12-08,118.0,331,80.02,28,0,False
CB-1028,2025-12-15,117.0,214,80.02,28,0,False
CB-1028,2025-12-22,107.0,107,80.02,28,0,False
CB-1029,2024-01-01,66.0,110,153.98,14,0,False
CB-1029,2024-01-08,81.0,29,153.98,14,0,False
CB-1029,2024-01-15,85.0,292,153.98,14,0,False
CB-1029,2024-01-22,88.0,204,153.98,14,0,False
CB-1029,2024-01-29,91.0,113,153.98,14,0,False
CB-1029,2024-02-05,75.0,38,153.98,14,0,False
CB-1029,2024-02-12,81.0,305,153.98,14,0,False
CB-1029,2024-02-19,108.0,197,153.98,14,0,False
CB-1029,2024-02-26,87.0,110,153.98,14,0,False
CB-1029,2024-03-04,101.0,9,153.98,14,0,False
CB-1029,2024-03-11,92.0,265,153.98,14,0,False
CB-1029,2024-03-18,99.0,166,153.98,14,0,False
CB-1029,2024-03-25,94.0,72,153.98,14,0,False
CB-1029,2024-04-01,104.0,316,153.98,14,0,False
CB-1029,2024-04-08,101.0,215,153.98,14,0,False
CB-1029,2024-04-15,96.0,119,153.98,14,0,False
CB-1029,2024-04-22,91.0,28,153.98,14,0,False
CB-1029,2024-04-29,100.0,276,153.98,14,0,False
CB-1029,2024-05-06,88.0,188,153.98,14,0,False
CB-1029,2024-05-13,99.0,89,153.98,14,0,False
CB-1029,2024-05-20,114.0,323,153.98,14,0,False
CB-1029,2024-05-27,103.0,220,153.98,14,0,False
CB-1029,2024-06-03,96.0,124,153.98,14,0,False
CB-1029,2024-06-10,88.0,36,153.98,14,0,False
CB-1029,2024-06-17,73.0,311,153.98,14,0,False
CB-1029,2024-06-24,76.0,235,153.98,14,0,False
CB-1029,2024-07-01,91.0,144,153.98,14,0,False
CB-1029,2024-07-08,75.0,69,153.98,14,0,False
CB-1029,2024-07-15,73.0,344,153.98,14,0,False
CB-1029,2024-07-22,74.0,270,153.98,14,0,False
CB-1029,2024-07-29,67.0,203,153.98,14,0,False
CB-1029,2024-08-05,64.0,139,153.98,14,0,False
CB-1029,2024-08-12,69.0,70,153.98,14,0,False
CB-1029,2024-08-19,63.0,355,153.98,14,0,False
CB-1029,2024-08-26,63.0,292,153.98,14,0,False
CB-1029,2024-09-02,61.0,231,153.98,14,0,False
CB-1029,2024-09-09,67.0,164,153.98,14,0,False
CB-1029,2024-09-16,63.0,101,153.98,14,0,False
CB-1029,2024-09-23,63.0,386,153.98,14,0,False
CB-1029,2024-09-30,67.0,319,153.98,14,0,False
CB-1029,2024-10-07,63.0,256,153.98,14,0,False
CB-1029,2024-10-14,63.0,193,153.98,14,0,False
CB-1029,2024-10-21,68.0,125,153.98,14,0,False
CB-1029,2024-10-28,70.0,55,153.98,14,0,False
CB-1029,2024-11-04,67.0,336,153.98,14,0,False
CB-1029,2024-11-11,70.0,266,153.98,14,0,False
CB-1029,2024-11-18,67.0,199,153.98,14,0,False
CB-1029,2024-11-25,69.0,130,153.98,14,0,False
CB-1029,2024-12-02,81.0,49,153.98,14,0,False
CB-1029,2024-12-09,82.0,315,153.98,14,0,False
CB-1029,2024-12-16,85.0,230,153.98,14,0,False
CB-1029,2024-12-23,86.0,144,153.98,14,0,False
CB-1029,2024-12-30,88.0,56,153.98,14,0,False
CB-1029,2025-01-06,95.0,309,153.98,14,0,False
CB-1029,2025-01-13,100.0,209,153.98,14,0,False
CB-1029,2025-01-20,103.0,106,153.98,14,0,False
CB-1029,2025-01-27,97.0,9,153.98,14,0,False
CB-1029,2025-02-03,112.0,245,153.98,14,0,False
CB-1029,2025-02-10,105.0,140,153.98,14,0,False
CB-1029,2025-02-17,110.0,30,153.98,14,0,False
CB-1029,2025-02-24,109.0,269,153.98,14,0,False
CB-1029,2025-03-03,111.0,158,153.98,14,0,False
CB-1029,2025-03-10,103.0,55,153.98,14,0,False
CB-1029,2025-03-17,117.0,286,153.98,14,0,False
CB-1029,2025-03-24,137.0,149,153.98,14,0,False
CB-1029,2025-03-31,109.0,40,153.98,14,0,False
CB-1029,2025-04-07,113.0,275,153.98,14,0,False
CB-1029,2025-04-14,108.0,167,153.98,14,0,False
CB-1029,2025-04-21,107.0,60,153.98,14,0,False
CB-1029,2025-04-28,124.0,284,153.98,14,0,False
CB-1029,2025-05-05,103.0,181,153.98,14,0,False
CB-1029,2025-05-12,104.0,77,153.98,14,0,False
CB-1029,2025-05-19,93.0,332,153.98,14,0,False
CB-1029,2025-05-26,98.0,234,153.98,14,0,False
CB-1029,2025-06-02,88.0,146,153.98,14,0,False
CB-1029,2025-06-09,105.0,41,153.98,14,0,False
CB-1029,2025-06-16,119.0,270,153.98,14,0,False
CB-1029,2025-06-23,92.0,178,153.98,14,0,False
CB-1029,2025-06-30,80.0,98,153.98,14,0,False
CB-1029,2025-07-07,96.0,350,153.98,14,0,False
CB-1029,2025-07-14,82.0,268,153.98,14,0,False
CB-1029,2025-07-21,93.0,175,153.98,14,0,False
CB-1029,2025-07-28,80.0,95,153.98,14,0,False
CB-1029,2025-08-04,76.0,367,153.98,14,0,False
CB-1029,2025-08-11,77.0,290,153.98,14,0,False
CB-1029,2025-08-18,81.0,209,153.98,14,0,False
CB-1029,2025-08-25,73.0,136,153.98,14,0,False
CB-1029,2025-09-01,70.0,66,153.98,14,0,False
CB-1029,2025-09-08,71.0,343,153.98,14,0,False
CB-1029,2025-09-15,64.0,279,153.98,14,0,False
CB-1029,2025-09-22,73.0,206,153.98,14,0,False
CB-1029,2025-09-29,61.0,145,153.98,14,0,False
CB-1029,2025-10-06,69.0,76,153.98,14,0,False
CB-1029,2025-10-13,76.0,348,153.98,14,0,False
CB-1029,2025-10-20,75.0,273,153.98,14,0,False
CB-1029,2025-10-27,78.0,195,153.98,14,0,False
CB-1029,2025-11-03,76.0,119,153.98,14,0,False
CB-1029,2025-11-10,85.0,34,153.98,14,0,False
CB-1029,2025-11-17,86.0,297,153.98,14,0,False
CB-1029,2025-11-24,86.0,211,153.98,14,0,False
CB-1029,2025-12-01,92.0,119,153.98,14,0,False
CB-1029,2025-12-08,93.0,26,153.98,14,0,False
CB-1029,2025-12-15,88.0,286,153.98,14,0,False
CB-1029,2025-12-22,84.0,202,153.98,14,0,False
CB-1030,2024-01-01,102.0,293,12.85,21,0,False
CB-1030,2024-01-08,90.0,203,12.85,21,0,False
CB-1030,2024-01-15,93.0,110,12.85,21,0,False
CB-1030,2024-01-22,107.0,424,12.85,21,0,False
CB-1030,2024-01-29,105.0,319,12.85,21,0,False
CB-1030,2024-02-05,92.0,227,12.85,21,0,False
CB-1030,2024-02-12,115.0,112,12.85,21,0,False
CB-1030,2024-02-19,97.0,436,12.85,21,0,False
CB-1030,2024-02-26,107.0,329,12.85,21,0,False
CB-1030,2024-03-04,130.0,199,12.85,21,0,False
CB-1030,2024-03-11,136.0,63,12.85,21,0,False
CB-1030,2024-03-18,108.0,375,12.85,21,0,False
CB-1030,2024-03-25,118.0,257,12.85,21,0,False
CB-1030,2024-04-01,122.0,135,12.85,21,0,False
CB-1030,2024-04-08,139.0,0,12.85,21,1,False
CB-1030,2024-04-15,117.0,304,12.85,21,0,False
CB-1030,2024-04-22,116.0,188,12.85,21,0,False
CB-1030,2024-04-29,135.0,53,12.85,21,0,False
CB-1030,2024-05-06,115.0,359,12.85,21,0,False
CB-1030,2024-05-13,124.0,235,12.85,21,0,False
CB-1030,2024-05-20,102.0,133,12.85,21,0,False
CB-1030,2024-05-27,112.0,21,12.85,21,0,False
CB-1030,2024-06-03,96.0,345,12.85,21,0,False
CB-1030,2024-06-10,99.0,246,12.85,21,0,False
CB-1030,2024-06-17,113.0,133,12.85,21,0,False
CB-1030,2024-06-24,103.0,30,12.85,21,0,False
CB-1030,2024-07-01,98.0,353,12.85,21,0,False
CB-1030,2024-07-08,92.0,261,12.85,21,0,False
CB-1030,2024-07-15,93.0,168,12.85,21,0,False
CB-1030,2024-07-22,94.0,74,12.85,21,0,False
CB-1030,2024-07-29,96.0,399,12.85,21,0,False
CB-1030,2024-08-05,69.0,330,12.85,21,0,False
CB-1030,2024-08-12,79.0,251,12.85,21,0,False
CB-1030,2024-08-19,84.0,167,12.85,21,0,False
CB-1030,2024-08-26,80.0,508,12.85,21,0,False
CB-1030,2024-09-02,82.0,426,12.85,21,0,False
CB-1030,2024-09-09,80.0,346,12.85,21,0,False
CB-1030,2024-09-16,76.0,270,12.85,21,0,False
CB-1030,2024-09-23,74.0,196,12.85,21,0,False
CB-1030,2024-09-30,76.0,120,12.85,21,0,False
CB-1030,2024-10-07,85.0,455,12.85,21,0,False
CB-1030,2024-10-14,74.0,381,12.85,21,0,False
CB-1030,2024-10-21,79.0,302,12.85,21,0,False
CB-1030,2024-10-28,82.0,220,12.85,21,0,False
CB-1030,2024-11-04,93.0,127,12.85,21,0,False
CB-1030,2024-11-11,83.0,465,12.85,21,0,False
CB-1030,2024-11-18,94.0,371,12.85,21,0,False
CB-1030,2024-11-25,99.0,272,12.85,21,0,False
CB-1030,2024-12-02,93.0,179,12.85,21,0,False
CB-1030,2024-12-09,95.0,84,12.85,21,0,False
CB-1030,2024-12-16,97.0,408,12.85,21,0,False
CB-1030,2024-12-23,101.0,307,12.85,21,0,False
CB-1030,2024-12-30,114.0,193,12.85,21,0,False
CB-1030,2025-01-06,112.0,81,12.85,21,0,False
CB-1030,2025-01-13,115.0,387,12.85,21,0,False
CB-1030,2025-01-20,106.0,281,12.85,21,0,False
CB-1030,2025-01-27,110.0,171,12.85,21,0,False
CB-1030,2025-02-03,144.0,27,12.85,21,0,False
CB-1030,2025-02-10,124.0,323,12.85,21,0,False
CB-1030,2025-02-17,120.0,203,12.85,21,0,False
CB-1030,2025-02-24,145.0,58,12.85,21,0,False
CB-1030,2025-03-03,135.0,344,12.85,21,0,False
CB-1030,2025-03-10,140.0,204,12.85,21,0,False
CB-1030,2025-03-17,134.0,70,12.85,21,0,False
CB-1030,2025-03-24,133.0,0,12.85,21,1,False
CB-1030,2025-03-31,135.0,286,12.85,21,0,False
CB-1030,2025-04-07,122.0,164,12.85,21,0,False
CB-1030,2025-04-14,136.0,28,12.85,21,0,False
CB-1030,2025-04-21,139.0,310,12.85,21,0,False
CB-1030,2025-04-28,155.0,155,12.85,21,0,False
CB-1030,2025-05-05,134.0,21,12.85,21,0,False
CB-1030,2025-05-12,107.0,334,12.85,21,0,False
CB-1030,2025-05-19,128.0,206,12.85,21,0,False
CB-1030,2025-05-26,155.0,51,12.85,21,0,False
CB-1030,2025-06-02,133.0,339,12.85,21,0,False
CB-1030,2025-06-09,114.0,225,12.85,21,0,False
CB-1030,2025-06-16,124.0,101,12.85,21,0,False
CB-1030,2025-06-23,109.0,0,12.85,21,1,False
CB-1030,2025-06-30,100.0,321,12.85,21,0,False
CB-1030,2025-07-07,106.0,215,12.85,21,0,False
CB-1030,2025-07-14,107.0,108,12.85,21,0,False
CB-1030,2025-07-21,88.0,441,12.85,21,0,False
CB-1030,2025-07-28,91.0,350,12.85,21,0,False
CB-1030,2025-08-04,98.0,252,12.85,21,0,False
CB-1030,2025-08-11,92.0,160,12.85,21,0,False
CB-1030,2025-08-18,,64,12.85,21,0,False
CB-1030,2025-08-25,82.0,402,12.85,21,0,False
CB-1030,2025-09-01,94.0,308,12.85,21,0,False
CB-1030,2025-09-08,80.0,228,12.85,21,0,False
CB-1030,2025-09-15,99.0,129,12.85,21,0,False
CB-1030,2025-09-22,75.0,475,12.85,21,0,False
CB-1030,2025-09-29,79.0,396,12.85,21,0,False
CB-1030,2025-10-06,90.0,306,12.85,21,0,False
CB-1030,2025-10-13,99.0,207,12.85,21,0,False
CB-1030,2025-10-20,91.0,116,12.85,21,0,False
CB-1030,2025-10-27,95.0,442,12.85,21,0,False
CB-1030,2025-11-03,93.0,349,12.85,21,0,False
CB-1030,2025-11-10,87.0,262,12.85,21,0,False
CB-1030,2025-11-17,94.0,168,12.85,21,0,False
CB-1030,2025-11-24,91.0,77,12.85,21,0,False
CB-1030,2025-12-01,93.0,405,12.85,21,0,False
CB-1030,2025-12-08,111.0,294,12.85,21,0,False
CB-1030,2025-12-15,101.0,193,12.85,21,0,False
CB-1030,2025-12-22,118.0,75,12.85,21,0,False
CB-1031,2024-01-01,50.0,85,119.99,42,0,False
CB-1031,2024-01-08,59.0,26,119.99,42,0,False
CB-1031,2024-01-15,56.0,0,119.99,42,1,False
CB-1031,2024-01-22,62.0,0,119.99,42,1,False
CB-1031,2024-01-29,55.0,0,119.99,42,1,False
CB-1031,2024-02-05,60.0,0,119.99,42,1,False
CB-1031,2024-02-12,56.0,175,119.99,42,0,False
CB-1031,2024-02-19,60.0,345,119.99,42,0,False
CB-1031,2024-02-26,62.0,283,119.99,42,0,False
CB-1031,2024-03-04,61.0,222,119.99,42,0,False
CB-1031,2024-03-11,59.0,163,119.99,42,0,False
CB-1031,2024-03-18,58.0,105,119.99,42,0,False
CB-1031,2024-03-25,54.0,51,119.99,42,0,False
CB-1031,2024-04-01,61.0,221,119.99,42,0,False
CB-1031,2024-04-08,70.0,151,119.99,42,0,False
CB-1031,2024-04-15,58.0,93,119.99,42,0,False
CB-1031,2024-04-22,59.0,34,119.99,42,0,False
CB-1031,2024-04-29,75.0,189,119.99,42,0,False
CB-1031,2024-05-06,62.0,127,119.99,42,0,False
CB-1031,2024-05-13,66.0,61,119.99,42,0,False
CB-1031,2024-05-20,66.0,0,119.99,42,1,False
CB-1031,2024-05-27,65.0,166,119.99,42,0,False
CB-1031,2024-06-03,53.0,113,119.99,42,0,False
CB-1031,2024-06-10,58.0,55,119.99,42,0,False
CB-1031,2024-06-17,50.0,5,119.99,42,0,False
CB-1031,2024-06-24,68.0,167,119.99,42,0,False
CB-1031,2024-07-01,48.0,119,119.99,42,0,False
CB-1031,2024-07-08,49.0,70,119.99,42,0,False
CB-1031,2024-07-15,48.0,253,119.99,42,0,False
CB-1031,2024-07-22,44.0,209,119.99,42,0,False
CB-1031,2024-07-29,54.0,155,119.99,42,0,False
CB-1031,2024-08-05,57.0,98,119.99,42,0,False
CB-1031,2024-08-12,45.0,283,119.99,42,0,False
CB-1031,2024-08-19,41.0,242,119.99,42,0,False
CB-1031,2024-08-26,37.0,205,119.99,42,0,False
CB-1031,2024-09-02,43.0,162,119.99,42,0,False
CB-1031,2024-09-09,42.0,120,119.99,42,0,False
CB-1031,2024-09-16,40.0,311,119.99,42,0,False
CB-1031,2024-09-23,43.0,268,119.99,42,0,False
CB-1031,2024-09-30,44.0,224,119.99,42,0,False
CB-1031,2024-10-07,44.0,180,119.99,42,0,False
CB-1031,2024-10-14,42.0,138,119.99,42,0,False
CB-1031,2024-10-21,40.0,329,119.99,42,0,False
CB-1031,2024-10-28,47.0,282,119.99,42,0,False
CB-1031,2024-11-04,46.0,236,119.99,42,0,False
CB-1031,2024-11-11,50.0,186,119.99,42,0,False
CB-1031,2024-11-18,51.0,135,119.99,42,0,False
CB-1031,2024-11-25,44.0,91,119.99,42,0,False
CB-1031,2024-12-02,45.0,276,119.99,42,0,False
CB-1031,2024-12-09,50.0,226,119.99,42,0,False
CB-1031,2024-12-16,50.0,176,119.99,42,0,False
CB-1031,2024-12-23,60.0,116,119.99,42,0,False
CB-1031,2024-12-30,60.0,56,119.99,42,0,False
CB-1031,2025-01-06,65.0,222,119.99,42,0,False
CB-1031,2025-01-13,64.0,158,119.99,42,0,False
CB-1031,2025-01-20,65.0,93,119.99,42,0,False
CB-1031,2025-01-27,72.0,21,119.99,42,0,False
CB-1031,2025-02-03,70.0,182,119.99,42,0,False
CB-1031,2025-02-10,69.0,113,119.99,42,0,False
CB-1031,2025-02-17,79.0,34,119.99,42,0,False
CB-1031,2025-02-24,72.0,0,119.99,42,1,False
CB-1031,2025-03-03,71.0,160,119.99,42,0,False
CB-1031,2025-03-10,69.0,91,119.99,42,0,False
CB-1031,2025-03-17,78.0,13,119.99,42,0,False
CB-1031,2025-03-24,82.0,161,119.99,42,0,False
CB-1031,2025-03-31,75.0,86,119.99,42,0,False
CB-1031,2025-04-07,83.0,3,119.99,42,0,False
CB-1031,2025-04-14,63.0,0,119.99,42,1,False
CB-1031,2025-04-21,74.0,157,119.99,42,0,False
CB-1031,2025-04-28,74.0,83,119.99,42,0,False
CB-1031,2025-05-05,69.0,14,119.99,42,0,False
CB-1031,2025-05-12,86.0,158,119.99,42,0,False
CB-1031,2025-05-19,71.0,87,119.99,42,0,False
CB-1031,2025-05-26,67.0,20,119.99,42,0,False
CB-1031,2025-06-02,68.0,0,119.99,42,1,False
CB-1031,2025-06-09,56.0,175,119.99,42,0,False
CB-1031,2025-06-16,61.0,114,119.99,42,0,False
CB-1031,2025-06-23,68.0,46,119.99,42,0,False
CB-1031,2025-06-30,59.0,217,119.99,42,0,False
CB-1031,2025-07-07,56.0,161,119.99,42,0,False
CB-1031,2025-07-14,64.0,97,119.99,42,0,False
CB-1031,2025-07-21,63.0,34,119.99,42,0,False
CB-1031,2025-07-28,57.0,208,119.99,42,0,False
CB-1031,2025-08-04,52.0,156,119.99,42,0,False
CB-1031,2025-08-11,51.0,105,119.99,42,0,False
CB-1031,2025-08-18,48.0,57,119.99,42,0,False
CB-1031,2025-08-25,46.0,241,119.99,42,0,False
CB-1031,2025-09-01,45.0,196,119.99,42,0,False
CB-1031,2025-09-08,46.0,150,119.99,42,0,False
CB-1031,2025-09-15,44.0,106,119.99,42,0,False
CB-1031,2025-09-22,42.0,295,119.99,42,0,False
CB-1031,2025-09-29,48.0,247,119.99,42,0,False
CB-1031,2025-10-06,49.0,198,119.99,42,0,False
CB-1031,2025-10-13,55.0,143,119.99,42,0,False
CB-1031,2025-10-20,46.0,97,119.99,42,0,False
CB-1031,2025-10-27,51.0,277,119.99,42,0,False
CB-1031,2025-11-03,52.0,225,119.99,42,0,False
CB-1031,2025-11-10,51.0,174,119.99,42,0,False
CB-1031,2025-11-17,57.0,117,119.99,42,0,False
CB-1031,2025-11-24,59.0,58,119.99,42,0,False
CB-1031,2025-12-01,58.0,230,119.99,42,0,False
CB-1031,2025-12-08,58.0,172,119.99,42,0,False
CB-1031,2025-12-15,59.0,113,119.99,42,0,False
CB-1031,2025-12-22,56.0,57,119.99,42,0,False
CB-1032,2024-01-01,29.0,77,141.64,14,0,False
CB-1032,2024-01-08,56.0,21,141.64,14,0,False
CB-1032,2024-01-15,71.0,162,141.64,14,0,False
CB-1032,2024-01-22,35.0,127,141.64,14,0,False
CB-1032,2024-01-29,58.0,69,141.64,14,0,False
CB-1032,2024-02-05,35.0,34,141.64,14,0,False
CB-1032,2024-02-12,50.0,195,141.64,14,0,False
CB-1032,2024-02-19,43.0,152,141.64,14,0,False
CB-1032,2024-02-26,70.0,82,141.64,14,0,False
CB-1032,2024-03-04,45.0,37,141.64,14,0,False
CB-1032,2024-03-11,81.0,167,141.64,14,0,False
CB-1032,2024-03-18,55.0,112,141.64,14,0,False
CB-1032,2024-03-25,47.0,65,141.64,14,0,False
CB-1032,2024-04-01,34.0,242,141.64,14,0,False
CB-1032,2024-04-08,66.0,176,141.64,14,0,False
CB-1032,2024-04-15,80.0,96,141.64,14,0,False
CB-1032,2024-04-22,66.0,30,141.64,14,0,False
CB-1032,2024-04-29,107.0,134,141.64,14,0,False
CB-1032,2024-05-06,89.0,45,141.64,14,0,False
CB-1032,2024-05-13,52.0,0,141.64,14,1,False
CB-1032,2024-05-20,51.0,160,141.64,14,0,False
CB-1032,2024-05-27,66.0,94,141.64,14,0,False
CB-1032,2024-06-03,39.0,55,141.64,14,0,False
CB-1032,2024-06-10,76.0,190,141.64,14,0,False
CB-1032,2024-06-17,60.0,130,141.64,14,0,False
CB-1032,2024-06-24,56.0,74,141.64,14,0,False
CB-1032,2024-07-01,62.0,12,141.64,14,0,False
CB-1032,2024-07-08,78.0,146,141.64,14,0,False
CB-1032,2024-07-15,50.0,96,141.64,14,0,False
CB-1032,2024-07-22,44.0,52,141.64,14,0,False
CB-1032,2024-07-29,68.0,195,141.64,14,0,False
CB-1032,2024-08-05,58.0,137,141.64,14,0,False
CB-1032,2024-08-12,38.0,99,141.64,14,0,False
CB-1032,2024-08-19,41.0,58,141.64,14,0,False
CB-1032,2024-08-26,43.0,226,141.64,14,0,False
CB-1032,2024-09-02,45.0,181,141.64,14,0,False
CB-1032,2024-09-09,21.0,160,141.64,14,0,False
CB-1032,2024-09-16,18.0,142,141.64,14,0,False
CB-1032,2024-09-23,27.0,115,141.64,14,0,False
CB-1032,2024-09-30,26.0,89,141.64,14,0,False
CB-1032,2024-10-07,30.0,270,141.64,14,0,False
CB-1032,2024-10-14,48.0,222,141.64,14,0,False
CB-1032,2024-10-21,37.0,185,141.64,14,0,False
CB-1032,2024-10-28,43.0,142,141.64,14,0,False
CB-1032,2024-11-04,24.0,118,141.64,14,0,False
CB-1032,2024-11-11,36.0,82,141.64,14,0,False
CB-1032,2024-11-18,53.0,241,141.64,14,0,False
CB-1032,2024-11-25,54.0,187,141.64,14,0,False
CB-1032,2024-12-02,35.0,152,141.64,14,0,False
CB-1032,2024-12-09,51.0,101,141.64,14,0,False
CB-1032,2024-12-16,88.0,13,141.64,14,0,False
CB-1032,2024-12-23,51.0,173,141.64,14,0,False
CB-1032,2024-12-30,40.0,133,141.64,14,0,False
CB-1032,2025-01-06,52.0,81,141.64,14,0,False
CB-1032,2025-01-13,58.0,23,141.64,14,0,False
CB-1032,2025-01-20,55.0,179,141.64,14,0,False
CB-1032,2025-01-27,59.0,120,141.64,14,0,False
CB-1032,2025-02-03,30.0,90,141.64,14,0,False
CB-1032,2025-02-10,42.0,259,141.64,14,0,False
CB-1032,2025-02-17,61.0,198,141.64,14,0,False
CB-1032,2025-02-24,61.0,137,141.64,14,0,False
CB-1032,2025-03-03,53.0,84,141.64,14,0,False
CB-1032,2025-03-10,63.0,21,141.64,14,0,False
CB-1032,2025-03-17,69.0,164,141.64,14,0,False
CB-1032,2025-03-24,89.0,75,141.64,14,0,False
CB-1032,2025-03-31,66.0,9,141.64,14,0,False
CB-1032,2025-04-07,78.0,142,141.64,14,0,False
CB-1032,2025-04-14,55.0,87,141.64,14,0,False
CB-1032,2025-04-21,82.0,5,141.64,14,0,False
CB-1032,2025-04-28,76.0,140,141.64,14,0,False
CB-1032,2025-05-05,87.0,53,141.64,14,0,False
CB-1032,2025-05-12,82.0,0,141.64,14,1,False
CB-1032,2025-05-19,78.0,133,141.64,14,0,False
CB-1032,2025-05-26,61.0,72,141.64,14,0,False
CB-1032,2025-06-02,68.0,4,141.64,14,0,False
CB-1032,2025-06-09,83.0,132,141.64,14,0,False
CB-1032,2025-06-16,46.0,86,141.64,14,0,False
CB-1032,2025-06-23,45.0,41,141.64,14,0,False
CB-1032,2025-06-30,60.0,193,141.64,14,0,False
CB-1032,2025-07-07,63.0,130,141.64,14,0,False
CB-1032,2025-07-14,38.0,92,141.64,14,0,False
CB-1032,2025-07-21,50.0,42,141.64,14,0,False
CB-1032,2025-07-28,48.0,205,141.64,14,0,False
CB-1032,2025-08-04,11.0,194,141.64,14,0,False
CB-1032,2025-08-11,44.0,150,141.64,14,0,False
CB-1032,2025-08-18,44.0,106,141.64,14,0,False
CB-1032,2025-08-25,43.0,63,141.64,14,0,False
CB-1032,2025-09-01,67.0,207,141.64,14,0,False
CB-1032,2025-09-08,25.0,182,141.64,14,0,False
CB-1032,2025-09-15,31.0,151,141.64,14,0,False
CB-1032,2025-09-22,4.0,147,141.64,14,0,False
CB-1032,2025-09-29,36.0,111,141.64,14,0,False
CB-1032,2025-10-06,37.0,74,141.64,14,0,False
CB-1032,2025-10-13,36.0,249,141.64,14,0,False
CB-1032,2025-10-20,62.0,187,141.64,14,0,False
CB-1032,2025-10-27,59.0,128,141.64,14,0,False
CB-1032,2025-11-03,48.0,80,141.64,14,0,False
CB-1032,2025-11-10,41.0,39,141.64,14,0,False
CB-1032,2025-11-17,66.0,185,141.64,14,0,False
CB-1032,2025-11-24,50.0,135,141.64,14,0,False
CB-1032,2025-12-01,37.0,98,141.64,14,0,False
CB-1032,2025-12-08,21.0,77,141.64,14,0,False
CB-1032,2025-12-15,47.0,241,141.64,14,0,False
CB-1032,2025-12-22,73.0,168,141.64,14,0,False
CB-1033,2024-01-01,21.0,64,146.99,21,0,False
CB-1033,2024-01-08,17.0,47,146.99,21,0,False
CB-1033,2024-01-15,36.0,11,146.99,21,0,False
CB-1033,2024-01-22,12.0,128,146.99,21,0,False
CB-1033,2024-01-29,38.0,90,146.99,21,0,False
CB-1033,2024-02-05,42.0,48,146.99,21,0,False
CB-1033,2024-02-12,38.0,10,146.99,21,0,False
CB-1033,2024-02-19,31.0,108,146.99,21,0,False
CB-1033,2024-02-26,41.0,67,146.99,21,0,False
CB-1033,2024-03-04,37.0,30,146.99,21,0,False
CB-1033,2024-03-11,26.0,132,146.99,21,0,False
CB-1033,2024-03-18,59.0,73,146.99,21,0,False
CB-1033,2024-03-25,32.0,41,146.99,21,0,False
CB-1033,2024-04-01,46.0,0,146.99,21,1,False
CB-1033,2024-04-08,6.0,123,146.99,21,0,False
CB-1033,2024-04-15,52.0,71,146.99,21,0,False
CB-1033,2024-04-22,54.0,17,146.99,21,0,False
CB-1033,2024-04-29,36.0,0,146.99,21,1,False
CB-1033,2024-05-06,42.0,87,146.99,21,0,False
CB-1033,2024-05-13,42.0,45,146.99,21,0,False
CB-1033,2024-05-20,27.0,18,146.99,21,0,False
CB-1033,2024-05-27,40.0,106,146.99,21,0,False
CB-1033,2024-06-03,24.0,82,146.99,21,0,False
CB-1033,2024-06-10,25.0,57,146.99,21,0,False
CB-1033,2024-06-17,44.0,142,146.99,21,0,False
CB-1033,2024-06-24,41.0,101,146.99,21,0,False
CB-1033,2024-07-01,22.0,79,146.99,21,0,False
CB-1033,2024-07-08,22.0,57,146.99,21,0,False
CB-1033,2024-07-15,22.0,164,146.99,21,0,False
CB-1033,2024-07-22,34.0,130,146.99,21,0,False
CB-1033,2024-07-29,17.0,113,146.99,21,0,False
CB-1033,2024-08-05,29.0,84,146.99,21,0,False
CB-1033,2024-08-12,32.0,52,146.99,21,0,False
CB-1033,2024-08-19,24.0,28,146.99,21,0,False
CB-1033,2024-08-26,33.0,123,146.99,21,0,False
CB-1033,2024-09-02,21.0,102,146.99,21,0,False
CB-1033,2024-09-09,22.0,80,146.99,21,0,False
CB-1033,2024-09-16,15.0,65,146.99,21,0,False
CB-1033,2024-09-23,31.0,163,146.99,21,0,False
CB-1033,2024-09-30,17.0,146,146.99,21,0,False
CB-1033,2024-10-07,26.0,120,146.99,21,0,False
CB-1033,2024-10-14,23.0,97,146.99,21,0,False
CB-1033,2024-10-21,15.0,82,146.99,21,0,False
CB-1033,2024-10-28,19.0,63,146.99,21,0,False
CB-1033,2024-11-04,37.0,155,146.99,21,0,False
CB-1033,2024-11-11,27.0,128,146.99,21,0,False
CB-1033,2024-11-18,17.0,111,146.99,21,0,False
CB-1033,2024-11-25,30.0,81,146.99,21,0,False
CB-1033,2024-12-02,26.0,55,146.99,21,0,False
CB-1033,2024-12-09,63.0,0,146.99,21,1,False
CB-1033,2024-12-16,33.0,96,146.99,21,0,False
CB-1033,2024-12-23,27.0,69,146.99,21,0,False
CB-1033,2024-12-30,47.0,22,146.99,21,0,False
CB-1033,2025-01-06,12.0,138,146.99,21,0,False
CB-1033,2025-01-13,35.0,103,146.99,21,0,False
CB-1033,2025-01-20,59.0,44,146.99,21,0,False
CB-1033,2025-01-27,34.0,10,146.99,21,0,False
CB-1033,2025-02-03,14.0,125,146.99,21,0,False
CB-1033,2025-02-10,32.0,93,146.99,21,0,False
CB-1033,2025-02-17,58.0,35,146.99,21,0,False
CB-1033,2025-02-24,44.0,0,146.99,21,1,False
CB-1033,2025-03-03,28.0,101,146.99,21,0,False
CB-1033,2025-03-10,30.0,71,146.99,21,0,False
CB-1033,2025-03-17,32.0,39,146.99,21,0,False
CB-1033,2025-03-24,46.0,121,146.99,21,0,False
CB-1033,2025-03-31,60.0,61,146.99,21,0,False
CB-1033,2025-04-07,56.0,5,146.99,21,0,False
CB-1033,2025-04-14,47.0,0,146.99,21,1,False
CB-1033,2025-04-21,22.0,107,146.99,21,0,False
CB-1033,2025-04-28,21.0,86,146.99,21,0,False
CB-1033,2025-05-05,47.0,39,146.99,21,0,False
CB-1033,2025-05-12,21.0,146,146.99,21,0,False
CB-1033,2025-05-19,36.0,110,146.99,21,0,False
CB-1033,2025-05-26,42.0,68,146.99,21,0,False
CB-1033,2025-06-02,22.0,46,146.99,21,0,False
CB-1033,2025-06-09,23.0,23,146.99,21,0,False
CB-1033,2025-06-16,34.0,118,146.99,21,0,False
CB-1033,2025-06-23,41.0,77,146.99,21,0,False
CB-1033,2025-06-30,46.0,31,146.99,21,0,False
CB-1033,2025-07-07,39.0,0,146.99,21,1,False
CB-1033,2025-07-14,32.0,97,146.99,21,0,False
CB-1033,2025-07-21,23.0,74,146.99,21,0,False
CB-1033,2025-07-28,19.0,55,146.99,21,0,False
CB-1033,2025-08-04,24.0,159,146.99,21,0,False
CB-1033,2025-08-11,32.0,127,146.99,21,0,False
CB-1033,2025-08-18,31.0,96,146.99,21,0,False
CB-1033,2025-08-25,7.0,89,146.99,21,0,False
CB-1033,2025-09-01,19.0,70,146.99,21,0,False
CB-1033,2025-09-08,37.0,162,146.99,21,0,False
CB-1033,2025-09-15,27.0,135,146.99,21,0,False
CB-1033,2025-09-22,13.0,122,146.99,21,0,False
CB-1033,2025-09-29,47.0,75,146.99,21,0,False
CB-1033,2025-10-06,26.0,49,146.99,21,0,False
CB-1033,2025-10-13,30.0,19,146.99,21,0,False
CB-1033,2025-10-20,30.0,118,146.99,21,0,False
CB-1033,2025-10-27,24.0,94,146.99,21,0,False
CB-1033,2025-11-03,21.0,73,146.99,21,0,False
CB-1033,2025-11-10,49.0,24,146.99,21,0,False
CB-1033,2025-11-17,39.0,113,146.99,21,0,False
CB-1033,2025-11-24,39.0,74,146.99,21,0,False
CB-1033,2025-12-01,37.0,37,146.99,21,0,False
CB-1033,2025-12-08,21.0,16,146.99,21,0,False
CB-1033,2025-12-15,48.0,97,146.99,21,0,False
CB-1033,2025-12-22,24.0,73,146.99,21,0,False
CB-1034,2024-01-01,63.0,206,6.53,21,0,False
CB-1034,2024-01-08,80.0,126,6.53,21,0,False
CB-1034,2024-01-15,75.0,51,6.53,21,0,False
CB-1034,2024-01-22,70.0,326,6.53,21,0,False
CB-1034,2024-01-29,,237,6.53,21,0,False
CB-1034,2024-02-05,102.0,135,6.53,21,0,False
CB-1034,2024-02-12,99.0,36,6.53,21,0,False
CB-1034,2024-02-19,89.0,291,6.53,21,0,False
CB-1034,2024-02-26,93.0,198,6.53,21,0,False
CB-1034,2024-03-04,101.0,97,6.53,21,0,False
CB-1034,2024-03-11,104.0,0,6.53,21,1,False
CB-1034,2024-03-18,94.0,251,6.53,21,0,False
CB-1034,2024-03-25,97.0,154,6.53,21,0,False
CB-1034,2024-04-01,100.0,54,6.53,21,0,False
CB-1034,2024-04-08,102.0,296,6.53,21,0,False
CB-1034,2024-04-15,96.0,200,6.53,21,0,False
CB-1034,2024-04-22,96.0,104,6.53,21,0,False
CB-1034,2024-04-29,107.0,0,6.53,21,1,False
CB-1034,2024-05-06,104.0,241,6.53,21,0,False
CB-1034,2024-05-13,98.0,143,6.53,21,0,False
CB-1034,2024-05-20,105.0,38,6.53,21,0,False
CB-1034,2024-05-27,88.0,294,6.53,21,0,False
CB-1034,2024-06-03,101.0,193,6.53,21,0,False
CB-1034,2024-06-10,91.0,102,6.53,21,0,False
CB-1034,2024-06-17,107.0,0,6.53,21,1,False
CB-1034,2024-06-24,75.0,270,6.53,21,0,False
CB-1034,2024-07-01,76.0,194,6.53,21,0,False
CB-1034,2024-07-08,81.0,113,6.53,21,0,False
CB-1034,2024-07-15,78.0,379,6.53,21,0,False
CB-1034,2024-07-22,85.0,294,6.53,21,0,False
CB-1034,2024-07-29,68.0,226,6.53,21,0,False
CB-1034,2024-08-05,75.0,151,6.53,21,0,False
CB-1034,2024-08-12,74.0,77,6.53,21,0,False
CB-1034,2024-08-19,70.0,352,6.53,21,0,False
CB-1034,2024-08-26,60.0,292,6.53,21,0,False
CB-1034,2024-09-02,71.0,221,6.53,21,0,False
CB-1034,2024-09-09,69.0,152,6.53,21,0,False
CB-1034,2024-09-16,66.0,86,6.53,21,0,False
CB-1034,2024-09-23,63.0,367,6.53,21,0,False
CB-1034,2024-09-30,63.0,304,6.53,21,0,False
CB-1034,2024-10-07,62.0,242,6.53,21,0,False
CB-1034,2024-10-14,66.0,176,6.53,21,0,False
CB-1034,2024-10-21,64.0,112,6.53,21,0,False
CB-1034,2024-10-28,61.0,396,6.53,21,0,False
CB-1034,2024-11-04,61.0,335,6.53,21,0,False
CB-1034,2024-11-11,64.0,271,6.53,21,0,False
CB-1034,2024-11-18,72.0,199,6.53,21,0,False
CB-1034,2024-11-25,72.0,127,6.53,21,0,False
CB-1034,2024-12-02,76.0,395,6.53,21,0,False
CB-1034,2024-12-09,80.0,315,6.53,21,0,False
CB-1034,2024-12-16,76.0,239,6.53,21,0,False
CB-1034,2024-12-23,92.0,147,6.53,21,0,False
CB-1034,2024-12-30,84.0,63,6.53,21,0,False
CB-1034,2025-01-06,85.0,323,6.53,21,0,False
CB-1034,2025-01-13,94.0,229,6.53,21,0,False
CB-1034,2025-01-20,80.0,149,6.53,21,0,False
CB-1034,2025-01-27,90.0,59,6.53,21,0,False
CB-1034,2025-02-03,106.0,298,6.53,21,0,False
CB-1034,2025-02-10,87.0,211,6.53,21,0,False
CB-1034,2025-02-17,112.0,99,6.53,21,0,False
CB-1034,2025-02-24,117.0,0,6.53,21,1,False
CB-1034,2025-03-03,103.0,242,6.53,21,0,False
CB-1034,2025-03-10,110.0,132,6.53,21,0,False
CB-1034,2025-03-17,118.0,14,6.53,21,0,False
CB-1034,2025-03-24,105.0,253,6.53,21,0,False
CB-1034,2025-03-31,117.0,136,6.53,21,0,False
CB-1034,2025-04-07,104.0,32,6.53,21,0,False
CB-1034,2025-04-14,105.0,272,6.53,21,0,False
CB-1034,2025-04-21,102.0,170,6.53,21,0,False
CB-1034,2025-04-28,111.0,59,6.53,21,0,False
CB-1034,2025-05-05,117.0,286,6.53,21,0,False
CB-1034,2025-05-12,104.0,182,6.53,21,0,False
CB-1034,2025-05-19,93.0,89,6.53,21,0,False
CB-1034,2025-05-26,93.0,0,6.53,21,1,False
CB-1034,2025-06-02,103.0,242,6.53,21,0,False
CB-1034,2025-06-09,112.0,130,6.53,21,0,False
CB-1034,2025-06-16,98.0,32,6.53,21,0,False
CB-1034,2025-06-23,90.0,286,6.53,21,0,False
CB-1034,2025-06-30,96.0,190,6.53,21,0,False
CB-1034,2025-07-07,86.0,104,6.53,21,0,False
CB-1034,2025-07-14,83.0,21,6.53,21,0,False
CB-1034,2025-07-21,76.0,290,6.53,21,0,False
CB-1034,2025-07-28,90.0,200,6.53,21,0,False
CB-1034,2025-08-04,62.0,138,6.53,21,0,False
CB-1034,2025-08-11,81.0,57,6.53,21,0,False
CB-1034,2025-08-18,72.0,329,6.53,21,0,False
CB-1034,2025-08-25,71.0,258,6.53,21,0,False
CB-1034,2025-09-01,81.0,177,6.53,21,0,False
CB-1034,2025-09-08,67.0,110,6.53,21,0,False
CB-1034,2025-09-15,66.0,389,6.53,21,0,False
CB-1034,2025-09-22,69.0,320,6.53,21,0,False
CB-1034,2025-09-29,72.0,248,6.53,21,0,False
CB-1034,2025-10-06,67.0,181,6.53,21,0,False
CB-1034,2025-10-13,62.0,119,6.53,21,0,False
CB-1034,2025-10-20,67.0,396,6.53,21,0,False
CB-1034,2025-10-27,80.0,316,6.53,21,0,False
CB-1034,2025-11-03,75.0,241,6.53,21,0,False
CB-1034,2025-11-10,79.0,162,6.53,21,0,False
CB-1034,2025-11-17,77.0,85,6.53,21,0,False
CB-1034,2025-11-24,77.0,353,6.53,21,0,False
CB-1034,2025-12-01,95.0,258,6.53,21,0,False
CB-1034,2025-12-08,85.0,173,6.53,21,0,False
CB-1034,2025-12-15,86.0,87,6.53,21,0,False
CB-1034,2025-12-22,100.0,332,6.53,21,0,False
CB-1035,2024-01-01,114.0,365,84.48,35,0,False
CB-1035,2024-01-08,117.0,248,84.48,35,0,False
CB-1035,2024-01-15,123.0,125,84.48,35,0,False
CB-1035,2024-01-22,145.0,0,84.48,35,1,False
CB-1035,2024-01-29,131.0,0,84.48,35,1,False
CB-1035,2024-02-05,106.0,401,84.48,35,0,False
CB-1035,2024-02-12,138.0,263,84.48,35,0,False
CB-1035,2024-02-19,138.0,633,84.48,35,0,False
CB-1035,2024-02-26,140.0,493,84.48,35,0,False
CB-1035,2024-03-04,145.0,348,84.48,35,0,False
CB-1035,2024-03-11,143.0,205,84.48,35,0,False
CB-1035,2024-03-18,144.0,61,84.48,35,0,False
CB-1035,2024-03-25,153.0,415,84.48,35,0,False
CB-1035,2024-04-01,140.0,275,84.48,35,0,False
CB-1035,2024-04-08,136.0,139,84.48,35,0,False
CB-1035,2024-04-15,182.0,0,84.48,35,1,False
CB-1035,2024-04-22,137.0,370,84.48,35,0,False
CB-1035,2024-04-29,146.0,224,84.48,35,0,False
CB-1035,2024-05-06,126.0,98,84.48,35,0,False
CB-1035,2024-05-13,143.0,463,84.48,35,0,False
CB-1035,2024-05-20,129.0,334,84.48,35,0,False
CB-1035,2024-05-27,132.0,202,84.48,35,0,False
CB-1035,2024-06-03,145.0,57,84.48,35,0,False
CB-1035,2024-06-10,136.0,428,84.48,35,0,False
CB-1035,2024-06-17,133.0,295,84.48,35,0,False
CB-1035,2024-06-24,107.0,188,84.48,35,0,False
CB-1035,2024-07-01,139.0,49,84.48,35,0,False
CB-1035,2024-07-08,106.0,450,84.48,35,0,False
CB-1035,2024-07-15,128.0,322,84.48,35,0,False
CB-1035,2024-07-22,120.0,202,84.48,35,0,False
CB-1035,2024-07-29,113.0,89,84.48,35,0,False
CB-1035,2024-08-05,98.0,499,84.48,35,0,False
CB-1035,2024-08-12,104.0,395,84.48,35,0,False
CB-1035,2024-08-19,96.0,299,84.48,35,0,False
CB-1035,2024-08-26,98.0,201,84.48,35,0,False
CB-1035,2024-09-02,94.0,614,84.48,35,0,False
CB-1035,2024-09-09,79.0,535,84.48,35,0,False
CB-1035,2024-09-16,102.0,433,84.48,35,0,False
CB-1035,2024-09-23,93.0,340,84.48,35,0,False
CB-1035,2024-09-30,90.0,250,84.48,35,0,False
CB-1035,2024-10-07,90.0,667,84.48,35,0,False
CB-1035,2024-10-14,98.0,569,84.48,35,0,False
CB-1035,2024-10-21,89.0,480,84.48,35,0,False
CB-1035,2024-10-28,80.0,400,84.48,35,0,False
CB-1035,2024-11-04,103.0,297,84.48,35,0,False
CB-1035,2024-11-11,107.0,190,84.48,35,0,False
CB-1035,2024-11-18,104.0,594,84.48,35,0,False
CB-1035,2024-11-25,99.0,495,84.48,35,0,False
CB-1035,2024-12-02,113.0,382,84.48,35,0,False
CB-1035,2024-12-09,103.0,279,84.48,35,0,False
CB-1035,2024-12-16,110.0,169,84.48,35,0,False
CB-1035,2024-12-23,117.0,559,84.48,35,0,False
CB-1035,2024-12-30,137.0,422,84.48,35,0,False
CB-1035,2025-01-06,129.0,293,84.48,35,0,False
CB-1035,2025-01-13,132.0,161,84.48,35,0,False
CB-1035,2025-01-20,163.0,0,84.48,35,1,False
CB-1035,2025-01-27,149.0,358,84.48,35,0,False
CB-1035,2025-02-03,152.0,206,84.48,35,0,False
CB-1035,2025-02-10,147.0,59,84.48,35,0,False
CB-1035,2025-02-17,147.0,0,84.48,35,1,False
CB-1035,2025-02-24,130.0,377,84.48,35,0,False
CB-1035,2025-03-03,172.0,205,84.48,35,0,False
CB-1035,2025-03-10,168.0,37,84.48,35,0,False
CB-1035,2025-03-17,161.0,384,84.48,35,0,False
CB-1035,2025-03-24,163.0,221,84.48,35,0,False
CB-1035,2025-03-31,175.0,46,84.48,35,0,False
CB-1035,2025-04-07,145.0,0,84.48,35,1,False
CB-1035,2025-04-14,157.0,350,84.48,35,0,False
CB-1035,2025-04-21,149.0,201,84.48,35,0,False
CB-1035,2025-04-28,186.0,15,84.48,35,0,False
CB-1035,2025-05-05,172.0,351,84.48,35,0,False
CB-1035,2025-05-12,131.0,220,84.48,35,0,False
CB-1035,2025-05-19,137.0,83,84.48,35,0,False
CB-1035,2025-05-26,152.0,0,84.48,35,1,False
CB-1035,2025-06-02,144.0,363,84.48,35,0,False
CB-1035,2025-06-09,131.0,232,84.48,35,0,False
CB-1035,2025-06-16,165.0,67,84.48,35,0,False
CB-1035,2025-06-23,143.0,432,84.48,35,0,False
CB-1035,2025-06-30,141.0,291,84.48,35,0,False
CB-1035,2025-07-07,125.0,166,84.48,35,0,False
CB-1035,2025-07-14,135.0,31,84.48,35,0,False
CB-1035,2025-07-21,121.0,417,84.48,35,0,False
CB-1035,2025-07-28,118.0,299,84.48,35,0,False
CB-1035,2025-08-04,123.0,176,84.48,35,0,False
CB-1035,2025-08-11,100.0,76,84.48,35,0,False
CB-1035,2025-08-18,126.0,457,84.48,35,0,False
CB-1035,2025-08-25,111.0,346,84.48,35,0,False
CB-1035,2025-09-01,119.0,227,84.48,35,0,False
CB-1035,2025-09-08,97.0,130,84.48,35,0,False
CB-1035,2025-09-15,97.0,541,84.48,35,0,False
CB-1035,2025-09-22,95.0,446,84.48,35,0,False
CB-1035,2025-09-29,107.0,339,84.48,35,0,False
CB-1035,2025-10-06,106.0,233,84.48,35,0,False
CB-1035,2025-10-13,102.0,638,84.48,35,0,False
CB-1035,2025-10-20,99.0,539,84.48,35,0,False
CB-1035,2025-10-27,98.0,441,84.48,35,0,False
CB-1035,2025-11-03,111.0,330,84.48,35,0,False
CB-1035,2025-11-10,110.0,220,84.48,35,0,False
CB-1035,2025-11-17,111.0,616,84.48,35,0,False
CB-1035,2025-11-24,137.0,479,84.48,35,0,False
CB-1035,2025-12-01,125.0,354,84.48,35,0,False
CB-1035,2025-12-08,143.0,211,84.48,35,0,False
CB-1035,2025-12-15,128.0,83,84.48,35,0,False
CB-1035,2025-12-22,141.0,450,84.48,35,0,False
CB-1036,2024-01-01,55.0,118,91.44,35,0,False
CB-1036,2024-01-08,51.0,67,91.44,35,0,False
CB-1036,2024-01-15,56.0,11,91.44,35,0,False
CB-1036,2024-01-22,51.0,0,91.44,35,1,False
CB-1036,2024-01-29,55.0,0,91.44,35,1,False
CB-1036,2024-02-05,54.0,171,91.44,35,0,False
CB-1036,2024-02-12,65.0,106,91.44,35,0,False
CB-1036,2024-02-19,62.0,269,91.44,35,0,False
CB-1036,2024-02-26,63.0,206,91.44,35,0,False
CB-1036,2024-03-04,69.0,137,91.44,35,0,False
CB-1036,2024-03-11,69.0,68,91.44,35,0,False
CB-1036,2024-03-18,67.0,1,91.44,35,0,False
CB-1036,2024-03-25,57.0,169,91.44,35,0,False
CB-1036,2024-04-01,61.0,108,91.44,35,0,False
CB-1036,2024-04-08,59.0,49,91.44,35,0,False
CB-1036,2024-04-15,68.0,0,91.44,35,1,False
CB-1036,2024-04-22,65.0,160,91.44,35,0,False
CB-1036,2024-04-29,56.0,104,91.44,35,0,False
CB-1036,2024-05-06,62.0,42,91.44,35,0,False
CB-1036,2024-05-13,54.0,213,91.44,35,0,False
CB-1036,2024-05-20,61.0,152,91.44,35,0,False
CB-1036,2024-05-27,52.0,100,91.44,35,0,False
CB-1036,2024-06-03,61.0,39,91.44,35,0,False
CB-1036,2024-06-10,59.0,205,91.44,35,0,False
CB-1036,2024-06-17,64.0,141,91.44,35,0,False
CB-1036,2024-06-24,58.0,83,91.44,35,0,False
CB-1036,2024-07-01,51.0,32,91.44,35,0,False
CB-1036,2024-07-08,55.0,202,91.44,35,0,False
CB-1036,2024-07-15,44.0,158,91.44,35,0,False
CB-1036,2024-07-22,45.0,113,91.44,35,0,False
CB-1036,2024-07-29,49.0,64,91.44,35,0,False
CB-1036,2024-08-05,38.0,251,91.44,35,0,False
CB-1036,2024-08-12,45.0,206,91.44,35,0,False
CB-1036,2024-08-19,40.0,166,91.44,35,0,False
CB-1036,2024-08-26,43.0,123,91.44,35,0,False
CB-1036,2024-09-02,39.0,309,91.44,35,0,False
CB-1036,2024-09-09,43.0,266,91.44,35,0,False
CB-1036,2024-09-16,41.0,225,91.44,35,0,False
CB-1036,2024-09-23,46.0,179,91.44,35,0,False
CB-1036,2024-09-30,41.0,138,91.44,35,0,False
CB-1036,2024-10-07,39.0,99,91.44,35,0,False
CB-1036,2024-10-14,41.0,283,91.44,35,0,False
CB-1036,2024-10-21,38.0,245,91.44,35,0,False
CB-1036,2024-10-28,44.0,201,91.44,35,0,False
CB-1036,2024-11-04,46.0,155,91.44,35,0,False
CB-1036,2024-11-11,54.0,101,91.44,35,0,False
CB-1036,2024-11-18,44.0,282,91.44,35,0,False
CB-1036,2024-11-25,47.0,235,91.44,35,0,False
CB-1036,2024-12-02,47.0,188,91.44,35,0,False
CB-1036,2024-12-09,52.0,136,91.44,35,0,False
CB-1036,2024-12-16,54.0,82,91.44,35,0,False
CB-1036,2024-12-23,54.0,253,91.44,35,0,False
CB-1036,2024-12-30,61.0,192,91.44,35,0,False
CB-1036,2025-01-06,55.0,137,91.44,35,0,False
CB-1036,2025-01-13,65.0,72,91.44,35,0,False
CB-1036,2025-01-20,64.0,8,91.44,35,0,False
CB-1036,2025-01-27,63.0,170,91.44,35,0,False
CB-1036,2025-02-03,63.0,107,91.44,35,0,False
CB-1036,2025-02-10,79.0,28,91.44,35,0,False
CB-1036,2025-02-17,63.0,0,91.44,35,1,False
CB-1036,2025-02-24,71.0,154,91.44,35,0,False
CB-1036,2025-03-03,66.0,88,91.44,35,0,False
CB-1036,2025-03-10,81.0,7,91.44,35,0,False
CB-1036,2025-03-17,77.0,155,91.44,35,0,False
CB-1036,2025-03-24,68.0,87,91.44,35,0,False
CB-1036,2025-03-31,75.0,12,91.44,35,0,False
CB-1036,2025-04-07,74.0,0,91.44,35,1,False
CB-1036,2025-04-14,69.0,156,91.44,35,0,False
CB-1036,2025-04-21,76.0,80,91.44,35,0,False
CB-1036,2025-04-28,73.0,7,91.44,35,0,False
CB-1036,2025-05-05,72.0,160,91.44,35,0,False
CB-1036,2025-05-12,69.0,91,91.44,35,0,False
CB-1036,2025-05-19,71.0,20,91.44,35,0,False
CB-1036,2025-05-26,68.0,0,91.44,35,1,False
CB-1036,2025-06-02,66.0,159,91.44,35,0,False
CB-1036,2025-06-09,61.0,98,91.44,35,0,False
CB-1036,2025-06-16,71.0,27,91.44,35,0,False
CB-1036,2025-06-23,56.0,196,91.44,35,0,False
CB-1036,2025-06-30,61.0,135,91.44,35,0,False
CB-1036,2025-07-07,56.0,79,91.44,35,0,False
CB-1036,2025-07-14,64.0,15,91.44,35,0,False
CB-1036,2025-07-21,51.0,189,91.44,35,0,False
CB-1036,2025-07-28,50.0,139,91.44,35,0,False
CB-1036,2025-08-04,48.0,91,91.44,35,0,False
CB-1036,2025-08-11,52.0,39,91.44,35,0,False
CB-1036,2025-08-18,44.0,220,91.44,35,0,False
CB-1036,2025-08-25,46.0,174,91.44,35,0,False
CB-1036,2025-09-01,39.0,135,91.44,35,0,False
CB-1036,2025-09-08,47.0,88,91.44,35,0,False
CB-1036,2025-09-15,44.0,269,91.44,35,0,False
CB-1036,2025-09-22,40.0,229,91.44,35,0,False
CB-1036,2025-09-29,50.0,179,91.44,35,0,False
CB-1036,2025-10-06,41.0,138,91.44,35,0,False
CB-1036,2025-10-13,49.0,89,91.44,35,0,False
CB-1036,2025-10-20,44.0,270,91.44,35,0,False
CB-1036,2025-10-27,54.0,216,91.44,35,0,False
CB-1036,2025-11-03,52.0,164,91.44,35,0,False
CB-1036,2025-11-10,46.0,118,91.44,35,0,False
CB-1036,2025-11-17,48.0,70,91.44,35,0,False
CB-1036,2025-11-24,56.0,239,91.44,35,0,False
CB-1036,2025-12-01,54.0,185,91.44,35,0,False
CB-1036,2025-12-08,56.0,129,91.44,35,0,False
CB-1036,2025-12-15,65.0,64,91.44,35,0,False
CB-1036,2025-12-22,57.0,7,91.44,35,0,False
CB-1037,2024-01-01,61.0,72,81.69,21,0,False
CB-1037,2024-01-08,58.0,14,81.69,21,0,False
CB-1037,2024-01-15,60.0,0,81.69,21,1,False
CB-1037,2024-01-22,54.0,206,81.69,21,0,False
CB-1037,2024-01-29,59.0,147,81.69,21,0,False
CB-1037,2024-02-05,68.0,79,81.69,21,0,False
CB-1037,2024-02-12,67.0,273,81.69,21,0,False
CB-1037,2024-02-19,70.0,203,81.69,21,0,False
CB-1037,2024-02-26,76.0,127,81.69,21,0,False
CB-1037,2024-03-04,65.0,62,81.69,21,0,False
CB-1037,2024-03-11,71.0,251,81.69,21,0,False
CB-1037,2024-03-18,74.0,177,81.69,21,0,False
CB-1037,2024-03-25,69.0,108,81.69,21,0,False
CB-1037,2024-04-01,82.0,26,81.69,21,0,False
CB-1037,2024-04-08,79.0,207,81.69,21,0,False
CB-1037,2024-04-15,75.0,132,81.69,21,0,False
CB-1037,2024-04-22,84.0,48,81.69,21,0,False
CB-1037,2024-04-29,64.0,0,81.69,21,1,False
CB-1037,2024-05-06,72.0,188,81.69,21,0,False
CB-1037,2024-05-13,73.0,115,81.69,21,0,False
CB-1037,2024-05-20,65.0,50,81.69,21,0,False
CB-1037,2024-05-27,70.0,241,81.69,21,0,False
CB-1037,2024-06-03,61.0,180,81.69,21,0,False
CB-1037,2024-06-10,70.0,110,81.69,21,0,False
CB-1037,2024-06-17,70.0,40,81.69,21,0,False
CB-1037,2024-06-24,64.0,236,81.69,21,0,False
CB-1037,2024-07-01,52.0,184,81.69,21,0,False
CB-1037,2024-07-08,55.0,129,81.69,21,0,False
CB-1037,2024-07-15,60.0,69,81.69,21,0,False
CB-1037,2024-07-22,56.0,273,81.69,21,0,False
CB-1037,2024-07-29,43.0,230,81.69,21,0,False
CB-1037,2024-08-05,58.0,172,81.69,21,0,False
CB-1037,2024-08-12,52.0,120,81.69,21,0,False
CB-1037,2024-08-19,47.0,73,81.69,21,0,False
CB-1037,2024-08-26,53.0,281,81.69,21,0,False
CB-1037,2024-09-02,46.0,235,81.69,21,0,False
CB-1037,2024-09-09,45.0,190,81.69,21,0,False
CB-1037,2024-09-16,49.0,141,81.69,21,0,False
CB-1037,2024-09-23,54.0,87,81.69,21,0,False
CB-1037,2024-09-30,53.0,294,81.69,21,0,False
CB-1037,2024-10-07,49.0,245,81.69,21,0,False
CB-1037,2024-10-14,50.0,195,81.69,21,0,False
CB-1037,2024-10-21,52.0,143,81.69,21,0,False
CB-1037,2024-10-28,44.0,99,81.69,21,0,False
CB-1037,2024-11-04,53.0,306,81.69,21,0,False
CB-1037,2024-11-11,49.0,257,81.69,21,0,False
CB-1037,2024-11-18,55.0,202,81.69,21,0,False
CB-1037,2024-11-25,54.0,148,81.69,21,0,False
CB-1037,2024-12-02,59.0,89,81.69,21,0,False
CB-1037,2024-12-09,59.0,290,81.69,21,0,False
CB-1037,2024-12-16,46.0,244,81.69,21,0,False
CB-1037,2024-12-23,63.0,181,81.69,21,0,False
CB-1037,2024-12-30,68.0,113,81.69,21,0,False
CB-1037,2025-01-06,69.0,44,81.69,21,0,False
CB-1037,2025-01-13,68.0,237,81.69,21,0,False
CB-1037,2025-01-20,80.0,157,81.69,21,0,False
CB-1037,2025-01-27,75.0,82,81.69,21,0,False
CB-1037,2025-02-03,77.0,5,81.69,21,0,False
CB-1037,2025-02-10,83.0,182,81.69,21,0,False
CB-1037,2025-02-17,80.0,102,81.69,21,0,False
CB-1037,2025-02-24,74.0,28,81.69,21,0,False
CB-1037,2025-03-03,65.0,223,81.69,21,0,False
CB-1037,2025-03-10,78.0,145,81.69,21,0,False
CB-1037,2025-03-17,87.0,58,81.69,21,0,False
CB-1037,2025-03-24,81.0,0,81.69,21,1,False
CB-1037,2025-03-31,88.0,172,81.69,21,0,False
CB-1037,2025-04-07,84.0,88,81.69,21,0,False
CB-1037,2025-04-14,92.0,0,81.69,21,1,False
CB-1037,2025-04-21,81.0,179,81.69,21,0,False
CB-1037,2025-04-28,85.0,94,81.69,21,0,False
CB-1037,2025-05-05,84.0,10,81.69,21,0,False
CB-1037,2025-05-12,90.0,181,81.69,21,0,False
CB-1037,2025-05-19,68.0,113,81.69,21,0,False
CB-1037,2025-05-26,74.0,39,81.69,21,0,False
CB-1037,2025-06-02,81.0,218,81.69,21,0,False
CB-1037,2025-06-09,83.0,135,81.69,21,0,False
CB-1037,2025-06-16,74.0,61,81.69,21,0,False
CB-1037,2025-06-23,69.0,0,81.69,21,1,False
CB-1037,2025-06-30,73.0,187,81.69,21,0,False
CB-1037,2025-07-07,71.0,116,81.69,21,0,False
CB-1037,2025-07-14,63.0,53,81.69,21,0,False
CB-1037,2025-07-21,64.0,250,81.69,21,0,False
CB-1037,2025-07-28,67.0,183,81.69,21,0,False
CB-1037,2025-08-04,68.0,115,81.69,21,0,False
CB-1037,2025-08-11,61.0,54,81.69,21,0,False
CB-1037,2025-08-18,57.0,257,81.69,21,0,False
CB-1037,2025-08-25,55.0,202,81.69,21,0,False
CB-1037,2025-09-01,57.0,145,81.69,21,0,False
CB-1037,2025-09-08,53.0,92,81.69,21,0,False
CB-1037,2025-09-15,54.0,298,81.69,21,0,False
CB-1037,2025-09-22,48.0,250,81.69,21,0,False
CB-1037,2025-09-29,58.0,192,81.69,21,0,False
CB-1037,2025-10-06,48.0,144,81.69,21,0,False
CB-1037,2025-10-13,52.0,92,81.69,21,0,False
CB-1037,2025-10-20,55.0,298,81.69,21,0,False
CB-1037,2025-10-27,64.0,234,81.69,21,0,False
CB-1037,2025-11-03,54.0,180,81.69,21,0,False
CB-1037,2025-11-10,55.0,125,81.69,21,0,False
CB-1037,2025-11-17,57.0,68,81.69,21,0,False
CB-1037,2025-11-24,69.0,259,81.69,21,0,False
CB-1037,2025-12-01,49.0,210,81.69,21,0,False
CB-1037,2025-12-08,60.0,150,81.69,21,0,False
CB-1037,2025-12-15,82.0,68,81.69,21,0,False
CB-1037,2025-12-22,73.0,0,81.69,21,1,False
CB-1038,2024-01-01,51.0,110,56.02,35,0,False
CB-1038,2024-01-08,56.0,54,56.02,35,0,False
CB-1038,2024-01-15,62.0,0,56.02,35,1,False
CB-1038,2024-01-22,57.0,0,56.02,35,1,False
CB-1038,2024-01-29,54.0,0,56.02,35,1,False
CB-1038,2024-02-05,62.0,164,56.02,35,0,False
CB-1038,2024-02-12,56.0,333,56.02,35,0,False
CB-1038,2024-02-19,56.0,277,56.02,35,0,False
CB-1038,2024-02-26,53.0,224,56.02,35,0,False
CB-1038,2024-03-04,55.0,169,56.02,35,0,False
CB-1038,2024-03-11,59.0,110,56.02,35,0,False
CB-1038,2024-03-18,58.0,52,56.02,35,0,False
CB-1038,2024-03-25,67.0,211,56.02,35,0,False
CB-1038,2024-04-01,59.0,152,56.02,35,0,False
CB-1038,2024-04-08,49.0,103,56.02,35,0,False
CB-1038,2024-04-15,60.0,43,56.02,35,0,False
CB-1038,2024-04-22,62.0,206,56.02,35,0,False
CB-1038,2024-04-29,61.0,145,56.02,35,0,False
CB-1038,2024-05-06,71.0,74,56.02,35,0,False
CB-1038,2024-05-13,60.0,14,56.02,35,0,False
CB-1038,2024-05-20,66.0,174,56.02,35,0,False
CB-1038,2024-05-27,61.0,113,56.02,35,0,False
CB-1038,2024-06-03,59.0,54,56.02,35,0,False
CB-1038,2024-06-10,54.0,0,56.02,35,1,False
CB-1038,2024-06-17,56.0,170,56.02,35,0,False
CB-1038,2024-06-24,52.0,118,56.02,35,0,False
CB-1038,2024-07-01,55.0,63,56.02,35,0,False
CB-1038,2024-07-08,51.0,237,56.02,35,0,False
CB-1038,2024-07-15,47.0,190,56.02,35,0,False
CB-1038,2024-07-22,53.0,137,56.02,35,0,False
CB-1038,2024-07-29,50.0,87,56.02,35,0,False
CB-1038,2024-08-05,45.0,268,56.02,35,0,False
CB-1038,2024-08-12,46.0,222,56.02,35,0,False
CB-1038,2024-08-19,44.0,178,56.02,35,0,False
CB-1038,2024-08-26,40.0,138,56.02,35,0,False
CB-1038,2024-09-02,43.0,95,56.02,35,0,False
CB-1038,2024-09-09,40.0,280,56.02,35,0,False
CB-1038,2024-09-16,39.0,241,56.02,35,0,False
CB-1038,2024-09-23,36.0,205,56.02,35,0,False
CB-1038,2024-09-30,40.0,165,56.02,35,0,False
CB-1038,2024-10-07,44.0,121,56.02,35,0,False
CB-1038,2024-10-14,40.0,307,56.02,35,0,False
CB-1038,2024-10-21,51.0,256,56.02,35,0,False
CB-1038,2024-10-28,47.0,209,56.02,35,0,False
CB-1038,2024-11-04,49.0,160,56.02,35,0,False
CB-1038,2024-11-11,49.0,111,56.02,35,0,False
CB-1038,2024-11-18,54.0,57,56.02,35,0,False
CB-1038,2024-11-25,45.0,237,56.02,35,0,False
CB-1038,2024-12-02,40.0,197,56.02,35,0,False
CB-1038,2024-12-09,50.0,147,56.02,35,0,False
CB-1038,2024-12-16,56.0,91,56.02,35,0,False
CB-1038,2024-12-23,56.0,261,56.02,35,0,False
CB-1038,2024-12-30,58.0,203,56.02,35,0,False
CB-1038,2025-01-06,65.0,138,56.02,35,0,False
CB-1038,2025-01-13,63.0,75,56.02,35,0,False
CB-1038,2025-01-20,67.0,8,56.02,35,0,False
CB-1038,2025-01-27,59.0,175,56.02,35,0,False
CB-1038,2025-02-03,60.0,115,56.02,35,0,False
CB-1038,2025-02-10,76.0,39,56.02,35,0,False
CB-1038,2025-02-17,69.0,0,56.02,35,1,False
CB-1038,2025-02-24,67.0,159,56.02,35,0,False
CB-1038,2025-03-03,68.0,91,56.02,35,0,False
CB-1038,2025-03-10,68.0,23,56.02,35,0,False
CB-1038,2025-03-17,69.0,179,56.02,35,0,False
CB-1038,2025-03-24,66.0,113,56.02,35,0,False
CB-1038,2025-03-31,65.0,48,56.02,35,0,False
CB-1038,2025-04-07,72.0,0,56.02,35,1,False
CB-1038,2025-04-14,70.0,156,56.02,35,0,False
CB-1038,2025-04-21,79.0,77,56.02,35,0,False
CB-1038,2025-04-28,74.0,3,56.02,35,0,False
CB-1038,2025-05-05,73.0,155,56.02,35,0,False
CB-1038,2025-05-12,66.0,89,56.02,35,0,False
CB-1038,2025-05-19,69.0,20,56.02,35,0,False
CB-1038,2025-05-26,70.0,0,56.02,35,1,False
CB-1038,2025-06-02,71.0,155,56.02,35,0,False
CB-1038,2025-06-09,65.0,90,56.02,35,0,False
CB-1038,2025-06-16,69.0,21,56.02,35,0,False
CB-1038,2025-06-23,62.0,184,56.02,35,0,False
CB-1038,2025-06-30,64.0,120,56.02,35,0,False
CB-1038,2025-07-07,56.0,64,56.02,35,0,False
CB-1038,2025-07-14,49.0,15,56.02,35,0,False
CB-1038,2025-07-21,57.0,184,56.02,35,0,False
CB-1038,2025-07-28,57.0,127,56.02,35,0,False
CB-1038,2025-08-04,55.0,72,56.02,35,0,False
CB-1038,2025-08-11,53.0,244,56.02,35,0,False
CB-1038,2025-08-18,48.0,196,56.02,35,0,False
CB-1038,2025-08-25,46.0,150,56.02,35,0,False
CB-1038,2025-09-01,50.0,100,56.02,35,0,False
CB-1038,2025-09-08,49.0,51,56.02,35,0,False
CB-1038,2025-09-15,45.0,232,56.02,35,0,False
CB-1038,2025-09-22,51.0,181,56.02,35,0,False
CB-1038,2025-09-29,43.0,138,56.02,35,0,False
CB-1038,2025-10-06,45.0,93,56.02,35,0,False
CB-1038,2025-10-13,53.0,265,56.02,35,0,False
CB-1038,2025-10-20,51.0,214,56.02,35,0,False
CB-1038,2025-10-27,47.0,167,56.02,35,0,False
CB-1038,2025-11-03,51.0,116,56.02,35,0,False
CB-1038,2025-11-10,52.0,64,56.02,35,0,False
CB-1038,2025-11-17,41.0,249,56.02,35,0,False
CB-1038,2025-11-24,50.0,199,56.02,35,0,False
CB-1038,2025-12-01,56.0,143,56.02,35,0,False
CB-1038,2025-12-08,56.0,87,56.02,35,0,False
CB-1038,2025-12-15,61.0,252,56.02,35,0,False
CB-1038,2025-12-22,67.0,185,56.02,35,0,False
CB-1039,2024-01-01,42.0,123,18.06,28,0,False
CB-1039,2024-01-08,35.0,88,18.06,28,0,False
CB-1039,2024-01-15,38.0,50,18.06,28,0,False
CB-1039,2024-01-22,38.0,12,18.06,28,0,False
CB-1039,2024-01-29,77.0,101,18.06,28,0,False
CB-1039,2024-02-05,10.0,91,18.06,28,0,False
CB-1039,2024-02-12,39.0,52,18.06,28,0,False
CB-1039,2024-02-19,46.0,172,18.06,28,0,False
CB-1039,2024-02-26,34.0,138,18.06,28,0,False
CB-1039,2024-03-04,63.0,75,18.06,28,0,False
CB-1039,2024-03-11,62.0,13,18.06,28,0,False
CB-1039,2024-03-18,48.0,130,18.06,28,0,False
CB-1039,2024-03-25,44.0,86,18.06,28,0,False
CB-1039,2024-04-01,47.0,39,18.06,28,0,False
CB-1039,2024-04-08,47.0,158,18.06,28,0,False
CB-1039,2024-04-15,48.0,110,18.06,28,0,False
CB-1039,2024-04-22,46.0,64,18.06,28,0,False
CB-1039,2024-04-29,53.0,11,18.06,28,0,False
CB-1039,2024-05-06,61.0,116,18.06,28,0,False
CB-1039,2024-05-13,27.0,89,18.06,28,0,False
CB-1039,2024-05-20,29.0,60,18.06,28,0,False
CB-1039,2024-05-27,18.0,208,18.06,28,0,False
CB-1039,2024-06-03,58.0,150,18.06,28,0,False
CB-1039,2024-06-10,48.0,102,18.06,28,0,False
CB-1039,2024-06-17,50.0,52,18.06,28,0,False
CB-1039,2024-06-24,21.0,31,18.06,28,0,False
CB-1039,2024-07-01,66.0,131,18.06,28,0,False
CB-1039,2024-07-08,31.0,100,18.06,28,0,False
CB-1039,2024-07-15,41.0,59,18.06,28,0,False
CB-1039,2024-07-22,48.0,11,18.06,28,0,False
CB-1039,2024-07-29,24.0,153,18.06,28,0,False
CB-1039,2024-08-05,28.0,125,18.06,28,0,False
CB-1039,2024-08-12,36.0,89,18.06,28,0,False
CB-1039,2024-08-19,67.0,188,18.06,28,0,False
CB-1039,2024-08-26,36.0,152,18.06,28,0,False
CB-1039,2024-09-02,50.0,102,18.06,28,0,False
CB-1039,2024-09-09,45.0,57,18.06,28,0,False
CB-1039,2024-09-16,36.0,21,18.06,28,0,False
CB-1039,2024-09-23,20.0,166,18.06,28,0,False
CB-1039,2024-09-30,43.0,123,18.06,28,0,False
CB-1039,2024-10-07,15.0,108,18.06,28,0,False
CB-1039,2024-10-14,50.0,58,18.06,28,0,False
CB-1039,2024-10-21,35.0,189,18.06,28,0,False
CB-1039,2024-10-28,2.0,187,18.06,28,0,False
CB-1039,2024-11-04,30.0,157,18.06,28,0,False
CB-1039,2024-11-11,42.0,115,18.06,28,0,False
CB-1039,2024-11-18,32.0,83,18.06,28,0,False
CB-1039,2024-11-25,46.0,37,18.06,28,0,False
CB-1039,2024-12-02,26.0,177,18.06,28,0,False
CB-1039,2024-12-09,21.0,156,18.06,28,0,False
CB-1039,2024-12-16,39.0,117,18.06,28,0,False
CB-1039,2024-12-23,42.0,75,18.06,28,0,False
CB-1039,2024-12-30,38.0,203,18.06,28,0,False
CB-1039,2025-01-06,64.0,139,18.06,28,0,False
CB-1039,2025-01-13,32.0,107,18.06,28,0,False
CB-1039,2025-01-20,52.0,55,18.06,28,0,False
CB-1039,2025-01-27,50.0,5,18.06,28,0,False
CB-1039,2025-02-03,23.0,148,18.06,28,0,False
CB-1039,2025-02-10,27.0,121,18.06,28,0,False
CB-1039,2025-02-17,52.0,69,18.06,28,0,False
CB-1039,2025-02-24,89.0,146,18.06,28,0,False
CB-1039,2025-03-03,64.0,82,18.06,28,0,False
CB-1039,2025-03-10,21.0,61,18.06,28,0,False
CB-1039,2025-03-17,0.0,61,18.06,28,0,False
CB-1039,2025-03-24,69.0,157,18.06,28,0,False
CB-1039,2025-03-31,53.0,104,18.06,28,0,False
CB-1039,2025-04-07,78.0,26,18.06,28,0,False
CB-1039,2025-04-14,38.0,0,18.06,28,1,False
CB-1039,2025-04-21,62.0,104,18.06,28,0,False
CB-1039,2025-04-28,71.0,33,18.06,28,0,False
CB-1039,2025-05-05,46.0,0,18.06,28,1,False
CB-1039,2025-05-12,45.0,121,18.06,28,0,False
CB-1039,2025-05-19,53.0,68,18.06,28,0,False
CB-1039,2025-05-26,61.0,7,18.06,28,0,False
CB-1039,2025-06-02,50.0,123,18.06,28,0,False
CB-1039,2025-06-09,66.0,57,18.06,28,0,False
CB-1039,2025-06-16,40.0,17,18.06,28,0,False
CB-1039,2025-06-23,25.0,158,18.06,28,0,False
CB-1039,2025-06-30,77.0,81,18.06,28,0,False
CB-1039,2025-07-07,35.0,46,18.06,28,0,False
CB-1039,2025-07-14,34.0,12,18.06,28,0,False
CB-1039,2025-07-21,41.0,136,18.06,28,0,False
CB-1039,2025-07-28,42.0,94,18.06,28,0,False
CB-1039,2025-08-04,34.0,60,18.06,28,0,False
CB-1039,2025-08-11,38.0,188,18.06,28,0,False
CB-1039,2025-08-18,37.0,151,18.06,28,0,False
CB-1039,2025-08-25,39.0,112,18.06,28,0,False
CB-1039,2025-09-01,6.0,106,18.06,28,0,False
CB-1039,2025-09-08,59.0,47,18.06,28,0,False
CB-1039,2025-09-15,33.0,180,18.06,28,0,False
CB-1039,2025-09-22,42.0,138,18.06,28,0,False
CB-1039,2025-09-29,18.0,120,18.06,28,0,False
CB-1039,2025-10-06,29.0,91,18.06,28,0,False
CB-1039,2025-10-13,27.0,230,18.06,28,0,False
CB-1039,2025-10-20,55.0,175,18.06,28,0,False
CB-1039,2025-10-27,29.0,146,18.06,28,0,False
CB-1039,2025-11-03,47.0,99,18.06,28,0,False
CB-1039,2025-11-10,30.0,69,18.06,28,0,False
CB-1039,2025-11-17,33.0,202,18.06,28,0,False
CB-1039,2025-11-24,37.0,165,18.06,28,0,False
CB-1039,2025-12-01,61.0,104,18.06,28,0,False
CB-1039,2025-12-08,15.0,89,18.06,28,0,False
CB-1039,2025-12-15,24.0,65,18.06,28,0,False
CB-1039,2025-12-22,15.0,216,18.06,28,0,False
CB-1040,2024-01-01,51.0,82,173.24,21,0,False
CB-1040,2024-01-08,57.0,25,173.24,21,0,False
CB-1040,2024-01-15,52.0,0,173.24,21,1,False
CB-1040,2024-01-22,59.0,202,173.24,21,0,False
CB-1040,2024-01-29,72.0,130,173.24,21,0,False
CB-1040,2024-02-05,69.0,61,173.24,21,0,False
CB-1040,2024-02-12,70.0,252,173.24,21,0,False
CB-1040,2024-02-19,65.0,187,173.24,21,0,False
CB-1040,2024-02-26,63.0,124,173.24,21,0,False
CB-1040,2024-03-04,66.0,58,173.24,21,0,False
CB-1040,2024-03-11,73.0,247,173.24,21,0,False
CB-1040,2024-03-18,80.0,167,173.24,21,0,False
CB-1040,2024-03-25,80.0,87,173.24,21,0,False
CB-1040,2024-04-01,79.0,8,173.24,21,0,False
CB-1040,2024-04-08,71.0,198,173.24,21,0,False
CB-1040,2024-04-15,75.0,123,173.24,21,0,False
CB-1040,2024-04-22,73.0,50,173.24,21,0,False
CB-1040,2024-04-29,73.0,238,173.24,21,0,False
CB-1040,2024-05-06,85.0,153,173.24,21,0,False
CB-1040,2024-05-13,62.0,91,173.24,21,0,False
CB-1040,2024-05-20,70.0,21,173.24,21,0,False
CB-1040,2024-05-27,77.0,205,173.24,21,0,False
CB-1040,2024-06-03,61.0,144,173.24,21,0,False
CB-1040,2024-06-10,64.0,80,173.24,21,0,False
CB-1040,2024-06-17,63.0,278,173.24,21,0,False
CB-1040,2024-06-24,63.0,215,173.24,21,0,False
CB-1040,2024-07-01,54.0,161,173.24,21,0,False
CB-1040,2024-07-08,63.0,98,173.24,21,0,False
CB-1040,2024-07-15,62.0,36,173.24,21,0,False
CB-1040,2024-07-22,59.0,239,173.24,21,0,False
CB-1040,2024-07-29,51.0,188,173.24,21,0,False
CB-1040,2024-08-05,54.0,134,173.24,21,0,False
CB-1040,2024-08-12,49.0,85,173.24,21,0,False
CB-1040,2024-08-19,50.0,296,173.24,21,0,False
CB-1040,2024-08-26,59.0,237,173.24,21,0,False
CB-1040,2024-09-02,50.0,187,173.24,21,0,False
CB-1040,2024-09-09,44.0,143,173.24,21,0,False
CB-1040,2024-09-16,49.0,94,173.24,21,0,False
CB-1040,2024-09-23,43.0,312,173.24,21,0,False
CB-1040,2024-09-30,43.0,269,173.24,21,0,False
CB-1040,2024-10-07,44.0,225,173.24,21,0,False
CB-1040,2024-10-14,47.0,178,173.24,21,0,False
CB-1040,2024-10-21,53.0,125,173.24,21,0,False
CB-1040,2024-10-28,53.0,72,173.24,21,0,False
CB-1040,2024-11-04,53.0,280,173.24,21,0,False
CB-1040,2024-11-11,48.0,232,173.24,21,0,False
CB-1040,2024-11-18,52.0,180,173.24,21,0,False
CB-1040,2024-11-25,57.0,123,173.24,21,0,False
CB-1040,2024-12-02,55.0,68,173.24,21,0,False
CB-1040,2024-12-09,58.0,271,173.24,21,0,False
CB-1040,2024-12-16,64.0,207,173.24,21,0,False
CB-1040,2024-12-23,62.0,145,173.24,21,0,False
CB-1040,2024-12-30,67.0,78,173.24,21,0,False
CB-1040,2025-01-06,77.0,1,173.24,21,0,False
CB-1040,2025-01-13,69.0,193,173.24,21,0,False
CB-1040,2025-01-20,79.0,114,173.24,21,0,False
CB-1040,2025-01-27,77.0,37,173.24,21,0,False
CB-1040,2025-02-03,67.0,232,173.24,21,0,False
CB-1040,2025-02-10,71.0,161,173.24,21,0,False
CB-1040,2025-02-17,74.0,87,173.24,21,0,False
CB-1040,2025-02-24,75.0,12,173.24,21,0,False
CB-1040,2025-03-03,81.0,192,173.24,21,0,False
CB-1040,2025-03-10,87.0,105,173.24,21,0,False
CB-1040,2025-03-17,92.0,13,173.24,21,0,False
CB-1040,2025-03-24,86.0,188,173.24,21,0,False
CB-1040,2025-03-31,82.0,106,173.24,21,0,False
CB-1040,2025-04-07,71.0,35,173.24,21,0,False
CB-1040,2025-04-14,85.0,211,173.24,21,0,False
CB-1040,2025-04-21,84.0,127,173.24,21,0,False
CB-1040,2025-04-28,85.0,42,173.24,21,0,False
CB-1040,2025-05-05,96.0,0,173.24,21,1,False
CB-1040,2025-05-12,89.0,172,173.24,21,0,False
CB-1040,2025-05-19,85.0,87,173.24,21,0,False
CB-1040,2025-05-26,73.0,14,173.24,21,0,False
CB-1040,2025-06-02,74.0,201,173.24,21,0,False
CB-1040,2025-06-09,75.0,126,173.24,21,0,False
CB-1040,2025-06-16,69.0,57,173.24,21,0,False
CB-1040,2025-06-23,74.0,245,173.24,21,0,False
CB-1040,2025-06-30,72.0,173,173.24,21,0,False
CB-1040,2025-07-07,62.0,111,173.24,21,0,False
CB-1040,2025-07-14,72.0,39,173.24,21,0,False
CB-1040,2025-07-21,64.0,236,173.24,21,0,False
CB-1040,2025-07-28,53.0,183,173.24,21,0,False
CB-1040,2025-08-04,60.0,123,173.24,21,0,False
CB-1040,2025-08-11,60.0,63,173.24,21,0,False
CB-1040,2025-08-18,62.0,262,173.24,21,0,False
CB-1040,2025-08-25,55.0,207,173.24,21,0,False
CB-1040,2025-09-01,59.0,148,173.24,21,0,False
CB-1040,2025-09-08,55.0,93,173.24,21,0,False
CB-1040,2025-09-15,48.0,306,173.24,21,0,False
CB-1040,2025-09-22,48.0,258,173.24,21,0,False
CB-1040,2025-09-29,58.0,200,173.24,21,0,False
CB-1040,2025-10-06,59.0,141,173.24,21,0,False
CB-1040,2025-10-13,56.0,85,173.24,21,0,False
CB-1040,2025-10-20,62.0,284,173.24,21,0,False
CB-1040,2025-10-27,61.0,223,173.24,21,0,False
CB-1040,2025-11-03,60.0,163,173.24,21,0,False
CB-1040,2025-11-10,55.0,108,173.24,21,0,False
CB-1040,2025-11-17,69.0,39,173.24,21,0,False
CB-1040,2025-11-24,65.0,236,173.24,21,0,False
CB-1040,2025-12-01,62.0,174,173.24,21,0,False
CB-1040,2025-12-08,63.0,111,173.24,21,0,False
CB-1040,2025-12-15,70.0,41,173.24,21,0,False
CB-1040,2025-12-22,62.0,240,173.24,21,0,False
CB-1041,2024-01-01,22.0,19,49.69,21,0,False
CB-1041,2024-01-08,56.0,0,49.69,21,1,False
CB-1041,2024-01-15,0.0,0,49.69,21,0,False
CB-1041,2024-01-22,0.0,29,49.69,21,0,False
CB-1041,2024-01-29,0.0,57,49.69,21,0,False
CB-1041,2024-02-05,0.0,57,49.69,21,0,False
CB-1041,2024-02-12,0.0,57,49.69,21,0,False
CB-1041,2024-02-19,0.0,57,49.69,21,0,False
CB-1041,2024-02-26,0.0,57,49.69,21,0,False
CB-1041,2024-03-04,0.0,57,49.69,21,0,False
CB-1041,2024-03-11,0.0,57,49.69,21,0,False
CB-1041,2024-03-18,0.0,57,49.69,21,0,False
CB-1041,2024-03-25,0.0,57,49.69,21,0,False
CB-1041,2024-04-01,0.0,57,49.69,21,0,False
CB-1041,2024-04-08,24.0,33,49.69,21,0,False
CB-1041,2024-04-15,0.0,33,49.69,21,0,False
CB-1041,2024-04-22,37.0,0,49.69,21,1,False
CB-1041,2024-04-29,0.0,29,49.69,21,0,False
CB-1041,2024-05-06,56.0,0,49.69,21,1,False
CB-1041,2024-05-13,0.0,29,49.69,21,0,False
CB-1041,2024-05-20,0.0,29,49.69,21,0,False
CB-1041,2024-05-27,0.0,57,49.69,21,0,False
CB-1041,2024-06-03,0.0,57,49.69,21,0,False
CB-1041,2024-06-10,0.0,57,49.69,21,0,False
CB-1041,2024-06-17,0.0,57,49.69,21,0,False
CB-1041,2024-06-24,0.0,57,49.69,21,0,False
CB-1041,2024-07-01,0.0,57,49.69,21,0,False
CB-1041,2024-07-08,0.0,57,49.69,21,0,False
CB-1041,2024-07-15,0.0,57,49.69,21,0,False
CB-1041,2024-07-22,0.0,57,49.69,21,0,False
CB-1041,2024-07-29,0.0,57,49.69,21,0,False
CB-1041,2024-08-05,0.0,57,49.69,21,0,False
CB-1041,2024-08-12,0.0,57,49.69,21,0,False
CB-1041,2024-08-19,0.0,57,49.69,21,0,False
CB-1041,2024-08-26,0.0,57,49.69,21,0,False
CB-1041,2024-09-02,0.0,57,49.69,21,0,False
CB-1041,2024-09-09,39.0,18,49.69,21,0,False
CB-1041,2024-09-16,0.0,18,49.69,21,0,False
CB-1041,2024-09-23,0.0,18,49.69,21,0,False
CB-1041,2024-09-30,21.0,26,49.69,21,0,False
CB-1041,2024-10-07,0.0,26,49.69,21,0,False
CB-1041,2024-10-14,0.0,26,49.69,21,0,False
CB-1041,2024-10-21,39.0,15,49.69,21,0,False
CB-1041,2024-10-28,0.0,15,49.69,21,0,False
CB-1041,2024-11-04,0.0,15,49.69,21,0,False
CB-1041,2024-11-11,56.0,0,49.69,21,1,False
CB-1041,2024-11-18,0.0,0,49.69,21,0,False
CB-1041,2024-11-25,0.0,0,49.69,21,0,False
CB-1041,2024-12-02,33.0,0,49.69,21,1,False
CB-1041,2024-12-09,0.0,29,49.69,21,0,False
CB-1041,2024-12-16,0.0,29,49.69,21,0,False
CB-1041,2024-12-23,0.0,57,49.69,21,0,False
CB-1041,2024-12-30,0.0,57,49.69,21,0,False
CB-1041,2025-01-06,0.0,57,49.69,21,0,False
CB-1041,2025-01-13,29.0,28,49.69,21,0,False
CB-1041,2025-01-20,0.0,28,49.69,21,0,False
CB-1041,2025-01-27,0.0,28,49.69,21,0,False
CB-1041,2025-02-03,0.0,57,49.69,21,0,False
CB-1041,2025-02-10,0.0,57,49.69,21,0,False
CB-1041,2025-02-17,17.0,40,49.69,21,0,False
CB-1041,2025-02-24,0.0,40,49.69,21,0,False
CB-1041,2025-03-03,0.0,40,49.69,21,0,False
CB-1041,2025-03-10,0.0,40,49.69,21,0,False
CB-1041,2025-03-17,7.0,33,49.69,21,0,False
CB-1041,2025-03-24,0.0,33,49.69,21,0,False
CB-1041,2025-03-31,0.0,33,49.69,21,0,False
CB-1041,2025-04-07,0.0,61,49.69,21,0,False
CB-1041,2025-04-14,0.0,61,49.69,21,0,False
CB-1041,2025-04-21,0.0,61,49.69,21,0,False
CB-1041,2025-04-28,0.0,61,49.69,21,0,False
CB-1041,2025-05-05,0.0,61,49.69,21,0,False
CB-1041,2025-05-12,0.0,61,49.69,21,0,False
CB-1041,2025-05-19,0.0,61,49.69,21,0,False
CB-1041,2025-05-26,0.0,61,49.69,21,0,False
CB-1041,2025-06-02,0.0,61,49.69,21,0,False
CB-1041,2025-06-09,0.0,61,49.69,21,0,False
CB-1041,2025-06-16,0.0,61,49.69,21,0,False
CB-1041,2025-06-23,31.0,30,49.69,21,0,False
CB-1041,2025-06-30,0.0,30,49.69,21,0,False
CB-1041,2025-07-07,5.0,25,49.69,21,0,False
CB-1041,2025-07-14,0.0,54,49.69,21,0,False
CB-1041,2025-07-21,0.0,54,49.69,21,0,False
CB-1041,2025-07-28,0.0,54,49.69,21,0,False
CB-1041,2025-08-04,0.0,54,49.69,21,0,False
CB-1041,2025-08-11,0.0,54,49.69,21,0,False
CB-1041,2025-08-18,0.0,54,49.69,21,0,False
CB-1041,2025-08-25,28.0,26,49.69,21,0,False
CB-1041,2025-09-01,0.0,26,49.69,21,0,False
CB-1041,2025-09-08,0.0,26,49.69,21,0,False
CB-1041,2025-09-15,0.0,54,49.69,21,0,False
CB-1041,2025-09-22,0.0,54,49.69,21,0,False
CB-1041,2025-09-29,23.0,31,49.69,21,0,False
CB-1041,2025-10-06,0.0,31,49.69,21,0,False
CB-1041,2025-10-13,0.0,31,49.69,21,0,False
CB-1041,2025-10-20,0.0,60,49.69,21,0,False
CB-1041,2025-10-27,15.0,45,49.69,21,0,False
CB-1041,2025-11-03,16.0,29,49.69,21,0,False
CB-1041,2025-11-10,33.0,0,49.69,21,1,False
CB-1041,2025-11-17,0.0,0,49.69,21,0,False
CB-1041,2025-11-24,0.0,29,49.69,21,0,False
CB-1041,2025-12-01,0.0,57,49.69,21,0,False
CB-1041,2025-12-08,42.0,15,49.69,21,0,False
CB-1041,2025-12-15,53.0,0,49.69,21,1,False
CB-1041,2025-12-22,34.0,0,49.69,21,1,False
CB-1042,2024-01-01,0.0,13,140.73,35,0,False
CB-1042,2024-01-08,0.0,13,140.73,35,0,False
CB-1042,2024-01-15,42.0,0,140.73,35,1,False
CB-1042,2024-01-22,0.0,0,140.73,35,0,False
CB-1042,2024-01-29,0.0,0,140.73,35,0,False
CB-1042,2024-02-05,0.0,31,140.73,35,0,False
CB-1042,2024-02-12,0.0,62,140.73,35,0,False
CB-1042,2024-02-19,0.0,62,140.73,35,0,False
CB-1042,2024-02-26,0.0,62,140.73,35,0,False
CB-1042,2024-03-04,14.0,48,140.73,35,0,False
CB-1042,2024-03-11,30.0,18,140.73,35,0,False
CB-1042,2024-03-18,6.0,12,140.73,35,0,False
CB-1042,2024-03-25,56.0,0,140.73,35,1,False
CB-1042,2024-04-01,9.0,0,140.73,35,1,False
CB-1042,2024-04-08,0.0,31,140.73,35,0,False
CB-1042,2024-04-15,58.0,4,140.73,35,0,False
CB-1042,2024-04-22,0.0,4,140.73,35,0,False
CB-1042,2024-04-29,0.0,4,140.73,35,0,False
CB-1042,2024-05-06,0.0,4,140.73,35,0,False
CB-1042,2024-05-13,0.0,4,140.73,35,0,False
CB-1042,2024-05-20,21.0,14,140.73,35,0,False
CB-1042,2024-05-27,11.0,34,140.73,35,0,False
CB-1042,2024-06-03,0.0,34,140.73,35,0,False
CB-1042,2024-06-10,11.0,23,140.73,35,0,False
CB-1042,2024-06-17,0.0,23,140.73,35,0,False
CB-1042,2024-06-24,0.0,54,140.73,35,0,False
CB-1042,2024-07-01,5.0,49,140.73,35,0,False
CB-1042,2024-07-08,18.0,31,140.73,35,0,False
CB-1042,2024-07-15,0.0,31,140.73,35,0,False
CB-1042,2024-07-22,0.0,31,140.73,35,0,False
CB-1042,2024-07-29,0.0,31,140.73,35,0,False
CB-1042,2024-08-05,0.0,62,140.73,35,0,False
CB-1042,2024-08-12,0.0,62,140.73,35,0,False
CB-1042,2024-08-19,0.0,62,140.73,35,0,False
CB-1042,2024-08-26,11.0,51,140.73,35,0,False
CB-1042,2024-09-02,0.0,51,140.73,35,0,False
CB-1042,2024-09-09,0.0,51,140.73,35,0,False
CB-1042,2024-09-16,21.0,30,140.73,35,0,False
CB-1042,2024-09-23,0.0,30,140.73,35,0,False
CB-1042,2024-09-30,30.0,31,140.73,35,0,False
CB-1042,2024-10-07,0.0,31,140.73,35,0,False
CB-1042,2024-10-14,0.0,31,140.73,35,0,False
CB-1042,2024-10-21,11.0,20,140.73,35,0,False
CB-1042,2024-10-28,0.0,20,140.73,35,0,False
CB-1042,2024-11-04,0.0,51,140.73,35,0,False
CB-1042,2024-11-11,19.0,32,140.73,35,0,False
CB-1042,2024-11-18,0.0,32,140.73,35,0,False
CB-1042,2024-11-25,0.0,63,140.73,35,0,False
CB-1042,2024-12-02,0.0,63,140.73,35,0,False
CB-1042,2024-12-09,0.0,63,140.73,35,0,False
CB-1042,2024-12-16,0.0,63,140.73,35,0,False
CB-1042,2024-12-23,0.0,63,140.73,35,0,False
CB-1042,2024-12-30,41.0,22,140.73,35,0,False
CB-1042,2025-01-06,0.0,22,140.73,35,0,False
CB-1042,2025-01-13,54.0,0,140.73,35,1,False
CB-1042,2025-01-20,0.0,0,140.73,35,0,False
CB-1042,2025-01-27,23.0,0,140.73,35,1,False
CB-1042,2025-02-03,0.0,31,140.73,35,0,False
CB-1042,2025-02-10,0.0,31,140.73,35,0,False
CB-1042,2025-02-17,0.0,62,140.73,35,0,False
CB-1042,2025-02-24,0.0,62,140.73,35,0,False
CB-1042,2025-03-03,0.0,62,140.73,35,0,False
CB-1042,2025-03-10,0.0,62,140.73,35,0,False
CB-1042,2025-03-17,0.0,62,140.73,35,0,False
CB-1042,2025-03-24,0.0,62,140.73,35,0,False
CB-1042,2025-03-31,0.0,62,140.73,35,0,False
CB-1042,2025-04-07,0.0,62,140.73,35,0,False
CB-1042,2025-04-14,0.0,62,140.73,35,0,False
CB-1042,2025-04-21,45.0,17,140.73,35,0,False
CB-1042,2025-04-28,0.0,17,140.73,35,0,False
CB-1042,2025-05-05,0.0,17,140.73,35,0,False
CB-1042,2025-05-12,0.0,17,140.73,35,0,False
CB-1042,2025-05-19,0.0,17,140.73,35,0,False
CB-1042,2025-05-26,11.0,37,140.73,35,0,False
CB-1042,2025-06-02,0.0,68,140.73,35,0,False
CB-1042,2025-06-09,0.0,68,140.73,35,0,False
CB-1042,2025-06-16,0.0,68,140.73,35,0,False
CB-1042,2025-06-23,0.0,68,140.73,35,0,False
CB-1042,2025-06-30,0.0,68,140.73,35,0,False
CB-1042,2025-07-07,0.0,68,140.73,35,0,False
CB-1042,2025-07-14,0.0,68,140.73,35,0,False
CB-1042,2025-07-21,0.0,68,140.73,35,0,False
CB-1042,2025-07-28,0.0,68,140.73,35,0,False
CB-1042,2025-08-04,0.0,68,140.73,35,0,False
CB-1042,2025-08-11,0.0,68,140.73,35,0,False
CB-1042,2025-08-18,19.0,49,140.73,35,0,False
CB-1042,2025-08-25,35.0,14,140.73,35,0,False
CB-1042,2025-09-01,0.0,14,140.73,35,0,False
CB-1042,2025-09-08,0.0,14,140.73,35,0,False
CB-1042,2025-09-15,0.0,14,140.73,35,0,False
CB-1042,2025-09-22,40.0,5,140.73,35,0,False
CB-1042,2025-09-29,0.0,36,140.73,35,0,False
CB-1042,2025-10-06,0.0,36,140.73,35,0,False
CB-1042,2025-10-13,20.0,16,140.73,35,0,False
CB-1042,2025-10-20,0.0,16,140.73,35,0,False
CB-1042,2025-10-27,24.0,23,140.73,35,0,False
CB-1042,2025-11-03,0.0,23,140.73,35,0,False
CB-1042,2025-11-10,0.0,23,140.73,35,0,False
CB-1042,2025-11-17,0.0,54,140.73,35,0,False
CB-1042,2025-11-24,55.0,0,140.73,35,1,False
CB-1042,2025-12-01,0.0,0,140.73,35,0,False
CB-1042,2025-12-08,0.0,0,140.73,35,0,False
CB-1042,2025-12-15,40.0,0,140.73,35,1,False
CB-1042,2025-12-22,0.0,0,140.73,35,0,False
CB-1043,2024-01-01,31.0,32,50.82,35,0,False
CB-1043,2024-01-08,25.0,7,50.82,35,0,False
CB-1043,2024-01-15,21.0,0,50.82,35,1,False
CB-1043,2024-01-22,18.0,0,50.82,35,1,False
CB-1043,2024-01-29,14.0,0,50.82,35,1,False
CB-1043,2024-02-05,30.0,102,50.82,35,0,False
CB-1043,2024-02-12,17.0,216,50.82,35,0,False
CB-1043,2024-02-19,23.0,193,50.82,35,0,False
CB-1043,2024-02-26,30.0,163,50.82,35,0,False
CB-1043,2024-03-04,19.0,144,50.82,35,0,False
CB-1043,2024-03-11,41.0,103,50.82,35,0,False
CB-1043,2024-03-18,46.0,57,50.82,35,0,False
CB-1043,2024-03-25,30.0,27,50.82,35,0,False
CB-1043,2024-04-01,31.0,128,50.82,35,0,False
CB-1043,2024-04-08,44.0,84,50.82,35,0,False
CB-1043,2024-04-15,28.0,56,50.82,35,0,False
CB-1043,2024-04-22,27.0,29,50.82,35,0,False
CB-1043,2024-04-29,52.0,109,50.82,35,0,False
CB-1043,2024-05-06,47.0,62,50.82,35,0,False
CB-1043,2024-05-13,43.0,19,50.82,35,0,False
CB-1043,2024-05-20,47.0,0,50.82,35,1,False
CB-1043,2024-05-27,11.0,121,50.82,35,0,False
CB-1043,2024-06-03,50.0,71,50.82,35,0,False
CB-1043,2024-06-10,38.0,33,50.82,35,0,False
CB-1043,2024-06-17,44.0,120,50.82,35,0,False
CB-1043,2024-06-24,36.0,84,50.82,35,0,False
CB-1043,2024-07-01,31.0,53,50.82,35,0,False
CB-1043,2024-07-08,27.0,26,50.82,35,0,False
CB-1043,2024-07-15,33.0,125,50.82,35,0,False
CB-1043,2024-07-22,25.0,100,50.82,35,0,False
CB-1043,2024-07-29,36.0,64,50.82,35,0,False
CB-1043,2024-08-05,12.0,52,50.82,35,0,False
CB-1043,2024-08-12,21.0,163,50.82,35,0,False
CB-1043,2024-08-19,43.0,120,50.82,35,0,False
CB-1043,2024-08-26,19.0,101,50.82,35,0,False
CB-1043,2024-09-02,22.0,79,50.82,35,0,False
CB-1043,2024-09-09,17.0,62,50.82,35,0,False
CB-1043,2024-09-16,27.0,166,50.82,35,0,False
CB-1043,2024-09-23,18.0,148,50.82,35,0,False
CB-1043,2024-09-30,22.0,126,50.82,35,0,False
CB-1043,2024-10-07,31.0,95,50.82,35,0,False
CB-1043,2024-10-14,18.0,77,50.82,35,0,False
CB-1043,2024-10-21,31.0,178,50.82,35,0,False
CB-1043,2024-10-28,32.0,146,50.82,35,0,False
CB-1043,2024-11-04,35.0,111,50.82,35,0,False
CB-1043,2024-11-11,27.0,84,50.82,35,0,False
CB-1043,2024-11-18,57.0,27,50.82,35,0,False
CB-1043,2024-11-25,38.0,0,50.82,35,1,False
CB-1043,2024-12-02,32.0,100,50.82,35,0,False
CB-1043,2024-12-09,20.0,80,50.82,35,0,False
CB-1043,2024-12-16,29.0,51,50.82,35,0,False
CB-1043,2024-12-23,47.0,135,50.82,35,0,False
CB-1043,2024-12-30,52.0,83,50.82,35,0,False
CB-1043,2025-01-06,51.0,32,50.82,35,0,False
CB-1043,2025-01-13,44.0,0,50.82,35,1,False
CB-1043,2025-01-20,20.0,0,50.82,35,1,False
CB-1043,2025-01-27,43.0,89,50.82,35,0,False
CB-1043,2025-02-03,21.0,68,50.82,35,0,False
CB-1043,2025-02-10,18.0,181,50.82,35,0,False
CB-1043,2025-02-17,42.0,139,50.82,35,0,False
CB-1043,2025-02-24,47.0,92,50.82,35,0,False
CB-1043,2025-03-03,53.0,39,50.82,35,0,False
CB-1043,2025-03-10,48.0,0,50.82,35,1,False
CB-1043,2025-03-17,49.0,0,50.82,35,1,False
CB-1043,2025-03-24,27.0,105,50.82,35,0,False
CB-1043,2025-03-31,40.0,65,50.82,35,0,False
CB-1043,2025-04-07,20.0,176,50.82,35,0,False
CB-1043,2025-04-14,12.0,164,50.82,35,0,False
CB-1043,2025-04-21,52.0,112,50.82,35,0,False
CB-1043,2025-04-28,30.0,82,50.82,35,0,False
CB-1043,2025-05-05,53.0,29,50.82,35,0,False
CB-1043,2025-05-12,56.0,0,50.82,35,1,False
CB-1043,2025-05-19,31.0,101,50.82,35,0,False
CB-1043,2025-05-26,47.0,54,50.82,35,0,False
CB-1043,2025-06-02,29.0,25,50.82,35,0,False
CB-1043,2025-06-09,13.0,143,50.82,35,0,False
CB-1043,2025-06-16,38.0,105,50.82,35,0,False
CB-1043,2025-06-23,29.0,76,50.82,35,0,False
CB-1043,2025-06-30,29.0,47,50.82,35,0,False
CB-1043,2025-07-07,56.0,123,50.82,35,0,False
CB-1043,2025-07-14,15.0,108,50.82,35,0,False
CB-1043,2025-07-21,36.0,72,50.82,35,0,False
CB-1043,2025-07-28,20.0,52,50.82,35,0,False
CB-1043,2025-08-04,39.0,13,50.82,35,0,False
CB-1043,2025-08-11,32.0,113,50.82,35,0,False
CB-1043,2025-08-18,32.0,81,50.82,35,0,False
CB-1043,2025-08-25,19.0,62,50.82,35,0,False
CB-1043,2025-09-01,20.0,42,50.82,35,0,False
CB-1043,2025-09-08,36.0,137,50.82,35,0,False
CB-1043,2025-09-15,43.0,94,50.82,35,0,False
CB-1043,2025-09-22,31.0,63,50.82,35,0,False
CB-1043,2025-09-29,18.0,45,50.82,35,0,False
CB-1043,2025-10-06,30.0,147,50.82,35,0,False
CB-1043,2025-10-13,50.0,97,50.82,35,0,False
CB-1043,2025-10-20,28.0,69,50.82,35,0,False
CB-1043,2025-10-27,42.0,27,50.82,35,0,False
CB-1043,2025-11-03,21.0,6,50.82,35,0,False
CB-1043,2025-11-10,29.0,109,50.82,35,0,False
CB-1043,2025-11-17,36.0,73,50.82,35,0,False
CB-1043,2025-11-24,35.0,38,50.82,35,0,False
CB-1043,2025-12-01,23.0,146,50.82,35,0,False
CB-1043,2025-12-08,23.0,123,50.82,35,0,False
CB-1043,2025-12-15,46.0,77,50.82,35,0,False
CB-1043,2025-12-22,50.0,27,50.82,35,0,False
CB-1044,2024-01-01,76.0,195,162.71,21,0,False
CB-1044,2024-01-08,76.0,119,162.71,21,0,False
CB-1044,2024-01-15,89.0,30,162.71,21,0,False
CB-1044,2024-01-22,87.0,286,162.71,21,0,False
CB-1044,2024-01-29,78.0,208,162.71,21,0,False
CB-1044,2024-02-05,80.0,128,162.71,21,0,False
CB-1044,2024-02-12,93.0,35,162.71,21,0,False
CB-1044,2024-02-19,90.0,289,162.71,21,0,False
CB-1044,2024-02-26,93.0,196,162.71,21,0,False
CB-1044,2024-03-04,102.0,94,162.71,21,0,False
CB-1044,2024-03-11,101.0,0,162.71,21,1,False
CB-1044,2024-03-18,107.0,237,162.71,21,0,False
CB-1044,2024-03-25,82.0,155,162.71,21,0,False
CB-1044,2024-04-01,99.0,56,162.71,21,0,False
CB-1044,2024-04-08,103.0,297,162.71,21,0,False
CB-1044,2024-04-15,85.0,212,162.71,21,0,False
CB-1044,2024-04-22,92.0,120,162.71,21,0,False
CB-1044,2024-04-29,90.0,30,162.71,21,0,False
CB-1044,2024-05-06,95.0,279,162.71,21,0,False
CB-1044,2024-05-13,106.0,173,162.71,21,0,False
CB-1044,2024-05-20,107.0,66,162.71,21,0,False
CB-1044,2024-05-27,85.0,0,162.71,21,1,False
CB-1044,2024-06-03,93.0,251,162.71,21,0,False
CB-1044,2024-06-10,91.0,160,162.71,21,0,False
CB-1044,2024-06-17,87.0,73,162.71,21,0,False
CB-1044,2024-06-24,85.0,332,162.71,21,0,False
CB-1044,2024-07-01,82.0,250,162.71,21,0,False
CB-1044,2024-07-08,89.0,161,162.71,21,0,False
CB-1044,2024-07-15,83.0,78,162.71,21,0,False
CB-1044,2024-07-22,67.0,355,162.71,21,0,False
CB-1044,2024-07-29,76.0,279,162.71,21,0,False
CB-1044,2024-08-05,75.0,204,162.71,21,0,False
CB-1044,2024-08-12,70.0,134,162.71,21,0,False
CB-1044,2024-08-19,72.0,62,162.71,21,0,False
CB-1044,2024-08-26,66.0,339,162.71,21,0,False
CB-1044,2024-09-02,65.0,274,162.71,21,0,False
CB-1044,2024-09-09,64.0,210,162.71,21,0,False
CB-1044,2024-09-16,52.0,158,162.71,21,0,False
CB-1044,2024-09-23,62.0,96,162.71,21,0,False
CB-1044,2024-09-30,59.0,381,162.71,21,0,False
CB-1044,2024-10-07,56.0,325,162.71,21,0,False
CB-1044,2024-10-14,70.0,255,162.71,21,0,False
CB-1044,2024-10-21,66.0,189,162.71,21,0,False
CB-1044,2024-10-28,65.0,124,162.71,21,0,False
CB-1044,2024-11-04,63.0,405,162.71,21,0,False
CB-1044,2024-11-11,70.0,335,162.71,21,0,False
CB-1044,2024-11-18,76.0,259,162.71,21,0,False
CB-1044,2024-11-25,68.0,191,162.71,21,0,False
CB-1044,2024-12-02,75.0,116,162.71,21,0,False
CB-1044,2024-12-09,83.0,377,162.71,21,0,False
CB-1044,2024-12-16,67.0,310,162.71,21,0,False
CB-1044,2024-12-23,82.0,228,162.71,21,0,False
CB-1044,2024-12-30,82.0,146,162.71,21,0,False
CB-1044,2025-01-06,87.0,59,162.71,21,0,False
CB-1044,2025-01-13,87.0,316,162.71,21,0,False
CB-1044,2025-01-20,94.0,222,162.71,21,0,False
CB-1044,2025-01-27,111.0,111,162.71,21,0,False
CB-1044,2025-02-03,96.0,15,162.71,21,0,False
CB-1044,2025-02-10,103.0,256,162.71,21,0,False
CB-1044,2025-02-17,119.0,137,162.71,21,0,False
CB-1044,2025-02-24,100.0,37,162.71,21,0,False
CB-1044,2025-03-03,122.0,258,162.71,21,0,False
CB-1044,2025-03-10,108.0,150,162.71,21,0,False
CB-1044,2025-03-17,124.0,26,162.71,21,0,False
CB-1044,2025-03-24,116.0,254,162.71,21,0,False
CB-1044,2025-03-31,112.0,142,162.71,21,0,False
CB-1044,2025-04-07,109.0,33,162.71,21,0,False
CB-1044,2025-04-14,104.0,273,162.71,21,0,False
CB-1044,2025-04-21,110.0,163,162.71,21,0,False
CB-1044,2025-04-28,116.0,47,162.71,21,0,False
CB-1044,2025-05-05,107.0,284,162.71,21,0,False
CB-1044,2025-05-12,103.0,181,162.71,21,0,False
CB-1044,2025-05-19,102.0,79,162.71,21,0,False
CB-1044,2025-05-26,110.0,0,162.71,21,1,False
CB-1044,2025-06-02,110.0,234,162.71,21,0,False
CB-1044,2025-06-09,,142,162.71,21,0,False
CB-1044,2025-06-16,90.0,52,162.71,21,0,False
CB-1044,2025-06-23,95.0,301,162.71,21,0,False
CB-1044,2025-06-30,101.0,200,162.71,21,0,False
CB-1044,2025-07-07,96.0,104,162.71,21,0,False
CB-1044,2025-07-14,77.0,27,162.71,21,0,False
CB-1044,2025-07-21,81.0,290,162.71,21,0,False
CB-1044,2025-07-28,74.0,216,162.71,21,0,False
CB-1044,2025-08-04,76.0,140,162.71,21,0,False
CB-1044,2025-08-11,86.0,54,162.71,21,0,False
CB-1044,2025-08-18,66.0,331,162.71,21,0,False
CB-1044,2025-08-25,63.0,268,162.71,21,0,False
CB-1044,2025-09-01,67.0,201,162.71,21,0,False
CB-1044,2025-09-08,72.0,129,162.71,21,0,False
CB-1044,2025-09-15,73.0,400,162.71,21,0,False
CB-1044,2025-09-22,72.0,328,162.71,21,0,False
CB-1044,2025-09-29,76.0,252,162.71,21,0,False
CB-1044,2025-10-06,60.0,192,162.71,21,0,False
CB-1044,2025-10-13,77.0,115,162.71,21,0,False
CB-1044,2025-10-20,70.0,389,162.71,21,0,False
CB-1044,2025-10-27,77.0,312,162.71,21,0,False
CB-1044,2025-11-03,66.0,246,162.71,21,0,False
CB-1044,2025-11-10,76.0,170,162.71,21,0,False
CB-1044,2025-11-17,80.0,90,162.71,21,0,False
CB-1044,2025-11-24,88.0,346,162.71,21,0,False
CB-1044,2025-12-01,73.0,273,162.71,21,0,False
CB-1044,2025-12-08,86.0,187,162.71,21,0,False
CB-1044,2025-12-15,81.0,106,162.71,21,0,False
CB-1044,2025-12-22,96.0,354,162.71,21,0,False
CB-1045,2024-01-01,46.0,193,56.81,35,0,False
CB-1045,2024-01-08,77.0,116,56.81,35,0,False
CB-1045,2024-01-15,88.0,28,56.81,35,0,False
CB-1045,2024-01-22,26.0,2,56.81,35,0,False
CB-1045,2024-01-29,77.0,0,56.81,35,1,False
CB-1045,2024-02-05,86.0,161,56.81,35,0,False
CB-1045,2024-02-12,60.0,101,56.81,35,0,False
CB-1045,2024-02-19,39.0,309,56.81,35,0,False
CB-1045,2024-02-26,92.0,217,56.81,35,0,False
CB-1045,2024-03-04,41.0,176,56.81,35,0,False
CB-1045,2024-03-11,66.0,110,56.81,35,0,False
CB-1045,2024-03-18,70.0,40,56.81,35,0,False
CB-1045,2024-03-25,90.0,196,56.81,35,0,False
CB-1045,2024-04-01,56.0,140,56.81,35,0,False
CB-1045,2024-04-08,55.0,85,56.81,35,0,False
CB-1045,2024-04-15,75.0,10,56.81,35,0,False
CB-1045,2024-04-22,97.0,160,56.81,35,0,False
CB-1045,2024-04-29,128.0,32,56.81,35,0,False
CB-1045,2024-05-06,33.0,0,56.81,35,1,False
CB-1045,2024-05-13,77.0,0,56.81,35,1,False
CB-1045,2024-05-20,42.0,205,56.81,35,0,False
CB-1045,2024-05-27,91.0,114,56.81,35,0,False
CB-1045,2024-06-03,44.0,317,56.81,35,0,False
CB-1045,2024-06-10,49.0,268,56.81,35,0,False
CB-1045,2024-06-17,50.0,218,56.81,35,0,False
CB-1045,2024-06-24,60.0,158,56.81,35,0,False
CB-1045,2024-07-01,66.0,92,56.81,35,0,False
CB-1045,2024-07-08,68.0,270,56.81,35,0,False
CB-1045,2024-07-15,56.0,214,56.81,35,0,False
CB-1045,2024-07-22,29.0,185,56.81,35,0,False
CB-1045,2024-07-29,67.0,118,56.81,35,0,False
CB-1045,2024-08-05,51.0,67,56.81,35,0,False
CB-1045,2024-08-12,71.0,243,56.81,35,0,False
CB-1045,2024-08-19,37.0,206,56.81,35,0,False
CB-1045,2024-08-26,21.0,185,56.81,35,0,False
CB-1045,2024-09-02,47.0,138,56.81,35,0,False
CB-1045,2024-09-09,68.0,317,56.81,35,0,False
CB-1045,2024-09-16,49.0,268,56.81,35,0,False
CB-1045,2024-09-23,43.0,225,56.81,35,0,False
CB-1045,2024-09-30,32.0,193,56.81,35,0,False
CB-1045,2024-10-07,75.0,118,56.81,35,0,False
CB-1045,2024-10-14,30.0,335,56.81,35,0,False
CB-1045,2024-10-21,35.0,300,56.81,35,0,False
CB-1045,2024-10-28,58.0,242,56.81,35,0,False
CB-1045,2024-11-04,17.0,225,56.81,35,0,False
CB-1045,2024-11-11,73.0,152,56.81,35,0,False
CB-1045,2024-11-18,63.0,89,56.81,35,0,False
CB-1045,2024-11-25,71.0,265,56.81,35,0,False
CB-1045,2024-12-02,66.0,199,56.81,35,0,False
CB-1045,2024-12-09,54.0,145,56.81,35,0,False
CB-1045,2024-12-16,37.0,108,56.81,35,0,False
CB-1045,2024-12-23,58.0,50,56.81,35,0,False
CB-1045,2024-12-30,42.0,254,56.81,35,0,False
CB-1045,2025-01-06,76.0,178,56.81,35,0,False
CB-1045,2025-01-13,86.0,92,56.81,35,0,False
CB-1045,2025-01-20,105.0,0,56.81,35,1,False
CB-1045,2025-01-27,81.0,166,56.81,35,0,False
CB-1045,2025-02-03,97.0,69,56.81,35,0,False
CB-1045,2025-02-10,67.0,2,56.81,35,0,False
CB-1045,2025-02-17,64.0,0,56.81,35,1,False
CB-1045,2025-02-24,91.0,156,56.81,35,0,False
CB-1045,2025-03-03,68.0,88,56.81,35,0,False
CB-1045,2025-03-10,87.0,248,56.81,35,0,False
CB-1045,2025-03-17,51.0,197,56.81,35,0,False
CB-1045,2025-03-24,56.0,141,56.81,35,0,False
CB-1045,2025-03-31,99.0,42,56.81,35,0,False
CB-1045,2025-04-07,107.0,0,56.81,35,1,False
CB-1045,2025-04-14,53.0,194,56.81,35,0,False
CB-1045,2025-04-21,100.0,94,56.81,35,0,False
CB-1045,2025-04-28,65.0,29,56.81,35,0,False
CB-1045,2025-05-05,80.0,196,56.81,35,0,False
CB-1045,2025-05-12,117.0,79,56.81,35,0,False
CB-1045,2025-05-19,99.0,0,56.81,35,1,False
CB-1045,2025-05-26,97.0,0,56.81,35,1,False
CB-1045,2025-06-02,124.0,123,56.81,35,0,False
CB-1045,2025-06-09,55.0,68,56.81,35,0,False
CB-1045,2025-06-16,46.0,269,56.81,35,0,False
CB-1045,2025-06-23,51.0,218,56.81,35,0,False
CB-1045,2025-06-30,61.0,157,56.81,35,0,False
CB-1045,2025-07-07,11.0,146,56.81,35,0,False
CB-1045,2025-07-14,59.0,333,56.81,35,0,False
CB-1045,2025-07-21,50.0,283,56.81,35,0,False
CB-1045,2025-07-28,76.0,207,56.81,35,0,False
CB-1045,2025-08-04,65.0,142,56.81,35,0,False
CB-1045,2025-08-11,45.0,97,56.81,35,0,False
CB-1045,2025-08-18,67.0,30,56.81,35,0,False
CB-1045,2025-08-25,68.0,209,56.81,35,0,False
CB-1045,2025-09-01,39.0,170,56.81,35,0,False
CB-1045,2025-09-08,43.0,127,56.81,35,0,False
CB-1045,2025-09-15,11.0,116,56.81,35,0,False
CB-1045,2025-09-22,32.0,331,56.81,35,0,False
CB-1045,2025-09-29,38.0,293,56.81,35,0,False
CB-1045,2025-10-06,53.0,240,56.81,35,0,False
CB-1045,2025-10-13,35.0,205,56.81,35,0,False
CB-1045,2025-10-20,43.0,162,56.81,35,0,False
CB-1045,2025-10-27,31.0,131,56.81,35,0,False
CB-1045,2025-11-03,58.0,320,56.81,35,0,False
CB-1045,2025-11-10,65.0,255,56.81,35,0,False
CB-1045,2025-11-17,66.0,189,56.81,35,0,False
CB-1045,2025-11-24,60.0,129,56.81,35,0,False
CB-1045,2025-12-01,28.0,101,56.81,35,0,False
CB-1045,2025-12-08,50.0,298,56.81,35,0,False
CB-1045,2025-12-15,57.0,241,56.81,35,0,False
CB-1045,2025-12-22,59.0,182,56.81,35,0,False
CB-1046,2024-01-01,60.0,95,33.88,14,0,False
CB-1046,2024-01-08,32.0,63,33.88,14,0,False
CB-1046,2024-01-15,62.0,219,33.88,14,0,False
CB-1046,2024-01-22,63.0,156,33.88,14,0,False
CB-1046,2024-01-29,38.0,118,33.88,14,0,False
CB-1046,2024-02-05,70.0,48,33.88,14,0,False
CB-1046,2024-02-12,52.0,214,33.88,14,0,False
CB-1046,2024-02-19,29.0,185,33.88,14,0,False
CB-1046,2024-02-26,67.0,118,33.88,14,0,False
CB-1046,2024-03-04,63.0,55,33.88,14,0,False
CB-1046,2024-03-11,54.0,219,33.88,14,0,False
CB-1046,2024-03-18,59.0,160,33.88,14,0,False
CB-1046,2024-03-25,45.0,115,33.88,14,0,False
CB-1046,2024-04-01,73.0,42,33.88,14,0,False
CB-1046,2024-04-08,59.0,201,33.88,14,0,False
CB-1046,2024-04-15,64.0,137,33.88,14,0,False
CB-1046,2024-04-22,67.0,70,33.88,14,0,False
CB-1046,2024-04-29,35.0,35,33.88,14,0,False
CB-1046,2024-05-06,40.0,214,33.88,14,0,False
CB-1046,2024-05-13,13.0,201,33.88,14,0,False
CB-1046,2024-05-20,68.0,133,33.88,14,0,False
CB-1046,2024-05-27,32.0,101,33.88,14,0,False
CB-1046,2024-06-03,58.0,43,33.88,14,0,False
CB-1046,2024-06-10,61.0,200,33.88,14,0,False
CB-1046,2024-06-17,64.0,136,33.88,14,0,False
CB-1046,2024-06-24,30.0,106,33.88,14,0,False
CB-1046,2024-07-01,49.0,57,33.88,14,0,False
CB-1046,2024-07-08,77.0,198,33.88,14,0,False
CB-1046,2024-07-15,75.0,123,33.88,14,0,False
CB-1046,2024-07-22,61.0,62,33.88,14,0,False
CB-1046,2024-07-29,50.0,230,33.88,14,0,False
CB-1046,2024-08-05,28.0,202,33.88,14,0,False
CB-1046,2024-08-12,53.0,149,33.88,14,0,False
CB-1046,2024-08-19,39.0,110,33.88,14,0,False
CB-1046,2024-08-26,48.0,62,33.88,14,0,False
CB-1046,2024-09-02,31.0,249,33.88,14,0,False
CB-1046,2024-09-09,37.0,212,33.88,14,0,False
CB-1046,2024-09-16,41.0,171,33.88,14,0,False
CB-1046,2024-09-23,42.0,129,33.88,14,0,False
CB-1046,2024-09-30,45.0,84,33.88,14,0,False
CB-1046,2024-10-07,31.0,53,33.88,14,0,False
CB-1046,2024-10-14,21.0,250,33.88,14,0,False
CB-1046,2024-10-21,62.0,188,33.88,14,0,False
CB-1046,2024-10-28,75.0,113,33.88,14,0,False
CB-1046,2024-11-04,48.0,65,33.88,14,0,False
CB-1046,2024-11-11,23.0,261,33.88,14,0,False
CB-1046,2024-11-18,32.0,229,33.88,14,0,False
CB-1046,2024-11-25,53.0,176,33.88,14,0,False
CB-1046,2024-12-02,68.0,108,33.88,14,0,False
CB-1046,2024-12-09,27.0,81,33.88,14,0,False
CB-1046,2024-12-16,47.0,252,33.88,14,0,False
CB-1046,2024-12-23,55.0,197,33.88,14,0,False
CB-1046,2024-12-30,69.0,128,33.88,14,0,False
CB-1046,2025-01-06,48.0,80,33.88,14,0,False
CB-1046,2025-01-13,25.0,55,33.88,14,0,False
CB-1046,2025-01-20,70.0,203,33.88,14,0,False
CB-1046,2025-01-27,83.0,120,33.88,14,0,False
CB-1046,2025-02-03,59.0,61,33.88,14,0,False
CB-1046,2025-02-10,71.0,208,33.88,14,0,False
CB-1046,2025-02-17,53.0,155,33.88,14,0,False
CB-1046,2025-02-24,46.0,109,33.88,14,0,False
CB-1046,2025-03-03,89.0,20,33.88,14,0,False
CB-1046,2025-03-10,76.0,162,33.88,14,0,False
CB-1046,2025-03-17,79.0,83,33.88,14,0,False
CB-1046,2025-03-24,103.0,0,33.88,14,1,False
CB-1046,2025-03-31,43.0,175,33.88,14,0,False
CB-1046,2025-04-07,55.0,120,33.88,14,0,False
CB-1046,2025-04-14,71.0,49,33.88,14,0,False
CB-1046,2025-04-21,54.0,213,33.88,14,0,False
CB-1046,2025-04-28,85.0,128,33.88,14,0,False
CB-1046,2025-05-05,62.0,66,33.88,14,0,False
CB-1046,2025-05-12,43.0,23,33.88,14,0,False
CB-1046,2025-05-19,66.0,176,33.88,14,0,False
CB-1046,2025-05-26,67.0,109,33.88,14,0,False
CB-1046,2025-06-02,82.0,27,33.88,14,0,False
CB-1046,2025-06-09,69.0,176,33.88,14,0,False
CB-1046,2025-06-16,68.0,108,33.88,14,0,False
CB-1046,2025-06-23,64.0,44,33.88,14,0,False
CB-1046,2025-06-30,52.0,210,33.88,14,0,False
CB-1046,2025-07-07,41.0,169,33.88,14,0,False
CB-1046,2025-07-14,58.0,111,33.88,14,0,False
CB-1046,2025-07-21,45.0,66,33.88,14,0,False
CB-1046,2025-07-28,79.0,205,33.88,14,0,False
CB-1046,2025-08-04,71.0,134,33.88,14,0,False
CB-1046,2025-08-11,58.0,76,33.88,14,0,False
CB-1046,2025-08-18,52.0,24,33.88,14,0,False
CB-1046,2025-08-25,44.0,198,33.88,14,0,False
CB-1046,2025-09-01,25.0,173,33.88,14,0,False
CB-1046,2025-09-08,40.0,133,33.88,14,0,False
CB-1046,2025-09-15,45.0,88,33.88,14,0,False
CB-1046,2025-09-22,46.0,42,33.88,14,0,False
CB-1046,2025-09-29,50.0,211,33.88,14,0,False
CB-1046,2025-10-06,57.0,154,33.88,14,0,False
CB-1046,2025-10-13,33.0,121,33.88,14,0,False
CB-1046,2025-10-20,34.0,87,33.88,14,0,False
CB-1046,2025-10-27,68.0,237,33.88,14,0,False
CB-1046,2025-11-03,58.0,179,33.88,14,0,False
CB-1046,2025-11-10,41.0,138,33.88,14,0,False
CB-1046,2025-11-17,47.0,91,33.88,14,0,False
CB-1046,2025-11-24,48.0,43,33.88,14,0,False
CB-1046,2025-12-01,52.0,209,33.88,14,0,False
CB-1046,2025-12-08,62.0,147,33.88,14,0,False
CB-1046,2025-12-15,104.0,43,33.88,14,0,False
CB-1046,2025-12-22,61.0,0,33.88,14,1,False
CB-1047,2024-01-01,9.0,0,130.2,7,1,False
CB-1047,2024-01-08,0.0,24,130.2,7,0,False
CB-1047,2024-01-15,0.0,24,130.2,7,0,False
CB-1047,2024-01-22,0.0,24,130.2,7,0,False
CB-1047,2024-01-29,0.0,24,130.2,7,0,False
CB-1047,2024-02-05,0.0,24,130.2,7,0,False
CB-1047,2024-02-12,0.0,24,130.2,7,0,False
CB-1047,2024-02-19,0.0,24,130.2,7,0,False
CB-1047,2024-02-26,0.0,24,130.2,7,0,False
CB-1047,2024-03-04,0.0,24,130.2,7,0,False
CB-1047,2024-03-11,0.0,24,130.2,7,0,False
CB-1047,2024-03-18,0.0,24,130.2,7,0,False
CB-1047,2024-03-25,0.0,24,130.2,7,0,False
CB-1047,2024-04-01,0.0,24,130.2,7,0,False
CB-1047,2024-04-08,0.0,24,130.2,7,0,False
CB-1047,2024-04-15,44.0,0,130.2,7,1,False
CB-1047,2024-04-22,0.0,24,130.2,7,0,False
CB-1047,2024-04-29,0.0,24,130.2,7,0,False
CB-1047,2024-05-06,60.0,0,130.2,7,1,False
CB-1047,2024-05-13,0.0,24,130.2,7,0,False
CB-1047,2024-05-20,0.0,24,130.2,7,0,False
CB-1047,2024-05-27,0.0,24,130.2,7,0,False
CB-1047,2024-06-03,0.0,24,130.2,7,0,False
CB-1047,2024-06-10,0.0,24,130.2,7,0,False
CB-1047,2024-06-17,0.0,24,130.2,7,0,False
CB-1047,2024-06-24,0.0,24,130.2,7,0,False
CB-1047,2024-07-01,0.0,24,130.2,7,0,False
CB-1047,2024-07-08,0.0,24,130.2,7,0,False
CB-1047,2024-07-15,0.0,24,130.2,7,0,False
CB-1047,2024-07-22,0.0,24,130.2,7,0,False
CB-1047,2024-07-29,11.0,13,130.2,7,0,False
CB-1047,2024-08-05,0.0,37,130.2,7,0,False
CB-1047,2024-08-12,0.0,37,130.2,7,0,False
CB-1047,2024-08-19,0.0,37,130.2,7,0,False
CB-1047,2024-08-26,0.0,37,130.2,7,0,False
CB-1047,2024-09-02,0.0,37,130.2,7,0,False
CB-1047,2024-09-09,0.0,37,130.2,7,0,False
CB-1047,2024-09-16,0.0,37,130.2,7,0,False
CB-1047,2024-09-23,0.0,37,130.2,7,0,False
CB-1047,2024-09-30,0.0,37,130.2,7,0,False
CB-1047,2024-10-07,0.0,37,130.2,7,0,False
CB-1047,2024-10-14,0.0,37,130.2,7,0,False
CB-1047,2024-10-21,0.0,37,130.2,7,0,False
CB-1047,2024-10-28,0.0,37,130.2,7,0,False
CB-1047,2024-11-04,0.0,37,130.2,7,0,False
CB-1047,2024-11-11,47.0,0,130.2,7,1,False
CB-1047,2024-11-18,0.0,24,130.2,7,0,False
CB-1047,2024-11-25,42.0,0,130.2,7,1,False
CB-1047,2024-12-02,0.0,24,130.2,7,0,False
CB-1047,2024-12-09,0.0,24,130.2,7,0,False
CB-1047,2024-12-16,0.0,24,130.2,7,0,False
CB-1047,2024-12-23,0.0,24,130.2,7,0,False
CB-1047,2024-12-30,0.0,24,130.2,7,0,False
CB-1047,2025-01-06,0.0,24,130.2,7,0,False
CB-1047,2025-01-13,0.0,24,130.2,7,0,False
CB-1047,2025-01-20,0.0,24,130.2,7,0,False
CB-1047,2025-01-27,0.0,24,130.2,7,0,False
CB-1047,2025-02-03,0.0,24,130.2,7,0,False
CB-1047,2025-02-10,25.0,0,130.2,7,1,False
CB-1047,2025-02-17,43.0,0,130.2,7,1,False
CB-1047,2025-02-24,0.0,24,130.2,7,0,False
CB-1047,2025-03-03,0.0,24,130.2,7,0,False
CB-1047,2025-03-10,0.0,24,130.2,7,0,False
CB-1047,2025-03-17,0.0,24,130.2,7,0,False
CB-1047,2025-03-24,0.0,24,130.2,7,0,False
CB-1047,2025-03-31,0.0,24,130.2,7,0,False
CB-1047,2025-04-07,0.0,24,130.2,7,0,False
CB-1047,2025-04-14,0.0,24,130.2,7,0,False
CB-1047,2025-04-21,53.0,0,130.2,7,1,False
CB-1047,2025-04-28,0.0,24,130.2,7,0,False
CB-1047,2025-05-05,0.0,24,130.2,7,0,False
CB-1047,2025-05-12,0.0,24,130.2,7,0,False
CB-1047,2025-05-19,0.0,24,130.2,7,0,False
CB-1047,2025-05-26,0.0,24,130.2,7,0,False
CB-1047,2025-06-02,0.0,24,130.2,7,0,False
CB-1047,2025-06-09,0.0,24,130.2,7,0,False
CB-1047,2025-06-16,0.0,24,130.2,7,0,False
CB-1047,2025-06-23,0.0,24,130.2,7,0,False
CB-1047,2025-06-30,0.0,24,130.2,7,0,False
CB-1047,2025-07-07,0.0,24,130.2,7,0,False
CB-1047,2025-07-14,48.0,0,130.2,7,1,False
CB-1047,2025-07-21,0.0,24,130.2,7,0,False
CB-1047,2025-07-28,0.0,24,130.2,7,0,False
CB-1047,2025-08-04,19.0,5,130.2,7,0,False
CB-1047,2025-08-11,50.0,0,130.2,7,1,False
CB-1047,2025-08-18,0.0,24,130.2,7,0,False
CB-1047,2025-08-25,0.0,24,130.2,7,0,False
CB-1047,2025-09-01,0.0,24,130.2,7,0,False
CB-1047,2025-09-08,0.0,24,130.2,7,0,False
CB-1047,2025-09-15,0.0,24,130.2,7,0,False
CB-1047,2025-09-22,41.0,0,130.2,7,1,False
CB-1047,2025-09-29,0.0,24,130.2,7,0,False
CB-1047,2025-10-06,0.0,24,130.2,7,0,False
CB-1047,2025-10-13,0.0,24,130.2,7,0,False
CB-1047,2025-10-20,0.0,24,130.2,7,0,False
CB-1047,2025-10-27,0.0,24,130.2,7,0,False
CB-1047,2025-11-03,16.0,8,130.2,7,0,False
CB-1047,2025-11-10,0.0,32,130.2,7,0,False
CB-1047,2025-11-17,0.0,32,130.2,7,0,False
CB-1047,2025-11-24,14.0,18,130.2,7,0,False
CB-1047,2025-12-01,31.0,11,130.2,7,0,False
CB-1047,2025-12-08,0.0,35,130.2,7,0,False
CB-1047,2025-12-15,44.0,0,130.2,7,1,False
CB-1047,2025-12-22,0.0,24,130.2,7,0,False
CB-1048,2024-01-01,62.0,115,113.85,35,0,False
CB-1048,2024-01-08,51.0,64,113.85,35,0,False
CB-1048,2024-01-15,54.0,10,113.85,35,0,False
CB-1048,2024-01-22,60.0,0,113.85,35,1,False
CB-1048,2024-01-29,65.0,0,113.85,35,1,False
CB-1048,2024-02-05,69.0,194,113.85,35,0,False
CB-1048,2024-02-12,70.0,387,113.85,35,0,False
CB-1048,2024-02-19,,311,113.85,35,0,False
CB-1048,2024-02-26,78.0,233,113.85,35,0,False
CB-1048,2024-03-04,67.0,166,113.85,35,0,False
CB-1048,2024-03-11,75.0,91,113.85,35,0,False
CB-1048,2024-03-18,69.0,22,113.85,35,0,False
CB-1048,2024-03-25,73.0,212,113.85,35,0,False
CB-1048,2024-04-01,77.0,135,113.85,35,0,False
CB-1048,2024-04-08,54.0,81,113.85,35,0,False
CB-1048,2024-04-15,89.0,0,113.85,35,1,False
CB-1048,2024-04-22,78.0,185,113.85,35,0,False
CB-1048,2024-04-29,70.0,115,113.85,35,0,False
CB-1048,2024-05-06,84.0,31,113.85,35,0,False
CB-1048,2024-05-13,70.0,0,113.85,35,1,False
CB-1048,2024-05-20,72.0,191,113.85,35,0,False
CB-1048,2024-05-27,67.0,124,113.85,35,0,False
CB-1048,2024-06-03,77.0,47,113.85,35,0,False
CB-1048,2024-06-10,66.0,244,113.85,35,0,False
CB-1048,2024-06-17,66.0,178,113.85,35,0,False
CB-1048,2024-06-24,69.0,109,113.85,35,0,False
CB-1048,2024-07-01,65.0,44,113.85,35,0,False
CB-1048,2024-07-08,60.0,247,113.85,35,0,False
CB-1048,2024-07-15,63.0,184,113.85,35,0,False
CB-1048,2024-07-22,68.0,116,113.85,35,0,False
CB-1048,2024-07-29,56.0,60,113.85,35,0,False
CB-1048,2024-08-05,54.0,270,113.85,35,0,False
CB-1048,2024-08-12,53.0,217,113.85,35,0,False
CB-1048,2024-08-19,56.0,161,113.85,35,0,False
CB-1048,2024-08-26,47.0,114,113.85,35,0,False
CB-1048,2024-09-02,48.0,329,113.85,35,0,False
CB-1048,2024-09-09,42.0,287,113.85,35,0,False
CB-1048,2024-09-16,43.0,244,113.85,35,0,False
CB-1048,2024-09-23,46.0,198,113.85,35,0,False
CB-1048,2024-09-30,47.0,151,113.85,35,0,False
CB-1048,2024-10-07,55.0,359,113.85,35,0,False
CB-1048,2024-10-14,50.0,309,113.85,35,0,False
CB-1048,2024-10-21,45.0,264,113.85,35,0,False
CB-1048,2024-10-28,47.0,217,113.85,35,0,False
CB-1048,2024-11-04,57.0,160,113.85,35,0,False
CB-1048,2024-11-11,57.0,103,113.85,35,0,False
CB-1048,2024-11-18,54.0,312,113.85,35,0,False
CB-1048,2024-11-25,54.0,258,113.85,35,0,False
CB-1048,2024-12-02,62.0,196,113.85,35,0,False
CB-1048,2024-12-09,55.0,141,113.85,35,0,False
CB-1048,2024-12-16,63.0,78,113.85,35,0,False
CB-1048,2024-12-23,75.0,266,113.85,35,0,False
CB-1048,2024-12-30,66.0,200,113.85,35,0,False
CB-1048,2025-01-06,63.0,137,113.85,35,0,False
CB-1048,2025-01-13,72.0,65,113.85,35,0,False
CB-1048,2025-01-20,69.0,0,113.85,35,1,False
CB-1048,2025-01-27,65.0,198,113.85,35,0,False
CB-1048,2025-02-03,80.0,118,113.85,35,0,False
CB-1048,2025-02-10,84.0,34,113.85,35,0,False
CB-1048,2025-02-17,77.0,220,113.85,35,0,False
CB-1048,2025-02-24,78.0,142,113.85,35,0,False
CB-1048,2025-03-03,75.0,67,113.85,35,0,False
CB-1048,2025-03-10,81.0,0,113.85,35,1,False
CB-1048,2025-03-17,80.0,183,113.85,35,0,False
CB-1048,2025-03-24,77.0,106,113.85,35,0,False
CB-1048,2025-03-31,97.0,9,113.85,35,0,False
CB-1048,2025-04-07,87.0,185,113.85,35,0,False
CB-1048,2025-04-14,88.0,97,113.85,35,0,False
CB-1048,2025-04-21,89.0,8,113.85,35,0,False
CB-1048,2025-04-28,88.0,0,113.85,35,1,False
CB-1048,2025-05-05,79.0,184,113.85,35,0,False
CB-1048,2025-05-12,83.0,101,113.85,35,0,False
CB-1048,2025-05-19,78.0,23,113.85,35,0,False
CB-1048,2025-05-26,81.0,205,113.85,35,0,False
CB-1048,2025-06-02,79.0,126,113.85,35,0,False
CB-1048,2025-06-09,73.0,53,113.85,35,0,False
CB-1048,2025-06-16,65.0,0,113.85,35,1,False
CB-1048,2025-06-23,72.0,191,113.85,35,0,False
CB-1048,2025-06-30,68.0,123,113.85,35,0,False
CB-1048,2025-07-07,57.0,66,113.85,35,0,False
CB-1048,2025-07-14,68.0,261,113.85,35,0,False
CB-1048,2025-07-21,68.0,193,113.85,35,0,False
CB-1048,2025-07-28,74.0,119,113.85,35,0,False
CB-1048,2025-08-04,58.0,61,113.85,35,0,False
CB-1048,2025-08-11,56.0,268,113.85,35,0,False
CB-1048,2025-08-18,52.0,216,113.85,35,0,False
CB-1048,2025-08-25,57.0,159,113.85,35,0,False
CB-1048,2025-09-01,56.0,103,113.85,35,0,False
CB-1048,2025-09-08,51.0,316,113.85,35,0,False
CB-1048,2025-09-15,53.0,263,113.85,35,0,False
CB-1048,2025-09-22,45.0,218,113.85,35,0,False
CB-1048,2025-09-29,57.0,161,113.85,35,0,False
CB-1048,2025-10-06,50.0,111,113.85,35,0,False
CB-1048,2025-10-13,54.0,320,113.85,35,0,False
CB-1048,2025-10-20,49.0,271,113.85,35,0,False
CB-1048,2025-10-27,53.0,218,113.85,35,0,False
CB-1048,2025-11-03,56.0,162,113.85,35,0,False
CB-1048,2025-11-10,58.0,104,113.85,35,0,False
CB-1048,2025-11-17,62.0,305,113.85,35,0,False
CB-1048,2025-11-24,69.0,236,113.85,35,0,False
CB-1048,2025-12-01,68.0,168,113.85,35,0,False
CB-1048,2025-12-08,71.0,97,113.85,35,0,False
CB-1048,2025-12-15,76.0,21,113.85,35,0,False
CB-1048,2025-12-22,74.0,210,113.85,35,0,False
CB-1049,2024-01-01,106.0,100,17.49,7,0,False
CB-1049,2024-01-08,98.0,377,17.49,7,0,False
CB-1049,2024-01-15,40.0,337,17.49,7,0,False
CB-1049,2024-01-22,60.0,277,17.49,7,0,False
CB-1049,2024-01-29,78.0,199,17.49,7,0,False
CB-1049,2024-02-05,113.0,86,17.49,7,0,False
CB-1049,2024-02-12,90.0,372,17.49,7,0,False
CB-1049,2024-02-19,130.0,242,17.49,7,0,False
CB-1049,2024-02-26,138.0,104,17.49,7,0,False
CB-1049,2024-03-04,137.0,342,17.49,7,0,False
CB-1049,2024-03-11,138.0,204,17.49,7,0,False
CB-1049,2024-03-18,63.0,141,17.49,7,0,False
CB-1049,2024-03-25,116.0,25,17.49,7,0,False
CB-1049,2024-04-01,78.0,322,17.49,7,0,False
CB-1049,2024-04-08,42.0,280,17.49,7,0,False
CB-1049,2024-04-15,89.0,191,17.49,7,0,False
CB-1049,2024-04-22,145.0,46,17.49,7,0,False
CB-1049,2024-04-29,114.0,308,17.49,7,0,False
CB-1049,2024-05-06,166.0,142,17.49,7,0,False
CB-1049,2024-05-13,102.0,40,17.49,7,0,False
CB-1049,2024-05-20,175.0,240,17.49,7,0,False
CB-1049,2024-05-27,98.0,142,17.49,7,0,False
CB-1049,2024-06-03,91.0,51,17.49,7,0,False
CB-1049,2024-06-10,49.0,377,17.49,7,0,False
CB-1049,2024-06-17,120.0,257,17.49,7,0,False
CB-1049,2024-06-24,69.0,188,17.49,7,0,False
CB-1049,2024-07-01,63.0,125,17.49,7,0,False
CB-1049,2024-07-08,115.0,386,17.49,7,0,False
CB-1049,2024-07-15,109.0,277,17.49,7,0,False
CB-1049,2024-07-22,105.0,172,17.49,7,0,False
CB-1049,2024-07-29,64.0,108,17.49,7,0,False
CB-1049,2024-08-05,70.0,413,17.49,7,0,False
CB-1049,2024-08-12,68.0,345,17.49,7,0,False
CB-1049,2024-08-19,86.0,259,17.49,7,0,False
CB-1049,2024-08-26,102.0,157,17.49,7,0,False
CB-1049,2024-09-02,74.0,83,17.49,7,0,False
CB-1049,2024-09-09,109.0,349,17.49,7,0,False
CB-1049,2024-09-16,84.0,265,17.49,7,0,False
CB-1049,2024-09-23,58.0,207,17.49,7,0,False
CB-1049,2024-09-30,82.0,125,17.49,7,0,False
CB-1049,2024-10-07,102.0,399,17.49,7,0,False
CB-1049,2024-10-14,109.0,290,17.49,7,0,False
CB-1049,2024-10-21,92.0,198,17.49,7,0,False
CB-1049,2024-10-28,67.0,131,17.49,7,0,False
CB-1049,2024-11-04,63.0,68,17.49,7,0,False
CB-1049,2024-11-11,84.0,359,17.49,7,0,False
CB-1049,2024-11-18,114.0,245,17.49,7,0,False
CB-1049,2024-11-25,85.0,160,17.49,7,0,False
CB-1049,2024-12-02,88.0,72,17.49,7,0,False
CB-1049,2024-12-09,80.0,367,17.49,7,0,False
CB-1049,2024-12-16,72.0,295,17.49,7,0,False
CB-1049,2024-12-23,79.0,216,17.49,7,0,False
CB-1049,2024-12-30,91.0,125,17.49,7,0,False
CB-1049,2025-01-06,144.0,357,17.49,7,0,False
CB-1049,2025-01-13,85.0,272,17.49,7,0,False
CB-1049,2025-01-20,97.0,175,17.49,7,0,False
CB-1049,2025-01-27,68.0,107,17.49,7,0,False
CB-1049,2025-02-03,126.0,356,17.49,7,0,False
CB-1049,2025-02-10,152.0,204,17.49,7,0,False
CB-1049,2025-02-17,165.0,39,17.49,7,0,False
CB-1049,2025-02-24,114.0,301,17.49,7,0,False
CB-1049,2025-03-03,130.0,171,17.49,7,0,False
CB-1049,2025-03-10,104.0,67,17.49,7,0,False
CB-1049,2025-03-17,131.0,311,17.49,7,0,False
CB-1049,2025-03-24,124.0,187,17.49,7,0,False
CB-1049,2025-03-31,114.0,73,17.49,7,0,False
CB-1049,2025-04-07,117.0,331,17.49,7,0,False
CB-1049,2025-04-14,129.0,202,17.49,7,0,False
CB-1049,2025-04-21,100.0,102,17.49,7,0,False
CB-1049,2025-04-28,101.0,377,17.49,7,0,False
CB-1049,2025-05-05,174.0,203,17.49,7,0,False
CB-1049,2025-05-12,210.0,0,17.49,7,1,False
CB-1049,2025-05-19,61.0,314,17.49,7,0,False
CB-1049,2025-05-26,58.0,256,17.49,7,0,False
CB-1049,2025-06-02,68.0,188,17.49,7,0,False
CB-1049,2025-06-09,96.0,92,17.49,7,0,False
CB-1049,2025-06-16,128.0,340,17.49,7,0,False
CB-1049,2025-06-23,114.0,226,17.49,7,0,False
CB-1049,2025-06-30,98.0,128,17.49,7,0,False
CB-1049,2025-07-07,106.0,397,17.49,7,0,False
CB-1049,2025-07-14,66.0,331,17.49,7,0,False
CB-1049,2025-07-21,77.0,254,17.49,7,0,False
CB-1049,2025-07-28,81.0,173,17.49,7,0,False
CB-1049,2025-08-04,36.0,137,17.49,7,0,False
CB-1049,2025-08-11,46.0,91,17.49,7,0,False
CB-1049,2025-08-18,46.0,420,17.49,7,0,False
CB-1049,2025-08-25,94.0,326,17.49,7,0,False
CB-1049,2025-09-01,79.0,247,17.49,7,0,False
CB-1049,2025-09-08,87.0,160,17.49,7,0,False
CB-1049,2025-09-15,25.0,135,17.49,7,0,False
CB-1049,2025-09-22,34.0,101,17.49,7,0,False
CB-1049,2025-09-29,87.0,390,17.49,7,0,False
CB-1049,2025-10-06,2.0,388,17.49,7,0,False
CB-1049,2025-10-13,103.0,285,17.49,7,0,False
CB-1049,2025-10-20,26.0,259,17.49,7,0,False
CB-1049,2025-10-27,96.0,163,17.49,7,0,False
CB-1049,2025-11-03,52.0,111,17.49,7,0,False
CB-1049,2025-11-10,106.0,380,17.49,7,0,False
CB-1049,2025-11-17,170.0,210,17.49,7,0,False
CB-1049,2025-11-24,17.0,193,17.49,7,0,False
CB-1049,2025-12-01,106.0,87,17.49,7,0,False
CB-1049,2025-12-08,32.0,430,17.49,7,0,False
CB-1049,2025-12-15,104.0,326,17.49,7,0,False
CB-1049,2025-12-22,87.0,239,17.49,7,0,False
CB-1050,2024-01-01,68.0,176,9.89,28,0,False
CB-1050,2024-01-08,27.0,149,9.89,28,0,False
CB-1050,2024-01-15,81.0,68,9.89,28,0,False
CB-1050,2024-01-22,50.0,18,9.89,28,0,False
CB-1050,2024-01-29,31.0,222,9.89,28,0,False
CB-1050,2024-02-05,96.0,126,9.89,28,0,False
CB-1050,2024-02-12,61.0,65,9.89,28,0,False
CB-1050,2024-02-19,107.0,193,9.89,28,0,False
CB-1050,2024-02-26,93.0,100,9.89,28,0,False
CB-1050,2024-03-04,48.0,52,9.89,28,0,False
CB-1050,2024-03-11,65.0,0,9.89,28,1,False
CB-1050,2024-03-18,71.0,164,9.89,28,0,False
CB-1050,2024-03-25,105.0,59,9.89,28,0,False
CB-1050,2024-04-01,79.0,0,9.89,28,1,False
CB-1050,2024-04-08,73.0,162,9.89,28,0,False
CB-1050,2024-04-15,64.0,98,9.89,28,0,False
CB-1050,2024-04-22,67.0,31,9.89,28,0,False
CB-1050,2024-04-29,99.0,167,9.89,28,0,False
CB-1050,2024-05-06,67.0,100,9.89,28,0,False
CB-1050,2024-05-13,57.0,43,9.89,28,0,False
CB-1050,2024-05-20,52.0,0,9.89,28,1,False
CB-1050,2024-05-27,52.0,183,9.89,28,0,False
CB-1050,2024-06-03,32.0,151,9.89,28,0,False
CB-1050,2024-06-10,45.0,106,9.89,28,0,False
CB-1050,2024-06-17,91.0,250,9.89,28,0,False
CB-1050,2024-06-24,54.0,196,9.89,28,0,False
CB-1050,2024-07-01,71.0,125,9.89,28,0,False
CB-1050,2024-07-08,7.0,118,9.89,28,0,False
CB-1050,2024-07-15,64.0,289,9.89,28,0,False
CB-1050,2024-07-22,49.0,240,9.89,28,0,False
CB-1050,2024-07-29,42.0,198,9.89,28,0,False
CB-1050,2024-08-05,52.0,146,9.89,28,0,False
CB-1050,2024-08-12,40.0,106,9.89,28,0,False
CB-1050,2024-08-19,12.0,329,9.89,28,0,False
CB-1050,2024-08-26,61.0,268,9.89,28,0,False
CB-1050,2024-09-02,49.0,219,9.89,28,0,False
CB-1050,2024-09-09,40.0,179,9.89,28,0,False
CB-1050,2024-09-16,29.0,150,9.89,28,0,False
CB-1050,2024-09-23,21.0,129,9.89,28,0,False
CB-1050,2024-09-30,47.0,317,9.89,28,0,False
CB-1050,2024-10-07,69.0,248,9.89,28,0,False
CB-1050,2024-10-14,48.0,200,9.89,28,0,False
CB-1050,2024-10-21,23.0,177,9.89,28,0,False
CB-1050,2024-10-28,49.0,128,9.89,28,0,False
CB-1050,2024-11-04,46.0,317,9.89,28,0,False
CB-1050,2024-11-11,63.0,254,9.89,28,0,False
CB-1050,2024-11-18,60.0,194,9.89,28,0,False
CB-1050,2024-11-25,0.0,194,9.89,28,0,False
CB-1050,2024-12-02,63.0,131,9.89,28,0,False
CB-1050,2024-12-09,35.0,331,9.89,28,0,False
CB-1050,2024-12-16,28.0,303,9.89,28,0,False
CB-1050,2024-12-23,54.0,249,9.89,28,0,False
CB-1050,2024-12-30,69.0,180,9.89,28,0,False
CB-1050,2025-01-06,26.0,154,9.89,28,0,False
CB-1050,2025-01-13,80.0,74,9.89,28,0,False
CB-1050,2025-01-20,83.0,226,9.89,28,0,False
CB-1050,2025-01-27,69.0,157,9.89,28,0,False
CB-1050,2025-02-03,48.0,109,9.89,28,0,False
CB-1050,2025-02-10,47.0,62,9.89,28,0,False
CB-1050,2025-02-17,98.0,199,9.89,28,0,False
CB-1050,2025-02-24,35.0,164,9.89,56,0,False
CB-1050,2025-03-03,103.0,61,9.89,56,0,False
CB-1050,2025-03-10,71.0,0,9.89,56,1,False
CB-1050,2025-03-17,74.0,161,9.89,56,0,False
CB-1050,2025-03-24,31.0,130,9.89,56,0,False
CB-1050,2025-03-31,73.0,57,9.89,56,0,False
CB-1050,2025-04-07,94.0,0,9.89,56,1,False
CB-1050,2025-04-14,41.0,0,9.89,56,1,False
CB-1050,2025-04-21,90.0,0,9.89,56,1,False
CB-1050,2025-04-28,79.0,0,9.89,56,1,False
CB-1050,2025-05-05,58.0,177,9.89,56,0,False
CB-1050,2025-05-12,97.0,80,9.89,56,0,False
CB-1050,2025-05-19,17.0,63,9.89,56,0,False
CB-1050,2025-05-26,81.0,0,9.89,56,1,False
CB-1050,2025-06-02,110.0,125,9.89,56,0,False
CB-1050,2025-06-09,103.0,22,9.89,56,0,False
CB-1050,2025-06-16,76.0,0,9.89,56,1,False
CB-1050,2025-06-23,58.0,0,9.89,56,1,False
CB-1050,2025-06-30,49.0,0,9.89,56,1,False
CB-1050,2025-07-07,55.0,0,9.89,56,1,False
CB-1050,2025-07-14,71.0,0,9.89,56,1,False
CB-1050,2025-07-21,42.0,193,9.89,56,0,False
CB-1050,2025-07-28,72.0,121,9.89,56,0,False
CB-1050,2025-08-04,96.0,260,9.89,56,0,False
CB-1050,2025-08-11,53.0,207,9.89,56,0,False
CB-1050,2025-08-18,28.0,179,9.89,56,0,False
CB-1050,2025-08-25,27.0,152,9.89,56,0,False
CB-1050,2025-09-01,64.0,88,9.89,56,0,False
CB-1050,2025-09-08,49.0,39,9.89,56,0,False
CB-1050,2025-09-15,64.0,0,9.89,56,1,False
CB-1050,2025-09-22,40.0,0,9.89,56,1,False
CB-1050,2025-09-29,63.0,0,9.89,56,1,False
CB-1050,2025-10-06,46.0,189,9.89,56,0,False
CB-1050,2025-10-13,37.0,152,9.89,56,0,False
CB-1050,2025-10-20,43.0,109,9.89,56,0,False
CB-1050,2025-10-27,30.0,79,9.89,56,0,False
CB-1050,2025-11-03,89.0,0,9.89,56,1,False
CB-1050,2025-11-10,52.0,183,9.89,56,0,False
CB-1050,2025-11-17,68.0,115,9.89,56,0,False
CB-1050,2025-11-24,46.0,69,9.89,56,0,False
CB-1050,2025-12-01,37.0,32,9.89,56,0,False
CB-1050,2025-12-08,56.0,0,9.89,56,1,False
CB-1050,2025-12-15,87.0,0,9.89,56,1,False
CB-1050,2025-12-22,53.0,0,9.89,56,1,False
CB-1051,2024-01-01,26.0,37,28.15,14,0,False
CB-1051,2024-01-08,36.0,1,28.15,14,0,False
CB-1051,2024-01-15,26.0,75,28.15,14,0,False
CB-1051,2024-01-22,29.0,46,28.15,14,0,False
CB-1051,2024-01-29,31.0,15,28.15,14,0,False
CB-1051,2024-02-05,15.0,101,28.15,14,0,False
CB-1051,2024-02-12,17.0,84,28.15,14,0,False
CB-1051,2024-02-19,16.0,68,28.15,14,0,False
CB-1051,2024-02-26,14.0,54,28.15,14,0,False
CB-1051,2024-03-04,35.0,19,28.15,14,0,False
CB-1051,2024-03-11,31.0,89,28.15,14,0,False
CB-1051,2024-03-18,29.0,60,28.15,14,0,False
CB-1051,2024-03-25,3.0,57,28.15,14,0,False
CB-1051,2024-04-01,49.0,108,28.15,14,0,False
CB-1051,2024-04-08,19.0,89,28.15,14,0,False
CB-1051,2024-04-15,49.0,40,28.15,14,0,False
CB-1051,2024-04-22,14.0,26,28.15,14,0,False
CB-1051,2024-04-29,20.0,107,28.15,14,0,False
CB-1051,2024-05-06,6.0,101,28.15,14,0,False
CB-1051,2024-05-13,31.0,70,28.15,14,0,False
CB-1051,2024-05-20,17.0,53,28.15,14,0,False
CB-1051,2024-05-27,16.0,37,28.15,14,0,False
CB-1051,2024-06-03,13.0,125,28.15,14,0,False
CB-1051,2024-06-10,32.0,93,28.15,14,0,False
CB-1051,2024-06-17,31.0,62,28.15,14,0,False
CB-1051,2024-06-24,39.0,23,28.15,14,0,False
CB-1051,2024-07-01,18.0,5,28.15,14,0,False
CB-1051,2024-07-08,24.0,81,28.15,14,0,False
CB-1051,2024-07-15,12.0,69,28.15,14,0,False
CB-1051,2024-07-22,19.0,50,28.15,14,0,False
CB-1051,2024-07-29,17.0,33,28.15,14,0,False
CB-1051,2024-08-05,24.0,110,28.15,14,0,False
CB-1051,2024-08-12,27.0,83,28.15,14,0,False
CB-1051,2024-08-19,26.0,57,28.15,14,0,False
CB-1051,2024-08-26,13.0,44,28.15,14,0,False
CB-1051,2024-09-02,25.0,120,28.15,14,0,False
CB-1051,2024-09-09,18.0,102,28.15,14,0,False
CB-1051,2024-09-16,16.0,86,28.15,14,0,False
CB-1051,2024-09-23,14.0,72,28.15,14,0,False
CB-1051,2024-09-30,15.0,57,28.15,14,0,False
CB-1051,2024-10-07,29.0,28,28.15,14,0,False
CB-1051,2024-10-14,20.0,108,28.15,14,0,False
CB-1051,2024-10-21,20.0,88,28.15,14,0,False
CB-1051,2024-10-28,17.0,71,28.15,14,0,False
CB-1051,2024-11-04,36.0,35,28.15,14,0,False
CB-1051,2024-11-11,29.0,6,28.15,14,0,False
CB-1051,2024-11-18,15.0,92,28.15,14,0,False
CB-1051,2024-11-25,19.0,73,28.15,14,0,False
CB-1051,2024-12-02,20.0,53,28.15,14,0,False
CB-1051,2024-12-09,24.0,29,28.15,14,0,False
CB-1051,2024-12-16,18.0,112,28.15,14,0,False
CB-1051,2024-12-23,28.0,84,28.15,14,0,False
CB-1051,2024-12-30,37.0,47,28.15,14,0,False
CB-1051,2025-01-06,14.0,33,28.15,14,0,False
CB-1051,2025-01-13,16.0,117,28.15,14,0,False
CB-1051,2025-01-20,23.0,94,28.15,14,0,False
CB-1051,2025-01-27,24.0,70,28.15,14,0,False
CB-1051,2025-02-03,49.0,21,28.15,14,0,False
CB-1051,2025-02-10,40.0,0,28.15,14,1,False
CB-1051,2025-02-17,40.0,61,28.15,14,0,False
CB-1051,2025-02-24,28.0,33,28.15,14,0,False
CB-1051,2025-03-03,28.0,5,28.15,14,0,False
CB-1051,2025-03-10,15.0,90,28.15,14,0,False
CB-1051,2025-03-17,40.0,50,28.15,14,0,False
CB-1051,2025-03-24,37.0,13,28.15,14,0,False
CB-1051,2025-03-31,46.0,68,28.15,14,0,False
CB-1051,2025-04-07,30.0,38,28.15,14,0,False
CB-1051,2025-04-14,30.0,8,28.15,14,0,False
CB-1051,2025-04-21,34.0,75,28.15,14,0,False
CB-1051,2025-04-28,41.0,34,28.15,14,0,False
CB-1051,2025-05-05,15.0,19,28.15,14,0,False
CB-1051,2025-05-12,39.0,80,28.15,14,0,False
CB-1051,2025-05-19,30.0,50,28.15,14,0,False
CB-1051,2025-05-26,19.0,31,28.15,14,0,False
CB-1051,2025-06-02,8.0,124,28.15,14,0,False
CB-1051,2025-06-09,27.0,97,28.15,14,0,False
CB-1051,2025-06-16,42.0,55,28.15,14,0,False
CB-1051,2025-06-23,43.0,12,28.15,14,0,False
CB-1051,2025-06-30,29.0,84,28.15,14,0,False
CB-1051,2025-07-07,43.0,41,28.15,14,0,False
CB-1051,2025-07-14,24.0,17,28.15,14,0,False
CB-1051,2025-07-21,32.0,85,28.15,14,0,False
CB-1051,2025-07-28,20.0,65,28.15,14,0,False
CB-1051,2025-08-04,19.0,46,28.15,14,0,False
CB-1051,2025-08-11,17.0,29,28.15,14,0,False
CB-1051,2025-08-18,6.0,124,28.15,14,0,False
CB-1051,2025-08-25,31.0,93,28.15,14,0,False
CB-1051,2025-09-01,16.0,77,28.15,14,0,False
CB-1051,2025-09-08,15.0,62,28.15,14,0,False
CB-1051,2025-09-15,12.0,50,28.15,14,0,False
CB-1051,2025-09-22,19.0,31,28.15,14,0,False
CB-1051,2025-09-29,33.0,99,28.15,14,0,False
CB-1051,2025-10-06,35.0,64,28.15,14,0,False
CB-1051,2025-10-13,9.0,55,28.15,14,0,False
CB-1051,2025-10-20,18.0,37,28.15,14,0,False
CB-1051,2025-10-27,13.0,124,28.15,14,0,False
CB-1051,2025-11-03,29.0,95,28.15,14,0,False
CB-1051,2025-11-10,24.0,71,28.15,14,0,False
CB-1051,2025-11-17,18.0,53,28.15,14,0,False
CB-1051,2025-11-24,24.0,29,28.15,14,0,False
CB-1051,2025-12-01,20.0,110,28.15,14,0,False
CB-1051,2025-12-08,39.0,71,28.15,14,0,False
CB-1051,2025-12-15,31.0,40,28.15,14,0,False
CB-1051,2025-12-22,33.0,7,28.15,14,0,False
CB-1052,2024-01-01,82.0,173,106.81,14,0,False
CB-1052,2024-01-08,80.0,93,106.81,14,0,False
CB-1052,2024-01-15,64.0,29,106.81,14,0,False
CB-1052,2024-01-22,75.0,271,106.81,14,0,False
CB-1052,2024-01-29,72.0,199,106.81,14,0,False
CB-1052,2024-02-05,92.0,107,106.81,14,0,False
CB-1052,2024-02-12,85.0,22,106.81,14,0,False
CB-1052,2024-02-19,80.0,259,106.81,14,0,False
CB-1052,2024-02-26,87.0,172,106.81,14,0,False
CB-1052,2024-03-04,69.0,103,106.81,14,0,False
CB-1052,2024-03-11,81.0,339,106.81,14,0,False
CB-1052,2024-03-18,90.0,249,106.81,14,0,False
CB-1052,2024-03-25,96.0,153,106.81,14,0,False
CB-1052,2024-04-01,77.0,76,106.81,14,0,False
CB-1052,2024-04-08,88.0,305,106.81,14,0,False
CB-1052,2024-04-15,98.0,207,106.81,14,0,False
CB-1052,2024-04-22,80.0,127,106.81,14,0,False
CB-1052,2024-04-29,91.0,36,106.81,14,0,False
CB-1052,2024-05-06,89.0,264,106.81,14,0,False
CB-1052,2024-05-13,99.0,165,106.81,14,0,False
CB-1052,2024-05-20,84.0,81,106.81,14,0,False
CB-1052,2024-05-27,83.0,315,106.81,14,0,False
CB-1052,2024-06-03,88.0,227,106.81,14,0,False
CB-1052,2024-06-10,72.0,155,106.81,14,0,False
CB-1052,2024-06-17,78.0,77,106.81,14,0,False
CB-1052,2024-06-24,74.0,320,106.81,14,0,False
CB-1052,2024-07-01,74.0,246,106.81,14,0,False
CB-1052,2024-07-08,78.0,168,106.81,14,0,False
CB-1052,2024-07-15,74.0,94,106.81,14,0,False
CB-1052,2024-07-22,65.0,346,106.81,14,0,False
CB-1052,2024-07-29,68.0,278,106.81,14,0,False
CB-1052,2024-08-05,73.0,205,106.81,14,0,False
CB-1052,2024-08-12,59.0,146,106.81,14,0,False
CB-1052,2024-08-19,63.0,83,106.81,14,0,False
CB-1052,2024-08-26,60.0,340,106.81,14,0,False
CB-1052,2024-09-02,59.0,281,106.81,14,0,False
CB-1052,2024-09-09,51.0,230,106.81,14,0,False
CB-1052,2024-09-16,65.0,165,106.81,14,0,False
CB-1052,2024-09-23,54.0,111,106.81,14,0,False
CB-1052,2024-09-30,63.0,365,106.81,14,0,False
CB-1052,2024-10-07,55.0,310,106.81,14,0,False
CB-1052,2024-10-14,56.0,254,106.81,14,0,False
CB-1052,2024-10-21,65.0,189,106.81,14,0,False
CB-1052,2024-10-28,65.0,124,106.81,14,0,False
CB-1052,2024-11-04,63.0,61,106.81,14,0,False
CB-1052,2024-11-11,67.0,311,106.81,14,0,False
CB-1052,2024-11-18,64.0,247,106.81,14,0,False
CB-1052,2024-11-25,67.0,180,106.81,14,0,False
CB-1052,2024-12-02,66.0,114,106.81,14,0,False
CB-1052,2024-12-09,77.0,37,106.81,14,0,False
CB-1052,2024-12-16,70.0,285,106.81,14,0,False
CB-1052,2024-12-23,86.0,199,106.81,14,0,False
CB-1052,2024-12-30,77.0,122,106.81,14,0,False
CB-1052,2025-01-06,82.0,40,106.81,14,0,False
CB-1052,2025-01-13,90.0,267,106.81,14,0,False
CB-1052,2025-01-20,87.0,180,106.81,14,0,False
CB-1052,2025-01-27,87.0,93,106.81,14,0,False
CB-1052,2025-02-03,91.0,2,106.81,14,0,False
CB-1052,2025-02-10,101.0,218,106.81,14,0,False
CB-1052,2025-02-17,91.0,127,106.81,14,0,False
CB-1052,2025-02-24,96.0,31,106.81,14,0,False
CB-1052,2025-03-03,99.0,249,106.81,14,0,False
CB-1052,2025-03-10,107.0,142,106.81,14,0,False
CB-1052,2025-03-17,100.0,42,106.81,14,0,False
CB-1052,2025-03-24,116.0,243,106.81,14,0,False
CB-1052,2025-03-31,101.0,142,106.81,14,0,False
CB-1052,2025-04-07,100.0,42,106.81,14,0,False
CB-1052,2025-04-14,101.0,258,106.81,14,0,False
CB-1052,2025-04-21,91.0,167,106.81,14,0,False
CB-1052,2025-04-28,92.0,75,106.81,14,0,False
CB-1052,2025-05-05,95.0,297,106.81,14,0,False
CB-1052,2025-05-12,107.0,190,106.81,14,0,False
CB-1052,2025-05-19,96.0,94,106.81,14,0,False
CB-1052,2025-05-26,91.0,3,106.81,14,0,False
CB-1052,2025-06-02,102.0,218,106.81,14,0,False
CB-1052,2025-06-09,102.0,116,106.81,14,0,False
CB-1052,2025-06-16,98.0,18,106.81,14,0,False
CB-1052,2025-06-23,80.0,255,106.81,14,0,False
CB-1052,2025-06-30,81.0,174,106.81,14,0,False
CB-1052,2025-07-07,93.0,81,106.81,14,0,False
CB-1052,2025-07-14,81.0,0,106.81,14,1,False
CB-1052,2025-07-21,75.0,242,106.81,14,0,False
CB-1052,2025-07-28,79.0,163,106.81,14,0,False
CB-1052,2025-08-04,79.0,84,106.81,14,0,False
CB-1052,2025-08-11,68.0,333,106.81,14,0,False
CB-1052,2025-08-18,70.0,263,106.81,14,0,False
CB-1052,2025-08-25,73.0,190,106.81,14,0,False
CB-1052,2025-09-01,60.0,130,106.81,14,0,False
CB-1052,2025-09-08,66.0,64,106.81,14,0,False
CB-1052,2025-09-15,59.0,322,106.81,14,0,False
CB-1052,2025-09-22,60.0,262,106.81,14,0,False
CB-1052,2025-09-29,62.0,200,106.81,14,0,False
CB-1052,2025-10-06,67.0,133,106.81,14,0,False
CB-1052,2025-10-13,64.0,69,106.81,14,0,False
CB-1052,2025-10-20,63.0,323,106.81,14,0,False
CB-1052,2025-10-27,68.0,255,106.81,14,0,False
CB-1052,2025-11-03,63.0,192,106.81,14,0,False
CB-1052,2025-11-10,73.0,119,106.81,14,0,False
CB-1052,2025-11-17,80.0,39,106.81,14,0,False
CB-1052,2025-11-24,75.0,281,106.81,14,0,False
CB-1052,2025-12-01,76.0,205,106.81,14,0,False
CB-1052,2025-12-08,83.0,122,106.81,14,0,False
CB-1052,2025-12-15,69.0,53,106.81,14,0,False
CB-1052,2025-12-22,89.0,281,106.81,14,0,False
CB-1053,2024-01-01,70.0,141,105.64,14,0,False
CB-1053,2024-01-08,78.0,63,105.64,14,0,False
CB-1053,2024-01-15,86.0,299,105.64,14,0,False
CB-1053,2024-01-22,84.0,215,105.64,14,0,False
CB-1053,2024-01-29,66.0,149,105.64,14,0,False
CB-1053,2024-02-05,86.0,63,105.64,14,0,False
CB-1053,2024-02-12,101.0,284,105.64,14,0,False
CB-1053,2024-02-19,90.0,194,105.64,14,0,False
CB-1053,2024-02-26,79.0,115,105.64,14,0,False
CB-1053,2024-03-04,91.0,24,105.64,14,0,False
CB-1053,2024-03-11,81.0,266,105.64,14,0,False
CB-1053,2024-03-18,100.0,166,105.64,14,0,False
CB-1053,2024-03-25,84.0,82,105.64,14,0,False
CB-1053,2024-04-01,92.0,312,105.64,14,0,False
CB-1053,2024-04-08,86.0,226,105.64,14,0,False
CB-1053,2024-04-15,88.0,138,105.64,14,0,False
CB-1053,2024-04-22,102.0,36,105.64,14,0,False
CB-1053,2024-04-29,91.0,267,105.64,14,0,False
CB-1053,2024-05-06,86.0,181,105.64,14,0,False
CB-1053,2024-05-13,80.0,101,105.64,14,0,False
CB-1053,2024-05-20,74.0,27,105.64,14,0,False
CB-1053,2024-05-27,77.0,273,105.64,14,0,False
CB-1053,2024-06-03,84.0,189,105.64,14,0,False
CB-1053,2024-06-10,88.0,101,105.64,14,0,False
CB-1053,2024-06-17,76.0,25,105.64,14,0,False
CB-1053,2024-06-24,88.0,259,105.64,14,0,False
CB-1053,2024-07-01,71.0,188,105.64,14,0,False
CB-1053,2024-07-08,72.0,116,105.64,14,0,False
CB-1053,2024-07-15,65.0,51,105.64,14,0,False
CB-1053,2024-07-22,75.0,298,105.64,14,0,False
CB-1053,2024-07-29,79.0,219,105.64,14,0,False
CB-1053,2024-08-05,56.0,163,105.64,14,0,False
CB-1053,2024-08-12,62.0,101,105.64,14,0,False
CB-1053,2024-08-19,69.0,355,105.64,14,0,False
CB-1053,2024-08-26,54.0,301,105.64,14,0,False
CB-1053,2024-09-02,63.0,238,105.64,14,0,False
CB-1053,2024-09-09,65.0,173,105.64,14,0,False
CB-1053,2024-09-16,59.0,114,105.64,14,0,False
CB-1053,2024-09-23,61.0,375,105.64,14,0,False
CB-1053,2024-09-30,67.0,308,105.64,14,0,False
CB-1053,2024-10-07,68.0,240,105.64,14,0,False
CB-1053,2024-10-14,59.0,181,105.64,14,0,False
CB-1053,2024-10-21,58.0,123,105.64,14,0,False
CB-1053,2024-10-28,57.0,66,105.64,14,0,False
CB-1053,2024-11-04,68.0,320,105.64,14,0,False
CB-1053,2024-11-11,57.0,263,105.64,14,0,False
CB-1053,2024-11-18,65.0,198,105.64,14,0,False
CB-1053,2024-11-25,69.0,129,105.64,14,0,False
CB-1053,2024-12-02,68.0,61,105.64,14,0,False
CB-1053,2024-12-09,74.0,310,105.64,14,0,False
CB-1053,2024-12-16,91.0,219,105.64,14,0,False
CB-1053,2024-12-23,77.0,142,105.64,14,0,False
CB-1053,2024-12-30,78.0,64,105.64,14,0,False
CB-1053,2025-01-06,90.0,296,105.64,14,0,False
CB-1053,2025-01-13,87.0,209,105.64,14,0,False
CB-1053,2025-01-20,98.0,111,105.64,14,0,False
CB-1053,2025-01-27,92.0,19,105.64,14,0,False
CB-1053,2025-02-03,91.0,250,105.64,14,0,False
CB-1053,2025-02-10,81.0,169,105.64,14,0,False
CB-1053,2025-02-17,84.0,85,105.64,14,0,False
CB-1053,2025-02-24,84.0,324,105.64,14,0,False
CB-1053,2025-03-03,103.0,221,105.64,14,0,False
CB-1053,2025-03-10,90.0,131,105.64,14,0,False
CB-1053,2025-03-17,113.0,18,105.64,14,0,False
CB-1053,2025-03-24,103.0,237,105.64,14,0,False
CB-1053,2025-03-31,101.0,136,105.64,14,0,False
CB-1053,2025-04-07,96.0,40,105.64,14,0,False
CB-1053,2025-04-14,108.0,254,105.64,14,0,False
CB-1053,2025-04-21,96.0,158,105.64,14,0,False
CB-1053,2025-04-28,94.0,64,105.64,14,0,False
CB-1053,2025-05-05,110.0,277,105.64,14,0,False
CB-1053,2025-05-12,102.0,175,105.64,14,0,False
CB-1053,2025-05-19,96.0,79,105.64,14,0,False
CB-1053,2025-05-26,101.0,0,105.64,14,1,False
CB-1053,2025-06-02,94.0,228,105.64,14,0,False
CB-1053,2025-06-09,95.0,133,105.64,14,0,False
CB-1053,2025-06-16,84.0,49,105.64,14,0,False
CB-1053,2025-06-23,102.0,270,105.64,14,0,False
CB-1053,2025-06-30,81.0,189,105.64,14,0,False
CB-1053,2025-07-07,93.0,96,105.64,14,0,False
CB-1053,2025-07-14,79.0,17,105.64,14,0,False
CB-1053,2025-07-21,83.0,256,105.64,14,0,False
CB-1053,2025-07-28,80.0,176,105.64,14,0,False
CB-1053,2025-08-04,80.0,96,105.64,14,0,False
CB-1053,2025-08-11,67.0,29,105.64,14,0,False
CB-1053,2025-08-18,76.0,275,105.64,14,0,False
CB-1053,2025-08-25,79.0,196,105.64,14,0,False
CB-1053,2025-09-01,66.0,130,105.64,14,0,False
CB-1053,2025-09-08,67.0,63,105.64,14,0,False
CB-1053,2025-09-15,63.0,323,105.64,14,0,False
CB-1053,2025-09-22,64.0,259,105.64,14,0,False
CB-1053,2025-09-29,74.0,185,105.64,14,0,False
CB-1053,2025-10-06,60.0,125,105.64,14,0,False
CB-1053,2025-10-13,61.0,64,105.64,14,0,False
CB-1053,2025-10-20,76.0,310,105.64,14,0,False
CB-1053,2025-10-27,72.0,238,105.64,14,0,False
CB-1053,2025-11-03,82.0,156,105.64,14,0,False
CB-1053,2025-11-10,69.0,87,105.64,14,0,False
CB-1053,2025-11-17,75.0,334,105.64,14,0,False
CB-1053,2025-11-24,72.0,262,105.64,14,0,False
CB-1053,2025-12-01,79.0,183,105.64,14,0,False
CB-1053,2025-12-08,70.0,113,105.64,14,0,False
CB-1053,2025-12-15,88.0,25,105.64,14,0,False
CB-1053,2025-12-22,89.0,259,105.64,14,0,False
CB-1054,2024-01-01,100.0,270,107.39,42,0,False
CB-1054,2024-01-08,118.0,152,107.39,42,0,False
CB-1054,2024-01-15,104.0,48,107.39,42,0,False
CB-1054,2024-01-22,123.0,0,107.39,42,1,False
CB-1054,2024-01-29,142.0,0,107.39,42,1,False
CB-1054,2024-02-05,139.0,0,107.39,42,1,False
CB-1054,2024-02-12,112.0,380,107.39,42,0,False
CB-1054,2024-02-19,124.0,747,107.39,42,0,False
CB-1054,2024-02-26,137.0,610,107.39,42,0,False
CB-1054,2024-03-04,134.0,476,107.39,42,0,False
CB-1054,2024-03-11,121.0,355,107.39,42,0,False
CB-1054,2024-03-18,142.0,213,107.39,42,0,False
CB-1054,2024-03-25,138.0,75,107.39,42,0,False
CB-1054,2024-04-01,160.0,407,107.39,42,0,False
CB-1054,2024-04-08,136.0,271,107.39,42,0,False
CB-1054,2024-04-15,152.0,119,107.39,42,0,False
CB-1054,2024-04-22,124.0,0,107.39,42,1,False
CB-1054,2024-04-29,126.0,366,107.39,42,0,False
CB-1054,2024-05-06,143.0,223,107.39,42,0,False
CB-1054,2024-05-13,145.0,78,107.39,42,0,False
CB-1054,2024-05-20,122.0,0,107.39,42,1,False
CB-1054,2024-05-27,130.0,362,107.39,42,0,False
CB-1054,2024-06-03,113.0,249,107.39,42,0,False
CB-1054,2024-06-10,122.0,127,107.39,42,0,False
CB-1054,2024-06-17,129.0,489,107.39,42,0,False
CB-1054,2024-06-24,114.0,375,107.39,42,0,False
CB-1054,2024-07-01,112.0,263,107.39,42,0,False
CB-1054,2024-07-08,101.0,162,107.39,42,0,False
CB-1054,2024-07-15,103.0,551,107.39,42,0,False
CB-1054,2024-07-22,120.0,431,107.39,42,0,False
CB-1054,2024-07-29,103.0,328,107.39,42,0,False
CB-1054,2024-08-05,92.0,236,107.39,42,0,False
CB-1054,2024-08-12,95.0,632,107.39,42,0,False
CB-1054,2024-08-19,83.0,549,107.39,42,0,False
CB-1054,2024-08-26,85.0,464,107.39,42,0,False
CB-1054,2024-09-02,101.0,363,107.39,42,0,False
CB-1054,2024-09-09,89.0,274,107.39,42,0,False
CB-1054,2024-09-16,103.0,663,107.39,42,0,False
CB-1054,2024-09-23,88.0,575,107.39,42,0,False
CB-1054,2024-09-30,88.0,487,107.39,42,0,False
CB-1054,2024-10-07,94.0,393,107.39,42,0,False
CB-1054,2024-10-14,71.0,322,107.39,42,0,False
CB-1054,2024-10-21,93.0,229,107.39,42,0,False
CB-1054,2024-10-28,92.0,629,107.39,42,0,False
CB-1054,2024-11-04,106.0,523,107.39,42,0,False
CB-1054,2024-11-11,105.0,418,107.39,42,0,False
CB-1054,2024-11-18,91.0,327,107.39,42,0,False
CB-1054,2024-11-25,113.0,214,107.39,42,0,False
CB-1054,2024-12-02,104.0,601,107.39,42,0,False
CB-1054,2024-12-09,102.0,499,107.39,42,0,False
CB-1054,2024-12-16,116.0,383,107.39,42,0,False
CB-1054,2024-12-23,116.0,267,107.39,42,0,False
CB-1054,2024-12-30,137.0,130,107.39,42,0,False
CB-1054,2025-01-06,129.0,493,107.39,42,0,False
CB-1054,2025-01-13,132.0,361,107.39,42,0,False
CB-1054,2025-01-20,143.0,218,107.39,42,0,False
CB-1054,2025-01-27,149.0,69,107.39,42,0,False
CB-1054,2025-02-03,149.0,412,107.39,42,0,False
CB-1054,2025-02-10,160.0,252,107.39,42,0,False
CB-1054,2025-02-17,154.0,98,107.39,42,0,False
CB-1054,2025-02-24,151.0,0,107.39,42,1,False
CB-1054,2025-03-03,167.0,325,107.39,42,0,False
CB-1054,2025-03-10,152.0,173,107.39,42,0,False
CB-1054,2025-03-17,155.0,18,107.39,42,0,False
CB-1054,2025-03-24,177.0,332,107.39,42,0,False
CB-1054,2025-03-31,177.0,155,107.39,42,0,False
CB-1054,2025-04-07,156.0,0,107.39,42,1,False
CB-1054,2025-04-14,151.0,0,107.39,42,1,False
CB-1054,2025-04-21,174.0,318,107.39,42,0,False
CB-1054,2025-04-28,164.0,154,107.39,42,0,False
CB-1054,2025-05-05,156.0,0,107.39,42,1,False
CB-1054,2025-05-12,147.0,345,107.39,42,0,False
CB-1054,2025-05-19,152.0,193,107.39,42,0,False
CB-1054,2025-05-26,145.0,48,107.39,42,0,False
CB-1054,2025-06-02,135.0,0,107.39,42,1,False
CB-1054,2025-06-09,141.0,351,107.39,42,0,False
CB-1054,2025-06-16,139.0,212,107.39,42,0,False
CB-1054,2025-06-23,128.0,84,107.39,42,0,False
CB-1054,2025-06-30,138.0,437,107.39,42,0,False
CB-1054,2025-07-07,138.0,299,107.39,42,0,False
CB-1054,2025-07-14,131.0,168,107.39,42,0,False
CB-1054,2025-07-21,115.0,53,107.39,42,0,False
CB-1054,2025-07-28,122.0,423,107.39,42,0,False
CB-1054,2025-08-04,112.0,311,107.39,42,0,False
CB-1054,2025-08-11,98.0,213,107.39,42,0,False
CB-1054,2025-08-18,112.0,101,107.39,42,0,False
CB-1054,2025-08-25,105.0,487,107.39,42,0,False
CB-1054,2025-09-01,123.0,364,107.39,42,0,False
CB-1054,2025-09-08,112.0,252,107.39,42,0,False
CB-1054,2025-09-15,105.0,147,107.39,42,0,False
CB-1054,2025-09-22,101.0,538,107.39,42,0,False
CB-1054,2025-09-29,100.0,438,107.39,42,0,False
CB-1054,2025-10-06,92.0,346,107.39,42,0,False
CB-1054,2025-10-13,87.0,259,107.39,42,0,False
CB-1054,2025-10-20,95.0,656,107.39,42,0,False
CB-1054,2025-10-27,103.0,553,107.39,42,0,False
CB-1054,2025-11-03,88.0,465,107.39,42,0,False
CB-1054,2025-11-10,104.0,361,107.39,42,0,False
CB-1054,2025-11-17,110.0,251,107.39,42,0,False
CB-1054,2025-11-24,113.0,629,107.39,42,0,False
CB-1054,2025-12-01,113.0,516,107.39,42,0,False
CB-1054,2025-12-08,120.0,396,107.39,42,0,False
CB-1054,2025-12-15,145.0,251,107.39,42,0,False
CB-1054,2025-12-22,138.0,113,107.39,42,0,False
CB-1055,2024-01-01,81.0,142,88.11,7,0,False
CB-1055,2024-01-08,79.0,63,88.11,7,0,False
CB-1055,2024-01-15,82.0,348,88.11,7,0,False
CB-1055,2024-01-22,97.0,251,88.11,7,0,False
CB-1055,2024-01-29,89.0,162,88.11,7,0,False
CB-1055,2024-02-05,86.0,76,88.11,7,0,False
CB-1055,2024-02-12,96.0,347,88.11,7,0,False
CB-1055,2024-02-19,100.0,247,88.11,7,0,False
CB-1055,2024-02-26,85.0,162,88.11,7,0,False
CB-1055,2024-03-04,102.0,60,88.11,7,0,False
CB-1055,2024-03-11,110.0,318,88.11,7,0,False
CB-1055,2024-03-18,108.0,210,88.11,7,0,False
CB-1055,2024-03-25,124.0,86,88.11,7,0,False
CB-1055,2024-04-01,116.0,337,88.11,7,0,False
CB-1055,2024-04-08,118.0,219,88.11,7,0,False
CB-1055,2024-04-15,129.0,90,88.11,7,0,False
CB-1055,2024-04-22,111.0,346,88.11,7,0,False
CB-1055,2024-04-29,105.0,241,88.11,7,0,False
CB-1055,2024-05-06,111.0,130,88.11,7,0,False
CB-1055,2024-05-13,97.0,33,88.11,7,0,False
CB-1055,2024-05-20,101.0,299,88.11,7,0,False
CB-1055,2024-05-27,93.0,206,88.11,7,0,False
CB-1055,2024-06-03,99.0,107,88.11,7,0,False
CB-1055,2024-06-10,89.0,385,88.11,7,0,False
CB-1055,2024-06-17,87.0,298,88.11,7,0,False
CB-1055,2024-06-24,92.0,206,88.11,7,0,False
CB-1055,2024-07-01,86.0,120,88.11,7,0,False
CB-1055,2024-07-08,72.0,48,88.11,7,0,False
CB-1055,2024-07-15,73.0,342,88.11,7,0,False
CB-1055,2024-07-22,73.0,269,88.11,7,0,False
CB-1055,2024-07-29,72.0,197,88.11,7,0,False
CB-1055,2024-08-05,78.0,119,88.11,7,0,False
CB-1055,2024-08-12,75.0,44,88.11,7,0,False
CB-1055,2024-08-19,78.0,333,88.11,7,0,False
CB-1055,2024-08-26,75.0,258,88.11,7,0,False
CB-1055,2024-09-02,75.0,183,88.11,7,0,False
CB-1055,2024-09-09,72.0,111,88.11,7,0,False
CB-1055,2024-09-16,69.0,42,88.11,7,0,False
CB-1055,2024-09-23,73.0,336,88.11,7,0,False
CB-1055,2024-09-30,72.0,264,88.11,7,0,False
CB-1055,2024-10-07,70.0,194,88.11,7,0,False
CB-1055,2024-10-14,75.0,119,88.11,7,0,False
CB-1055,2024-10-21,56.0,63,88.11,7,0,False
CB-1055,2024-10-28,69.0,361,88.11,7,0,False
CB-1055,2024-11-04,70.0,291,88.11,7,0,False
CB-1055,2024-11-11,81.0,210,88.11,7,0,False
CB-1055,2024-11-18,86.0,124,88.11,7,0,False
CB-1055,2024-11-25,69.0,55,88.11,7,0,False
CB-1055,2024-12-02,90.0,333,88.11,7,0,False
CB-1055,2024-12-09,76.0,257,88.11,7,0,False
CB-1055,2024-12-16,78.0,179,88.11,7,0,False
CB-1055,2024-12-23,88.0,91,88.11,7,0,False
CB-1055,2024-12-30,90.0,368,88.11,7,0,False
CB-1055,2025-01-06,83.0,285,88.11,7,0,False
CB-1055,2025-01-13,103.0,182,88.11,7,0,False
CB-1055,2025-01-20,107.0,75,88.11,7,0,False
CB-1055,2025-01-27,113.0,329,88.11,7,0,False
CB-1055,2025-02-03,103.0,226,88.11,7,0,False
CB-1055,2025-02-10,109.0,117,88.11,7,0,False
CB-1055,2025-02-17,111.0,6,88.11,7,0,False
CB-1055,2025-02-24,129.0,244,88.11,7,0,False
CB-1055,2025-03-03,89.0,155,88.11,7,0,False
CB-1055,2025-03-10,107.0,48,88.11,7,0,False
CB-1055,2025-03-17,118.0,297,88.11,7,0,False
CB-1055,2025-03-24,108.0,189,88.11,7,0,False
CB-1055,2025-03-31,116.0,73,88.11,7,0,False
CB-1055,2025-04-07,118.0,322,88.11,7,0,False
CB-1055,2025-04-14,112.0,210,88.11,7,0,False
CB-1055,2025-04-21,119.0,91,88.11,7,0,False
CB-1055,2025-04-28,123.0,335,88.11,7,0,False
CB-1055,2025-05-05,114.0,221,88.11,7,0,False
CB-1055,2025-05-12,110.0,111,88.11,7,0,False
CB-1055,2025-05-19,111.0,0,88.11,7,0,False
CB-1055,2025-05-26,110.0,257,88.11,7,0,False
CB-1055,2025-06-02,93.0,164,88.11,7,0,False
CB-1055,2025-06-09,109.0,55,88.11,7,0,False
CB-1055,2025-06-16,99.0,323,88.11,7,0,False
CB-1055,2025-06-23,110.0,213,88.11,7,0,False
CB-1055,2025-06-30,102.0,111,88.11,7,0,False
CB-1055,2025-07-07,104.0,7,88.11,7,0,False
CB-1055,2025-07-14,85.0,290,88.11,7,0,False
CB-1055,2025-07-21,87.0,203,88.11,7,0,False
CB-1055,2025-07-28,78.0,125,88.11,7,0,False
CB-1055,2025-08-04,80.0,45,88.11,7,0,False
CB-1055,2025-08-11,91.0,321,88.11,7,0,False
CB-1055,2025-08-18,90.0,231,88.11,7,0,False
CB-1055,2025-08-25,72.0,159,88.11,7,0,False
CB-1055,2025-09-01,75.0,84,88.11,7,0,False
CB-1055,2025-09-08,76.0,375,88.11,7,0,False
CB-1055,2025-09-15,79.0,296,88.11,7,0,False
CB-1055,2025-09-22,65.0,231,88.11,7,0,False
CB-1055,2025-09-29,66.0,165,88.11,7,0,False
CB-1055,2025-10-06,78.0,87,88.11,7,0,False
CB-1055,2025-10-13,64.0,390,88.11,7,0,False
CB-1055,2025-10-20,75.0,315,88.11,7,0,False
CB-1055,2025-10-27,80.0,235,88.11,7,0,False
CB-1055,2025-11-03,83.0,152,88.11,7,0,False
CB-1055,2025-11-10,82.0,70,88.11,7,0,False
CB-1055,2025-11-17,82.0,355,88.11,7,0,False
CB-1055,2025-11-24,93.0,262,88.11,7,0,False
CB-1055,2025-12-01,92.0,170,88.11,7,0,False
CB-1055,2025-12-08,88.0,82,88.11,7,0,False
CB-1055,2025-12-15,97.0,352,88.11,7,0,False
CB-1055,2025-12-22,103.0,249,88.11,7,0,False
CB-1056,2024-01-01,0.0,3,17.18,42,0,False
CB-1056,2024-01-08,0.0,3,17.18,42,0,False
CB-1056,2024-01-15,0.0,3,17.18,42,0,False
CB-1056,2024-01-22,0.0,3,17.18,42,0,False
CB-1056,2024-01-29,0.0,3,17.18,42,0,False
CB-1056,2024-02-05,0.0,3,17.18,42,0,False
CB-1056,2024-02-12,0.0,21,17.18,42,0,False
CB-1056,2024-02-19,0.0,39,17.18,42,0,False
CB-1056,2024-02-26,0.0,39,17.18,42,0,False
CB-1056,2024-03-04,0.0,39,17.18,42,0,False
CB-1056,2024-03-11,0.0,39,17.18,42,0,False
CB-1056,2024-03-18,0.0,39,17.18,42,0,False
CB-1056,2024-03-25,0.0,39,17.18,42,0,False
CB-1056,2024-04-01,0.0,39,17.18,42,0,False
CB-1056,2024-04-08,0.0,39,17.18,42,0,False
CB-1056,2024-04-15,0.0,39,17.18,42,0,False
CB-1056,2024-04-22,0.0,39,17.18,42,0,False
CB-1056,2024-04-29,0.0,39,17.18,42,0,False
CB-1056,2024-05-06,0.0,39,17.18,42,0,False
CB-1056,2024-05-13,0.0,39,17.18,42,0,False
CB-1056,2024-05-20,0.0,39,17.18,42,0,False
CB-1056,2024-05-27,0.0,39,17.18,42,0,False
CB-1056,2024-06-03,41.0,0,17.18,42,1,False
CB-1056,2024-06-10,0.0,0,17.18,42,0,False
CB-1056,2024-06-17,0.0,0,17.18,42,0,False
CB-1056,2024-06-24,0.0,0,17.18,42,0,False
CB-1056,2024-07-01,0.0,0,17.18,42,0,False
CB-1056,2024-07-08,0.0,0,17.18,42,0,False
CB-1056,2024-07-15,0.0,18,17.18,42,0,False
CB-1056,2024-07-22,0.0,35,17.18,42,0,False
CB-1056,2024-07-29,0.0,53,17.18,42,0,False
CB-1056,2024-08-05,0.0,53,17.18,42,0,False
CB-1056,2024-08-12,0.0,53,17.18,42,0,False
CB-1056,2024-08-19,0.0,53,17.18,42,0,False
CB-1056,2024-08-26,0.0,53,17.18,42,0,False
CB-1056,2024-09-02,0.0,53,17.18,42,0,False
CB-1056,2024-09-09,0.0,53,17.18,42,0,False
CB-1056,2024-09-16,27.0,26,17.18,42,0,False
CB-1056,2024-09-23,0.0,26,17.18,42,0,False
CB-1056,2024-09-30,0.0,26,17.18,42,0,False
CB-1056,2024-10-07,0.0,26,17.18,42,0,False
CB-1056,2024-10-14,0.0,26,17.18,42,0,False
CB-1056,2024-10-21,0.0,26,17.18,42,0,False
CB-1056,2024-10-28,0.0,44,17.18,42,0,False
CB-1056,2024-11-04,0.0,44,17.18,42,0,False
CB-1056,2024-11-11,0.0,44,17.18,42,0,False
CB-1056,2024-11-18,0.0,44,17.18,42,0,False
CB-1056,2024-11-25,0.0,44,17.18,42,0,False
CB-1056,2024-12-02,0.0,44,17.18,42,0,False
CB-1056,2024-12-09,0.0,44,17.18,42,0,False
CB-1056,2024-12-16,33.0,11,17.18,42,0,False
CB-1056,2024-12-23,0.0,11,17.18,42,0,False
CB-1056,2024-12-30,0.0,11,17.18,42,0,False
CB-1056,2025-01-06,0.0,11,17.18,42,0,False
CB-1056,2025-01-13,58.0,0,17.18,42,1,False
CB-1056,2025-01-20,0.0,0,17.18,42,0,False
CB-1056,2025-01-27,0.0,18,17.18,42,0,False
CB-1056,2025-02-03,0.0,35,17.18,42,0,False
CB-1056,2025-02-10,37.0,0,17.18,42,1,False
CB-1056,2025-02-17,0.0,0,17.18,42,0,False
CB-1056,2025-02-24,52.0,0,17.18,42,1,False
CB-1056,2025-03-03,0.0,0,17.18,42,0,False
CB-1056,2025-03-10,0.0,0,17.18,42,0,False
CB-1056,2025-03-17,0.0,0,17.18,42,0,False
CB-1056,2025-03-24,0.0,18,17.18,42,0,False
CB-1056,2025-03-31,0.0,35,17.18,42,0,False
CB-1056,2025-04-07,0.0,53,17.18,42,0,False
CB-1056,2025-04-14,0.0,53,17.18,42,0,False
CB-1056,2025-04-21,0.0,53,17.18,42,0,False
CB-1056,2025-04-28,40.0,13,17.18,42,0,False
CB-1056,2025-05-05,0.0,13,17.18,42,0,False
CB-1056,2025-05-12,0.0,13,17.18,42,0,False
CB-1056,2025-05-19,0.0,13,17.18,42,0,False
CB-1056,2025-05-26,0.0,13,17.18,42,0,False
CB-1056,2025-06-02,0.0,13,17.18,42,0,False
CB-1056,2025-06-09,0.0,31,17.18,42,0,False
CB-1056,2025-06-16,0.0,48,17.18,42,0,False
CB-1056,2025-06-23,17.0,31,17.18,42,0,False
CB-1056,2025-06-30,0.0,31,17.18,42,0,False
CB-1056,2025-07-07,0.0,31,17.18,42,0,False
CB-1056,2025-07-14,0.0,31,17.18,42,0,False
CB-1056,2025-07-21,0.0,31,17.18,42,0,False
CB-1056,2025-07-28,0.0,31,17.18,42,0,False
CB-1056,2025-08-04,0.0,49,17.18,42,0,False
CB-1056,2025-08-11,0.0,49,17.18,42,0,False
CB-1056,2025-08-18,24.0,25,17.18,42,0,False
CB-1056,2025-08-25,0.0,25,17.18,42,0,False
CB-1056,2025-09-01,0.0,25,17.18,42,0,False
CB-1056,2025-09-08,0.0,25,17.18,42,0,False
CB-1056,2025-09-15,17.0,8,17.18,42,0,False
CB-1056,2025-09-22,0.0,8,17.18,42,0,False
CB-1056,2025-09-29,23.0,3,17.18,42,0,False
CB-1056,2025-10-06,0.0,3,17.18,42,0,False
CB-1056,2025-10-13,0.0,3,17.18,42,0,False
CB-1056,2025-10-20,0.0,3,17.18,42,0,False
CB-1056,2025-10-27,41.0,0,17.18,42,1,False
CB-1056,2025-11-03,0.0,0,17.18,42,0,False
CB-1056,2025-11-10,0.0,18,17.18,42,0,False
CB-1056,2025-11-17,0.0,18,17.18,42,0,False
CB-1056,2025-11-24,0.0,18,17.18,42,0,False
CB-1056,2025-12-01,0.0,18,17.18,42,0,False
CB-1056,2025-12-08,0.0,35,17.18,42,0,False
CB-1056,2025-12-15,0.0,53,17.18,42,0,False
CB-1056,2025-12-22,23.0,30,17.18,42,0,False
CB-1057,2024-01-01,38.0,20,168.96,35,0,False
CB-1057,2024-01-08,24.0,0,168.96,35,1,False
CB-1057,2024-01-15,30.0,0,168.96,35,1,False
CB-1057,2024-01-22,21.0,0,168.96,35,1,False
CB-1057,2024-01-29,20.0,0,168.96,35,1,False
CB-1057,2024-02-05,18.0,103,168.96,35,0,False
CB-1057,2024-02-12,27.0,198,168.96,35,0,False
CB-1057,2024-02-19,35.0,163,168.96,35,0,False
CB-1057,2024-02-26,11.0,152,168.96,35,0,False
CB-1057,2024-03-04,33.0,119,168.96,35,0,False
CB-1057,2024-03-11,51.0,68,168.96,35,0,False
CB-1057,2024-03-18,47.0,21,168.96,35,0,False
CB-1057,2024-03-25,27.0,0,168.96,35,1,False
CB-1057,2024-04-01,17.0,104,168.96,35,0,False
CB-1057,2024-04-08,40.0,64,168.96,35,0,False
CB-1057,2024-04-15,6.0,58,168.96,35,0,False
CB-1057,2024-04-22,47.0,133,168.96,35,0,False
CB-1057,2024-04-29,31.0,102,168.96,35,0,False
CB-1057,2024-05-06,55.0,47,168.96,35,0,False
CB-1057,2024-05-13,13.0,34,168.96,35,0,False
CB-1057,2024-05-20,43.0,0,168.96,35,1,False
CB-1057,2024-05-27,31.0,90,168.96,35,0,False
CB-1057,2024-06-03,28.0,62,168.96,35,0,False
CB-1057,2024-06-10,16.0,46,168.96,35,0,False
CB-1057,2024-06-17,36.0,132,168.96,35,0,False
CB-1057,2024-06-24,36.0,96,168.96,35,0,False
CB-1057,2024-07-01,46.0,50,168.96,35,0,False
CB-1057,2024-07-08,37.0,13,168.96,35,0,False
CB-1057,2024-07-15,21.0,0,168.96,35,1,False
CB-1057,2024-07-22,17.0,104,168.96,35,0,False
CB-1057,2024-07-29,13.0,91,168.96,35,0,False
CB-1057,2024-08-05,37.0,54,168.96,35,0,False
CB-1057,2024-08-12,17.0,159,168.96,35,0,False
CB-1057,2024-08-19,35.0,124,168.96,35,0,False
CB-1057,2024-08-26,27.0,97,168.96,35,0,False
CB-1057,2024-09-02,25.0,72,168.96,35,0,False
CB-1057,2024-09-09,20.0,52,168.96,35,0,False
CB-1057,2024-09-16,27.0,146,168.96,35,0,False
CB-1057,2024-09-23,22.0,124,168.96,35,0,False
CB-1057,2024-09-30,19.0,105,168.96,35,0,False
CB-1057,2024-10-07,27.0,78,168.96,35,0,False
CB-1057,2024-10-14,21.0,57,168.96,35,0,False
CB-1057,2024-10-21,16.0,163,168.96,35,0,False
CB-1057,2024-10-28,28.0,135,168.96,35,0,False
CB-1057,2024-11-04,23.0,112,168.96,35,0,False
CB-1057,2024-11-11,28.0,84,168.96,35,0,False
CB-1057,2024-11-18,21.0,63,168.96,35,0,False
CB-1057,2024-11-25,15.0,48,168.96,35,0,False
CB-1057,2024-12-02,42.0,127,168.96,35,0,False
CB-1057,2024-12-09,42.0,85,168.96,35,0,False
CB-1057,2024-12-16,37.0,48,168.96,35,0,False
CB-1057,2024-12-23,25.0,23,168.96,35,0,False
CB-1057,2024-12-30,27.0,0,168.96,35,1,False
CB-1057,2025-01-06,46.0,75,168.96,35,0,False
CB-1057,2025-01-13,28.0,47,168.96,35,0,False
CB-1057,2025-01-20,26.0,21,168.96,35,0,False
CB-1057,2025-01-27,56.0,87,168.96,35,0,False
CB-1057,2025-02-03,34.0,53,168.96,35,0,False
CB-1057,2025-02-10,57.0,0,168.96,35,1,False
CB-1057,2025-02-17,18.0,0,168.96,35,1,False
CB-1057,2025-02-24,43.0,78,168.96,35,0,False
CB-1057,2025-03-03,64.0,14,168.96,35,0,False
CB-1057,2025-03-10,38.0,0,168.96,35,1,False
CB-1057,2025-03-17,35.0,86,168.96,35,0,False
CB-1057,2025-03-24,23.0,63,168.96,35,0,False
CB-1057,2025-03-31,53.0,10,168.96,35,0,False
CB-1057,2025-04-07,28.0,104,168.96,35,0,False
CB-1057,2025-04-14,37.0,67,168.96,35,0,False
CB-1057,2025-04-21,22.0,45,168.96,35,0,False
CB-1057,2025-04-28,59.0,0,168.96,35,1,False
CB-1057,2025-05-05,53.0,68,168.96,35,0,False
CB-1057,2025-05-12,37.0,31,168.96,35,0,False
CB-1057,2025-05-19,22.0,9,168.96,35,0,False
CB-1057,2025-05-26,55.0,0,168.96,35,1,False
CB-1057,2025-06-02,31.0,90,168.96,35,0,False
CB-1057,2025-06-09,21.0,69,168.96,35,0,False
CB-1057,2025-06-16,13.0,178,168.96,35,0,False
CB-1057,2025-06-23,25.0,153,168.96,35,0,False
CB-1057,2025-06-30,16.0,137,168.96,35,0,False
CB-1057,2025-07-07,24.0,113,168.96,35,0,False
CB-1057,2025-07-14,38.0,75,168.96,35,0,False
CB-1057,2025-07-21,25.0,50,168.96,35,0,False
CB-1057,2025-07-28,32.0,139,168.96,35,0,False
CB-1057,2025-08-04,21.0,118,168.96,35,0,False
CB-1057,2025-08-11,27.0,91,168.96,35,0,False
CB-1057,2025-08-18,44.0,47,168.96,35,0,False
CB-1057,2025-08-25,22.0,25,168.96,35,0,False
CB-1057,2025-09-01,29.0,118,168.96,35,0,False
CB-1057,2025-09-08,11.0,107,168.96,35,0,False
CB-1057,2025-09-15,38.0,69,168.96,35,0,False
CB-1057,2025-09-22,20.0,49,168.96,35,0,False
CB-1057,2025-09-29,33.0,137,168.96,35,0,False
CB-1057,2025-10-06,23.0,114,168.96,35,0,False
CB-1057,2025-10-13,30.0,84,168.96,35,0,False
CB-1057,2025-10-20,31.0,53,168.96,35,0,False
CB-1057,2025-10-27,22.0,31,168.96,35,0,False
CB-1057,2025-11-03,36.0,117,168.96,35,0,False
CB-1057,2025-11-10,20.0,97,168.96,35,0,False
CB-1057,2025-11-17,35.0,62,168.96,35,0,False
CB-1057,2025-11-24,25.0,37,168.96,35,0,False
CB-1057,2025-12-01,33.0,125,168.96,35,0,False
CB-1057,2025-12-08,25.0,100,168.96,35,0,False
CB-1057,2025-12-15,32.0,68,168.96,35,0,False
CB-1057,2025-12-22,20.0,48,168.96,35,0,False
CB-1058,2024-01-01,16.0,51,86.54,21,0,False
CB-1058,2024-01-08,21.0,30,86.54,21,0,False
CB-1058,2024-01-15,23.0,7,86.54,21,0,False
CB-1058,2024-01-22,17.0,78,86.54,21,0,False
CB-1058,2024-01-29,22.0,56,86.54,21,0,False
CB-1058,2024-02-05,15.0,41,86.54,21,0,False
CB-1058,2024-02-12,44.0,0,86.54,21,1,False
CB-1058,2024-02-19,34.0,54,86.54,21,0,False
CB-1058,2024-02-26,27.0,28,86.54,21,0,False
CB-1058,2024-03-04,36.0,0,86.54,21,1,False
CB-1058,2024-03-11,8.0,80,86.54,21,0,False
CB-1058,2024-03-18,3.0,78,86.54,21,0,False
CB-1058,2024-03-25,22.0,56,86.54,21,0,False
CB-1058,2024-04-01,14.0,42,86.54,21,0,False
CB-1058,2024-04-08,24.0,18,86.54,21,0,False
CB-1058,2024-04-15,28.0,78,86.54,21,0,False
CB-1058,2024-04-22,34.0,44,86.54,21,0,False
CB-1058,2024-04-29,16.0,28,86.54,21,0,False
CB-1058,2024-05-06,29.0,0,86.54,21,1,False
CB-1058,2024-05-13,25.0,64,86.54,21,0,False
CB-1058,2024-05-20,28.0,36,86.54,21,0,False
CB-1058,2024-05-27,20.0,16,86.54,21,0,False
CB-1058,2024-06-03,35.0,69,86.54,21,0,False
CB-1058,2024-06-10,23.0,46,86.54,21,0,False
CB-1058,2024-06-17,37.0,9,86.54,21,0,False
CB-1058,2024-06-24,16.0,82,86.54,21,0,False
CB-1058,2024-07-01,27.0,54,86.54,21,0,False
CB-1058,2024-07-08,21.0,34,86.54,21,0,False
CB-1058,2024-07-15,18.0,16,86.54,21,0,False
CB-1058,2024-07-22,24.0,80,86.54,21,0,False
CB-1058,2024-07-29,17.0,63,86.54,21,0,False
CB-1058,2024-08-05,1.0,62,86.54,21,0,False
CB-1058,2024-08-12,0.0,62,86.54,21,0,False
CB-1058,2024-08-19,26.0,124,86.54,21,0,False
CB-1058,2024-08-26,25.0,100,86.54,21,0,False
CB-1058,2024-09-02,29.0,70,86.54,21,0,False
CB-1058,2024-09-09,17.0,54,86.54,21,0,False
CB-1058,2024-09-16,9.0,44,86.54,21,0,False
CB-1058,2024-09-23,14.0,119,86.54,21,0,False
CB-1058,2024-09-30,17.0,102,86.54,21,0,False
CB-1058,2024-10-07,11.0,91,86.54,21,0,False
CB-1058,2024-10-14,27.0,64,86.54,21,0,False
CB-1058,2024-10-21,31.0,33,86.54,21,0,False
CB-1058,2024-10-28,20.0,13,86.54,21,0,False
CB-1058,2024-11-04,18.0,84,86.54,21,0,False
CB-1058,2024-11-11,10.0,74,86.54,21,0,False
CB-1058,2024-11-18,29.0,44,86.54,21,0,False
CB-1058,2024-11-25,20.0,24,86.54,21,0,False
CB-1058,2024-12-02,18.0,95,86.54,21,0,False
CB-1058,2024-12-09,24.0,71,86.54,21,0,False
CB-1058,2024-12-16,17.0,54,86.54,21,0,False
CB-1058,2024-12-23,23.0,31,86.54,21,0,False
CB-1058,2024-12-30,11.0,108,86.54,21,0,False
CB-1058,2025-01-06,33.0,76,86.54,21,0,False
CB-1058,2025-01-13,24.0,52,86.54,21,0,False
CB-1058,2025-01-20,35.0,16,86.54,21,0,False
CB-1058,2025-01-27,24.0,0,86.54,21,1,False
CB-1058,2025-02-03,25.0,64,86.54,21,0,False
CB-1058,2025-02-10,16.0,48,86.54,21,0,False
CB-1058,2025-02-17,35.0,12,86.54,21,0,False
CB-1058,2025-02-24,20.0,81,86.54,21,0,False
CB-1058,2025-03-03,24.0,57,86.54,21,0,False
CB-1058,2025-03-10,29.0,28,86.54,21,0,False
CB-1058,2025-03-17,30.0,0,86.54,21,1,False
CB-1058,2025-03-24,12.0,76,86.54,21,0,False
CB-1058,2025-03-31,27.0,50,86.54,21,0,False
CB-1058,2025-04-07,38.0,12,86.54,21,0,False
CB-1058,2025-04-14,26.0,0,86.54,21,1,False
CB-1058,2025-04-21,27.0,62,86.54,21,0,False
CB-1058,2025-04-28,31.0,30,86.54,21,0,False
CB-1058,2025-05-05,28.0,2,86.54,21,0,False
CB-1058,2025-05-12,18.0,73,86.54,21,0,False
CB-1058,2025-05-19,28.0,45,86.54,21,0,False
CB-1058,2025-05-26,37.0,8,86.54,21,0,False
CB-1058,2025-06-02,17.0,80,86.54,21,0,False
CB-1058,2025-06-09,23.0,56,86.54,21,0,False
CB-1058,2025-06-16,13.0,44,86.54,21,0,False
CB-1058,2025-06-23,33.0,10,86.54,21,0,False
CB-1058,2025-06-30,23.0,76,86.54,21,0,False
CB-1058,2025-07-07,17.0,59,86.54,21,0,False
CB-1058,2025-07-14,24.0,35,86.54,21,0,False
CB-1058,2025-07-21,13.0,22,86.54,21,0,False
CB-1058,2025-07-28,14.0,96,86.54,21,0,False
CB-1058,2025-08-04,10.0,86,86.54,21,0,False
CB-1058,2025-08-11,13.0,74,86.54,21,0,False
CB-1058,2025-08-18,30.0,44,86.54,21,0,False
CB-1058,2025-08-25,15.0,28,86.54,21,0,False
CB-1058,2025-09-01,22.0,95,86.54,21,0,False
CB-1058,2025-09-08,13.0,82,86.54,21,0,False
CB-1058,2025-09-15,24.0,58,86.54,21,0,False
CB-1058,2025-09-22,12.0,46,86.54,21,0,False
CB-1058,2025-09-29,19.0,27,86.54,21,0,False
CB-1058,2025-10-06,19.0,96,86.54,21,0,False
CB-1058,2025-10-13,34.0,62,86.54,21,0,False
CB-1058,2025-10-20,23.0,40,86.54,21,0,False
CB-1058,2025-10-27,16.0,24,86.54,21,0,False
CB-1058,2025-11-03,25.0,87,86.54,21,0,False
CB-1058,2025-11-10,36.0,51,86.54,21,0,False
CB-1058,2025-11-17,9.0,42,86.54,21,0,False
CB-1058,2025-11-24,15.0,27,86.54,21,0,False
CB-1058,2025-12-01,21.0,94,86.54,21,0,False
CB-1058,2025-12-08,20.0,74,86.54,21,0,False
CB-1058,2025-12-15,21.0,54,86.54,21,0,False
CB-1058,2025-12-22,13.0,40,86.54,21,0,False
CB-1059,2024-01-01,58.0,149,94.92,42,0,False
CB-1059,2024-01-08,66.0,83,94.92,42,0,False
CB-1059,2024-01-15,62.0,21,94.92,42,0,False
CB-1059,2024-01-22,59.0,0,94.92,42,1,False
CB-1059,2024-01-29,59.0,0,94.92,42,1,False
CB-1059,2024-02-05,67.0,0,94.92,42,1,False
CB-1059,2024-02-12,,200,94.92,42,0,False
CB-1059,2024-02-19,72.0,393,94.92,42,0,False
CB-1059,2024-02-26,64.0,329,94.92,42,0,False
CB-1059,2024-03-04,78.0,251,94.92,42,0,False
CB-1059,2024-03-11,75.0,176,94.92,42,0,False
CB-1059,2024-03-18,76.0,100,94.92,42,0,False
CB-1059,2024-03-25,84.0,16,94.92,42,0,False
CB-1059,2024-04-01,73.0,208,94.92,42,0,False
CB-1059,2024-04-08,72.0,136,94.92,42,0,False
CB-1059,2024-04-15,72.0,64,94.92,42,0,False
CB-1059,2024-04-22,74.0,0,94.92,42,1,False
CB-1059,2024-04-29,74.0,191,94.92,42,0,False
CB-1059,2024-05-06,69.0,122,94.92,42,0,False
CB-1059,2024-05-13,61.0,61,94.92,42,0,False
CB-1059,2024-05-20,69.0,257,94.92,42,0,False
CB-1059,2024-05-27,73.0,184,94.92,42,0,False
CB-1059,2024-06-03,70.0,114,94.92,42,0,False
CB-1059,2024-06-10,74.0,40,94.92,42,0,False
CB-1059,2024-06-17,76.0,229,94.92,42,0,False
CB-1059,2024-06-24,68.0,161,94.92,42,0,False
CB-1059,2024-07-01,70.0,91,94.92,42,0,False
CB-1059,2024-07-08,65.0,26,94.92,42,0,False
CB-1059,2024-07-15,67.0,224,94.92,42,0,False
CB-1059,2024-07-22,66.0,158,94.92,42,0,False
CB-1059,2024-07-29,60.0,98,94.92,42,0,False
CB-1059,2024-08-05,57.0,41,94.92,42,0,False
CB-1059,2024-08-12,52.0,254,94.92,42,0,False
CB-1059,2024-08-19,52.0,202,94.92,42,0,False
CB-1059,2024-08-26,49.0,153,94.92,42,0,False
CB-1059,2024-09-02,52.0,101,94.92,42,0,False
CB-1059,2024-09-09,46.0,320,94.92,42,0,False
CB-1059,2024-09-16,48.0,272,94.92,42,0,False
CB-1059,2024-09-23,39.0,233,94.92,42,0,False
CB-1059,2024-09-30,55.0,178,94.92,42,0,False
CB-1059,2024-10-07,48.0,130,94.92,42,0,False
CB-1059,2024-10-14,51.0,343,94.92,42,0,False
CB-1059,2024-10-21,56.0,287,94.92,42,0,False
CB-1059,2024-10-28,52.0,235,94.92,42,0,False
CB-1059,2024-11-04,58.0,177,94.92,42,0,False
CB-1059,2024-11-11,48.0,129,94.92,42,0,False
CB-1059,2024-11-18,65.0,329,94.92,42,0,False
CB-1059,2024-11-25,61.0,268,94.92,42,0,False
CB-1059,2024-12-02,59.0,209,94.92,42,0,False
CB-1059,2024-12-09,67.0,142,94.92,42,0,False
CB-1059,2024-12-16,56.0,86,94.92,42,0,False
CB-1059,2024-12-23,63.0,288,94.92,42,0,False
CB-1059,2024-12-30,74.0,214,94.92,42,0,False
CB-1059,2025-01-06,58.0,156,94.92,42,0,False
CB-1059,2025-01-13,74.0,82,94.92,42,0,False
CB-1059,2025-01-20,76.0,6,94.92,42,0,False
CB-1059,2025-01-27,87.0,184,94.92,42,0,False
CB-1059,2025-02-03,67.0,117,94.92,42,0,False
CB-1059,2025-02-10,89.0,28,94.92,42,0,False
CB-1059,2025-02-17,77.0,0,94.92,42,1,False
CB-1059,2025-02-24,79.0,186,94.92,42,0,False
CB-1059,2025-03-03,75.0,111,94.92,42,0,False
CB-1059,2025-03-10,76.0,35,94.92,42,0,False
CB-1059,2025-03-17,87.0,213,94.92,42,0,False
CB-1059,2025-03-24,78.0,135,94.92,42,0,False
CB-1059,2025-03-31,90.0,45,94.92,42,0,False
CB-1059,2025-04-07,81.0,0,94.92,42,1,False
CB-1059,2025-04-14,77.0,188,94.92,42,0,False
CB-1059,2025-04-21,81.0,107,94.92,42,0,False
CB-1059,2025-04-28,86.0,21,94.92,42,0,False
CB-1059,2025-05-05,81.0,205,94.92,42,0,False
CB-1059,2025-05-12,82.0,123,94.92,42,0,False
CB-1059,2025-05-19,85.0,38,94.92,42,0,False
CB-1059,2025-05-26,86.0,0,94.92,42,1,False
CB-1059,2025-06-02,76.0,189,94.92,42,0,False
CB-1059,2025-06-09,70.0,119,94.92,42,0,False
CB-1059,2025-06-16,75.0,44,94.92,42,0,False
CB-1059,2025-06-23,75.0,234,94.92,42,0,False
CB-1059,2025-06-30,62.0,172,94.92,42,0,False
CB-1059,2025-07-07,63.0,109,94.92,42,0,False
CB-1059,2025-07-14,63.0,46,94.92,42,0,False
CB-1059,2025-07-21,63.0,248,94.92,42,0,False
CB-1059,2025-07-28,59.0,189,94.92,42,0,False
CB-1059,2025-08-04,64.0,125,94.92,42,0,False
CB-1059,2025-08-11,52.0,73,94.92,42,0,False
CB-1059,2025-08-18,51.0,287,94.92,42,0,False
CB-1059,2025-08-25,55.0,232,94.92,42,0,False
CB-1059,2025-09-01,55.0,177,94.92,42,0,False
CB-1059,2025-09-08,49.0,128,94.92,42,0,False
CB-1059,2025-09-15,52.0,341,94.92,42,0,False
CB-1059,2025-09-22,52.0,289,94.92,42,0,False
CB-1059,2025-09-29,52.0,237,94.92,42,0,False
CB-1059,2025-10-06,55.0,182,94.92,42,0,False
CB-1059,2025-10-13,52.0,130,94.92,42,0,False
CB-1059,2025-10-20,62.0,333,94.92,42,0,False
CB-1059,2025-10-27,59.0,274,94.92,42,0,False
CB-1059,2025-11-03,54.0,220,94.92,42,0,False
CB-1059,2025-11-10,60.0,160,94.92,42,0,False
CB-1059,2025-11-17,62.0,98,94.92,42,0,False
CB-1059,2025-11-24,69.0,293,94.92,42,0,False
CB-1059,2025-12-01,62.0,231,94.92,42,0,False
CB-1059,2025-12-08,71.0,160,94.92,42,0,False
CB-1059,2025-12-15,70.0,90,94.92,42,0,False
CB-1059,2025-12-22,80.0,10,94.92,42,0,False
CB-1060,2024-01-01,71.0,153,6.34,14,0,False
CB-1060,2024-01-08,78.0,75,6.34,14,0,False
CB-1060,2024-01-15,76.0,327,6.34,14,0,False
CB-1060,2024-01-22,90.0,237,6.34,14,0,False
CB-1060,2024-01-29,82.0,155,6.34,14,0,False
CB-1060,2024-02-05,81.0,74,6.34,14,0,False
CB-1060,2024-02-12,82.0,321,6.34,14,0,False
CB-1060,2024-02-19,79.0,242,6.34,14,0,False
CB-1060,2024-02-26,93.0,149,6.34,14,0,False
CB-1060,2024-03-04,84.0,65,6.34,14,0,False
CB-1060,2024-03-11,99.0,294,6.34,14,0,False
CB-1060,2024-03-18,83.0,211,6.34,14,0,False
CB-1060,2024-03-25,94.0,117,6.34,14,0,False
CB-1060,2024-04-01,102.0,15,6.34,14,0,False
CB-1060,2024-04-08,77.0,266,6.34,14,0,False
CB-1060,2024-04-15,108.0,158,6.34,14,0,False
CB-1060,2024-04-22,89.0,69,6.34,14,0,False
CB-1060,2024-04-29,93.0,304,6.34,14,0,False
CB-1060,2024-05-06,95.0,209,6.34,14,0,False
CB-1060,2024-05-13,95.0,114,6.34,14,0,False
CB-1060,2024-05-20,90.0,24,6.34,14,0,False
CB-1060,2024-05-27,94.0,258,6.34,14,0,False
CB-1060,2024-06-03,89.0,169,6.34,14,0,False
CB-1060,2024-06-10,95.0,74,6.34,14,0,False
CB-1060,2024-06-17,84.0,318,6.34,14,0,False
CB-1060,2024-06-24,91.0,227,6.34,14,0,False
CB-1060,2024-07-01,82.0,145,6.34,14,0,False
CB-1060,2024-07-08,64.0,81,6.34,14,0,False
CB-1060,2024-07-15,88.0,321,6.34,14,0,False
CB-1060,2024-07-22,67.0,254,6.34,14,0,False
CB-1060,2024-07-29,77.0,177,6.34,14,0,False
CB-1060,2024-08-05,67.0,110,6.34,14,0,False
CB-1060,2024-08-12,71.0,367,6.34,14,0,False
CB-1060,2024-08-19,60.0,307,6.34,14,0,False
CB-1060,2024-08-26,65.0,242,6.34,14,0,False
CB-1060,2024-09-02,60.0,182,6.34,14,0,False
CB-1060,2024-09-09,68.0,114,6.34,14,0,False
CB-1060,2024-09-16,62.0,52,6.34,14,0,False
CB-1060,2024-09-23,64.0,316,6.34,14,0,False
CB-1060,2024-09-30,49.0,267,6.34,14,0,False
CB-1060,2024-10-07,59.0,208,6.34,14,0,False
CB-1060,2024-10-14,62.0,146,6.34,14,0,False
CB-1060,2024-10-21,62.0,84,6.34,14,0,False
CB-1060,2024-10-28,67.0,346,6.34,14,0,False
CB-1060,2024-11-04,62.0,284,6.34,14,0,False
CB-1060,2024-11-11,66.0,218,6.34,14,0,False
CB-1060,2024-11-18,73.0,145,6.34,14,0,False
CB-1060,2024-11-25,57.0,88,6.34,14,0,False
CB-1060,2024-12-02,75.0,341,6.34,14,0,False
CB-1060,2024-12-09,72.0,269,6.34,14,0,False
CB-1060,2024-12-16,71.0,198,6.34,14,0,False
CB-1060,2024-12-23,81.0,117,6.34,14,0,False
CB-1060,2024-12-30,90.0,27,6.34,14,0,False
CB-1060,2025-01-06,91.0,264,6.34,14,0,False
CB-1060,2025-01-13,86.0,178,6.34,14,0,False
CB-1060,2025-01-20,96.0,82,6.34,14,0,False
CB-1060,2025-01-27,98.0,312,6.34,14,0,False
CB-1060,2025-02-03,94.0,218,6.34,14,0,False
CB-1060,2025-02-10,91.0,127,6.34,14,0,False
CB-1060,2025-02-17,93.0,34,6.34,14,0,False
CB-1060,2025-02-24,107.0,255,6.34,14,0,False
CB-1060,2025-03-03,101.0,154,6.34,14,0,False
CB-1060,2025-03-10,94.0,60,6.34,14,0,False
CB-1060,2025-03-17,90.0,298,6.34,14,0,False
CB-1060,2025-03-24,111.0,187,6.34,14,0,False
CB-1060,2025-03-31,100.0,87,6.34,14,0,False
CB-1060,2025-04-07,108.0,0,6.34,14,1,False
CB-1060,2025-04-14,115.0,213,6.34,14,0,False
CB-1060,2025-04-21,93.0,120,6.34,14,0,False
CB-1060,2025-04-28,103.0,17,6.34,14,0,False
CB-1060,2025-05-05,101.0,244,6.34,14,0,False
CB-1060,2025-05-12,104.0,140,6.34,14,0,False
CB-1060,2025-05-19,109.0,31,6.34,14,0,False
CB-1060,2025-05-26,87.0,272,6.34,14,0,False
CB-1060,2025-06-02,100.0,172,6.34,14,0,False
CB-1060,2025-06-09,101.0,71,6.34,14,0,False
CB-1060,2025-06-16,90.0,309,6.34,14,0,False
CB-1060,2025-06-23,88.0,221,6.34,14,0,False
CB-1060,2025-06-30,89.0,132,6.34,14,0,False
CB-1060,2025-07-07,86.0,46,6.34,14,0,False
CB-1060,2025-07-14,85.0,290,6.34,14,0,False
CB-1060,2025-07-21,83.0,207,6.34,14,0,False
CB-1060,2025-07-28,71.0,136,6.34,14,0,False
CB-1060,2025-08-04,81.0,55,6.34,14,0,False
CB-1060,2025-08-11,80.0,303,6.34,14,0,False
CB-1060,2025-08-18,72.0,231,6.34,14,0,False
CB-1060,2025-08-25,61.0,170,6.34,14,0,False
CB-1060,2025-09-01,68.0,102,6.34,14,0,False
CB-1060,2025-09-08,69.0,361,6.34,14,0,False
CB-1060,2025-09-15,61.0,300,6.34,14,0,False
CB-1060,2025-09-22,65.0,235,6.34,14,0,False
CB-1060,2025-09-29,59.0,176,6.34,14,0,False
CB-1060,2025-10-06,70.0,106,6.34,14,0,False
CB-1060,2025-10-13,68.0,366,6.34,14,0,False
CB-1060,2025-10-20,59.0,307,6.34,14,0,False
CB-1060,2025-10-27,72.0,235,6.34,14,0,False
CB-1060,2025-11-03,71.0,164,6.34,14,0,False
CB-1060,2025-11-10,76.0,88,6.34,14,0,False
CB-1060,2025-11-17,73.0,343,6.34,14,0,False
CB-1060,2025-11-24,72.0,271,6.34,14,0,False
CB-1060,2025-12-01,75.0,196,6.34,14,0,False
CB-1060,2025-12-08,79.0,117,6.34,14,0,False
CB-1060,2025-12-15,85.0,32,6.34,14,0,False
CB-1060,2025-12-22,89.0,271,6.34,14,0,False
CB-1061,2024-01-01,0.0,19,27.39,7,0,False
CB-1061,2024-01-08,0.0,41,27.39,7,0,False
CB-1061,2024-01-15,0.0,41,27.39,7,0,False
CB-1061,2024-01-22,53.0,0,27.39,7,1,False
CB-1061,2024-01-29,0.0,22,27.39,7,0,False
CB-1061,2024-02-05,0.0,22,27.39,7,0,False
CB-1061,2024-02-12,0.0,22,27.39,7,0,False
CB-1061,2024-02-19,7.0,15,27.39,7,0,False
CB-1061,2024-02-26,0.0,38,27.39,7,0,False
CB-1061,2024-03-04,0.0,38,27.39,7,0,False
CB-1061,2024-03-11,0.0,38,27.39,7,0,False
CB-1061,2024-03-18,0.0,38,27.39,7,0,False
CB-1061,2024-03-25,0.0,38,27.39,7,0,False
CB-1061,2024-04-01,0.0,38,27.39,7,0,False
CB-1061,2024-04-08,0.0,38,27.39,7,0,False
CB-1061,2024-04-15,0.0,38,27.39,7,0,False
CB-1061,2024-04-22,0.0,38,27.39,7,0,False
CB-1061,2024-04-29,0.0,38,27.39,7,0,False
CB-1061,2024-05-06,0.0,38,27.39,7,0,False
CB-1061,2024-05-13,0.0,38,27.39,7,0,False
CB-1061,2024-05-20,0.0,38,27.39,7,0,False
CB-1061,2024-05-27,0.0,38,27.39,7,0,False
CB-1061,2024-06-03,0.0,38,27.39,7,0,False
CB-1061,2024-06-10,0.0,38,27.39,7,0,False
CB-1061,2024-06-17,55.0,0,27.39,7,1,False
CB-1061,2024-06-24,0.0,22,27.39,7,0,False
CB-1061,2024-07-01,0.0,22,27.39,7,0,False
CB-1061,2024-07-08,0.0,22,27.39,7,0,False
CB-1061,2024-07-15,22.0,0,27.39,7,0,False
CB-1061,2024-07-22,0.0,23,27.39,7,0,False
CB-1061,2024-07-29,0.0,23,27.39,7,0,False
CB-1061,2024-08-05,0.0,23,27.39,7,0,False
CB-1061,2024-08-12,0.0,23,27.39,7,0,False
CB-1061,2024-08-19,7.0,16,27.39,7,0,False
CB-1061,2024-08-26,57.0,0,27.39,7,1,False
CB-1061,2024-09-02,0.0,22,27.39,7,0,False
CB-1061,2024-09-09,0.0,22,27.39,7,0,False
CB-1061,2024-09-16,0.0,22,27.39,7,0,False
CB-1061,2024-09-23,0.0,22,27.39,7,0,False
CB-1061,2024-09-30,20.0,2,27.39,7,0,False
CB-1061,2024-10-07,0.0,25,27.39,7,0,False
CB-1061,2024-10-14,0.0,25,27.39,7,0,False
CB-1061,2024-10-21,0.0,25,27.39,7,0,False
CB-1061,2024-10-28,0.0,25,27.39,7,0,False
CB-1061,2024-11-04,0.0,25,27.39,7,0,False
CB-1061,2024-11-11,10.0,15,27.39,7,0,False
CB-1061,2024-11-18,48.0,0,27.39,7,1,False
CB-1061,2024-11-25,0.0,22,27.39,7,0,False
CB-1061,2024-12-02,0.0,22,27.39,7,0,False
CB-1061,2024-12-09,0.0,22,27.39,7,0,False
CB-1061,2024-12-16,0.0,22,27.39,7,0,False
CB-1061,2024-12-23,0.0,22,27.39,7,0,False
CB-1061,2024-12-30,0.0,22,27.39,7,0,False
CB-1061,2025-01-06,0.0,22,27.39,7,0,False
CB-1061,2025-01-13,9.0,13,27.39,7,0,False
CB-1061,2025-01-20,0.0,36,27.39,7,0,False
CB-1061,2025-01-27,0.0,36,27.39,7,0,False
CB-1061,2025-02-03,0.0,36,27.39,7,0,False
CB-1061,2025-02-10,0.0,36,27.39,7,0,False
CB-1061,2025-02-17,0.0,36,27.39,7,0,False
CB-1061,2025-02-24,0.0,36,27.39,7,0,False
CB-1061,2025-03-03,12.0,24,27.39,7,0,False
CB-1061,2025-03-10,0.0,24,27.39,7,0,False
CB-1061,2025-03-17,0.0,24,27.39,7,0,False
CB-1061,2025-03-24,7.0,17,27.39,7,0,False
CB-1061,2025-03-31,0.0,39,27.39,7,0,False
CB-1061,2025-04-07,0.0,39,27.39,7,0,False
CB-1061,2025-04-14,17.0,22,27.39,7,0,False
CB-1061,2025-04-21,0.0,22,27.39,7,0,False
CB-1061,2025-04-28,0.0,22,27.39,7,0,False
CB-1061,2025-05-05,0.0,22,27.39,7,0,False
CB-1061,2025-05-12,0.0,22,27.39,7,0,False
CB-1061,2025-05-19,0.0,22,27.39,7,0,False
CB-1061,2025-05-26,0.0,22,27.39,7,0,False
CB-1061,2025-06-02,0.0,22,27.39,7,0,False
CB-1061,2025-06-09,0.0,22,27.39,7,0,False
CB-1061,2025-06-16,0.0,22,27.39,7,0,False
CB-1061,2025-06-23,0.0,22,27.39,7,0,False
CB-1061,2025-06-30,0.0,22,27.39,7,0,False
CB-1061,2025-07-07,0.0,22,27.39,7,0,False
CB-1061,2025-07-14,58.0,0,27.39,7,1,False
CB-1061,2025-07-21,0.0,22,27.39,7,0,False
CB-1061,2025-07-28,0.0,22,27.39,7,0,False
CB-1061,2025-08-04,0.0,22,27.39,7,0,False
CB-1061,2025-08-11,0.0,22,27.39,7,0,False
CB-1061,2025-08-18,0.0,22,27.39,7,0,False
CB-1061,2025-08-25,38.0,0,27.39,7,1,False
CB-1061,2025-09-01,0.0,22,27.39,7,0,False
CB-1061,2025-09-08,0.0,22,27.39,7,0,False
CB-1061,2025-09-15,0.0,22,27.39,7,0,False
CB-1061,2025-09-22,0.0,22,27.39,7,0,False
CB-1061,2025-09-29,0.0,22,27.39,7,0,False
CB-1061,2025-10-06,11.0,11,27.39,7,0,False
CB-1061,2025-10-13,21.0,13,27.39,7,0,False
CB-1061,2025-10-20,0.0,35,27.39,7,0,False
CB-1061,2025-10-27,0.0,35,27.39,7,0,False
CB-1061,2025-11-03,60.0,0,27.39,7,1,False
CB-1061,2025-11-10,38.0,0,27.39,7,1,False
CB-1061,2025-11-17,0.0,22,27.39,7,0,False
CB-1061,2025-11-24,0.0,22,27.39,7,0,False
CB-1061,2025-12-01,0.0,22,27.39,7,0,False
CB-1061,2025-12-08,0.0,22,27.39,7,0,False
CB-1061,2025-12-15,6.0,16,27.39,7,0,False
CB-1061,2025-12-22,0.0,39,27.39,7,0,False
CB-1062,2024-01-01,62.0,51,21.77,42,0,False
CB-1062,2024-01-08,27.0,24,21.77,42,0,False
CB-1062,2024-01-15,45.0,0,21.77,42,1,False
CB-1062,2024-01-22,64.0,0,21.77,42,1,False
CB-1062,2024-01-29,65.0,0,21.77,42,1,False
CB-1062,2024-02-05,41.0,0,21.77,42,1,False
CB-1062,2024-02-12,59.0,132,21.77,42,0,False
CB-1062,2024-02-19,57.0,265,21.77,42,0,False
CB-1062,2024-02-26,41.0,224,21.77,42,0,False
CB-1062,2024-03-04,63.0,161,21.77,42,0,False
CB-1062,2024-03-11,87.0,74,21.77,42,0,False
CB-1062,2024-03-18,62.0,12,21.77,42,0,False
CB-1062,2024-03-25,64.0,0,21.77,42,1,False
CB-1062,2024-04-01,66.0,125,21.77,42,0,False
CB-1062,2024-04-08,26.0,99,21.77,42,0,False
CB-1062,2024-04-15,62.0,37,21.77,42,0,False
CB-1062,2024-04-22,34.0,193,21.77,42,0,False
CB-1062,2024-04-29,42.0,151,21.77,42,0,False
CB-1062,2024-05-06,92.0,59,21.77,42,0,False
CB-1062,2024-05-13,47.0,12,21.77,42,0,False
CB-1062,2024-05-20,38.0,165,21.77,42,0,False
CB-1062,2024-05-27,70.0,95,21.77,42,0,False
CB-1062,2024-06-03,33.0,62,21.77,42,0,False
CB-1062,2024-06-10,40.0,22,21.77,42,0,False
CB-1062,2024-06-17,67.0,146,21.77,42,0,False
CB-1062,2024-06-24,46.0,100,21.77,42,0,False
CB-1062,2024-07-01,20.0,80,21.77,42,0,False
CB-1062,2024-07-08,51.0,219,21.77,42,0,False
CB-1062,2024-07-15,36.0,183,21.77,42,0,False
CB-1062,2024-07-22,62.0,121,21.77,42,0,False
CB-1062,2024-07-29,31.0,90,21.77,42,0,False
CB-1062,2024-08-05,52.0,229,21.77,42,0,False
CB-1062,2024-08-12,61.0,168,21.77,42,0,False
CB-1062,2024-08-19,26.0,142,21.77,42,0,False
CB-1062,2024-08-26,33.0,109,21.77,42,0,False
CB-1062,2024-09-02,40.0,69,21.77,42,0,False
CB-1062,2024-09-09,24.0,236,21.77,42,0,False
CB-1062,2024-09-16,38.0,198,21.77,42,0,False
CB-1062,2024-09-23,31.0,167,21.77,42,0,False
CB-1062,2024-09-30,31.0,136,21.77,42,0,False
CB-1062,2024-10-07,35.0,292,21.77,42,0,False
CB-1062,2024-10-14,35.0,257,21.77,42,0,False
CB-1062,2024-10-21,37.0,220,21.77,42,0,False
CB-1062,2024-10-28,28.0,192,21.77,42,0,False
CB-1062,2024-11-04,29.0,163,21.77,42,0,False
CB-1062,2024-11-11,36.0,127,21.77,42,0,False
CB-1062,2024-11-18,38.0,279,21.77,42,0,False
CB-1062,2024-11-25,34.0,245,21.77,42,0,False
CB-1062,2024-12-02,46.0,199,21.77,42,0,False
CB-1062,2024-12-09,15.0,184,21.77,42,0,False
CB-1062,2024-12-16,33.0,151,21.77,42,0,False
CB-1062,2024-12-23,41.0,110,21.77,42,0,False
CB-1062,2024-12-30,33.0,268,21.77,42,0,False
CB-1062,2025-01-06,76.0,192,21.77,42,0,False
CB-1062,2025-01-13,50.0,142,21.77,42,0,False
CB-1062,2025-01-20,55.0,87,21.77,42,0,False
CB-1062,2025-01-27,44.0,43,21.77,42,0,False
CB-1062,2025-02-03,54.0,180,21.77,42,0,False
CB-1062,2025-02-10,32.0,148,21.77,42,0,False
CB-1062,2025-02-17,53.0,95,21.77,42,0,False
CB-1062,2025-02-24,39.0,56,21.77,42,0,False
CB-1062,2025-03-03,53.0,193,21.77,42,0,False
CB-1062,2025-03-10,6.0,187,21.77,42,0,False
CB-1062,2025-03-17,36.0,151,21.77,42,0,False
CB-1062,2025-03-24,91.0,60,21.77,42,0,False
CB-1062,2025-03-31,78.0,173,21.77,42,0,False
CB-1062,2025-04-07,88.0,85,21.77,42,0,False
CB-1062,2025-04-14,89.0,0,21.77,42,1,False
CB-1062,2025-04-21,74.0,0,21.77,42,1,False
CB-1062,2025-04-28,50.0,0,21.77,42,1,False
CB-1062,2025-05-05,37.0,154,21.77,42,0,False
CB-1062,2025-05-12,81.0,73,21.77,42,0,False
CB-1062,2025-05-19,58.0,205,21.77,42,0,False
CB-1062,2025-05-26,105.0,100,21.77,42,0,False
CB-1062,2025-06-02,48.0,52,21.77,42,0,False
CB-1062,2025-06-09,91.0,0,21.77,42,1,False
CB-1062,2025-06-16,49.0,0,21.77,42,1,False
CB-1062,2025-06-23,75.0,116,21.77,42,0,False
CB-1062,2025-06-30,79.0,37,21.77,42,0,False
CB-1062,2025-07-07,31.0,196,21.77,42,0,False
CB-1062,2025-07-14,39.0,157,21.77,42,0,False
CB-1062,2025-07-21,29.0,128,21.77,42,0,False
CB-1062,2025-07-28,25.0,103,21.77,42,0,False
CB-1062,2025-08-04,53.0,50,21.77,42,0,False
CB-1062,2025-08-11,39.0,202,21.77,42,0,False
CB-1062,2025-08-18,42.0,160,21.77,42,0,False
CB-1062,2025-08-25,48.0,112,21.77,42,0,False
CB-1062,2025-09-01,14.0,98,21.77,42,0,False
CB-1062,2025-09-08,56.0,233,21.77,42,0,False
CB-1062,2025-09-15,34.0,199,21.77,42,0,False
CB-1062,2025-09-22,45.0,154,21.77,42,0,False
CB-1062,2025-09-29,46.0,108,21.77,42,0,False
CB-1062,2025-10-06,57.0,241,21.77,42,0,False
CB-1062,2025-10-13,37.0,204,21.77,42,0,False
CB-1062,2025-10-20,10.0,194,21.77,42,0,False
CB-1062,2025-10-27,41.0,153,21.77,42,0,False
CB-1062,2025-11-03,44.0,109,21.77,42,0,False
CB-1062,2025-11-10,27.0,273,21.77,42,0,False
CB-1062,2025-11-17,45.0,228,21.77,42,0,False
CB-1062,2025-11-24,39.0,189,21.77,42,0,False
CB-1062,2025-12-01,24.0,165,21.77,42,0,False
CB-1062,2025-12-08,58.0,107,21.77,42,0,False
CB-1062,2025-12-15,39.0,259,21.77,42,0,False
CB-1062,2025-12-22,43.0,216,21.77,42,0,False
CB-1063,2024-01-01,26.0,97,119.55,7,0,False
CB-1063,2024-01-08,28.0,69,119.55,7,0,False
CB-1063,2024-01-15,24.0,45,119.55,7,0,False
CB-1063,2024-01-22,34.0,11,119.55,7,0,False
CB-1063,2024-01-29,44.0,83,119.55,7,0,False
CB-1063,2024-02-05,38.0,45,119.55,7,0,False
CB-1063,2024-02-12,39.0,6,119.55,7,0,False
CB-1063,2024-02-19,39.0,82,119.55,7,0,False
CB-1063,2024-02-26,17.0,65,119.55,7,0,False
CB-1063,2024-03-04,23.0,42,119.55,7,0,False
CB-1063,2024-03-11,31.0,11,119.55,7,0,False
CB-1063,2024-03-18,25.0,101,119.55,7,0,False
CB-1063,2024-03-25,22.0,79,119.55,7,0,False
CB-1063,2024-04-01,12.0,67,119.55,7,0,False
CB-1063,2024-04-08,18.0,49,119.55,7,0,False
CB-1063,2024-04-15,31.0,18,119.55,7,0,False
CB-1063,2024-04-22,33.0,101,119.55,7,0,False
CB-1063,2024-04-29,25.0,76,119.55,7,0,False
CB-1063,2024-05-06,35.0,41,119.55,7,0,False
CB-1063,2024-05-13,28.0,13,119.55,7,0,False
CB-1063,2024-05-20,45.0,83,119.55,7,0,False
CB-1063,2024-05-27,30.0,53,119.55,7,0,False
CB-1063,2024-06-03,39.0,14,119.55,7,0,False
CB-1063,2024-06-10,33.0,97,119.55,7,0,False
CB-1063,2024-06-17,15.0,82,119.55,7,0,False
CB-1063,2024-06-24,28.0,54,119.55,7,0,False
CB-1063,2024-07-01,16.0,38,119.55,7,0,False
CB-1063,2024-07-08,27.0,126,119.55,7,0,False
CB-1063,2024-07-15,20.0,106,119.55,7,0,False
CB-1063,2024-07-22,30.0,76,119.55,7,0,False
CB-1063,2024-07-29,13.0,63,119.55,7,0,False
CB-1063,2024-08-05,25.0,38,119.55,7,0,False
CB-1063,2024-08-12,29.0,124,119.55,7,0,False
CB-1063,2024-08-19,31.0,93,119.55,7,0,False
CB-1063,2024-08-26,17.0,76,119.55,7,0,False
CB-1063,2024-09-02,23.0,53,119.55,7,0,False
CB-1063,2024-09-09,,29,119.55,7,0,False
CB-1063,2024-09-16,34.0,111,119.55,7,0,False
CB-1063,2024-09-23,11.0,100,119.55,7,0,False
CB-1063,2024-09-30,15.0,85,119.55,7,0,False
CB-1063,2024-10-07,44.0,41,119.55,7,0,False
CB-1063,2024-10-14,20.0,21,119.55,7,0,False
CB-1063,2024-10-21,8.0,128,119.55,7,0,False
CB-1063,2024-10-28,18.0,110,119.55,7,0,False
CB-1063,2024-11-04,1.0,109,119.55,7,0,False
CB-1063,2024-11-11,26.0,83,119.55,7,0,False
CB-1063,2024-11-18,32.0,51,119.55,7,0,False
CB-1063,2024-11-25,17.0,34,119.55,7,0,False
CB-1063,2024-12-02,22.0,128,119.55,7,0,False
CB-1063,2024-12-09,36.0,92,119.55,7,0,False
CB-1063,2024-12-16,11.0,81,119.55,7,0,False
CB-1063,2024-12-23,16.0,65,119.55,7,0,False
CB-1063,2024-12-30,28.0,37,119.55,7,0,False
CB-1063,2025-01-06,23.0,129,119.55,7,0,False
CB-1063,2025-01-13,29.0,100,119.55,7,0,False
CB-1063,2025-01-20,18.0,82,119.55,7,0,False
CB-1063,2025-01-27,37.0,45,119.55,7,0,False
CB-1063,2025-02-03,33.0,12,119.55,7,0,False
CB-1063,2025-02-10,43.0,84,119.55,7,0,False
CB-1063,2025-02-17,39.0,45,119.55,7,0,False
CB-1063,2025-02-24,40.0,5,119.55,7,0,False
CB-1063,2025-03-03,19.0,102,119.55,7,0,False
CB-1063,2025-03-10,45.0,57,119.55,7,0,False
CB-1063,2025-03-17,34.0,23,119.55,7,0,False
CB-1063,2025-03-24,36.0,102,119.55,7,0,False
CB-1063,2025-03-31,53.0,49,119.55,7,0,False
CB-1063,2025-04-07,29.0,20,119.55,7,0,False
CB-1063,2025-04-14,57.0,78,119.55,7,0,False
CB-1063,2025-04-21,58.0,20,119.55,7,0,False
CB-1063,2025-04-28,48.0,88,119.55,7,0,False
CB-1063,2025-05-05,25.0,63,119.55,7,0,False
CB-1063,2025-05-12,9.0,54,119.55,7,0,False
CB-1063,2025-05-19,51.0,3,119.55,7,0,False
CB-1063,2025-05-26,38.0,80,119.55,7,0,False
CB-1063,2025-06-02,26.0,54,119.55,7,0,False
CB-1063,2025-06-09,49.0,5,119.55,7,0,False
CB-1063,2025-06-16,24.0,97,119.55,7,0,False
CB-1063,2025-06-23,28.0,69,119.55,7,0,False
CB-1063,2025-06-30,38.0,31,119.55,7,0,False
CB-1063,2025-07-07,19.0,127,119.55,7,0,False
CB-1063,2025-07-14,29.0,98,119.55,7,0,False
CB-1063,2025-07-21,40.0,58,119.55,7,0,False
CB-1063,2025-07-28,31.0,27,119.55,7,0,False
CB-1063,2025-08-04,40.0,102,119.55,7,0,False
CB-1063,2025-08-11,38.0,64,119.55,7,0,False
CB-1063,2025-08-18,26.0,38,119.55,7,0,False
CB-1063,2025-08-25,5.0,149,119.55,7,0,False
CB-1063,2025-09-01,16.0,133,119.55,7,0,False
CB-1063,2025-09-08,32.0,101,119.55,7,0,False
CB-1063,2025-09-15,11.0,90,119.55,7,0,False
CB-1063,2025-09-22,22.0,68,119.55,7,0,False
CB-1063,2025-09-29,28.0,40,119.55,7,0,False
CB-1063,2025-10-06,37.0,3,119.55,7,0,False
CB-1063,2025-10-13,20.0,98,119.55,7,0,False
CB-1063,2025-10-20,20.0,78,119.55,7,0,False
CB-1063,2025-10-27,25.0,53,119.55,7,0,False
CB-1063,2025-11-03,30.0,23,119.55,7,0,False
CB-1063,2025-11-10,26.0,113,119.55,7,0,False
CB-1063,2025-11-17,38.0,75,119.55,7,0,False
CB-1063,2025-11-24,21.0,54,119.55,7,0,False
CB-1063,2025-12-01,31.0,23,119.55,7,0,False
CB-1063,2025-12-08,35.0,103,119.55,7,0,False
CB-1063,2025-12-15,27.0,76,119.55,7,0,False
CB-1063,2025-12-22,42.0,34,119.55,7,0,False
CB-1064,2024-01-01,72.0,121,138.93,14,0,False
CB-1064,2024-01-08,79.0,42,138.93,14,0,False
CB-1064,2024-01-15,56.0,279,138.93,14,0,False
CB-1064,2024-01-22,58.0,221,138.93,14,0,False
CB-1064,2024-01-29,109.0,112,138.93,14,0,False
CB-1064,2024-02-05,96.0,16,138.93,14,0,False
CB-1064,2024-02-12,51.0,258,138.93,14,0,False
CB-1064,2024-02-19,87.0,171,138.93,14,0,False
CB-1064,2024-02-26,14.0,157,138.93,14,0,False
CB-1064,2024-03-04,67.0,383,138.93,14,0,False
CB-1064,2024-03-11,114.0,269,138.93,14,0,False
CB-1064,2024-03-18,83.0,186,138.93,14,0,False
CB-1064,2024-03-25,90.0,96,138.93,14,0,False
CB-1064,2024-04-01,0.0,96,138.93,14,0,False
CB-1064,2024-04-08,75.0,314,138.93,14,0,False
CB-1064,2024-04-15,97.0,217,138.93,14,0,False
CB-1064,2024-04-22,101.0,116,138.93,14,0,False
CB-1064,2024-04-29,115.0,1,138.93,14,0,False
CB-1064,2024-05-06,79.0,215,138.93,14,0,False
CB-1064,2024-05-13,79.0,136,138.93,14,0,False
CB-1064,2024-05-20,44.0,92,138.93,14,0,False
CB-1064,2024-05-27,75.0,310,138.93,14,0,False
CB-1064,2024-06-03,44.0,266,138.93,14,0,False
CB-1064,2024-06-10,27.0,239,138.93,14,0,False
CB-1064,2024-06-17,47.0,192,138.93,14,0,False
CB-1064,2024-06-24,113.0,79,138.93,14,0,False
CB-1064,2024-07-01,65.0,14,138.93,14,0,False
CB-1064,2024-07-08,75.0,232,138.93,14,0,False
CB-1064,2024-07-15,56.0,176,138.93,14,0,False
CB-1064,2024-07-22,25.0,151,138.93,14,0,False
CB-1064,2024-07-29,85.0,359,138.93,14,0,False
CB-1064,2024-08-05,15.0,344,138.93,14,0,False
CB-1064,2024-08-12,49.0,295,138.93,14,0,False
CB-1064,2024-08-19,58.0,237,138.93,14,0,False
CB-1064,2024-08-26,63.0,174,138.93,14,0,False
CB-1064,2024-09-02,43.0,131,138.93,14,0,False
CB-1064,2024-09-09,20.0,404,138.93,14,0,False
CB-1064,2024-09-16,40.0,364,138.93,14,0,False
CB-1064,2024-09-23,41.0,323,138.93,14,0,False
CB-1064,2024-09-30,41.0,282,138.93,14,0,False
CB-1064,2024-10-07,75.0,207,138.93,14,0,False
CB-1064,2024-10-14,32.0,175,138.93,14,0,False
CB-1064,2024-10-21,63.0,112,138.93,14,0,False
CB-1064,2024-10-28,62.0,343,138.93,14,0,False
CB-1064,2024-11-04,80.0,263,138.93,14,0,False
CB-1064,2024-11-11,58.0,205,138.93,14,0,False
CB-1064,2024-11-18,80.0,125,138.93,14,0,False
CB-1064,2024-11-25,61.0,64,138.93,14,0,False
CB-1064,2024-12-02,77.0,280,138.93,14,0,False
CB-1064,2024-12-09,33.0,247,138.93,14,0,False
CB-1064,2024-12-16,5.0,242,138.93,14,0,False
CB-1064,2024-12-23,84.0,158,138.93,14,0,False
CB-1064,2024-12-30,88.0,70,138.93,14,0,False
CB-1064,2025-01-06,92.0,271,138.93,14,0,False
CB-1064,2025-01-13,66.0,205,138.93,14,0,False
CB-1064,2025-01-20,127.0,78,138.93,14,0,False
CB-1064,2025-01-27,72.0,6,138.93,14,0,False
CB-1064,2025-02-03,101.0,198,138.93,14,0,False
CB-1064,2025-02-10,109.0,89,138.93,14,0,False
CB-1064,2025-02-17,147.0,0,138.93,14,1,False
CB-1064,2025-02-24,83.0,210,138.93,14,0,False
CB-1064,2025-03-03,73.0,137,138.93,14,0,False
CB-1064,2025-03-10,46.0,91,138.93,14,0,False
CB-1064,2025-03-17,150.0,234,138.93,14,0,False
CB-1064,2025-03-24,112.0,122,138.93,14,0,False
CB-1064,2025-03-31,114.0,8,138.93,14,0,False
CB-1064,2025-04-07,206.0,95,138.93,14,0,False
CB-1064,2025-04-14,109.0,0,138.93,14,1,False
CB-1064,2025-04-21,53.0,240,138.93,14,0,False
CB-1064,2025-04-28,90.0,150,138.93,14,0,False
CB-1064,2025-05-05,63.0,87,138.93,14,0,False
CB-1064,2025-05-12,81.0,299,138.93,14,0,False
CB-1064,2025-05-19,80.0,219,138.93,14,0,False
CB-1064,2025-05-26,73.0,146,138.93,14,0,False
CB-1064,2025-06-02,46.0,100,138.93,14,0,False
CB-1064,2025-06-09,136.0,257,138.93,14,0,False
CB-1064,2025-06-16,94.0,163,138.93,14,0,False
CB-1064,2025-06-23,76.0,87,138.93,14,0,False
CB-1064,2025-06-30,102.0,278,138.93,14,0,False
CB-1064,2025-07-07,91.0,187,138.93,14,0,False
CB-1064,2025-07-14,84.0,103,138.93,14,0,False
CB-1064,2025-07-21,92.0,11,138.93,14,0,False
CB-1064,2025-07-28,75.0,229,138.93,14,0,False
CB-1064,2025-08-04,86.0,143,138.93,14,0,False
CB-1064,2025-08-11,86.0,57,138.93,14,0,False
CB-1064,2025-08-18,70.0,280,138.93,14,0,False
CB-1064,2025-08-25,60.0,220,138.93,14,0,False
CB-1064,2025-09-01,98.0,122,138.93,14,0,False
CB-1064,2025-09-08,53.0,69,138.93,14,0,False
CB-1064,2025-09-15,71.0,291,138.93,14,0,False
CB-1064,2025-09-22,71.0,220,138.93,14,0,False
CB-1064,2025-09-29,49.0,171,138.93,14,0,False
CB-1064,2025-10-06,45.0,126,138.93,14,0,False
CB-1064,2025-10-13,55.0,364,138.93,14,0,False
CB-1064,2025-10-20,53.0,311,138.93,14,0,False
CB-1064,2025-10-27,32.0,279,138.93,14,0,False
CB-1064,2025-11-03,51.0,228,138.93,14,0,False
CB-1064,2025-11-10,75.0,153,138.93,14,0,False
CB-1064,2025-11-17,101.0,52,138.93,14,0,False
CB-1064,2025-11-24,86.0,259,138.93,14,0,False
CB-1064,2025-12-01,7.0,252,138.93,14,0,False
CB-1064,2025-12-08,94.0,158,138.93,14,0,False
CB-1064,2025-12-15,64.0,94,138.93,14,0,False
CB-1064,2025-12-22,96.0,291,138.93,14,0,False
CB-1065,2024-01-01,62.0,86,43.36,28,0,False
CB-1065,2024-01-08,64.0,22,43.36,28,0,False
CB-1065,2024-01-15,74.0,0,43.36,28,1,False
CB-1065,2024-01-22,68.0,0,43.36,28,1,False
CB-1065,2024-01-29,77.0,203,43.36,28,0,False
CB-1065,2024-02-05,78.0,125,43.36,28,0,False
CB-1065,2024-02-12,78.0,327,43.36,28,0,False
CB-1065,2024-02-19,65.0,262,43.36,28,0,False
CB-1065,2024-02-26,84.0,178,43.36,28,0,False
CB-1065,2024-03-04,75.0,103,43.36,28,0,False
CB-1065,2024-03-11,84.0,19,43.36,28,0,False
CB-1065,2024-03-18,74.0,225,43.36,28,0,False
CB-1065,2024-03-25,73.0,152,43.36,28,0,False
CB-1065,2024-04-01,93.0,59,43.36,28,0,False
CB-1065,2024-04-08,75.0,0,43.36,28,1,False
CB-1065,2024-04-15,88.0,192,43.36,28,0,False
CB-1065,2024-04-22,81.0,111,43.36,28,0,False
CB-1065,2024-04-29,77.0,34,43.36,28,0,False
CB-1065,2024-05-06,78.0,236,43.36,28,0,False
CB-1065,2024-05-13,70.0,166,43.36,28,0,False
CB-1065,2024-05-20,76.0,90,43.36,28,0,False
CB-1065,2024-05-27,69.0,21,43.36,28,0,False
CB-1065,2024-06-03,71.0,230,43.36,28,0,False
CB-1065,2024-06-10,77.0,153,43.36,28,0,False
CB-1065,2024-06-17,72.0,81,43.36,28,0,False
CB-1065,2024-06-24,60.0,21,43.36,28,0,False
CB-1065,2024-07-01,71.0,231,43.36,28,0,False
CB-1065,2024-07-08,65.0,166,43.36,28,0,False
CB-1065,2024-07-15,60.0,106,43.36,28,0,False
CB-1065,2024-07-22,65.0,41,43.36,28,0,False
CB-1065,2024-07-29,59.0,262,43.36,28,0,False
CB-1065,2024-08-05,52.0,210,43.36,28,0,False
CB-1065,2024-08-12,65.0,145,43.36,28,0,False
CB-1065,2024-08-19,55.0,90,43.36,28,0,False
CB-1065,2024-08-26,54.0,316,43.36,28,0,False
CB-1065,2024-09-02,51.0,265,43.36,28,0,False
CB-1065,2024-09-09,57.0,208,43.36,28,0,False
CB-1065,2024-09-16,50.0,158,43.36,28,0,False
CB-1065,2024-09-23,45.0,113,43.36,28,0,False
CB-1065,2024-09-30,49.0,344,43.36,28,0,False
CB-1065,2024-10-07,57.0,287,43.36,28,0,False
CB-1065,2024-10-14,56.0,231,43.36,28,0,False
CB-1065,2024-10-21,52.0,179,43.36,28,0,False
CB-1065,2024-10-28,60.0,119,43.36,28,0,False
CB-1065,2024-11-04,58.0,341,43.36,28,0,False
CB-1065,2024-11-11,55.0,286,43.36,28,0,False
CB-1065,2024-11-18,57.0,229,43.36,28,0,False
CB-1065,2024-11-25,,167,43.36,28,0,False
CB-1065,2024-12-02,58.0,109,43.36,28,0,False
CB-1065,2024-12-09,64.0,325,43.36,28,0,False
CB-1065,2024-12-16,68.0,257,43.36,28,0,False
CB-1065,2024-12-23,59.0,198,43.36,28,0,False
CB-1065,2024-12-30,70.0,128,43.36,28,0,False
CB-1065,2025-01-06,71.0,57,43.36,28,0,False
CB-1065,2025-01-13,81.0,257,43.36,28,0,False
CB-1065,2025-01-20,66.0,191,43.36,28,0,False
CB-1065,2025-01-27,77.0,114,43.36,28,0,False
CB-1065,2025-02-03,78.0,36,43.36,28,0,False
CB-1065,2025-02-10,90.0,226,43.36,28,0,False
CB-1065,2025-02-17,85.0,141,43.36,28,0,False
CB-1065,2025-02-24,99.0,42,43.36,28,0,False
CB-1065,2025-03-03,93.0,0,43.36,28,1,False
CB-1065,2025-03-10,86.0,194,43.36,28,0,False
CB-1065,2025-03-17,92.0,102,43.36,28,0,False
CB-1065,2025-03-24,88.0,14,43.36,28,0,False
CB-1065,2025-03-31,97.0,197,43.36,28,0,False
CB-1065,2025-04-07,81.0,116,43.36,28,0,False
CB-1065,2025-04-14,85.0,31,43.36,28,0,False
CB-1065,2025-04-21,94.0,0,43.36,28,1,False
CB-1065,2025-04-28,98.0,182,43.36,28,0,False
CB-1065,2025-05-05,73.0,109,43.36,28,0,False
CB-1065,2025-05-12,97.0,12,43.36,28,0,False
CB-1065,2025-05-19,85.0,207,43.36,28,0,False
CB-1065,2025-05-26,72.0,135,43.36,28,0,False
CB-1065,2025-06-02,63.0,72,43.36,28,0,False
CB-1065,2025-06-09,71.0,1,43.36,28,0,False
CB-1065,2025-06-16,79.0,202,43.36,28,0,False
CB-1065,2025-06-23,76.0,126,43.36,28,0,False
CB-1065,2025-06-30,78.0,48,43.36,28,0,False
CB-1065,2025-07-07,69.0,260,43.36,28,0,False
CB-1065,2025-07-14,64.0,196,43.36,28,0,False
CB-1065,2025-07-21,66.0,130,43.36,28,0,False
CB-1065,2025-07-28,67.0,63,43.36,28,0,False
CB-1065,2025-08-04,66.0,277,43.36,28,0,False
CB-1065,2025-08-11,59.0,218,43.36,28,0,False
CB-1065,2025-08-18,66.0,152,43.36,28,0,False
CB-1065,2025-08-25,57.0,95,43.36,28,0,False
CB-1065,2025-09-01,55.0,320,43.36,28,0,False
CB-1065,2025-09-08,56.0,264,43.36,28,0,False
CB-1065,2025-09-15,63.0,201,43.36,28,0,False
CB-1065,2025-09-22,57.0,144,43.36,28,0,False
CB-1065,2025-09-29,54.0,90,43.36,28,0,False
CB-1065,2025-10-06,62.0,308,43.36,28,0,False
CB-1065,2025-10-13,68.0,240,43.36,28,0,False
CB-1065,2025-10-20,60.0,180,43.36,28,0,False
CB-1065,2025-10-27,66.0,114,43.36,28,0,False
CB-1065,2025-11-03,67.0,47,43.36,28,0,False
CB-1065,2025-11-10,60.0,267,43.36,28,0,False
CB-1065,2025-11-17,65.0,202,43.36,28,0,False
CB-1065,2025-11-24,60.0,142,43.36,28,0,False
CB-1065,2025-12-01,68.0,74,43.36,28,0,False
CB-1065,2025-12-08,68.0,286,43.36,28,0,False
CB-1065,2025-12-15,71.0,215,43.36,28,0,False
CB-1065,2025-12-22,72.0,143,43.36,28,0,False
CB-1066,2024-01-01,43.0,137,100.99,42,0,False
CB-1066,2024-01-08,38.0,99,100.99,42,0,False
CB-1066,2024-01-15,44.0,55,100.99,42,0,False
CB-1066,2024-01-22,42.0,13,100.99,42,0,False
CB-1066,2024-01-29,50.0,0,100.99,42,1,False
CB-1066,2024-02-05,52.0,0,100.99,42,1,False
CB-1066,2024-02-12,52.0,142,100.99,42,0,False
CB-1066,2024-02-19,49.0,287,100.99,42,0,False
CB-1066,2024-02-26,55.0,232,100.99,42,0,False
CB-1066,2024-03-04,52.0,180,100.99,42,0,False
CB-1066,2024-03-11,50.0,130,100.99,42,0,False
CB-1066,2024-03-18,59.0,71,100.99,42,0,False
CB-1066,2024-03-25,60.0,11,100.99,42,0,False
CB-1066,2024-04-01,60.0,145,100.99,42,0,False
CB-1066,2024-04-08,53.0,92,100.99,42,0,False
CB-1066,2024-04-15,61.0,31,100.99,42,0,False
CB-1066,2024-04-22,54.0,0,100.99,42,1,False
CB-1066,2024-04-29,58.0,136,100.99,42,0,False
CB-1066,2024-05-06,53.0,83,100.99,42,0,False
CB-1066,2024-05-13,53.0,30,100.99,42,0,False
CB-1066,2024-05-20,43.0,181,100.99,42,0,False
CB-1066,2024-05-27,51.0,130,100.99,42,0,False
CB-1066,2024-06-03,52.0,78,100.99,42,0,False
CB-1066,2024-06-10,48.0,30,100.99,42,0,False
CB-1066,2024-06-17,56.0,168,100.99,42,0,False
CB-1066,2024-06-24,43.0,125,100.99,42,0,False
CB-1066,2024-07-01,44.0,81,100.99,42,0,False
CB-1066,2024-07-08,42.0,39,100.99,42,0,False
CB-1066,2024-07-15,42.0,190,100.99,42,0,False
CB-1066,2024-07-22,46.0,144,100.99,42,0,False
CB-1066,2024-07-29,46.0,98,100.99,42,0,False
CB-1066,2024-08-05,38.0,60,100.99,42,0,False
CB-1066,2024-08-12,37.0,217,100.99,42,0,False
CB-1066,2024-08-19,35.0,182,100.99,42,0,False
CB-1066,2024-08-26,41.0,141,100.99,42,0,False
CB-1066,2024-09-02,40.0,101,100.99,42,0,False
CB-1066,2024-09-09,36.0,259,100.99,42,0,False
CB-1066,2024-09-16,32.0,227,100.99,42,0,False
CB-1066,2024-09-23,32.0,195,100.99,42,0,False
CB-1066,2024-09-30,36.0,159,100.99,42,0,False
CB-1066,2024-10-07,38.0,121,100.99,42,0,False
CB-1066,2024-10-14,30.0,285,100.99,42,0,False
CB-1066,2024-10-21,36.0,249,100.99,42,0,False
CB-1066,2024-10-28,42.0,207,100.99,42,0,False
CB-1066,2024-11-04,38.0,169,100.99,42,0,False
CB-1066,2024-11-11,44.0,125,100.99,42,0,False
CB-1066,2024-11-18,43.0,82,100.99,42,0,False
CB-1066,2024-11-25,38.0,238,100.99,42,0,False
CB-1066,2024-12-02,42.0,196,100.99,42,0,False
CB-1066,2024-12-09,44.0,152,100.99,42,0,False
CB-1066,2024-12-16,42.0,110,100.99,42,0,False
CB-1066,2024-12-23,44.0,66,100.99,42,0,False
CB-1066,2024-12-30,55.0,205,100.99,42,0,False
CB-1066,2025-01-06,47.0,158,100.99,42,0,False
CB-1066,2025-01-13,57.0,101,100.99,42,0,False
CB-1066,2025-01-20,52.0,49,100.99,42,0,False
CB-1066,2025-01-27,55.0,0,100.99,42,1,False
CB-1066,2025-02-03,59.0,135,100.99,42,0,False
CB-1066,2025-02-10,55.0,80,100.99,42,0,False
CB-1066,2025-02-17,62.0,18,100.99,42,0,False
CB-1066,2025-02-24,50.0,162,100.99,42,0,False
CB-1066,2025-03-03,63.0,99,100.99,42,0,False
CB-1066,2025-03-10,50.0,49,100.99,42,0,False
CB-1066,2025-03-17,61.0,0,100.99,42,1,False
CB-1066,2025-03-24,67.0,127,100.99,42,0,False
CB-1066,2025-03-31,66.0,61,100.99,42,0,False
CB-1066,2025-04-07,57.0,4,100.99,42,0,False
CB-1066,2025-04-14,57.0,141,100.99,42,0,False
CB-1066,2025-04-21,59.0,82,100.99,42,0,False
CB-1066,2025-04-28,63.0,19,100.99,42,0,False
CB-1066,2025-05-05,52.0,0,100.99,42,1,False
CB-1066,2025-05-12,61.0,133,100.99,42,0,False
CB-1066,2025-05-19,61.0,72,100.99,42,0,False
CB-1066,2025-05-26,57.0,15,100.99,42,0,False
CB-1066,2025-06-02,60.0,149,100.99,42,0,False
CB-1066,2025-06-09,57.0,92,100.99,42,0,False
CB-1066,2025-06-16,52.0,40,100.99,42,0,False
CB-1066,2025-06-23,45.0,0,100.99,42,1,False
CB-1066,2025-06-30,52.0,142,100.99,42,0,False
CB-1066,2025-07-07,47.0,95,100.99,42,0,False
CB-1066,2025-07-14,47.0,48,100.99,42,0,False
CB-1066,2025-07-21,49.0,193,100.99,42,0,False
CB-1066,2025-07-28,52.0,141,100.99,42,0,False
CB-1066,2025-08-04,45.0,96,100.99,42,0,False
CB-1066,2025-08-11,46.0,50,100.99,42,0,False
CB-1066,2025-08-18,38.0,206,100.99,42,0,False
CB-1066,2025-08-25,43.0,163,100.99,42,0,False
CB-1066,2025-09-01,41.0,122,100.99,42,0,False
CB-1066,2025-09-08,45.0,77,100.99,42,0,False
CB-1066,2025-09-15,38.0,232,100.99,42,0,False
CB-1066,2025-09-22,39.0,193,100.99,42,0,False
CB-1066,2025-09-29,43.0,150,100.99,42,0,False
CB-1066,2025-10-06,40.0,110,100.99,42,0,False
CB-1066,2025-10-13,37.0,73,100.99,42,0,False
CB-1066,2025-10-20,50.0,217,100.99,42,0,False
CB-1066,2025-10-27,38.0,179,100.99,42,0,False
CB-1066,2025-11-03,43.0,136,100.99,42,0,False
CB-1066,2025-11-10,45.0,91,100.99,42,0,False
CB-1066,2025-11-17,46.0,45,100.99,42,0,False
CB-1066,2025-11-24,46.0,193,100.99,42,0,False
CB-1066,2025-12-01,47.0,146,100.99,42,0,False
CB-1066,2025-12-08,49.0,97,100.99,42,0,False
CB-1066,2025-12-15,47.0,50,100.99,42,0,False
CB-1066,2025-12-22,62.0,182,100.99,42,0,False
CB-1067,2024-01-01,73.0,245,145.96,14,0,False
CB-1067,2024-01-08,76.0,169,145.96,14,0,False
CB-1067,2024-01-15,78.0,91,145.96,14,0,False
CB-1067,2024-01-22,73.0,356,145.96,14,0,False
CB-1067,2024-01-29,84.0,272,145.96,14,0,False
CB-1067,2024-02-05,84.0,188,145.96,14,0,False
CB-1067,2024-02-12,98.0,90,145.96,14,0,False
CB-1067,2024-02-19,82.0,8,145.96,14,0,False
CB-1067,2024-02-26,89.0,257,145.96,14,0,False
CB-1067,2024-03-04,88.0,169,145.96,14,0,False
CB-1067,2024-03-11,107.0,62,145.96,14,0,False
CB-1067,2024-03-18,90.0,310,145.96,14,0,False
CB-1067,2024-03-25,101.0,209,145.96,14,0,False
CB-1067,2024-04-01,105.0,104,145.96,14,0,False
CB-1067,2024-04-08,96.0,8,145.96,14,0,False
CB-1067,2024-04-15,87.0,259,145.96,14,0,False
CB-1067,2024-04-22,86.0,173,145.96,14,0,False
CB-1067,2024-04-29,103.0,70,145.96,14,0,False
CB-1067,2024-05-06,86.0,322,145.96,14,0,False
CB-1067,2024-05-13,97.0,225,145.96,14,0,False
CB-1067,2024-05-20,93.0,132,145.96,14,0,False
CB-1067,2024-05-27,94.0,38,145.96,14,0,False
CB-1067,2024-06-03,92.0,284,145.96,14,0,False
CB-1067,2024-06-10,80.0,204,145.96,14,0,False
CB-1067,2024-06-17,78.0,126,145.96,14,0,False
CB-1067,2024-06-24,87.0,39,145.96,14,0,False
CB-1067,2024-07-01,76.0,301,145.96,14,0,False
CB-1067,2024-07-08,61.0,240,145.96,14,0,False
CB-1067,2024-07-15,80.0,160,145.96,14,0,False
CB-1067,2024-07-22,68.0,92,145.96,14,0,False
CB-1067,2024-07-29,74.0,356,145.96,14,0,False
CB-1067,2024-08-05,78.0,278,145.96,14,0,False
CB-1067,2024-08-12,68.0,210,145.96,14,0,False
CB-1067,2024-08-19,72.0,138,145.96,14,0,False
CB-1067,2024-08-26,66.0,72,145.96,14,0,False
CB-1067,2024-09-02,72.0,338,145.96,14,0,False
CB-1067,2024-09-09,58.0,280,145.96,14,0,False
CB-1067,2024-09-16,62.0,218,145.96,14,0,False
CB-1067,2024-09-23,66.0,152,145.96,14,0,False
CB-1067,2024-09-30,61.0,91,145.96,14,0,False
CB-1067,2024-10-07,68.0,361,145.96,14,0,False
CB-1067,2024-10-14,61.0,300,145.96,14,0,False
CB-1067,2024-10-21,75.0,225,145.96,14,0,False
CB-1067,2024-10-28,76.0,149,145.96,14,0,False
CB-1067,2024-11-04,68.0,81,145.96,14,0,False
CB-1067,2024-11-11,71.0,348,145.96,14,0,False
CB-1067,2024-11-18,77.0,271,145.96,14,0,False
CB-1067,2024-11-25,66.0,205,145.96,14,0,False
CB-1067,2024-12-02,67.0,138,145.96,14,0,False
CB-1067,2024-12-09,85.0,53,145.96,14,0,False
CB-1067,2024-12-16,82.0,309,145.96,14,0,False
CB-1067,2024-12-23,81.0,228,145.96,14,0,False
CB-1067,2024-12-30,85.0,143,145.96,14,0,False
CB-1067,2025-01-06,71.0,72,145.96,14,0,False
CB-1067,2025-01-13,89.0,321,145.96,14,0,False
CB-1067,2025-01-20,88.0,233,145.96,14,0,False
CB-1067,2025-01-27,103.0,130,145.96,14,0,False
CB-1067,2025-02-03,106.0,24,145.96,14,0,False
CB-1067,2025-02-10,105.0,257,145.96,14,0,False
CB-1067,2025-02-17,106.0,151,145.96,14,0,False
CB-1067,2025-02-24,92.0,59,145.96,14,0,False
CB-1067,2025-03-03,111.0,286,145.96,14,0,False
CB-1067,2025-03-10,113.0,173,145.96,14,0,False
CB-1067,2025-03-17,119.0,54,145.96,14,0,False
CB-1067,2025-03-24,128.0,263,145.96,14,0,False
CB-1067,2025-03-31,95.0,168,145.96,14,0,False
CB-1067,2025-04-07,106.0,62,145.96,14,0,False
CB-1067,2025-04-14,103.0,297,145.96,14,0,False
CB-1067,2025-04-21,111.0,186,145.96,14,0,False
CB-1067,2025-04-28,108.0,78,145.96,14,0,False
CB-1067,2025-05-05,105.0,0,145.96,14,1,False
CB-1067,2025-05-12,114.0,224,145.96,14,0,False
CB-1067,2025-05-19,95.0,129,145.96,14,0,False
CB-1067,2025-05-26,93.0,36,145.96,14,0,False
CB-1067,2025-06-02,92.0,282,145.96,14,0,False
CB-1067,2025-06-09,95.0,187,145.96,14,0,False
CB-1067,2025-06-16,86.0,101,145.96,14,0,False
CB-1067,2025-06-23,92.0,9,145.96,14,0,False
CB-1067,2025-06-30,89.0,258,145.96,14,0,False
CB-1067,2025-07-07,82.0,176,145.96,14,0,False
CB-1067,2025-07-14,91.0,85,145.96,14,0,False
CB-1067,2025-07-21,82.0,341,145.96,14,0,False
CB-1067,2025-07-28,87.0,254,145.96,14,0,False
CB-1067,2025-08-04,77.0,177,145.96,14,0,False
CB-1067,2025-08-11,76.0,101,145.96,14,0,False
CB-1067,2025-08-18,71.0,368,145.96,14,0,False
CB-1067,2025-08-25,73.0,295,145.96,14,0,False
CB-1067,2025-09-01,76.0,219,145.96,14,0,False
CB-1067,2025-09-08,68.0,151,145.96,14,0,False
CB-1067,2025-09-15,73.0,78,145.96,14,0,False
CB-1067,2025-09-22,65.0,351,145.96,14,0,False
CB-1067,2025-09-29,74.0,277,145.96,14,0,False
CB-1067,2025-10-06,67.0,210,145.96,14,0,False
CB-1067,2025-10-13,75.0,135,145.96,14,0,False
CB-1067,2025-10-20,72.0,63,145.96,14,0,False
CB-1067,2025-10-27,82.0,319,145.96,14,0,False
CB-1067,2025-11-03,68.0,251,145.96,14,0,False
CB-1067,2025-11-10,67.0,184,145.96,14,0,False
CB-1067,2025-11-17,75.0,109,145.96,14,0,False
CB-1067,2025-11-24,72.0,37,145.96,14,0,False
CB-1067,2025-12-01,74.0,301,145.96,14,0,False
CB-1067,2025-12-08,90.0,211,145.96,14,0,False
CB-1067,2025-12-15,89.0,122,145.96,14,0,False
CB-1067,2025-12-22,89.0,33,145.96,14,0,False
CB-1068,2024-01-01,61.0,178,171.64,35,0,False
CB-1068,2024-01-08,52.0,126,171.64,35,0,False
CB-1068,2024-01-15,51.0,75,171.64,35,0,False
CB-1068,2024-01-22,63.0,12,171.64,35,0,False
CB-1068,2024-01-29,60.0,0,171.64,35,1,False
CB-1068,2024-02-05,72.0,170,171.64,35,0,False
CB-1068,2024-02-12,61.0,109,171.64,35,0,False
CB-1068,2024-02-19,69.0,40,171.64,35,0,False
CB-1068,2024-02-26,72.0,210,171.64,35,0,False
CB-1068,2024-03-04,64.0,146,171.64,35,0,False
CB-1068,2024-03-11,64.0,82,171.64,35,0,False
CB-1068,2024-03-18,73.0,9,171.64,35,0,False
CB-1068,2024-03-25,72.0,179,171.64,35,0,False
CB-1068,2024-04-01,62.0,117,171.64,35,0,False
CB-1068,2024-04-08,63.0,54,171.64,35,0,False
CB-1068,2024-04-15,55.0,0,171.64,35,1,False
CB-1068,2024-04-22,72.0,170,171.64,35,0,False
CB-1068,2024-04-29,67.0,103,171.64,35,0,False
CB-1068,2024-05-06,67.0,36,171.64,35,0,False
CB-1068,2024-05-13,58.0,220,171.64,35,0,False
CB-1068,2024-05-20,60.0,160,171.64,35,0,False
CB-1068,2024-05-27,62.0,98,171.64,35,0,False
CB-1068,2024-06-03,60.0,38,171.64,35,0,False
CB-1068,2024-06-10,63.0,217,171.64,35,0,False
CB-1068,2024-06-17,63.0,154,171.64,35,0,False
CB-1068,2024-06-24,70.0,84,171.64,35,0,False
CB-1068,2024-07-01,57.0,27,171.64,35,0,False
CB-1068,2024-07-08,61.0,208,171.64,35,0,False
CB-1068,2024-07-15,51.0,157,171.64,35,0,False
CB-1068,2024-07-22,46.0,111,171.64,35,0,False
CB-1068,2024-07-29,50.0,61,171.64,35,0,False
CB-1068,2024-08-05,43.0,260,171.64,35,0,False
CB-1068,2024-08-12,49.0,211,171.64,35,0,False
CB-1068,2024-08-19,44.0,167,171.64,35,0,False
CB-1068,2024-08-26,39.0,128,171.64,35,0,False
CB-1068,2024-09-02,52.0,318,171.64,35,0,False
CB-1068,2024-09-09,43.0,275,171.64,35,0,False
CB-1068,2024-09-16,39.0,236,171.64,35,0,False
CB-1068,2024-09-23,48.0,188,171.64,35,0,False
CB-1068,2024-09-30,42.0,146,171.64,35,0,False
CB-1068,2024-10-07,48.0,98,171.64,35,0,False
CB-1068,2024-10-14,42.0,298,171.64,35,0,False
CB-1068,2024-10-21,44.0,254,171.64,35,0,False
CB-1068,2024-10-28,48.0,206,171.64,35,0,False
CB-1068,2024-11-04,50.0,156,171.64,35,0,False
CB-1068,2024-11-11,52.0,104,171.64,35,0,False
CB-1068,2024-11-18,50.0,296,171.64,35,0,False
CB-1068,2024-11-25,54.0,242,171.64,35,0,False
CB-1068,2024-12-02,56.0,186,171.64,35,0,False
CB-1068,2024-12-09,56.0,130,171.64,35,0,False
CB-1068,2024-12-16,56.0,74,171.64,35,0,False
CB-1068,2024-12-23,52.0,264,171.64,35,0,False
CB-1068,2024-12-30,64.0,200,171.64,35,0,False
CB-1068,2025-01-06,63.0,137,171.64,35,0,False
CB-1068,2025-01-13,63.0,74,171.64,35,0,False
CB-1068,2025-01-20,73.0,1,171.64,35,0,False
CB-1068,2025-01-27,61.0,182,171.64,35,0,False
CB-1068,2025-02-03,79.0,103,171.64,35,0,False
CB-1068,2025-02-10,72.0,31,171.64,35,0,False
CB-1068,2025-02-17,75.0,0,171.64,35,1,False
CB-1068,2025-02-24,72.0,170,171.64,35,0,False
CB-1068,2025-03-03,66.0,104,171.64,35,0,False
CB-1068,2025-03-10,76.0,28,171.64,35,0,False
CB-1068,2025-03-17,80.0,190,171.64,35,0,False
CB-1068,2025-03-24,82.0,108,171.64,35,0,False
CB-1068,2025-03-31,77.0,31,171.64,35,0,False
CB-1068,2025-04-07,65.0,0,171.64,35,1,False
CB-1068,2025-04-14,68.0,174,171.64,35,0,False
CB-1068,2025-04-21,90.0,84,171.64,35,0,False
CB-1068,2025-04-28,70.0,14,171.64,35,0,False
CB-1068,2025-05-05,85.0,171,171.64,35,0,False
CB-1068,2025-05-12,70.0,101,171.64,35,0,False
CB-1068,2025-05-19,73.0,28,171.64,35,0,False
CB-1068,2025-05-26,76.0,0,171.64,35,1,False
CB-1068,2025-06-02,67.0,175,171.64,35,0,False
CB-1068,2025-06-09,78.0,97,171.64,35,0,False
CB-1068,2025-06-16,68.0,29,171.64,35,0,False
CB-1068,2025-06-23,69.0,202,171.64,35,0,False
CB-1068,2025-06-30,63.0,139,171.64,35,0,False
CB-1068,2025-07-07,66.0,73,171.64,35,0,False
CB-1068,2025-07-14,68.0,5,171.64,35,0,False
CB-1068,2025-07-21,58.0,189,171.64,35,0,False
CB-1068,2025-07-28,65.0,124,171.64,35,0,False
CB-1068,2025-08-04,53.0,71,171.64,35,0,False
CB-1068,2025-08-11,58.0,13,171.64,35,0,False
CB-1068,2025-08-18,55.0,200,171.64,35,0,False
CB-1068,2025-08-25,48.0,152,171.64,35,0,False
CB-1068,2025-09-01,52.0,100,171.64,35,0,False
CB-1068,2025-09-08,50.0,50,171.64,35,0,False
CB-1068,2025-09-15,46.0,246,171.64,35,0,False
CB-1068,2025-09-22,51.0,195,171.64,35,0,False
CB-1068,2025-09-29,50.0,145,171.64,35,0,False
CB-1068,2025-10-06,49.0,96,171.64,35,0,False
CB-1068,2025-10-13,50.0,288,171.64,35,0,False
CB-1068,2025-10-20,51.0,237,171.64,35,0,False
CB-1068,2025-10-27,50.0,187,171.64,35,0,False
CB-1068,2025-11-03,54.0,133,171.64,35,0,False
CB-1068,2025-11-10,52.0,81,171.64,35,0,False
CB-1068,2025-11-17,68.0,255,171.64,35,0,False
CB-1068,2025-11-24,51.0,204,171.64,35,0,False
CB-1068,2025-12-01,57.0,147,171.64,35,0,False
CB-1068,2025-12-08,59.0,88,171.64,35,0,False
CB-1068,2025-12-15,74.0,14,171.64,35,0,False
CB-1068,2025-12-22,59.0,197,171.64,35,0,False
CB-1069,2024-01-01,115.0,324,47.93,28,0,False
CB-1069,2024-01-08,127.0,197,47.93,28,0,False
CB-1069,2024-01-15,131.0,66,47.93,28,0,False
CB-1069,2024-01-22,119.0,0,47.93,28,1,False
CB-1069,2024-01-29,129.0,384,47.93,28,0,False
CB-1069,2024-02-05,111.0,273,47.93,28,0,False
CB-1069,2024-02-12,134.0,139,47.93,28,0,False
CB-1069,2024-02-19,127.0,526,47.93,28,0,False
CB-1069,2024-02-26,136.0,390,47.93,28,0,False
CB-1069,2024-03-04,121.0,269,47.93,28,0,False
CB-1069,2024-03-11,147.0,122,47.93,28,0,False
CB-1069,2024-03-18,124.0,511,47.93,28,0,False
CB-1069,2024-03-25,146.0,365,47.93,28,0,False
CB-1069,2024-04-01,131.0,234,47.93,28,0,False
CB-1069,2024-04-08,135.0,99,47.93,28,0,False
CB-1069,2024-04-15,158.0,454,47.93,28,0,False
CB-1069,2024-04-22,151.0,303,47.93,28,0,False
CB-1069,2024-04-29,156.0,147,47.93,28,0,False
CB-1069,2024-05-06,159.0,0,47.93,28,1,False
CB-1069,2024-05-13,131.0,382,47.93,28,0,False
CB-1069,2024-05-20,154.0,228,47.93,28,0,False
CB-1069,2024-05-27,119.0,109,47.93,28,0,False
CB-1069,2024-06-03,140.0,483,47.93,28,0,False
CB-1069,2024-06-10,124.0,359,47.93,28,0,False
CB-1069,2024-06-17,117.0,242,47.93,28,0,False
CB-1069,2024-06-24,129.0,113,47.93,28,0,False
CB-1069,2024-07-01,129.0,497,47.93,28,0,False
CB-1069,2024-07-08,125.0,372,47.93,28,0,False
CB-1069,2024-07-15,115.0,257,47.93,28,0,False
CB-1069,2024-07-22,111.0,146,47.93,28,0,False
CB-1069,2024-07-29,111.0,548,47.93,28,0,False
CB-1069,2024-08-05,106.0,442,47.93,28,0,False
CB-1069,2024-08-12,106.0,336,47.93,28,0,False
CB-1069,2024-08-19,100.0,236,47.93,28,0,False
CB-1069,2024-08-26,103.0,133,47.93,28,0,False
CB-1069,2024-09-02,83.0,564,47.93,28,0,False
CB-1069,2024-09-09,93.0,471,47.93,28,0,False
CB-1069,2024-09-16,83.0,388,47.93,28,0,False
CB-1069,2024-09-23,95.0,293,47.93,28,0,False
CB-1069,2024-09-30,105.0,188,47.93,28,0,False
CB-1069,2024-10-07,89.0,612,47.93,28,0,False
CB-1069,2024-10-14,95.0,517,47.93,28,0,False
CB-1069,2024-10-21,101.0,416,47.93,28,0,False
CB-1069,2024-10-28,81.0,335,47.93,28,0,False
CB-1069,2024-11-04,95.0,240,47.93,28,0,False
CB-1069,2024-11-11,105.0,648,47.93,28,0,False
CB-1069,2024-11-18,80.0,568,47.93,28,0,False
CB-1069,2024-11-25,99.0,469,47.93,28,0,False
CB-1069,2024-12-02,121.0,348,47.93,28,0,False
CB-1069,2024-12-09,124.0,224,47.93,28,0,False
CB-1069,2024-12-16,122.0,102,47.93,28,0,False
CB-1069,2024-12-23,131.0,484,47.93,28,0,False
CB-1069,2024-12-30,129.0,355,47.93,28,0,False
CB-1069,2025-01-06,137.0,218,47.93,28,0,False
CB-1069,2025-01-13,132.0,86,47.93,28,0,False
CB-1069,2025-01-20,140.0,460,47.93,28,0,False
CB-1069,2025-01-27,136.0,324,47.93,28,0,False
CB-1069,2025-02-03,161.0,163,47.93,28,0,False
CB-1069,2025-02-10,168.0,0,47.93,28,1,False
CB-1069,2025-02-17,170.0,343,47.93,28,0,False
CB-1069,2025-02-24,151.0,192,47.93,28,0,False
CB-1069,2025-03-03,146.0,46,47.93,28,0,False
CB-1069,2025-03-10,176.0,384,47.93,28,0,False
CB-1069,2025-03-17,169.0,215,47.93,28,0,False
CB-1069,2025-03-24,167.0,48,47.93,28,0,False
CB-1069,2025-03-31,155.0,0,47.93,28,1,False
CB-1069,2025-04-07,169.0,344,47.93,28,0,False
CB-1069,2025-04-14,149.0,195,47.93,28,0,False
CB-1069,2025-04-21,170.0,25,47.93,28,0,False
CB-1069,2025-04-28,179.0,360,47.93,28,0,False
CB-1069,2025-05-05,180.0,180,47.93,28,0,False
CB-1069,2025-05-12,166.0,14,47.93,28,0,False
CB-1069,2025-05-19,137.0,0,47.93,28,1,False
CB-1069,2025-05-26,154.0,359,47.93,28,0,False
CB-1069,2025-06-02,174.0,185,47.93,28,0,False
CB-1069,2025-06-09,135.0,564,47.93,28,0,False
CB-1069,2025-06-16,141.0,423,47.93,28,0,False
CB-1069,2025-06-23,154.0,269,47.93,28,0,False
CB-1069,2025-06-30,141.0,128,47.93,28,0,False
CB-1069,2025-07-07,156.0,0,47.93,28,1,False
CB-1069,2025-07-14,119.0,394,47.93,28,0,False
CB-1069,2025-07-21,113.0,281,47.93,28,0,False
CB-1069,2025-07-28,131.0,150,47.93,28,0,False
CB-1069,2025-08-04,105.0,559,47.93,28,0,False
CB-1069,2025-08-11,112.0,447,47.93,28,0,False
CB-1069,2025-08-18,110.0,337,47.93,28,0,False
CB-1069,2025-08-25,117.0,220,47.93,28,0,False
CB-1069,2025-09-01,112.0,108,47.93,28,0,False
CB-1069,2025-09-08,109.0,512,47.93,28,0,False
CB-1069,2025-09-15,101.0,411,47.93,28,0,False
CB-1069,2025-09-22,113.0,298,47.93,28,0,False
CB-1069,2025-09-29,137.0,161,47.93,28,0,False
CB-1069,2025-10-06,110.0,564,47.93,28,0,False
CB-1069,2025-10-13,106.0,458,47.93,28,0,False
CB-1069,2025-10-20,95.0,363,47.93,28,0,False
CB-1069,2025-10-27,103.0,260,47.93,28,0,False
CB-1069,2025-11-03,109.0,151,47.93,28,0,False
CB-1069,2025-11-10,109.0,556,47.93,28,0,False
CB-1069,2025-11-17,116.0,440,47.93,28,0,False
CB-1069,2025-11-24,137.0,303,47.93,28,0,False
CB-1069,2025-12-01,136.0,167,47.93,28,0,False
CB-1069,2025-12-08,127.0,40,47.93,28,0,False
CB-1069,2025-12-15,120.0,433,47.93,28,0,False
CB-1069,2025-12-22,152.0,281,47.93,28,0,False
CB-1070,2024-01-01,0.0,15,31.72,28,0,False
CB-1070,2024-01-08,0.0,15,31.72,28,0,False
CB-1070,2024-01-15,0.0,15,31.72,28,0,False
CB-1070,2024-01-22,0.0,15,31.72,28,0,False
CB-1070,2024-01-29,0.0,39,31.72,28,0,False
CB-1070,2024-02-05,0.0,39,31.72,28,0,False
CB-1070,2024-02-12,22.0,17,31.72,28,0,False
CB-1070,2024-02-19,0.0,17,31.72,28,0,False
CB-1070,2024-02-26,0.0,17,31.72,28,0,False
CB-1070,2024-03-04,0.0,17,31.72,28,0,False
CB-1070,2024-03-11,0.0,42,31.72,28,0,False
CB-1070,2024-03-18,0.0,42,31.72,28,0,False
CB-1070,2024-03-25,0.0,42,31.72,28,0,False
CB-1070,2024-04-01,35.0,7,31.72,28,0,False
CB-1070,2024-04-08,57.0,0,31.72,28,1,False
CB-1070,2024-04-15,0.0,0,31.72,28,0,False
CB-1070,2024-04-22,0.0,0,31.72,28,0,False
CB-1070,2024-04-29,0.0,24,31.72,28,0,False
CB-1070,2024-05-06,0.0,49,31.72,28,0,False
CB-1070,2024-05-13,0.0,49,31.72,28,0,False
CB-1070,2024-05-20,0.0,49,31.72,28,0,False
CB-1070,2024-05-27,0.0,49,31.72,28,0,False
CB-1070,2024-06-03,0.0,49,31.72,28,0,False
CB-1070,2024-06-10,37.0,12,31.72,28,0,False
CB-1070,2024-06-17,0.0,12,31.72,28,0,False
CB-1070,2024-06-24,0.0,12,31.72,28,0,False
CB-1070,2024-07-01,0.0,12,31.72,28,0,False
CB-1070,2024-07-08,27.0,9,31.72,28,0,False
CB-1070,2024-07-15,0.0,34,31.72,28,0,False
CB-1070,2024-07-22,36.0,0,31.72,28,1,False
CB-1070,2024-07-29,0.0,0,31.72,28,0,False
CB-1070,2024-08-05,0.0,24,31.72,28,0,False
CB-1070,2024-08-12,0.0,24,31.72,28,0,False
CB-1070,2024-08-19,0.0,49,31.72,28,0,False
CB-1070,2024-08-26,0.0,49,31.72,28,0,False
CB-1070,2024-09-02,6.0,43,31.72,28,0,False
CB-1070,2024-09-09,55.0,0,31.72,28,1,False
CB-1070,2024-09-16,0.0,0,31.72,28,0,False
CB-1070,2024-09-23,0.0,0,31.72,28,0,False
CB-1070,2024-09-30,0.0,0,31.72,28,0,False
CB-1070,2024-10-07,0.0,24,31.72,28,0,False
CB-1070,2024-10-14,0.0,49,31.72,28,0,False
CB-1070,2024-10-21,0.0,49,31.72,28,0,False
CB-1070,2024-10-28,54.0,0,31.72,28,1,False
CB-1070,2024-11-04,14.0,0,31.72,28,1,False
CB-1070,2024-11-11,0.0,0,31.72,28,0,False
CB-1070,2024-11-18,0.0,0,31.72,28,0,False
CB-1070,2024-11-25,0.0,24,31.72,28,0,False
CB-1070,2024-12-02,0.0,49,31.72,28,0,False
CB-1070,2024-12-09,0.0,49,31.72,28,0,False
CB-1070,2024-12-16,47.0,2,31.72,28,0,False
CB-1070,2024-12-23,0.0,2,31.72,28,0,False
CB-1070,2024-12-30,28.0,0,31.72,28,1,False
CB-1070,2025-01-06,0.0,0,31.72,28,0,False
CB-1070,2025-01-13,0.0,24,31.72,28,0,False
CB-1070,2025-01-20,0.0,49,31.72,28,0,False
CB-1070,2025-01-27,0.0,49,31.72,28,0,False
CB-1070,2025-02-03,0.0,49,31.72,28,0,False
CB-1070,2025-02-10,0.0,49,31.72,28,0,False
CB-1070,2025-02-17,0.0,49,31.72,28,0,False
CB-1070,2025-02-24,0.0,49,31.72,28,0,False
CB-1070,2025-03-03,0.0,49,31.72,28,0,False
CB-1070,2025-03-10,0.0,49,31.72,28,0,False
CB-1070,2025-03-17,0.0,49,31.72,28,0,False
CB-1070,2025-03-24,22.0,27,31.72,28,0,False
CB-1070,2025-03-31,26.0,1,31.72,28,0,False
CB-1070,2025-04-07,0.0,1,31.72,28,0,False
CB-1070,2025-04-14,0.0,1,31.72,28,0,False
CB-1070,2025-04-21,0.0,25,31.72,28,0,False
CB-1070,2025-04-28,0.0,50,31.72,28,0,False
CB-1070,2025-05-05,0.0,50,31.72,28,0,False
CB-1070,2025-05-12,,50,31.72,28,0,False
CB-1070,2025-05-19,0.0,50,31.72,28,0,False
CB-1070,2025-05-26,0.0,50,31.72,28,0,False
CB-1070,2025-06-02,35.0,15,31.72,28,0,False
CB-1070,2025-06-09,0.0,15,31.72,28,0,False
CB-1070,2025-06-16,0.0,15,31.72,28,0,False
CB-1070,2025-06-23,0.0,15,31.72,28,0,False
CB-1070,2025-06-30,0.0,39,31.72,28,0,False
CB-1070,2025-07-07,0.0,39,31.72,28,0,False
CB-1070,2025-07-14,37.0,2,31.72,28,0,False
CB-1070,2025-07-21,0.0,2,31.72,28,0,False
CB-1070,2025-07-28,0.0,2,31.72,28,0,False
CB-1070,2025-08-04,0.0,2,31.72,28,0,False
CB-1070,2025-08-11,0.0,27,31.72,28,0,False
CB-1070,2025-08-18,0.0,51,31.72,28,0,False
CB-1070,2025-08-25,0.0,51,31.72,28,0,False
CB-1070,2025-09-01,0.0,51,31.72,28,0,False
CB-1070,2025-09-08,0.0,51,31.72,28,0,False
CB-1070,2025-09-15,0.0,51,31.72,28,0,False
CB-1070,2025-09-22,0.0,51,31.72,28,0,False
CB-1070,2025-09-29,0.0,51,31.72,28,0,False
CB-1070,2025-10-06,51.0,0,31.72,28,1,False
CB-1070,2025-10-13,0.0,0,31.72,28,0,False
CB-1070,2025-10-20,0.0,0,31.72,28,0,False
CB-1070,2025-10-27,0.0,0,31.72,28,0,False
CB-1070,2025-11-03,20.0,4,31.72,28,0,False
CB-1070,2025-11-10,0.0,29,31.72,28,0,False
CB-1070,2025-11-17,0.0,29,31.72,28,0,False
CB-1070,2025-11-24,0.0,29,31.72,28,0,False
CB-1070,2025-12-01,0.0,53,31.72,28,0,False
CB-1070,2025-12-08,0.0,53,31.72,28,0,False
CB-1070,2025-12-15,0.0,53,31.72,28,0,False
CB-1070,2025-12-22,0.0,53,31.72,28,0,False
CB-1071,2024-01-01,88.0,293,178.65,14,0,False
CB-1071,2024-01-08,94.0,199,178.65,14,0,False
CB-1071,2024-01-15,92.0,107,178.65,14,0,False
CB-1071,2024-01-22,98.0,405,178.65,14,0,False
CB-1071,2024-01-29,99.0,306,178.65,14,0,False
CB-1071,2024-02-05,100.0,206,178.65,14,0,False
CB-1071,2024-02-12,101.0,105,178.65,14,0,False
CB-1071,2024-02-19,102.0,398,178.65,14,0,False
CB-1071,2024-02-26,109.0,289,178.65,14,0,False
CB-1071,2024-03-04,113.0,176,178.65,14,0,False
CB-1071,2024-03-11,112.0,64,178.65,14,0,False
CB-1071,2024-03-18,101.0,359,178.65,14,0,False
CB-1071,2024-03-25,103.0,256,178.65,14,0,False
CB-1071,2024-04-01,116.0,140,178.65,14,0,False
CB-1071,2024-04-08,126.0,14,178.65,14,0,False
CB-1071,2024-04-15,114.0,295,178.65,14,0,False
CB-1071,2024-04-22,108.0,187,178.65,14,0,False
CB-1071,2024-04-29,113.0,74,178.65,14,0,False
CB-1071,2024-05-06,100.0,370,178.65,14,0,False
CB-1071,2024-05-13,120.0,250,178.65,14,0,False
CB-1071,2024-05-20,109.0,141,178.65,14,0,False
CB-1071,2024-05-27,99.0,42,178.65,14,0,False
CB-1071,2024-06-03,102.0,335,178.65,14,0,False
CB-1071,2024-06-10,96.0,239,178.65,14,0,False
CB-1071,2024-06-17,108.0,131,178.65,14,0,False
CB-1071,2024-06-24,94.0,37,178.65,14,0,False
CB-1071,2024-07-01,94.0,339,178.65,14,0,False
CB-1071,2024-07-08,95.0,244,178.65,14,0,False
CB-1071,2024-07-15,83.0,161,178.65,14,0,False
CB-1071,2024-07-22,87.0,74,178.65,14,0,False
CB-1071,2024-07-29,85.0,385,178.65,14,0,False
CB-1071,2024-08-05,71.0,314,178.65,14,0,False
CB-1071,2024-08-12,80.0,234,178.65,14,0,False
CB-1071,2024-08-19,77.0,157,178.65,14,0,False
CB-1071,2024-08-26,76.0,81,178.65,14,0,False
CB-1071,2024-09-02,74.0,402,178.65,14,0,False
CB-1071,2024-09-09,75.0,327,178.65,14,0,False
CB-1071,2024-09-16,80.0,247,178.65,14,0,False
CB-1071,2024-09-23,65.0,182,178.65,14,0,False
CB-1071,2024-09-30,70.0,112,178.65,14,0,False
CB-1071,2024-10-07,76.0,432,178.65,14,0,False
CB-1071,2024-10-14,76.0,356,178.65,14,0,False
CB-1071,2024-10-21,77.0,279,178.65,14,0,False
CB-1071,2024-10-28,92.0,187,178.65,14,0,False
CB-1071,2024-11-04,81.0,106,178.65,14,0,False
CB-1071,2024-11-11,86.0,415,178.65,14,0,False
CB-1071,2024-11-18,79.0,336,178.65,14,0,False
CB-1071,2024-11-25,77.0,259,178.65,14,0,False
CB-1071,2024-12-02,84.0,175,178.65,14,0,False
CB-1071,2024-12-09,94.0,81,178.65,14,0,False
CB-1071,2024-12-16,95.0,382,178.65,14,0,False
CB-1071,2024-12-23,99.0,283,178.65,14,0,False
CB-1071,2024-12-30,97.0,186,178.65,14,0,False
CB-1071,2025-01-06,99.0,87,178.65,14,0,False
CB-1071,2025-01-13,104.0,379,178.65,14,0,False
CB-1071,2025-01-20,114.0,265,178.65,14,0,False
CB-1071,2025-01-27,119.0,146,178.65,14,0,False
CB-1071,2025-02-03,105.0,41,178.65,14,0,False
CB-1071,2025-02-10,124.0,312,178.65,14,0,False
CB-1071,2025-02-17,113.0,199,178.65,14,0,False
CB-1071,2025-02-24,126.0,73,178.65,14,0,False
CB-1071,2025-03-03,121.0,348,178.65,14,0,False
CB-1071,2025-03-10,140.0,208,178.65,14,0,False
CB-1071,2025-03-17,122.0,86,178.65,14,0,False
CB-1071,2025-03-24,128.0,353,178.65,14,0,False
CB-1071,2025-03-31,133.0,220,178.65,14,0,False
CB-1071,2025-04-07,118.0,102,178.65,14,0,False
CB-1071,2025-04-14,126.0,0,178.65,14,1,False
CB-1071,2025-04-21,123.0,273,178.65,14,0,False
CB-1071,2025-04-28,120.0,153,178.65,14,0,False
CB-1071,2025-05-05,119.0,34,178.65,14,0,False
CB-1071,2025-05-12,133.0,296,178.65,14,0,False
CB-1071,2025-05-19,114.0,182,178.65,14,0,False
CB-1071,2025-05-26,123.0,59,178.65,14,0,False
CB-1071,2025-06-02,119.0,336,178.65,14,0,False
CB-1071,2025-06-09,100.0,236,178.65,14,0,False
CB-1071,2025-06-16,115.0,121,178.65,14,0,False
CB-1071,2025-06-23,95.0,26,178.65,14,0,False
CB-1071,2025-06-30,110.0,311,178.65,14,0,False
CB-1071,2025-07-07,97.0,214,178.65,14,0,False
CB-1071,2025-07-14,99.0,115,178.65,14,0,False
CB-1071,2025-07-21,86.0,425,178.65,14,0,False
CB-1071,2025-07-28,94.0,331,178.65,14,0,False
CB-1071,2025-08-04,97.0,234,178.65,14,0,False
CB-1071,2025-08-11,83.0,151,178.65,14,0,False
CB-1071,2025-08-18,82.0,69,178.65,14,0,False
CB-1071,2025-08-25,87.0,377,178.65,14,0,False
CB-1071,2025-09-01,86.0,291,178.65,14,0,False
CB-1071,2025-09-08,66.0,225,178.65,14,0,False
CB-1071,2025-09-15,94.0,131,178.65,14,0,False
CB-1071,2025-09-22,84.0,47,178.65,14,0,False
CB-1071,2025-09-29,85.0,358,178.65,14,0,False
CB-1071,2025-10-06,80.0,278,178.65,14,0,False
CB-1071,2025-10-13,69.0,209,178.65,14,0,False
CB-1071,2025-10-20,87.0,122,178.65,14,0,False
CB-1071,2025-10-27,80.0,438,178.65,14,0,False
CB-1071,2025-11-03,90.0,348,178.65,14,0,False
CB-1071,2025-11-10,87.0,261,178.65,14,0,False
CB-1071,2025-11-17,92.0,169,178.65,14,0,False
CB-1071,2025-11-24,88.0,81,178.65,14,0,False
CB-1071,2025-12-01,103.0,373,178.65,14,0,False
CB-1071,2025-12-08,90.0,283,178.65,14,0,False
CB-1071,2025-12-15,122.0,161,178.65,14,0,False
CB-1071,2025-12-22,126.0,35,178.65,14,0,False
CB-1072,2024-01-01,0.0,10,135.38,21,0,False
CB-1072,2024-01-08,0.0,10,135.38,21,0,False
CB-1072,2024-01-15,22.0,0,135.38,21,1,False
CB-1072,2024-01-22,0.0,21,135.38,21,0,False
CB-1072,2024-01-29,0.0,21,135.38,21,0,False
CB-1072,2024-02-05,0.0,41,135.38,21,0,False
CB-1072,2024-02-12,0.0,41,135.38,21,0,False
CB-1072,2024-02-19,0.0,41,135.38,21,0,False
CB-1072,2024-02-26,0.0,41,135.38,21,0,False
CB-1072,2024-03-04,0.0,41,135.38,21,0,False
CB-1072,2024-03-11,0.0,41,135.38,21,0,False
CB-1072,2024-03-18,0.0,41,135.38,21,0,False
CB-1072,2024-03-25,0.0,41,135.38,21,0,False
CB-1072,2024-04-01,0.0,41,135.38,21,0,False
CB-1072,2024-04-08,0.0,41,135.38,21,0,False
CB-1072,2024-04-15,42.0,0,135.38,21,1,False
CB-1072,2024-04-22,0.0,0,135.38,21,0,False
CB-1072,2024-04-29,0.0,0,135.38,21,0,False
CB-1072,2024-05-06,0.0,21,135.38,21,0,False
CB-1072,2024-05-13,0.0,41,135.38,21,0,False
CB-1072,2024-05-20,0.0,41,135.38,21,0,False
CB-1072,2024-05-27,0.0,41,135.38,21,0,False
CB-1072,2024-06-03,0.0,41,135.38,21,0,False
CB-1072,2024-06-10,0.0,41,135.38,21,0,False
CB-1072,2024-06-17,0.0,41,135.38,21,0,False
CB-1072,2024-06-24,0.0,41,135.38,21,0,False
CB-1072,2024-07-01,0.0,41,135.38,21,0,False
CB-1072,2024-07-08,0.0,41,135.38,21,0,False
CB-1072,2024-07-15,0.0,41,135.38,21,0,False
CB-1072,2024-07-22,0.0,41,135.38,21,0,False
CB-1072,2024-07-29,0.0,41,135.38,21,0,False
CB-1072,2024-08-05,0.0,41,135.38,21,0,False
CB-1072,2024-08-12,0.0,41,135.38,21,0,False
CB-1072,2024-08-19,0.0,41,135.38,21,0,False
CB-1072,2024-08-26,0.0,41,135.38,21,0,False
CB-1072,2024-09-02,19.0,22,135.38,21,0,False
CB-1072,2024-09-09,0.0,22,135.38,21,0,False
CB-1072,2024-09-16,37.0,0,135.38,21,1,False
CB-1072,2024-09-23,0.0,21,135.38,21,0,False
CB-1072,2024-09-30,0.0,21,135.38,21,0,False
CB-1072,2024-10-07,52.0,0,135.38,21,1,False
CB-1072,2024-10-14,0.0,0,135.38,21,0,False
CB-1072,2024-10-21,29.0,0,135.38,21,1,False
CB-1072,2024-10-28,0.0,21,135.38,21,0,False
CB-1072,2024-11-04,0.0,41,135.38,21,0,False
CB-1072,2024-11-11,0.0,41,135.38,21,0,False
CB-1072,2024-11-18,53.0,0,135.38,21,1,False
CB-1072,2024-11-25,0.0,0,135.38,21,0,False
CB-1072,2024-12-02,48.0,0,135.38,21,1,False
CB-1072,2024-12-09,0.0,21,135.38,21,0,False
CB-1072,2024-12-16,0.0,41,135.38,21,0,False
CB-1072,2024-12-23,0.0,41,135.38,21,0,False
CB-1072,2024-12-30,0.0,41,135.38,21,0,False
CB-1072,2025-01-06,0.0,41,135.38,21,0,False
CB-1072,2025-01-13,21.0,20,135.38,21,0,False
CB-1072,2025-01-20,0.0,20,135.38,21,0,False
CB-1072,2025-01-27,0.0,20,135.38,21,0,False
CB-1072,2025-02-03,0.0,41,135.38,21,0,False
CB-1072,2025-02-10,0.0,41,135.38,21,0,False
CB-1072,2025-02-17,0.0,41,135.38,21,0,False
CB-1072,2025-02-24,0.0,41,135.38,21,0,False
CB-1072,2025-03-03,13.0,28,135.38,21,0,False
CB-1072,2025-03-10,0.0,28,135.38,21,0,False
CB-1072,2025-03-17,0.0,28,135.38,21,0,False
CB-1072,2025-03-24,11.0,17,135.38,21,0,False
CB-1072,2025-03-31,0.0,17,135.38,21,0,False
CB-1072,2025-04-07,0.0,17,135.38,21,0,False
CB-1072,2025-04-14,0.0,37,135.38,21,0,False
CB-1072,2025-04-21,0.0,37,135.38,21,0,False
CB-1072,2025-04-28,0.0,37,135.38,21,0,False
CB-1072,2025-05-05,0.0,37,135.38,21,0,False
CB-1072,2025-05-12,0.0,37,135.38,21,0,False
CB-1072,2025-05-19,0.0,37,135.38,21,0,False
CB-1072,2025-05-26,0.0,37,135.38,21,0,False
CB-1072,2025-06-02,0.0,37,135.38,21,0,False
CB-1072,2025-06-09,22.0,15,135.38,21,0,False
CB-1072,2025-06-16,0.0,15,135.38,21,0,False
CB-1072,2025-06-23,0.0,15,135.38,21,0,False
CB-1072,2025-06-30,0.0,36,135.38,21,0,False
CB-1072,2025-07-07,0.0,36,135.38,21,0,False
CB-1072,2025-07-14,0.0,36,135.38,21,0,False
CB-1072,2025-07-21,40.0,0,135.38,21,1,False
CB-1072,2025-07-28,31.0,0,135.38,21,1,False
CB-1072,2025-08-04,0.0,0,135.38,21,0,False
CB-1072,2025-08-11,0.0,21,135.38,21,0,False
CB-1072,2025-08-18,0.0,41,135.38,21,0,False
CB-1072,2025-08-25,21.0,20,135.38,21,0,False
CB-1072,2025-09-01,0.0,20,135.38,21,0,False
CB-1072,2025-09-08,23.0,0,135.38,21,1,False
CB-1072,2025-09-15,0.0,21,135.38,21,0,False
CB-1072,2025-09-22,0.0,21,135.38,21,0,False
CB-1072,2025-09-29,0.0,41,135.38,21,0,False
CB-1072,2025-10-06,0.0,41,135.38,21,0,False
CB-1072,2025-10-13,0.0,41,135.38,21,0,False
CB-1072,2025-10-20,0.0,41,135.38,21,0,False
CB-1072,2025-10-27,0.0,41,135.38,21,0,False
CB-1072,2025-11-03,0.0,41,135.38,21,0,False
CB-1072,2025-11-10,0.0,41,135.38,21,0,False
CB-1072,2025-11-17,24.0,17,135.38,21,0,False
CB-1072,2025-11-24,0.0,17,135.38,21,0,False
CB-1072,2025-12-01,0.0,17,135.38,21,0,False
CB-1072,2025-12-08,0.0,38,135.38,21,0,False
CB-1072,2025-12-15,0.0,38,135.38,21,0,False
CB-1072,2025-12-22,0.0,38,135.38,21,0,False
CB-1073,2024-01-01,0.0,34,94.6,14,0,False
CB-1073,2024-01-08,0.0,34,94.6,14,0,False
CB-1073,2024-01-15,41.0,0,94.6,14,1,False
CB-1073,2024-01-22,0.0,0,94.6,14,0,False
CB-1073,2024-01-29,0.0,28,94.6,14,0,False
CB-1073,2024-02-05,0.0,28,94.6,14,0,False
CB-1073,2024-02-12,0.0,28,94.6,14,0,False
CB-1073,2024-02-19,24.0,4,94.6,14,0,False
CB-1073,2024-02-26,0.0,4,94.6,14,0,False
CB-1073,2024-03-04,12.0,21,94.6,14,0,False
CB-1073,2024-03-11,0.0,21,94.6,14,0,False
CB-1073,2024-03-18,0.0,49,94.6,14,0,False
CB-1073,2024-03-25,0.0,49,94.6,14,0,False
CB-1073,2024-04-01,0.0,49,94.6,14,0,False
CB-1073,2024-04-08,0.0,49,94.6,14,0,False
CB-1073,2024-04-15,38.0,11,94.6,14,0,False
CB-1073,2024-04-22,0.0,11,94.6,14,0,False
CB-1073,2024-04-29,0.0,39,94.6,14,0,False
CB-1073,2024-05-06,0.0,39,94.6,14,0,False
CB-1073,2024-05-13,48.0,0,94.6,14,1,False
CB-1073,2024-05-20,0.0,0,94.6,14,0,False
CB-1073,2024-05-27,50.0,0,94.6,14,1,False
CB-1073,2024-06-03,0.0,0,94.6,14,0,False
CB-1073,2024-06-10,0.0,28,94.6,14,0,False
CB-1073,2024-06-17,7.0,21,94.6,14,0,False
CB-1073,2024-06-24,0.0,21,94.6,14,0,False
CB-1073,2024-07-01,0.0,50,94.6,14,0,False
CB-1073,2024-07-08,25.0,25,94.6,14,0,False
CB-1073,2024-07-15,11.0,14,94.6,14,0,False
CB-1073,2024-07-22,0.0,42,94.6,14,0,False
CB-1073,2024-07-29,0.0,42,94.6,14,0,False
CB-1073,2024-08-05,0.0,42,94.6,14,0,False
CB-1073,2024-08-12,0.0,42,94.6,14,0,False
CB-1073,2024-08-19,0.0,42,94.6,14,0,False
CB-1073,2024-08-26,0.0,42,94.6,14,0,False
CB-1073,2024-09-02,7.0,35,94.6,14,0,False
CB-1073,2024-09-09,24.0,11,94.6,14,0,False
CB-1073,2024-09-16,0.0,11,94.6,14,0,False
CB-1073,2024-09-23,48.0,0,94.6,14,1,False
CB-1073,2024-09-30,0.0,0,94.6,14,0,False
CB-1073,2024-10-07,6.0,22,94.6,14,0,False
CB-1073,2024-10-14,8.0,14,94.6,14,0,False
CB-1073,2024-10-21,0.0,43,94.6,14,0,False
CB-1073,2024-10-28,49.0,0,94.6,14,1,False
CB-1073,2024-11-04,0.0,0,94.6,14,0,False
CB-1073,2024-11-11,0.0,28,94.6,14,0,False
CB-1073,2024-11-18,0.0,28,94.6,14,0,False
CB-1073,2024-11-25,0.0,28,94.6,14,0,False
CB-1073,2024-12-02,0.0,28,94.6,14,0,False
CB-1073,2024-12-09,0.0,28,94.6,14,0,False
CB-1073,2024-12-16,0.0,28,94.6,14,0,False
CB-1073,2024-12-23,25.0,3,94.6,14,0,False
CB-1073,2024-12-30,0.0,3,94.6,14,0,False
CB-1073,2025-01-06,0.0,32,94.6,14,0,False
CB-1073,2025-01-13,0.0,32,94.6,14,0,False
CB-1073,2025-01-20,0.0,32,94.6,14,0,False
CB-1073,2025-01-27,0.0,32,94.6,14,0,False
CB-1073,2025-02-03,0.0,32,94.6,14,0,False
CB-1073,2025-02-10,0.0,32,94.6,14,0,False
CB-1073,2025-02-17,0.0,32,94.6,14,0,False
CB-1073,2025-02-24,0.0,32,94.6,14,0,False
CB-1073,2025-03-03,0.0,32,94.6,14,0,False
CB-1073,2025-03-10,41.0,0,94.6,14,1,False
CB-1073,2025-03-17,45.0,0,94.6,14,1,False
CB-1073,2025-03-24,0.0,28,94.6,14,0,False
CB-1073,2025-03-31,0.0,28,94.6,14,0,False
CB-1073,2025-04-07,0.0,28,94.6,14,0,False
CB-1073,2025-04-14,0.0,28,94.6,14,0,False
CB-1073,2025-04-21,0.0,28,94.6,14,0,False
CB-1073,2025-04-28,0.0,28,94.6,14,0,False
CB-1073,2025-05-05,0.0,28,94.6,14,0,False
CB-1073,2025-05-12,0.0,28,94.6,14,0,False
CB-1073,2025-05-19,0.0,28,94.6,14,0,False
CB-1073,2025-05-26,0.0,28,94.6,14,0,False
CB-1073,2025-06-02,18.0,10,94.6,14,0,False
CB-1073,2025-06-09,0.0,10,94.6,14,0,False
CB-1073,2025-06-16,27.0,12,94.6,14,0,False
CB-1073,2025-06-23,38.0,0,94.6,14,1,False
CB-1073,2025-06-30,20.0,8,94.6,14,0,False
CB-1073,2025-07-07,0.0,8,94.6,14,0,False
CB-1073,2025-07-14,0.0,37,94.6,14,0,False
CB-1073,2025-07-21,0.0,37,94.6,14,0,False
CB-1073,2025-07-28,0.0,37,94.6,14,0,False
CB-1073,2025-08-04,0.0,37,94.6,14,0,False
CB-1073,2025-08-11,0.0,37,94.6,14,0,False
CB-1073,2025-08-18,11.0,26,94.6,14,0,False
CB-1073,2025-08-25,0.0,26,94.6,14,0,False
CB-1073,2025-09-01,0.0,54,94.6,14,0,False
CB-1073,2025-09-08,0.0,54,94.6,14,0,False
CB-1073,2025-09-15,0.0,54,94.6,14,0,False
CB-1073,2025-09-22,30.0,24,94.6,14,0,False
CB-1073,2025-09-29,0.0,24,94.6,14,0,False
CB-1073,2025-10-06,0.0,52,94.6,14,0,False
CB-1073,2025-10-13,0.0,52,94.6,14,0,False
CB-1073,2025-10-20,0.0,52,94.6,14,0,False
CB-1073,2025-10-27,58.0,0,94.6,14,1,False
CB-1073,2025-11-03,0.0,0,94.6,14,0,False
CB-1073,2025-11-10,0.0,28,94.6,14,0,False
CB-1073,2025-11-17,0.0,28,94.6,14,0,False
CB-1073,2025-11-24,0.0,28,94.6,14,0,False
CB-1073,2025-12-01,0.0,28,94.6,14,0,False
CB-1073,2025-12-08,0.0,28,94.6,14,0,False
CB-1073,2025-12-15,0.0,28,94.6,14,0,False
CB-1073,2025-12-22,0.0,28,94.6,14,0,False
CB-1074,2024-01-01,63.0,108,139.53,42,0,False
CB-1074,2024-01-08,73.0,35,139.53,42,0,False
CB-1074,2024-01-15,58.0,0,139.53,42,1,False
CB-1074,2024-01-22,69.0,0,139.53,42,1,False
CB-1074,2024-01-29,70.0,0,139.53,42,1,False
CB-1074,2024-02-05,77.0,0,139.53,42,1,False
CB-1074,2024-02-12,77.0,221,139.53,42,0,False
CB-1074,2024-02-19,79.0,441,139.53,42,0,False
CB-1074,2024-02-26,81.0,360,139.53,42,0,False
CB-1074,2024-03-04,83.0,277,139.53,42,0,False
CB-1074,2024-03-11,88.0,189,139.53,42,0,False
CB-1074,2024-03-18,86.0,103,139.53,42,0,False
CB-1074,2024-03-25,84.0,19,139.53,42,0,False
CB-1074,2024-04-01,89.0,228,139.53,42,0,False
CB-1074,2024-04-08,92.0,136,139.53,42,0,False
CB-1074,2024-04-15,82.0,54,139.53,42,0,False
CB-1074,2024-04-22,85.0,0,139.53,42,1,False
CB-1074,2024-04-29,92.0,206,139.53,42,0,False
CB-1074,2024-05-06,76.0,130,139.53,42,0,False
CB-1074,2024-05-13,95.0,35,139.53,42,0,False
CB-1074,2024-05-20,73.0,261,139.53,42,0,False
CB-1074,2024-05-27,78.0,183,139.53,42,0,False
CB-1074,2024-06-03,72.0,111,139.53,42,0,False
CB-1074,2024-06-10,90.0,21,139.53,42,0,False
CB-1074,2024-06-17,72.0,247,139.53,42,0,False
CB-1074,2024-06-24,70.0,177,139.53,42,0,False
CB-1074,2024-07-01,69.0,108,139.53,42,0,False
CB-1074,2024-07-08,69.0,39,139.53,42,0,False
CB-1074,2024-07-15,65.0,272,139.53,42,0,False
CB-1074,2024-07-22,64.0,208,139.53,42,0,False
CB-1074,2024-07-29,45.0,163,139.53,42,0,False
CB-1074,2024-08-05,62.0,101,139.53,42,0,False
CB-1074,2024-08-12,60.0,339,139.53,42,0,False
CB-1074,2024-08-19,63.0,276,139.53,42,0,False
CB-1074,2024-08-26,63.0,213,139.53,42,0,False
CB-1074,2024-09-02,55.0,158,139.53,42,0,False
CB-1074,2024-09-09,59.0,99,139.53,42,0,False
CB-1074,2024-09-16,50.0,348,139.53,42,0,False
CB-1074,2024-09-23,58.0,290,139.53,42,0,False
CB-1074,2024-09-30,52.0,238,139.53,42,0,False
CB-1074,2024-10-07,50.0,188,139.53,42,0,False
CB-1074,2024-10-14,55.0,431,139.53,42,0,False
CB-1074,2024-10-21,63.0,368,139.53,42,0,False
CB-1074,2024-10-28,58.0,310,139.53,42,0,False
CB-1074,2024-11-04,66.0,244,139.53,42,0,False
CB-1074,2024-11-11,57.0,187,139.53,42,0,False
CB-1074,2024-11-18,67.0,120,139.53,42,0,False
CB-1074,2024-11-25,60.0,358,139.53,42,0,False
CB-1074,2024-12-02,67.0,291,139.53,42,0,False
CB-1074,2024-12-09,69.0,222,139.53,42,0,False
CB-1074,2024-12-16,74.0,148,139.53,42,0,False
CB-1074,2024-12-23,74.0,74,139.53,42,0,False
CB-1074,2024-12-30,71.0,301,139.53,42,0,False
CB-1074,2025-01-06,83.0,218,139.53,42,0,False
CB-1074,2025-01-13,91.0,127,139.53,42,0,False
CB-1074,2025-01-20,78.0,49,139.53,42,0,False
CB-1074,2025-01-27,72.0,276,139.53,42,0,False
CB-1074,2025-02-03,90.0,186,139.53,42,0,False
CB-1074,2025-02-10,86.0,100,139.53,42,0,False
CB-1074,2025-02-17,90.0,10,139.53,42,0,False
CB-1074,2025-02-24,96.0,212,139.53,42,0,False
CB-1074,2025-03-03,90.0,122,139.53,42,0,False
CB-1074,2025-03-10,93.0,29,139.53,42,0,False
CB-1074,2025-03-17,95.0,0,139.53,42,1,False
CB-1074,2025-03-24,108.0,190,139.53,42,0,False
CB-1074,2025-03-31,97.0,93,139.53,42,0,False
CB-1074,2025-04-07,87.0,6,139.53,42,0,False
CB-1074,2025-04-14,87.0,218,139.53,42,0,False
CB-1074,2025-04-21,97.0,121,139.53,42,0,False
CB-1074,2025-04-28,87.0,34,139.53,42,0,False
CB-1074,2025-05-05,82.0,0,139.53,42,1,False
CB-1074,2025-05-12,98.0,200,139.53,42,0,False
CB-1074,2025-05-19,96.0,104,139.53,42,0,False
CB-1074,2025-05-26,87.0,17,139.53,42,0,False
CB-1074,2025-06-02,90.0,226,139.53,42,0,False
CB-1074,2025-06-09,87.0,139,139.53,42,0,False
CB-1074,2025-06-16,88.0,51,139.53,42,0,False
CB-1074,2025-06-23,86.0,0,139.53,42,1,False
CB-1074,2025-06-30,63.0,235,139.53,42,0,False
CB-1074,2025-07-07,76.0,159,139.53,42,0,False
CB-1074,2025-07-14,78.0,81,139.53,42,0,False
CB-1074,2025-07-21,70.0,310,139.53,42,0,False
CB-1074,2025-07-28,71.0,239,139.53,42,0,False
CB-1074,2025-08-04,73.0,166,139.53,42,0,False
CB-1074,2025-08-11,68.0,98,139.53,42,0,False
CB-1074,2025-08-18,73.0,323,139.53,42,0,False
CB-1074,2025-08-25,70.0,253,139.53,42,0,False
CB-1074,2025-09-01,62.0,191,139.53,42,0,False
CB-1074,2025-09-08,61.0,130,139.53,42,0,False
CB-1074,2025-09-15,47.0,83,139.53,42,0,False
CB-1074,2025-09-22,60.0,321,139.53,42,0,False
CB-1074,2025-09-29,55.0,266,139.53,42,0,False
CB-1074,2025-10-06,63.0,203,139.53,42,0,False
CB-1074,2025-10-13,63.0,140,139.53,42,0,False
CB-1074,2025-10-20,66.0,372,139.53,42,0,False
CB-1074,2025-10-27,71.0,301,139.53,42,0,False
CB-1074,2025-11-03,65.0,236,139.53,42,0,False
CB-1074,2025-11-10,79.0,157,139.53,42,0,False
CB-1074,2025-11-17,70.0,87,139.53,42,0,False
CB-1074,2025-11-24,64.0,322,139.53,42,0,False
CB-1074,2025-12-01,70.0,252,139.53,42,0,False
CB-1074,2025-12-08,74.0,178,139.53,42,0,False
CB-1074,2025-12-15,82.0,96,139.53,42,0,False
CB-1074,2025-12-22,75.0,319,139.53,42,0,False
CB-1075,2024-01-01,62.0,196,19.27,21,0,False
CB-1075,2024-01-08,98.0,98,19.27,21,0,False
CB-1075,2024-01-15,97.0,1,19.27,21,0,False
CB-1075,2024-01-22,114.0,223,19.27,21,0,False
CB-1075,2024-01-29,74.0,149,19.27,21,0,False
CB-1075,2024-02-05,122.0,27,19.27,21,0,False
CB-1075,2024-02-12,46.0,318,19.27,21,0,False
CB-1075,2024-02-19,46.0,272,19.27,21,0,False
CB-1075,2024-02-26,52.0,220,19.27,21,0,False
CB-1075,2024-03-04,93.0,127,19.27,21,0,False
CB-1075,2024-03-11,133.0,330,19.27,21,0,False
CB-1075,2024-03-18,75.0,255,19.27,21,0,False
CB-1075,2024-03-25,79.0,176,19.27,21,0,False
CB-1075,2024-04-01,88.0,88,19.27,21,0,False
CB-1075,2024-04-08,115.0,309,19.27,21,0,False
CB-1075,2024-04-15,80.0,229,19.27,21,0,False
CB-1075,2024-04-22,77.0,152,19.27,21,0,False
CB-1075,2024-04-29,50.0,102,19.27,21,0,False
CB-1075,2024-05-06,75.0,363,19.27,21,0,False
CB-1075,2024-05-13,130.0,233,19.27,21,0,False
CB-1075,2024-05-20,94.0,139,19.27,21,0,False
CB-1075,2024-05-27,66.0,73,19.27,21,0,False
CB-1075,2024-06-03,125.0,284,19.27,21,0,False
CB-1075,2024-06-10,68.0,216,19.27,21,0,False
CB-1075,2024-06-17,125.0,91,19.27,21,0,False
CB-1075,2024-06-24,121.0,307,19.27,21,0,False
CB-1075,2024-07-01,80.0,227,19.27,21,0,False
CB-1075,2024-07-08,36.0,191,19.27,21,0,False
CB-1075,2024-07-15,134.0,57,19.27,21,0,False
CB-1075,2024-07-22,82.0,311,19.27,21,0,False
CB-1075,2024-07-29,62.0,249,19.27,21,0,False
CB-1075,2024-08-05,91.0,158,19.27,21,0,False
CB-1075,2024-08-12,83.0,75,19.27,21,0,False
CB-1075,2024-08-19,95.0,316,19.27,21,0,False
CB-1075,2024-08-26,49.0,267,19.27,21,0,False
CB-1075,2024-09-02,70.0,197,19.27,21,0,False
CB-1075,2024-09-09,36.0,161,19.27,21,0,False
CB-1075,2024-09-16,76.0,421,19.27,21,0,False
CB-1075,2024-09-23,61.0,360,19.27,21,0,False
CB-1075,2024-09-30,67.0,293,19.27,21,0,False
CB-1075,2024-10-07,58.0,235,19.27,21,0,False
CB-1075,2024-10-14,56.0,179,19.27,21,0,False
CB-1075,2024-10-21,44.0,135,19.27,21,0,False
CB-1075,2024-10-28,82.0,390,19.27,21,0,False
CB-1075,2024-11-04,99.0,291,19.27,21,0,False
CB-1075,2024-11-11,54.0,237,19.27,21,0,False
CB-1075,2024-11-18,82.0,155,19.27,21,0,False
CB-1075,2024-11-25,82.0,73,19.27,21,0,False
CB-1075,2024-12-02,74.0,335,19.27,21,0,False
CB-1075,2024-12-09,35.0,300,19.27,21,0,False
CB-1075,2024-12-16,43.0,257,19.27,21,0,False
CB-1075,2024-12-23,59.0,198,19.27,21,0,False
CB-1075,2024-12-30,21.0,177,19.27,21,0,False
CB-1075,2025-01-06,129.0,384,19.27,21,0,False
CB-1075,2025-01-13,101.0,283,19.27,21,0,False
CB-1075,2025-01-20,91.0,192,19.27,21,0,False
CB-1075,2025-01-27,22.0,170,19.27,21,0,False
CB-1075,2025-02-03,35.0,471,19.27,21,0,False
CB-1075,2025-02-10,99.0,372,19.27,21,0,False
CB-1075,2025-02-17,171.0,201,19.27,21,0,False
CB-1075,2025-02-24,78.0,123,19.27,21,0,False
CB-1075,2025-03-03,136.0,0,19.27,21,1,False
CB-1075,2025-03-10,88.0,248,19.27,21,0,False
CB-1075,2025-03-17,109.0,139,19.27,21,0,False
CB-1075,2025-03-24,153.0,0,19.27,21,1,False
CB-1075,2025-03-31,95.0,241,19.27,21,0,False
CB-1075,2025-04-07,82.0,159,19.27,21,0,False
CB-1075,2025-04-14,161.0,0,19.27,21,1,False
CB-1075,2025-04-21,109.0,227,19.27,21,0,False
CB-1075,2025-04-28,147.0,80,19.27,21,0,False
CB-1075,2025-05-05,80.0,0,19.27,21,0,False
CB-1075,2025-05-12,155.0,181,19.27,21,0,False
CB-1075,2025-05-19,112.0,69,19.27,21,0,False
CB-1075,2025-05-26,115.0,0,19.27,21,1,False
CB-1075,2025-06-02,103.0,233,19.27,21,0,False
CB-1075,2025-06-09,79.0,154,19.27,21,0,False
CB-1075,2025-06-16,93.0,61,19.27,21,0,False
CB-1075,2025-06-23,77.0,320,19.27,21,0,False
CB-1075,2025-06-30,118.0,202,19.27,21,0,False
CB-1075,2025-07-07,80.0,122,19.27,21,0,False
CB-1075,2025-07-14,40.0,82,19.27,21,0,False
CB-1075,2025-07-21,33.0,386,19.27,21,0,False
CB-1075,2025-07-28,31.0,355,19.27,21,0,False
CB-1075,2025-08-04,93.0,262,19.27,21,0,False
CB-1075,2025-08-11,45.0,217,19.27,21,0,False
CB-1075,2025-08-18,81.0,136,19.27,21,0,False
CB-1075,2025-08-25,75.0,397,19.27,21,0,False
CB-1075,2025-09-01,69.0,328,19.27,21,0,False
CB-1075,2025-09-08,80.0,248,19.27,21,0,False
CB-1075,2025-09-15,72.0,176,19.27,21,0,False
CB-1075,2025-09-22,4.0,172,19.27,21,0,False
CB-1075,2025-09-29,60.0,448,19.27,21,0,False
CB-1075,2025-10-06,79.0,369,19.27,21,0,False
CB-1075,2025-10-13,109.0,260,19.27,21,0,False
CB-1075,2025-10-20,111.0,149,19.27,21,0,False
CB-1075,2025-10-27,37.0,112,19.27,21,0,False
CB-1075,2025-11-03,64.0,384,19.27,21,0,False
CB-1075,2025-11-10,34.0,350,19.27,21,0,False
CB-1075,2025-11-17,118.0,232,19.27,21,0,False
CB-1075,2025-11-24,107.0,125,19.27,21,0,False
CB-1075,2025-12-01,92.0,33,19.27,21,0,False
CB-1075,2025-12-08,89.0,281,19.27,21,0,False
CB-1075,2025-12-15,130.0,151,19.27,21,0,False
CB-1075,2025-12-22,129.0,22,19.27,21,0,False
CB-1076,2024-01-01,54.0,169,49.09,21,0,False
CB-1076,2024-01-08,81.0,88,49.09,21,0,False
CB-1076,2024-01-15,85.0,3,49.09,21,0,False
CB-1076,2024-01-22,63.0,223,49.09,21,0,False
CB-1076,2024-01-29,61.0,162,49.09,21,0,False
CB-1076,2024-02-05,100.0,62,49.09,21,0,False
CB-1076,2024-02-12,116.0,230,49.09,21,0,False
CB-1076,2024-02-19,55.0,175,49.09,21,0,False
CB-1076,2024-02-26,69.0,106,49.09,21,0,False
CB-1076,2024-03-04,87.0,302,49.09,21,0,False
CB-1076,2024-03-11,91.0,211,49.09,21,0,False
CB-1076,2024-03-18,64.0,147,49.09,21,0,False
CB-1076,2024-03-25,132.0,15,49.09,21,0,False
CB-1076,2024-04-01,91.0,207,49.09,21,0,False
CB-1076,2024-04-08,95.0,112,49.09,21,0,False
CB-1076,2024-04-15,129.0,0,49.09,21,1,False
CB-1076,2024-04-22,67.0,216,49.09,21,0,False
CB-1076,2024-04-29,76.0,140,49.09,21,0,False
CB-1076,2024-05-06,44.0,96,49.09,21,0,False
CB-1076,2024-05-13,72.0,307,49.09,21,0,False
CB-1076,2024-05-20,36.0,271,49.09,21,0,False
CB-1076,2024-05-27,94.0,177,49.09,21,0,False
CB-1076,2024-06-03,83.0,94,49.09,21,0,False
CB-1076,2024-06-10,64.0,30,49.09,21,0,False
CB-1076,2024-06-17,67.0,246,49.09,21,0,False
CB-1076,2024-06-24,86.0,160,49.09,21,0,False
CB-1076,2024-07-01,40.0,120,49.09,21,0,False
CB-1076,2024-07-08,69.0,51,49.09,21,0,False
CB-1076,2024-07-15,77.0,258,49.09,21,0,False
CB-1076,2024-07-22,23.0,235,49.09,21,0,False
CB-1076,2024-07-29,73.0,162,49.09,21,0,False
CB-1076,2024-08-05,24.0,138,49.09,21,0,False
CB-1076,2024-08-12,53.0,368,49.09,21,0,False
CB-1076,2024-08-19,32.0,336,49.09,21,0,False
CB-1076,2024-08-26,80.0,256,49.09,21,0,False
CB-1076,2024-09-02,31.0,225,49.09,21,0,False
CB-1076,2024-09-09,22.0,203,49.09,21,0,False
CB-1076,2024-09-16,53.0,150,49.09,21,0,False
CB-1076,2024-09-23,43.0,390,49.09,21,0,False
CB-1076,2024-09-30,24.0,366,49.09,21,0,False
CB-1076,2024-10-07,60.0,306,49.09,21,0,False
CB-1076,2024-10-14,16.0,290,49.09,21,0,False
CB-1076,2024-10-21,33.0,257,49.09,21,0,False
CB-1076,2024-10-28,43.0,214,49.09,21,0,False
CB-1076,2024-11-04,70.0,144,49.09,21,0,False
CB-1076,2024-11-11,81.0,63,49.09,21,0,False
CB-1076,2024-11-18,80.0,266,49.09,21,0,False
CB-1076,2024-11-25,56.0,210,49.09,21,0,False
CB-1076,2024-12-02,9.0,201,49.09,21,0,False
CB-1076,2024-12-09,72.0,129,49.09,21,0,False
CB-1076,2024-12-16,99.0,313,49.09,21,0,False
CB-1076,2024-12-23,97.0,216,49.09,21,0,False
CB-1076,2024-12-30,81.0,135,49.09,21,0,False
CB-1076,2025-01-06,42.0,93,49.09,21,0,False
CB-1076,2025-01-13,61.0,315,49.09,21,0,False
CB-1076,2025-01-20,128.0,187,49.09,21,0,False
CB-1076,2025-01-27,40.0,147,49.09,21,0,False
CB-1076,2025-02-03,48.0,99,49.09,21,0,False
CB-1076,2025-02-10,110.0,273,49.09,21,0,False
CB-1076,2025-02-17,71.0,202,49.09,21,0,False
CB-1076,2025-02-24,50.0,152,49.09,21,0,False
CB-1076,2025-03-03,133.0,19,49.09,21,0,False
CB-1076,2025-03-10,102.0,200,49.09,21,0,False
CB-1076,2025-03-17,77.0,123,49.09,21,0,False
CB-1076,2025-03-24,54.0,69,49.09,21,0,False
CB-1076,2025-03-31,154.0,198,49.09,21,0,False
CB-1076,2025-04-07,89.0,109,49.09,21,0,False
CB-1076,2025-04-14,133.0,0,49.09,21,1,False
CB-1076,2025-04-21,117.0,166,49.09,21,0,False
CB-1076,2025-04-28,72.0,94,49.09,21,0,False
CB-1076,2025-05-05,72.0,22,49.09,21,0,False
CB-1076,2025-05-12,130.0,175,49.09,21,0,False
CB-1076,2025-05-19,128.0,47,49.09,21,0,False
CB-1076,2025-05-26,29.0,18,49.09,21,0,False
CB-1076,2025-06-02,97.0,204,49.09,21,0,False
CB-1076,2025-06-09,76.0,128,49.09,21,0,False
CB-1076,2025-06-16,50.0,78,49.09,21,0,False
CB-1076,2025-06-23,83.0,279,49.09,21,0,False
CB-1076,2025-06-30,39.0,240,49.09,21,0,False
CB-1076,2025-07-07,60.0,180,49.09,21,0,False
CB-1076,2025-07-14,50.0,130,49.09,21,0,False
CB-1076,2025-07-21,56.0,357,49.09,21,0,False
CB-1076,2025-07-28,64.0,293,49.09,21,0,False
CB-1076,2025-08-04,41.0,252,49.09,21,0,False
CB-1076,2025-08-11,97.0,155,49.09,21,0,False
CB-1076,2025-08-18,71.0,84,49.09,21,0,False
CB-1076,2025-08-25,97.0,0,49.09,21,1,False
CB-1076,2025-09-01,55.0,228,49.09,21,0,False
CB-1076,2025-09-08,47.0,181,49.09,21,0,False
CB-1076,2025-09-15,92.0,89,49.09,21,0,False
CB-1076,2025-09-22,45.0,327,49.09,21,0,False
CB-1076,2025-09-29,53.0,274,49.09,21,0,False
CB-1076,2025-10-06,72.0,202,49.09,21,0,False
CB-1076,2025-10-13,33.0,169,49.09,21,0,False
CB-1076,2025-10-20,73.0,96,49.09,21,0,False
CB-1076,2025-10-27,72.0,307,49.09,21,0,False
CB-1076,2025-11-03,88.0,219,49.09,21,0,False
CB-1076,2025-11-10,82.0,137,49.09,21,0,False
CB-1076,2025-11-17,93.0,44,49.09,21,0,False
CB-1076,2025-11-24,64.0,264,49.09,21,0,False
CB-1076,2025-12-01,48.0,216,49.09,21,0,False
CB-1076,2025-12-08,123.0,93,49.09,21,0,False
CB-1076,2025-12-15,34.0,59,49.09,21,0,False
CB-1076,2025-12-22,38.0,304,49.09,21,0,False
CB-1077,2024-01-01,36.0,0,24.29,42,1,False
CB-1077,2024-01-08,0.0,0,-24.29,42,0,False
CB-1077,2024-01-15,0.0,0,24.29,42,0,False
CB-1077,2024-01-22,0.0,0,24.29,42,0,False
CB-1077,2024-01-29,0.0,0,24.29,42,0,False
CB-1077,2024-02-05,0.0,0,24.29,42,0,False
CB-1077,2024-02-12,0.0,42,24.29,42,0,False
CB-1077,2024-02-19,0.0,84,24.29,42,0,False
CB-1077,2024-02-26,0.0,84,24.29,42,0,False
CB-1077,2024-03-04,39.0,45,24.29,42,0,False
CB-1077,2024-03-11,41.0,4,24.29,42,0,False
CB-1077,2024-03-18,45.0,0,24.29,42,1,False
CB-1077,2024-03-25,0.0,0,24.29,42,0,False
CB-1077,2024-04-01,0.0,0,24.29,42,0,False
CB-1077,2024-04-08,43.0,0,24.29,42,1,False
CB-1077,2024-04-15,0.0,42,24.29,42,0,False
CB-1077,2024-04-22,0.0,84,24.29,42,0,False
CB-1077,2024-04-29,13.0,71,24.29,42,0,False
CB-1077,2024-05-06,0.0,71,-24.29,42,0,False
CB-1077,2024-05-13,0.0,71,24.29,42,0,False
CB-1077,2024-05-20,42.0,29,24.29,42,0,False
CB-1077,2024-05-27,44.0,0,24.29,42,1,False
CB-1077,2024-06-03,30.0,0,24.29,42,1,False
CB-1077,2024-06-10,0.0,42,24.29,42,0,False
CB-1077,2024-06-17,24.0,18,24.29,42,0,False
CB-1077,2024-06-24,0.0,18,24.29,42,0,False
CB-1077,2024-07-01,0.0,60,24.29,42,0,False
CB-1077,2024-07-08,0.0,60,24.29,42,0,False
CB-1077,2024-07-15,0.0,60,24.29,42,0,False
CB-1077,2024-07-22,0.0,60,24.29,42,0,False
CB-1077,2024-07-29,0.0,102,24.29,42,0,False
CB-1077,2024-08-05,18.0,84,24.29,42,0,False
CB-1077,2024-08-12,0.0,84,24.29,42,0,False
CB-1077,2024-08-19,0.0,84,24.29,42,0,False
CB-1077,2024-08-26,0.0,84,24.29,42,0,False
CB-1077,2024-09-02,0.0,84,-24.29,42,0,False
CB-1077,2024-09-09,0.0,84,24.29,42,0,False
CB-1077,2024-09-16,0.0,84,24.29,42,0,False
CB-1077,2024-09-23,0.0,84,24.29,42,0,False
CB-1077,2024-09-30,0.0,84,24.29,42,0,False
CB-1077,2024-10-07,14.0,70,24.29,42,0,False
CB-1077,2024-10-14,14.0,56,24.29,42,0,False
CB-1077,2024-10-21,0.0,56,24.29,42,0,False
CB-1077,2024-10-28,14.0,42,24.29,42,0,False
CB-1077,2024-11-04,0.0,42,24.29,42,0,False
CB-1077,2024-11-11,0.0,42,24.29,42,0,False
CB-1077,2024-11-18,0.0,83,24.29,42,0,False
CB-1077,2024-11-25,0.0,83,24.29,42,0,False
CB-1077,2024-12-02,0.0,83,24.29,42,0,False
CB-1077,2024-12-09,28.0,55,24.29,42,0,False
CB-1077,2024-12-16,27.0,28,24.29,42,0,False
CB-1077,2024-12-23,0.0,28,24.29,42,0,False
CB-1077,2024-12-30,0.0,28,-24.29,42,0,False
CB-1077,2025-01-06,0.0,28,24.29,42,0,False
CB-1077,2025-01-13,0.0,28,24.29,42,0,False
CB-1077,2025-01-20,0.0,70,24.29,42,0,False
CB-1077,2025-01-27,0.0,112,24.29,42,0,False
CB-1077,2025-02-03,0.0,112,24.29,42,0,False
CB-1077,2025-02-10,0.0,112,24.29,42,0,False
CB-1077,2025-02-17,34.0,78,24.29,42,0,False
CB-1077,2025-02-24,32.0,46,24.29,42,0,False
CB-1077,2025-03-03,36.0,10,24.29,42,0,False
CB-1077,2025-03-10,21.0,0,24.29,42,1,False
CB-1077,2025-03-17,0.0,0,24.29,42,0,False
CB-1077,2025-03-24,58.0,0,24.29,42,1,False
CB-1077,2025-03-31,0.0,42,24.29,42,0,False
CB-1077,2025-04-07,0.0,42,24.29,42,0,False
CB-1077,2025-04-14,51.0,33,24.29,42,0,False
CB-1077,2025-04-21,0.0,33,24.29,42,0,False
CB-1077,2025-04-28,0.0,33,-24.29,42,0,False
CB-1077,2025-05-05,46.0,0,24.29,42,1,False
CB-1077,2025-05-12,0.0,0,24.29,42,0,False
CB-1077,2025-05-19,0.0,0,24.29,42,0,False
CB-1077,2025-05-26,11.0,31,24.29,42,0,False
CB-1077,2025-06-02,46.0,27,24.29,42,0,False
CB-1077,2025-06-09,0.0,27,24.29,42,0,False
CB-1077,2025-06-16,0.0,27,24.29,42,0,False
CB-1077,2025-06-23,0.0,27,24.29,42,0,False
CB-1077,2025-06-30,59.0,0,24.29,42,1,False
CB-1077,2025-07-07,0.0,42,24.29,42,0,False
CB-1077,2025-07-14,0.0,84,24.29,42,0,False
CB-1077,2025-07-21,0.0,84,24.29,42,0,False
CB-1077,2025-07-28,50.0,34,24.29,42,0,False
CB-1077,2025-08-04,0.0,34,24.29,42,0,False
CB-1077,2025-08-11,0.0,34,24.29,42,0,False
CB-1077,2025-08-18,0.0,34,24.29,42,0,False
CB-1077,2025-08-25,0.0,34,-24.29,42,0,False
CB-1077,2025-09-01,49.0,0,24.29,42,1,False
CB-1077,2025-09-08,0.0,42,24.29,42,0,False
CB-1077,2025-09-15,0.0,84,24.29,42,0,False
CB-1077,2025-09-22,22.0,62,24.29,42,0,False
CB-1077,2025-09-29,0.0,62,24.29,42,0,False
CB-1077,2025-10-06,0.0,62,24.29,42,0,False
CB-1077,2025-10-13,0.0,62,24.29,42,0,False
CB-1077,2025-10-20,0.0,62,24.29,42,0,False
CB-1077,2025-10-27,32.0,30,24.29,42,0,False
CB-1077,2025-11-03,19.0,53,24.29,42,0,False
CB-1077,2025-11-10,0.0,53,24.29,42,0,False
CB-1077,2025-11-17,0.0,53,24.29,42,0,False
CB-1077,2025-11-24,0.0,53,24.29,42,0,False
CB-1077,2025-12-01,0.0,53,24.29,42,0,False
CB-1077,2025-12-08,0.0,94,24.29,42,0,False
CB-1077,2025-12-15,0.0,94,24.29,42,0,False
CB-1077,2025-12-22,24.0,70,-24.29,42,0,False
CB-1078,2024-01-01,0.0,27,29.71,14,0,False
CB-1078,2024-01-08,35.0,0,29.71,14,1,False
CB-1078,2024-01-15,0.0,42,29.71,14,0,False
CB-1078,2024-01-22,0.0,42,29.71,14,0,False
CB-1078,2024-01-29,0.0,42,29.71,14,0,False
CB-1078,2024-02-05,0.0,42,29.71,14,0,False
CB-1078,2024-02-12,44.0,0,29.71,14,1,False
CB-1078,2024-02-19,0.0,0,29.71,14,0,False
CB-1078,2024-02-26,44.0,0,29.71,14,1,False
CB-1078,2024-03-04,0.0,0,29.71,14,0,False
CB-1078,2024-03-11,0.0,42,29.71,14,0,False
CB-1078,2024-03-18,0.0,42,29.71,14,0,False
CB-1078,2024-03-25,0.0,42,29.71,14,0,False
CB-1078,2024-04-01,47.0,0,29.71,14,1,False
CB-1078,2024-04-08,0.0,0,29.71,14,0,False
CB-1078,2024-04-15,0.0,42,29.71,14,0,False
CB-1078,2024-04-22,0.0,42,29.71,14,0,False
CB-1078,2024-04-29,52.0,0,29.71,14,1,False
CB-1078,2024-05-06,22.0,0,29.71,14,1,False
CB-1078,2024-05-13,0.0,42,29.71,14,0,False
CB-1078,2024-05-20,0.0,42,29.71,14,0,False
CB-1078,2024-05-27,0.0,42,29.71,14,0,False
CB-1078,2024-06-03,0.0,42,29.71,14,0,False
CB-1078,2024-06-10,32.0,10,29.71,14,0,False
CB-1078,2024-06-17,53.0,0,29.71,14,1,False
CB-1078,2024-06-24,0.0,42,29.71,14,0,False
CB-1078,2024-07-01,0.0,42,29.71,14,0,False
CB-1078,2024-07-08,27.0,15,29.71,14,0,False
CB-1078,2024-07-15,0.0,15,29.71,14,0,False
CB-1078,2024-07-22,0.0,58,29.71,14,0,False
CB-1078,2024-07-29,14.0,44,29.71,14,0,False
CB-1078,2024-08-05,0.0,44,29.71,14,0,False
CB-1078,2024-08-12,56.0,0,29.71,14,1,False
CB-1078,2024-08-19,0.0,0,29.71,14,0,False
CB-1078,2024-08-26,48.0,0,29.71,14,1,False
CB-1078,2024-09-02,0.0,0,29.71,14,0,False
CB-1078,2024-09-09,36.0,6,29.71,14,0,False
CB-1078,2024-09-16,31.0,0,29.71,14,1,False
CB-1078,2024-09-23,0.0,42,29.71,14,0,False
CB-1078,2024-09-30,0.0,42,29.71,14,0,False
CB-1078,2024-10-07,0.0,42,29.71,14,0,False
CB-1078,2024-10-14,0.0,42,29.71,14,0,False
CB-1078,2024-10-21,36.0,6,29.71,14,0,False
CB-1078,2024-10-28,36.0,0,29.71,14,1,False
CB-1078,2024-11-04,57.0,0,29.71,14,1,False
CB-1078,2024-11-11,0.0,0,29.71,14,0,False
CB-1078,2024-11-18,0.0,42,29.71,14,0,False
CB-1078,2024-11-25,0.0,42,29.71,14,0,False
CB-1078,2024-12-02,46.0,0,29.71,14,1,False
CB-1078,2024-12-09,12.0,0,29.71,14,1,False
CB-1078,2024-12-16,0.0,42,29.71,14,0,False
CB-1078,2024-12-23,0.0,42,29.71,14,0,False
CB-1078,2024-12-30,0.0,42,29.71,14,0,False
CB-1078,2025-01-06,0.0,42,29.71,14,0,False
CB-1078,2025-01-13,8.0,34,29.71,14,0,False
CB-1078,2025-01-20,0.0,34,29.71,14,0,False
CB-1078,2025-01-27,0.0,77,29.71,14,0,False
CB-1078,2025-02-03,26.0,51,29.71,14,0,False
CB-1078,2025-02-10,0.0,51,29.71,14,0,False
CB-1078,2025-02-17,0.0,51,29.71,14,0,False
CB-1078,2025-02-24,0.0,51,29.71,14,0,False
CB-1078,2025-03-03,0.0,51,29.71,14,0,False
CB-1078,2025-03-10,0.0,51,29.71,14,0,False
CB-1078,2025-03-17,0.0,51,29.71,14,0,False
CB-1078,2025-03-24,0.0,51,29.71,14,0,False
CB-1078,2025-03-31,5.0,46,29.71,14,0,False
CB-1078,2025-04-07,0.0,46,29.71,14,0,False
CB-1078,2025-04-14,40.0,6,29.71,14,0,False
CB-1078,2025-04-21,0.0,6,29.71,14,0,False
CB-1078,2025-04-28,0.0,48,29.71,14,0,False
CB-1078,2025-05-05,0.0,48,29.71,14,0,False
CB-1078,2025-05-12,0.0,48,29.71,14,0,False
CB-1078,2025-05-19,48.0,0,29.71,14,0,False
CB-1078,2025-05-26,0.0,0,29.71,14,0,False
CB-1078,2025-06-02,0.0,43,29.71,14,0,False
CB-1078,2025-06-09,0.0,43,29.71,14,0,False
CB-1078,2025-06-16,0.0,43,29.71,14,0,False
CB-1078,2025-06-23,0.0,43,29.71,14,0,False
CB-1078,2025-06-30,0.0,43,29.71,14,0,False
CB-1078,2025-07-07,0.0,43,29.71,14,0,False
CB-1078,2025-07-14,0.0,43,29.71,14,0,False
CB-1078,2025-07-21,20.0,23,29.71,14,0,False
CB-1078,2025-07-28,0.0,23,29.71,14,0,False
CB-1078,2025-08-04,0.0,65,29.71,14,0,False
CB-1078,2025-08-11,0.0,65,29.71,14,0,False
CB-1078,2025-08-18,0.0,65,29.71,14,0,False
CB-1078,2025-08-25,44.0,21,29.71,14,0,False
CB-1078,2025-09-01,0.0,21,29.71,14,0,False
CB-1078,2025-09-08,0.0,63,29.71,14,0,False
CB-1078,2025-09-15,0.0,63,29.71,14,0,False
CB-1078,2025-09-22,0.0,63,29.71,14,0,False
CB-1078,2025-09-29,43.0,20,29.71,14,0,False
CB-1078,2025-10-06,0.0,20,29.71,14,0,False
CB-1078,2025-10-13,0.0,63,29.71,14,0,False
CB-1078,2025-10-20,60.0,3,29.71,14,0,False
CB-1078,2025-10-27,23.0,0,29.71,14,1,False
CB-1078,2025-11-03,31.0,11,29.71,14,0,False
CB-1078,2025-11-10,0.0,11,29.71,14,0,False
CB-1078,2025-11-17,0.0,54,29.71,14,0,False
CB-1078,2025-11-24,0.0,54,29.71,14,0,False
CB-1078,2025-12-01,0.0,54,29.71,14,0,False
CB-1078,2025-12-08,0.0,54,29.71,14,0,False
CB-1078,2025-12-15,0.0,54,29.71,14,0,False
CB-1078,2025-12-22,0.0,54,29.71,14,0,False
CB-1079,2024-01-01,41.0,62,157.73,21,0,False
CB-1079,2024-01-08,46.0,16,157.73,21,0,False
CB-1079,2024-01-15,42.0,0,157.73,21,1,False
CB-1079,2024-01-22,49.0,135,157.73,21,0,False
CB-1079,2024-01-29,40.0,95,157.73,21,0,False
CB-1079,2024-02-05,46.0,49,157.73,21,0,False
CB-1079,2024-02-12,53.0,180,157.73,21,0,False
CB-1079,2024-02-19,56.0,124,157.73,21,0,False
CB-1079,2024-02-26,47.0,77,157.73,21,0,False
CB-1079,2024-03-04,48.0,29,157.73,21,0,False
CB-1079,2024-03-11,54.0,159,157.73,21,0,False
CB-1079,2024-03-18,50.0,109,157.73,21,0,False
CB-1079,2024-03-25,52.0,57,157.73,21,0,False
CB-1079,2024-04-01,57.0,0,157.73,21,1,False
CB-1079,2024-04-08,51.0,133,157.73,21,0,False
CB-1079,2024-04-15,45.0,88,157.73,21,0,False
CB-1079,2024-04-22,47.0,41,157.73,21,0,False
CB-1079,2024-04-29,52.0,173,157.73,21,0,False
CB-1079,2024-05-06,44.0,129,157.73,21,0,False
CB-1079,2024-05-13,50.0,79,157.73,21,0,False
CB-1079,2024-05-20,45.0,34,157.73,21,0,False
CB-1079,2024-05-27,56.0,162,157.73,21,0,False
CB-1079,2024-06-03,57.0,105,157.73,21,0,False
CB-1079,2024-06-10,43.0,62,157.73,21,0,False
CB-1079,2024-06-17,47.0,15,157.73,21,0,False
CB-1079,2024-06-24,41.0,158,157.73,21,0,False
CB-1079,2024-07-01,43.0,115,157.73,21,0,False
CB-1079,2024-07-08,49.0,66,157.73,21,0,False
CB-1079,2024-07-15,40.0,26,157.73,21,0,False
CB-1079,2024-07-22,39.0,171,157.73,21,0,False
CB-1079,2024-07-29,36.0,135,157.73,21,0,False
CB-1079,2024-08-05,41.0,94,157.73,21,0,False
CB-1079,2024-08-12,27.0,67,157.73,21,0,False
CB-1079,2024-08-19,35.0,216,157.73,21,0,False
CB-1079,2024-08-26,35.0,181,157.73,21,0,False
CB-1079,2024-09-02,33.0,148,157.73,21,0,False
CB-1079,2024-09-09,37.0,111,157.73,21,0,False
CB-1079,2024-09-16,37.0,74,157.73,21,0,False
CB-1079,2024-09-23,30.0,44,157.73,21,0,False
CB-1079,2024-09-30,39.0,188,157.73,21,0,False
CB-1079,2024-10-07,30.0,158,157.73,21,0,False
CB-1079,2024-10-14,38.0,120,157.73,21,0,False
CB-1079,2024-10-21,35.0,85,157.73,21,0,False
CB-1079,2024-10-28,34.0,51,157.73,21,0,False
CB-1079,2024-11-04,35.0,200,157.73,21,0,False
CB-1079,2024-11-11,37.0,163,157.73,21,0,False
CB-1079,2024-11-18,39.0,124,157.73,21,0,False
CB-1079,2024-11-25,36.0,88,157.73,21,0,False
CB-1079,2024-12-02,40.0,48,157.73,21,0,False
CB-1079,2024-12-09,39.0,193,157.73,21,0,False
CB-1079,2024-12-16,39.0,154,157.73,21,0,False
CB-1079,2024-12-23,42.0,112,157.73,21,0,False
CB-1079,2024-12-30,42.0,70,157.73,21,0,False
CB-1079,2025-01-06,46.0,24,157.73,21,0,False
CB-1079,2025-01-13,51.0,157,157.73,21,0,False
CB-1079,2025-01-20,51.0,106,157.73,21,0,False
CB-1079,2025-01-27,60.0,46,157.73,21,0,False
CB-1079,2025-02-03,44.0,2,157.73,21,0,False
CB-1079,2025-02-10,57.0,129,157.73,21,0,False
CB-1079,2025-02-17,56.0,73,157.73,21,0,False
CB-1079,2025-02-24,61.0,12,157.73,21,0,False
CB-1079,2025-03-03,61.0,135,157.73,21,0,False
CB-1079,2025-03-10,58.0,77,157.73,21,0,False
CB-1079,2025-03-17,60.0,17,157.73,21,0,False
CB-1079,2025-03-24,56.0,145,157.73,21,0,False
CB-1079,2025-03-31,63.0,82,157.73,21,0,False
CB-1079,2025-04-07,51.0,31,157.73,21,0,False
CB-1079,2025-04-14,63.0,152,157.73,21,0,False
CB-1079,2025-04-21,59.0,93,157.73,21,0,False
CB-1079,2025-04-28,56.0,37,157.73,21,0,False
CB-1079,2025-05-05,57.0,0,157.73,21,1,False
CB-1079,2025-05-12,57.0,127,157.73,21,0,False
CB-1079,2025-05-19,62.0,65,157.73,21,0,False
CB-1079,2025-05-26,70.0,0,157.73,21,1,False
CB-1079,2025-06-02,60.0,124,157.73,21,0,False
CB-1079,2025-06-09,51.0,73,157.73,21,0,False
CB-1079,2025-06-16,54.0,19,157.73,21,0,False
CB-1079,2025-06-23,53.0,150,157.73,21,0,False
CB-1079,2025-06-30,45.0,105,157.73,21,0,False
CB-1079,2025-07-07,43.0,62,157.73,21,0,False
CB-1079,2025-07-14,46.0,16,157.73,21,0,False
CB-1079,2025-07-21,48.0,152,157.73,21,0,False
CB-1079,2025-07-28,38.0,114,157.73,21,0,False
CB-1079,2025-08-04,40.0,74,157.73,21,0,False
CB-1079,2025-08-11,43.0,31,157.73,21,0,False
CB-1079,2025-08-18,41.0,174,157.73,21,0,False
CB-1079,2025-08-25,44.0,130,157.73,21,0,False
CB-1079,2025-09-01,35.0,95,157.73,21,0,False
CB-1079,2025-09-08,46.0,49,157.73,21,0,False
CB-1079,2025-09-15,33.0,200,157.73,21,0,False
CB-1079,2025-09-22,32.0,168,157.73,21,0,False
CB-1079,2025-09-29,38.0,130,157.73,21,0,False
CB-1079,2025-10-06,35.0,95,157.73,21,0,False
CB-1079,2025-10-13,38.0,57,157.73,21,0,False
CB-1079,2025-10-20,39.0,202,157.73,21,0,False
CB-1079,2025-10-27,39.0,163,157.73,21,0,False
CB-1079,2025-11-03,38.0,125,157.73,21,0,False
CB-1079,2025-11-10,43.0,82,157.73,21,0,False
CB-1079,2025-11-17,42.0,40,157.73,21,0,False
CB-1079,2025-11-24,48.0,175,157.73,21,0,False
CB-1079,2025-12-01,45.0,130,157.73,21,0,False
CB-1079,2025-12-08,43.0,87,157.73,21,0,False
CB-1079,2025-12-15,42.0,45,157.73,21,0,False
CB-1079,2025-12-22,49.0,180,157.73,21,0,False
CB-1080,2024-01-01,51.0,102,57.58,28,0,False
CB-1080,2024-01-08,43.0,59,57.58,28,0,False
CB-1080,2024-01-15,58.0,1,57.58,28,0,False
CB-1080,2024-01-22,54.0,0,57.58,28,1,False
CB-1080,2024-01-29,55.0,162,57.58,28,0,False
CB-1080,2024-02-05,52.0,110,57.58,28,0,False
CB-1080,2024-02-12,61.0,266,57.58,28,0,False
CB-1080,2024-02-19,59.0,207,57.58,28,0,False
CB-1080,2024-02-26,57.0,150,57.58,28,0,False
CB-1080,2024-03-04,62.0,88,57.58,28,0,False
CB-1080,2024-03-11,53.0,35,57.58,28,0,False
CB-1080,2024-03-18,54.0,198,57.58,28,0,False
CB-1080,2024-03-25,57.0,141,57.58,28,0,False
CB-1080,2024-04-01,65.0,76,57.58,28,0,False
CB-1080,2024-04-08,63.0,13,57.58,28,0,False
CB-1080,2024-04-15,68.0,163,57.58,28,0,False
CB-1080,2024-04-22,58.0,105,57.58,28,0,False
CB-1080,2024-04-29,65.0,40,57.58,28,0,False
CB-1080,2024-05-06,61.0,0,57.58,28,1,False
CB-1080,2024-05-13,56.0,161,57.58,28,0,False
CB-1080,2024-05-20,61.0,100,57.58,28,0,False
CB-1080,2024-05-27,58.0,42,57.58,28,0,False
CB-1080,2024-06-03,54.0,205,57.58,28,0,False
CB-1080,2024-06-10,56.0,149,57.58,28,0,False
CB-1080,2024-06-17,54.0,95,57.58,28,0,False
CB-1080,2024-06-24,53.0,42,57.58,28,0,False
CB-1080,2024-07-01,50.0,209,57.58,28,0,False
CB-1080,2024-07-08,45.0,164,57.58,28,0,False
CB-1080,2024-07-15,49.0,115,57.58,28,0,False
CB-1080,2024-07-22,44.0,71,57.58,28,0,False
CB-1080,2024-07-29,42.0,247,57.58,28,0,False
CB-1080,2024-08-05,44.0,203,57.58,28,0,False
CB-1080,2024-08-12,46.0,157,57.58,28,0,False
CB-1080,2024-08-19,43.0,114,57.58,28,0,False
CB-1080,2024-08-26,40.0,74,57.58,28,0,False
CB-1080,2024-09-02,39.0,252,57.58,28,0,False
CB-1080,2024-09-09,43.0,209,57.58,28,0,False
CB-1080,2024-09-16,33.0,176,57.58,28,0,False
CB-1080,2024-09-23,43.0,133,57.58,28,0,False
CB-1080,2024-09-30,34.0,99,57.58,28,0,False
CB-1080,2024-10-07,36.0,280,57.58,28,0,False
CB-1080,2024-10-14,39.0,241,57.58,28,0,False
CB-1080,2024-10-21,48.0,193,57.58,28,0,False
CB-1080,2024-10-28,48.0,145,57.58,28,0,False
CB-1080,2024-11-04,45.0,100,57.58,28,0,False
CB-1080,2024-11-11,45.0,55,57.58,28,0,False
CB-1080,2024-11-18,39.0,233,57.58,28,0,False
CB-1080,2024-11-25,47.0,186,57.58,28,0,False
CB-1080,2024-12-02,46.0,140,57.58,28,0,False
CB-1080,2024-12-09,47.0,93,57.58,28,0,False
CB-1080,2024-12-16,52.0,41,57.58,28,0,False
CB-1080,2024-12-23,51.0,207,57.58,28,0,False
CB-1080,2024-12-30,59.0,148,57.58,28,0,False
CB-1080,2025-01-06,48.0,100,57.58,28,0,False
CB-1080,2025-01-13,59.0,41,57.58,28,0,False
CB-1080,2025-01-20,56.0,202,57.58,28,0,False
CB-1080,2025-01-27,60.0,142,57.58,28,0,False
CB-1080,2025-02-03,65.0,77,57.58,28,0,False
CB-1080,2025-02-10,59.0,18,57.58,28,0,False
CB-1080,2025-02-17,67.0,169,57.58,28,0,False
CB-1080,2025-02-24,66.0,103,57.58,28,0,False
CB-1080,2025-03-03,65.0,38,57.58,28,0,False
CB-1080,2025-03-10,67.0,0,57.58,28,1,False
CB-1080,2025-03-17,69.0,148,57.58,28,0,False
CB-1080,2025-03-24,66.0,82,57.58,28,0,False
CB-1080,2025-03-31,71.0,11,57.58,28,0,False
CB-1080,2025-04-07,69.0,159,57.58,28,0,False
CB-1080,2025-04-14,67.0,92,57.58,28,0,False
CB-1080,2025-04-21,79.0,13,57.58,28,0,False
CB-1080,2025-04-28,72.0,0,57.58,28,1,False
CB-1080,2025-05-05,67.0,150,57.58,28,0,False
CB-1080,2025-05-12,69.0,81,57.58,28,0,False
CB-1080,2025-05-19,61.0,20,57.58,28,0,False
CB-1080,2025-05-26,63.0,174,57.58,28,0,False
CB-1080,2025-06-02,63.0,111,57.58,28,0,False
CB-1080,2025-06-09,57.0,54,57.58,28,0,False
CB-1080,2025-06-16,63.0,0,57.58,28,1,False
CB-1080,2025-06-23,57.0,160,57.58,28,0,False
CB-1080,2025-06-30,56.0,104,57.58,28,0,False
CB-1080,2025-07-07,54.0,50,57.58,28,0,False
CB-1080,2025-07-14,68.0,199,57.58,28,0,False
CB-1080,2025-07-21,50.0,149,57.58,28,0,False
CB-1080,2025-07-28,43.0,106,57.58,28,0,False
CB-1080,2025-08-04,44.0,62,57.58,28,0,False
CB-1080,2025-08-11,52.0,227,57.58,28,0,False
CB-1080,2025-08-18,53.0,174,57.58,28,0,False
CB-1080,2025-08-25,44.0,130,57.58,28,0,False
CB-1080,2025-09-01,51.0,79,57.58,28,0,False
CB-1080,2025-09-08,48.0,31,57.58,28,0,False
CB-1080,2025-09-15,44.0,205,57.58,28,0,False
CB-1080,2025-09-22,44.0,161,57.58,28,0,False
CB-1080,2025-09-29,45.0,116,57.58,28,0,False
CB-1080,2025-10-06,48.0,68,57.58,28,0,False
CB-1080,2025-10-13,47.0,238,57.58,28,0,False
CB-1080,2025-10-20,44.0,194,57.58,28,0,False
CB-1080,2025-10-27,46.0,148,57.58,28,0,False
CB-1080,2025-11-03,55.0,93,57.58,28,0,False
CB-1080,2025-11-10,50.0,43,57.58,28,0,False
CB-1080,2025-11-17,54.0,206,57.58,28,0,False
CB-1080,2025-11-24,54.0,152,57.58,28,0,False
CB-1080,2025-12-01,55.0,97,57.58,28,0,False
CB-1080,2025-12-08,56.0,41,57.58,28,0,False
CB-1080,2025-12-15,62.0,196,57.58,28,0,False
CB-1080,2025-12-22,63.0,133,57.58,28,0,False
CB-1081,2024-01-01,0.0,3,91.38,14,0,False
CB-1081,2024-01-08,0.0,3,91.38,14,0,False
CB-1081,2024-01-15,0.0,33,91.38,14,0,False
CB-1081,2024-01-22,0.0,33,91.38,14,0,False
CB-1081,2024-01-29,0.0,33,91.38,14,0,False
CB-1081,2024-02-05,0.0,33,91.38,14,0,False
CB-1081,2024-02-12,0.0,33,91.38,14,0,False
CB-1081,2024-02-19,0.0,33,91.38,14,0,False
CB-1081,2024-02-26,0.0,33,91.38,14,0,False
CB-1081,2024-03-04,29.0,4,91.38,14,0,False
CB-1081,2024-03-11,9.0,0,91.38,14,1,False
CB-1081,2024-03-18,0.0,30,91.38,14,0,False
CB-1081,2024-03-25,0.0,61,91.38,14,0,False
CB-1081,2024-04-01,45.0,16,91.38,14,0,False
CB-1081,2024-04-08,0.0,16,91.38,14,0,False
CB-1081,2024-04-15,0.0,46,91.38,14,0,False
CB-1081,2024-04-22,0.0,46,91.38,14,0,False
CB-1081,2024-04-29,0.0,46,91.38,14,0,False
CB-1081,2024-05-06,0.0,46,91.38,14,0,False
CB-1081,2024-05-13,0.0,46,91.38,14,0,False
CB-1081,2024-05-20,0.0,46,91.38,14,0,False
CB-1081,2024-05-27,0.0,46,91.38,14,0,False
CB-1081,2024-06-03,0.0,46,91.38,14,0,False
CB-1081,2024-06-10,0.0,46,91.38,14,0,False
CB-1081,2024-06-17,0.0,46,91.38,14,0,False
CB-1081,2024-06-24,0.0,46,91.38,14,0,False
CB-1081,2024-07-01,0.0,46,91.38,14,0,False
CB-1081,2024-07-08,36.0,10,91.38,14,0,False
CB-1081,2024-07-15,0.0,10,91.38,14,0,False
CB-1081,2024-07-22,0.0,41,91.38,14,0,False
CB-1081,2024-07-29,0.0,41,91.38,14,0,False
CB-1081,2024-08-05,0.0,41,91.38,14,0,False
CB-1081,2024-08-12,54.0,0,91.38,14,1,False
CB-1081,2024-08-19,52.0,0,91.38,14,1,False
CB-1081,2024-08-26,0.0,30,91.38,14,0,False
CB-1081,2024-09-02,0.0,61,91.38,14,0,False
CB-1081,2024-09-09,0.0,61,91.38,14,0,False
CB-1081,2024-09-16,0.0,61,91.38,14,0,False
CB-1081,2024-09-23,0.0,61,91.38,14,0,False
CB-1081,2024-09-30,0.0,61,91.38,14,0,False
CB-1081,2024-10-07,0.0,61,91.38,14,0,False
CB-1081,2024-10-14,42.0,19,91.38,14,0,False
CB-1081,2024-10-21,0.0,19,91.38,14,0,False
CB-1081,2024-10-28,0.0,49,91.38,14,0,False
CB-1081,2024-11-04,0.0,49,91.38,14,0,False
CB-1081,2024-11-11,56.0,0,91.38,14,1,False
CB-1081,2024-11-18,0.0,0,91.38,14,0,False
CB-1081,2024-11-25,0.0,30,91.38,14,0,False
CB-1081,2024-12-02,0.0,61,91.38,14,0,False
CB-1081,2024-12-09,0.0,61,91.38,14,0,False
CB-1081,2024-12-16,0.0,61,91.38,14,0,False
CB-1081,2024-12-23,46.0,15,91.38,14,0,False
CB-1081,2024-12-30,0.0,15,91.38,14,0,False
CB-1081,2025-01-06,0.0,45,91.38,14,0,False
CB-1081,2025-01-13,0.0,45,91.38,14,0,False
CB-1081,2025-01-20,0.0,45,91.38,14,0,False
CB-1081,2025-01-27,0.0,45,91.38,14,0,False
CB-1081,2025-02-03,0.0,45,91.38,14,0,False
CB-1081,2025-02-10,0.0,45,91.38,14,0,False
CB-1081,2025-02-17,0.0,45,91.38,14,0,False
CB-1081,2025-02-24,0.0,45,91.38,14,0,False
CB-1081,2025-03-03,37.0,8,91.38,14,0,False
CB-1081,2025-03-10,0.0,8,91.38,14,0,False
CB-1081,2025-03-17,0.0,39,91.38,14,0,False
CB-1081,2025-03-24,0.0,39,91.38,14,0,False
CB-1081,2025-03-31,0.0,39,91.38,14,0,False
CB-1081,2025-04-07,58.0,0,91.38,14,1,False
CB-1081,2025-04-14,0.0,0,91.38,14,0,False
CB-1081,2025-04-21,5.0,25,91.38,14,0,False
CB-1081,2025-04-28,0.0,56,91.38,14,0,False
CB-1081,2025-05-05,0.0,56,91.38,14,0,False
CB-1081,2025-05-12,13.0,43,91.38,14,0,False
CB-1081,2025-05-19,0.0,43,91.38,14,0,False
CB-1081,2025-05-26,45.0,0,91.38,14,1,False
CB-1081,2025-06-02,35.0,0,91.38,14,1,False
CB-1081,2025-06-09,0.0,30,91.38,14,0,False
CB-1081,2025-06-16,0.0,61,91.38,14,0,False
CB-1081,2025-06-23,0.0,61,91.38,14,0,False
CB-1081,2025-06-30,17.0,44,91.38,14,0,False
CB-1081,2025-07-07,11.0,33,91.38,14,0,False
CB-1081,2025-07-14,0.0,33,91.38,14,0,False
CB-1081,2025-07-21,0.0,33,91.38,14,0,False
CB-1081,2025-07-28,0.0,33,91.38,14,0,False
CB-1081,2025-08-04,47.0,0,91.38,14,1,False
CB-1081,2025-08-11,0.0,0,91.38,14,0,False
CB-1081,2025-08-18,0.0,30,91.38,14,0,False
CB-1081,2025-08-25,0.0,61,91.38,14,0,False
CB-1081,2025-09-01,0.0,61,91.38,14,0,False
CB-1081,2025-09-08,0.0,61,91.38,14,0,False
CB-1081,2025-09-15,0.0,61,91.38,14,0,False
CB-1081,2025-09-22,0.0,61,91.38,14,0,False
CB-1081,2025-09-29,32.0,29,91.38,14,0,False
CB-1081,2025-10-06,0.0,29,91.38,14,0,False
CB-1081,2025-10-13,52.0,7,91.38,14,0,False
CB-1081,2025-10-20,45.0,0,91.38,14,1,False
CB-1081,2025-10-27,0.0,30,91.38,14,0,False
CB-1081,2025-11-03,0.0,61,91.38,14,0,False
CB-1081,2025-11-10,0.0,61,91.38,14,0,False
CB-1081,2025-11-17,0.0,61,91.38,14,0,False
CB-1081,2025-11-24,0.0,61,91.38,14,0,False
CB-1081,2025-12-01,0.0,61,91.38,14,0,False
CB-1081,2025-12-08,0.0,61,91.38,14,0,False
CB-1081,2025-12-15,0.0,61,91.38,14,0,False
CB-1081,2025-12-22,0.0,61,91.38,14,0,False
CB-1082,2024-01-01,76.0,229,4.97,42,0,False
CB-1082,2024-01-08,74.0,155,4.97,42,0,False
CB-1082,2024-01-15,68.0,87,4.97,42,0,False
CB-1082,2024-01-22,87.0,0,4.97,42,0,False
CB-1082,2024-01-29,77.0,0,4.97,42,1,False
CB-1082,2024-02-05,78.0,0,4.97,42,1,False
CB-1082,2024-02-12,64.0,252,4.97,42,0,False
CB-1082,2024-02-19,89.0,478,4.97,42,0,False
CB-1082,2024-02-26,87.0,391,4.97,42,0,False
CB-1082,2024-03-04,88.0,303,4.97,42,0,False
CB-1082,2024-03-11,86.0,217,4.97,42,0,False
CB-1082,2024-03-18,85.0,132,4.97,42,0,False
CB-1082,2024-03-25,88.0,44,4.97,42,0,False
CB-1082,2024-04-01,94.0,266,4.97,42,0,False
CB-1082,2024-04-08,95.0,170,4.97,42,0,False
CB-1082,2024-04-15,,82,4.97,42,0,False
CB-1082,2024-04-22,97.0,0,4.97,42,1,False
CB-1082,2024-04-29,89.0,226,4.97,42,0,False
CB-1082,2024-05-06,85.0,142,4.97,42,0,False
CB-1082,2024-05-13,89.0,52,4.97,42,0,False
CB-1082,2024-05-20,77.0,0,4.97,42,1,False
CB-1082,2024-05-27,86.0,230,4.97,42,0,False
CB-1082,2024-06-03,72.0,158,4.97,42,0,False
CB-1082,2024-06-10,74.0,84,4.97,42,0,False
CB-1082,2024-06-17,66.0,333,4.97,42,0,False
CB-1082,2024-06-24,76.0,257,4.97,42,0,False
CB-1082,2024-07-01,84.0,173,4.97,42,0,False
CB-1082,2024-07-08,72.0,101,4.97,42,0,False
CB-1082,2024-07-15,74.0,342,4.97,42,0,False
CB-1082,2024-07-22,81.0,262,4.97,42,0,False
CB-1082,2024-07-29,69.0,192,4.97,42,0,False
CB-1082,2024-08-05,,132,4.97,42,0,False
CB-1082,2024-08-12,60.0,72,4.97,42,0,False
CB-1082,2024-08-19,62.0,325,4.97,42,0,False
CB-1082,2024-08-26,57.0,268,4.97,42,0,False
CB-1082,2024-09-02,57.0,211,4.97,42,0,False
CB-1082,2024-09-09,63.0,148,4.97,42,0,False
CB-1082,2024-09-16,63.0,400,4.97,42,0,False
CB-1082,2024-09-23,50.0,350,4.97,42,0,False
CB-1082,2024-09-30,54.0,296,4.97,42,0,False
CB-1082,2024-10-07,56.0,240,4.97,42,0,False
CB-1082,2024-10-14,61.0,180,4.97,42,0,False
CB-1082,2024-10-21,65.0,430,4.97,42,0,False
CB-1082,2024-10-28,74.0,356,4.97,42,0,False
CB-1082,2024-11-04,60.0,296,4.97,42,0,False
CB-1082,2024-11-11,61.0,235,4.97,42,0,False
CB-1082,2024-11-18,68.0,167,4.97,42,0,False
CB-1082,2024-11-25,64.0,103,4.97,42,0,False
CB-1082,2024-12-02,69.0,350,4.97,42,0,False
CB-1082,2024-12-09,69.0,280,4.97,42,0,False
CB-1082,2024-12-16,59.0,222,4.97,42,0,False
CB-1082,2024-12-23,77.0,144,4.97,42,0,False
CB-1082,2024-12-30,78.0,382,4.97,42,0,False
CB-1082,2025-01-06,90.0,292,4.97,42,0,False
CB-1082,2025-01-13,84.0,208,4.97,42,0,False
CB-1082,2025-01-20,78.0,130,4.97,42,0,False
CB-1082,2025-01-27,87.0,43,4.97,42,0,False
CB-1082,2025-02-03,76.0,282,4.97,42,0,False
CB-1082,2025-02-10,85.0,198,4.97,42,0,False
CB-1082,2025-02-17,100.0,98,4.97,42,0,False
CB-1082,2025-02-24,95.0,2,4.97,42,0,False
CB-1082,2025-03-03,106.0,212,4.97,42,0,False
CB-1082,2025-03-10,84.0,128,4.97,42,0,False
CB-1082,2025-03-17,99.0,29,4.97,42,0,False
CB-1082,2025-03-24,98.0,0,4.97,42,1,False
CB-1082,2025-03-31,110.0,206,4.97,42,0,False
CB-1082,2025-04-07,107.0,98,4.97,42,0,False
CB-1082,2025-04-14,107.0,0,4.97,42,1,False
CB-1082,2025-04-21,114.0,202,4.97,42,0,False
CB-1082,2025-04-28,97.0,104,4.97,42,0,False
CB-1082,2025-05-05,110.0,0,4.97,42,1,False
CB-1082,2025-05-12,90.0,0,4.97,42,1,False
CB-1082,2025-05-19,88.0,228,4.97,42,0,False
CB-1082,2025-05-26,100.0,128,4.97,42,0,False
CB-1082,2025-06-02,82.0,46,4.97,42,0,False
CB-1082,2025-06-09,95.0,266,4.97,42,0,False
CB-1082,2025-06-16,89.0,177,4.97,42,0,False
CB-1082,2025-06-23,94.0,83,4.97,42,0,False
CB-1082,2025-06-30,83.0,0,4.97,42,0,False
CB-1082,2025-07-07,82.0,234,4.97,42,0,False
CB-1082,2025-07-14,82.0,152,4.97,42,0,False
CB-1082,2025-07-21,73.0,78,4.97,42,0,False
CB-1082,2025-07-28,70.0,8,4.97,42,0,False
CB-1082,2025-08-04,75.0,249,4.97,42,0,False
CB-1082,2025-08-11,71.0,178,4.97,42,0,False
CB-1082,2025-08-18,67.0,111,4.97,42,0,False
CB-1082,2025-08-25,67.0,360,4.97,42,0,False
CB-1082,2025-09-01,75.0,284,4.97,42,0,False
CB-1082,2025-09-08,63.0,222,4.97,42,0,False
CB-1082,2025-09-15,62.0,160,4.97,42,0,False
CB-1082,2025-09-22,56.0,104,4.97,42,0,False
CB-1082,2025-09-29,64.0,355,4.97,42,0,False
CB-1082,2025-10-06,68.0,287,4.97,42,0,False
CB-1082,2025-10-13,70.0,217,4.97,42,0,False
CB-1082,2025-10-20,67.0,150,4.97,42,0,False
CB-1082,2025-10-27,73.0,392,4.97,42,0,False
CB-1082,2025-11-03,73.0,320,4.97,42,0,False
CB-1082,2025-11-10,77.0,242,4.97,42,0,False
CB-1082,2025-11-17,79.0,164,4.97,42,0,False
CB-1082,2025-11-24,85.0,78,4.97,42,0,False
CB-1082,2025-12-01,76.0,318,4.97,42,0,False
CB-1082,2025-12-08,72.0,246,4.97,42,0,False
CB-1082,2025-12-15,87.0,159,4.97,42,0,False
CB-1082,2025-12-22,91.0,68,4.97,42,0,False
CB-1083,2024-01-01,101.0,98,122.78,14,0,False
CB-1083,2024-01-08,95.0,3,122.78,14,0,False
CB-1083,2024-01-15,95.0,307,122.78,14,0,False
CB-1083,2024-01-22,85.0,222,122.78,14,0,False
CB-1083,2024-01-29,101.0,121,122.78,14,0,False
CB-1083,2024-02-05,97.0,24,122.78,14,0,False
CB-1083,2024-02-12,105.0,319,122.78,14,0,False
CB-1083,2024-02-19,106.0,213,122.78,14,0,False
CB-1083,2024-02-26,112.0,101,122.78,14,0,False
CB-1083,2024-03-04,109.0,391,122.78,14,0,False
CB-1083,2024-03-11,119.0,272,122.78,14,0,False
CB-1083,2024-03-18,87.0,185,122.78,14,0,False
CB-1083,2024-03-25,114.0,71,122.78,14,0,False
CB-1083,2024-04-01,124.0,346,122.78,14,0,False
CB-1083,2024-04-08,130.0,216,122.78,14,0,False
CB-1083,2024-04-15,120.0,96,122.78,14,0,False
CB-1083,2024-04-22,128.0,367,122.78,14,0,False
CB-1083,2024-04-29,113.0,254,122.78,14,0,False
CB-1083,2024-05-06,110.0,144,122.78,14,0,False
CB-1083,2024-05-13,114.0,30,122.78,14,0,False
CB-1083,2024-05-20,107.0,323,122.78,14,0,False
CB-1083,2024-05-27,99.0,224,122.78,14,0,False
CB-1083,2024-06-03,99.0,125,122.78,14,0,False
CB-1083,2024-06-10,92.0,33,122.78,14,0,False
CB-1083,2024-06-17,103.0,329,122.78,14,0,False
CB-1083,2024-06-24,96.0,233,122.78,14,0,False
CB-1083,2024-07-01,91.0,142,122.78,14,0,False
CB-1083,2024-07-08,87.0,55,122.78,14,0,False
CB-1083,2024-07-15,92.0,362,122.78,14,0,False
CB-1083,2024-07-22,91.0,271,122.78,14,0,False
CB-1083,2024-07-29,76.0,195,122.78,14,0,False
CB-1083,2024-08-05,73.0,122,122.78,14,0,False
CB-1083,2024-08-12,85.0,436,122.78,14,0,False
CB-1083,2024-08-19,69.0,367,122.78,14,0,False
CB-1083,2024-08-26,79.0,288,122.78,14,0,False
CB-1083,2024-09-02,84.0,204,122.78,14,0,False
CB-1083,2024-09-09,83.0,121,122.78,14,0,False
CB-1083,2024-09-16,77.0,443,122.78,14,0,False
CB-1083,2024-09-23,76.0,367,122.78,14,0,False
CB-1083,2024-09-30,85.0,282,122.78,14,0,False
CB-1083,2024-10-07,59.0,223,122.78,14,0,False
CB-1083,2024-10-14,70.0,153,122.78,14,0,False
CB-1083,2024-10-21,79.0,74,122.78,14,0,False
CB-1083,2024-10-28,73.0,401,122.78,14,0,False
CB-1083,2024-11-04,85.0,316,122.78,14,0,False
CB-1083,2024-11-11,79.0,237,122.78,14,0,False
CB-1083,2024-11-18,82.0,155,122.78,14,0,False
CB-1083,2024-11-25,82.0,73,122.78,14,0,False
CB-1083,2024-12-02,83.0,389,122.78,14,0,False
CB-1083,2024-12-09,86.0,303,122.78,14,0,False
CB-1083,2024-12-16,95.0,208,122.78,14,0,False
CB-1083,2024-12-23,90.0,118,122.78,14,0,False
CB-1083,2024-12-30,107.0,410,122.78,14,0,False
CB-1083,2025-01-06,108.0,302,122.78,14,0,False
CB-1083,2025-01-13,115.0,187,122.78,14,0,False
CB-1083,2025-01-20,99.0,88,122.78,14,0,False
CB-1083,2025-01-27,96.0,391,122.78,14,0,False
CB-1083,2025-02-03,114.0,277,122.78,14,0,False
CB-1083,2025-02-10,144.0,133,122.78,14,0,False
CB-1083,2025-02-17,131.0,2,122.78,14,0,False
CB-1083,2025-02-24,116.0,286,122.78,14,0,False
CB-1083,2025-03-03,127.0,159,122.78,14,0,False
CB-1083,2025-03-10,132.0,27,122.78,14,0,False
CB-1083,2025-03-17,112.0,314,122.78,14,0,False
CB-1083,2025-03-24,141.0,173,122.78,14,0,False
CB-1083,2025-03-31,126.0,47,122.78,14,0,False
CB-1083,2025-04-07,126.0,320,122.78,14,0,False
CB-1083,2025-04-14,127.0,193,122.78,14,0,False
CB-1083,2025-04-21,138.0,55,122.78,14,0,False
CB-1083,2025-04-28,118.0,336,122.78,14,0,False
CB-1083,2025-05-05,107.0,229,122.78,14,0,False
CB-1083,2025-05-12,126.0,103,122.78,14,0,False
CB-1083,2025-05-19,101.0,2,122.78,14,0,False
CB-1083,2025-05-26,115.0,287,122.78,14,0,False
CB-1083,2025-06-02,127.0,160,122.78,14,0,False
CB-1083,2025-06-09,118.0,42,122.78,14,0,False
CB-1083,2025-06-16,120.0,321,122.78,14,0,False
CB-1083,2025-06-23,113.0,208,122.78,14,0,False
CB-1083,2025-06-30,125.0,83,122.78,14,0,False
CB-1083,2025-07-07,97.0,385,122.78,14,0,False
CB-1083,2025-07-14,102.0,283,122.78,14,0,False
CB-1083,2025-07-21,93.0,190,122.78,14,0,False
CB-1083,2025-07-28,100.0,90,122.78,14,0,False
CB-1083,2025-08-04,90.0,399,122.78,14,0,False
CB-1083,2025-08-11,101.0,298,122.78,14,0,False
CB-1083,2025-08-18,83.0,215,122.78,14,0,False
CB-1083,2025-08-25,94.0,121,122.78,14,0,False
CB-1083,2025-09-01,87.0,433,122.78,14,0,False
CB-1083,2025-09-08,82.0,351,122.78,14,0,False
CB-1083,2025-09-15,85.0,266,122.78,14,0,False
CB-1083,2025-09-22,82.0,184,122.78,14,0,False
CB-1083,2025-09-29,83.0,101,122.78,14,0,False
CB-1083,2025-10-06,80.0,421,122.78,14,0,False
CB-1083,2025-10-13,77.0,344,122.78,14,0,False
CB-1083,2025-10-20,81.0,263,122.78,14,0,False
CB-1083,2025-10-27,73.0,190,122.78,14,0,False
CB-1083,2025-11-03,92.0,98,122.78,14,0,False
CB-1083,2025-11-10,80.0,417,122.78,14,0,False
CB-1083,2025-11-17,89.0,328,122.78,14,0,False
CB-1083,2025-11-24,99.0,229,122.78,14,0,False
CB-1083,2025-12-01,103.0,126,122.78,14,0,False
CB-1083,2025-12-08,86.0,40,122.78,14,0,False
CB-1083,2025-12-15,103.0,336,122.78,14,0,False
CB-1083,2025-12-22,111.0,225,122.78,14,0,False
CB-1084,2024-01-01,112.0,331,92.37,7,0,False
CB-1084,2024-01-08,103.0,228,92.37,7,0,False
CB-1084,2024-01-15,136.0,92,92.37,7,0,False
CB-1084,2024-01-22,125.0,499,92.37,7,0,False
CB-1084,2024-01-29,116.0,383,92.37,7,0,False
CB-1084,2024-02-05,136.0,247,92.37,7,0,False
CB-1084,2024-02-12,155.0,92,92.37,7,0,False
CB-1084,2024-02-19,130.0,495,92.37,7,0,False
CB-1084,2024-02-26,175.0,320,92.37,7,0,False
CB-1084,2024-03-04,139.0,181,92.37,7,0,False
CB-1084,2024-03-11,152.0,29,92.37,7,0,False
CB-1084,2024-03-18,138.0,423,92.37,7,0,False
CB-1084,2024-03-25,154.0,269,92.37,7,0,False
CB-1084,2024-04-01,153.0,116,92.37,7,0,False
CB-1084,2024-04-08,136.0,512,92.37,7,0,False
CB-1084,2024-04-15,189.0,323,92.37,7,0,False
CB-1084,2024-04-22,147.0,176,92.37,7,0,False
CB-1084,2024-04-29,146.0,30,92.37,7,0,False
CB-1084,2024-05-06,162.0,401,92.37,7,0,False
CB-1084,2024-05-13,170.0,231,92.37,7,0,False
CB-1084,2024-05-20,160.0,71,92.37,7,0,False
CB-1084,2024-05-27,130.0,473,92.37,7,0,False
CB-1084,2024-06-03,143.0,330,92.37,7,0,False
CB-1084,2024-06-10,117.0,213,92.37,7,0,False
CB-1084,2024-06-17,144.0,69,92.37,7,0,False
CB-1084,2024-06-24,114.0,487,92.37,7,0,False
CB-1084,2024-07-01,119.0,368,92.37,7,0,False
CB-1084,2024-07-08,124.0,244,92.37,7,0,False
CB-1084,2024-07-15,125.0,119,92.37,7,0,False
CB-1084,2024-07-22,114.0,538,92.37,7,0,False
CB-1084,2024-07-29,127.0,411,92.37,7,0,False
CB-1084,2024-08-05,117.0,294,92.37,7,0,False
CB-1084,2024-08-12,113.0,181,92.37,7,0,False
CB-1084,2024-08-19,95.0,86,92.37,7,0,False
CB-1084,2024-08-26,117.0,501,92.37,7,0,False
CB-1084,2024-09-02,95.0,406,92.37,7,0,False
CB-1084,2024-09-09,114.0,292,92.37,7,0,False
CB-1084,2024-09-16,115.0,177,92.37,7,0,False
CB-1084,2024-09-23,102.0,75,92.37,7,0,False
CB-1084,2024-09-30,107.0,500,92.37,7,0,False
CB-1084,2024-10-07,74.0,426,92.37,7,0,False
CB-1084,2024-10-14,98.0,328,92.37,7,0,False
CB-1084,2024-10-21,110.0,218,92.37,7,0,False
CB-1084,2024-10-28,111.0,107,92.37,7,0,False
CB-1084,2024-11-04,95.0,545,92.37,7,0,False
CB-1084,2024-11-11,106.0,439,92.37,7,0,False
CB-1084,2024-11-18,89.0,350,92.37,7,0,False
CB-1084,2024-11-25,118.0,232,92.37,7,0,False
CB-1084,2024-12-02,101.0,131,92.37,7,0,False
CB-1084,2024-12-09,133.0,530,92.37,7,0,False
CB-1084,2024-12-16,138.0,392,92.37,7,0,False
CB-1084,2024-12-23,126.0,266,92.37,7,0,False
CB-1084,2024-12-30,141.0,125,92.37,7,0,False
CB-1084,2025-01-06,137.0,520,92.37,7,0,False
CB-1084,2025-01-13,147.0,373,92.37,7,0,False
CB-1084,2025-01-20,134.0,239,92.37,7,0,False
CB-1084,2025-01-27,160.0,79,92.37,7,0,False
CB-1084,2025-02-03,136.0,475,92.37,7,0,False
CB-1084,2025-02-10,136.0,339,92.37,7,0,False
CB-1084,2025-02-17,161.0,178,92.37,7,0,False
CB-1084,2025-02-24,163.0,15,92.37,7,0,False
CB-1084,2025-03-03,172.0,376,92.37,7,0,False
CB-1084,2025-03-10,162.0,214,92.37,7,0,False
CB-1084,2025-03-17,198.0,16,92.37,7,0,False
CB-1084,2025-03-24,175.0,373,92.37,7,0,False
CB-1084,2025-03-31,177.0,196,92.37,7,0,False
CB-1084,2025-04-07,177.0,19,92.37,7,0,False
CB-1084,2025-04-14,187.0,364,92.37,7,0,False
CB-1084,2025-04-21,181.0,183,92.37,7,0,False
CB-1084,2025-04-28,177.0,6,92.37,7,0,False
CB-1084,2025-05-05,179.0,360,92.37,7,0,False
CB-1084,2025-05-12,143.0,217,92.37,7,0,False
CB-1084,2025-05-19,141.0,76,92.37,7,0,False
CB-1084,2025-05-26,160.0,448,92.37,7,0,False
CB-1084,2025-06-02,156.0,292,92.37,7,0,False
CB-1084,2025-06-09,162.0,130,92.37,7,0,False
CB-1084,2025-06-16,151.0,511,92.37,7,0,False
CB-1084,2025-06-23,154.0,357,92.37,7,0,False
CB-1084,2025-06-30,129.0,228,92.37,7,0,False
CB-1084,2025-07-07,139.0,89,92.37,7,0,False
CB-1084,2025-07-14,120.0,502,92.37,7,0,False
CB-1084,2025-07-21,135.0,367,92.37,7,0,False
CB-1084,2025-07-28,108.0,259,92.37,7,0,False
CB-1084,2025-08-04,127.0,132,92.37,7,0,False
CB-1084,2025-08-11,106.0,558,92.37,7,0,False
CB-1084,2025-08-18,114.0,444,92.37,7,0,False
CB-1084,2025-08-25,124.0,320,92.37,7,0,False
CB-1084,2025-09-01,115.0,205,92.37,7,0,False
CB-1084,2025-09-08,97.0,108,92.37,7,0,False
CB-1084,2025-09-15,105.0,535,92.37,7,0,False
CB-1084,2025-09-22,97.0,438,92.37,7,0,False
CB-1084,2025-09-29,95.0,343,92.37,7,0,False
CB-1084,2025-10-06,112.0,231,92.37,7,0,False
CB-1084,2025-10-13,117.0,114,92.37,7,0,False
CB-1084,2025-10-20,117.0,530,92.37,7,0,False
CB-1084,2025-10-27,121.0,409,92.37,7,0,False
CB-1084,2025-11-03,118.0,291,92.37,7,0,False
CB-1084,2025-11-10,118.0,173,92.37,7,0,False
CB-1084,2025-11-17,114.0,59,92.37,7,0,False
CB-1084,2025-11-24,123.0,468,92.37,7,0,False
CB-1084,2025-12-01,118.0,350,92.37,7,0,False
CB-1084,2025-12-08,127.0,223,92.37,7,0,False
CB-1084,2025-12-15,142.0,81,92.37,7,0,False
CB-1084,2025-12-22,144.0,469,92.37,7,0,False
CB-1085,2024-01-01,75.0,231,37.96,35,0,False
CB-1085,2024-01-08,41.0,190,37.96,35,0,False
CB-1085,2024-01-15,72.0,118,37.96,35,0,False
CB-1085,2024-01-22,75.0,43,37.96,35,0,False
CB-1085,2024-01-29,114.0,0,37.96,35,1,False
CB-1085,2024-02-05,76.0,267,37.96,35,0,False
CB-1085,2024-02-12,86.0,181,37.96,35,0,False
CB-1085,2024-02-19,80.0,101,37.96,35,0,False
CB-1085,2024-02-26,49.0,396,37.96,35,0,False
CB-1085,2024-03-04,75.0,321,37.96,35,0,False
CB-1085,2024-03-11,86.0,235,37.96,35,0,False
CB-1085,2024-03-18,103.0,132,37.96,35,0,False
CB-1085,2024-03-25,120.0,355,37.96,35,0,False
CB-1085,2024-04-01,93.0,262,37.96,35,0,False
CB-1085,2024-04-08,92.0,170,37.96,35,0,False
CB-1085,2024-04-15,40.0,130,37.96,35,0,False
CB-1085,2024-04-22,119.0,11,37.96,35,0,False
CB-1085,2024-04-29,75.0,279,37.96,35,0,False
CB-1085,2024-05-06,124.0,155,37.96,35,0,False
CB-1085,2024-05-13,142.0,13,37.96,35,0,False
CB-1085,2024-05-20,90.0,0,37.96,35,1,False
CB-1085,2024-05-27,60.0,283,37.96,35,0,False
CB-1085,2024-06-03,92.0,191,37.96,35,0,False
CB-1085,2024-06-10,101.0,90,37.96,35,0,False
CB-1085,2024-06-17,78.0,356,37.96,35,0,False
CB-1085,2024-06-24,69.0,287,37.96,35,0,False
CB-1085,2024-07-01,100.0,187,37.96,35,0,False
CB-1085,2024-07-08,95.0,92,37.96,35,0,False
CB-1085,2024-07-15,69.0,366,37.96,35,0,False
CB-1085,2024-07-22,32.0,334,37.96,35,0,False
CB-1085,2024-07-29,86.0,248,37.96,35,0,False
CB-1085,2024-08-05,53.0,195,37.96,35,0,False
CB-1085,2024-08-12,76.0,462,37.96,35,0,False
CB-1085,2024-08-19,73.0,389,37.96,35,0,False
CB-1085,2024-08-26,23.0,366,37.96,35,0,False
CB-1085,2024-09-02,68.0,298,37.96,35,0,False
CB-1085,2024-09-09,77.0,221,37.96,35,0,False
CB-1085,2024-09-16,79.0,142,37.96,35,0,False
CB-1085,2024-09-23,67.0,418,37.96,35,0,False
CB-1085,2024-09-30,20.0,398,37.96,35,0,False
CB-1085,2024-10-07,94.0,304,37.96,35,0,False
CB-1085,2024-10-14,75.0,229,37.96,35,0,False
CB-1085,2024-10-21,38.0,191,37.96,35,0,False
CB-1085,2024-10-28,49.0,486,37.96,35,0,False
CB-1085,2024-11-04,75.0,411,37.96,35,0,False
CB-1085,2024-11-11,88.0,323,37.96,35,0,False
CB-1085,2024-11-18,60.0,263,37.96,35,0,False
CB-1085,2024-11-25,97.0,166,37.96,35,0,False
CB-1085,2024-12-02,29.0,137,37.96,35,0,False
CB-1085,2024-12-09,51.0,429,37.96,35,0,False
CB-1085,2024-12-16,23.0,406,37.96,35,0,False
CB-1085,2024-12-23,59.0,347,37.96,35,0,False
CB-1085,2024-12-30,135.0,212,37.96,35,0,False
CB-1085,2025-01-06,157.0,55,37.96,35,0,False
CB-1085,2025-01-13,102.0,296,37.96,35,0,False
CB-1085,2025-01-20,75.0,221,37.96,35,0,False
CB-1085,2025-01-27,92.0,129,37.96,35,0,False
CB-1085,2025-02-03,119.0,10,37.96,35,0,False
CB-1085,2025-02-10,47.0,306,37.96,35,0,False
CB-1085,2025-02-17,85.0,221,37.96,35,0,False
CB-1085,2025-02-24,163.0,58,37.96,35,0,False
CB-1085,2025-03-03,70.0,0,37.96,35,1,False
CB-1085,2025-03-10,82.0,261,37.96,35,0,False
CB-1085,2025-03-17,113.0,148,37.96,35,0,False
CB-1085,2025-03-24,125.0,23,37.96,35,0,False
CB-1085,2025-03-31,89.0,278,37.96,35,0,False
CB-1085,2025-04-07,117.0,161,37.96,35,0,False
CB-1085,2025-04-14,138.0,23,37.96,35,0,False
CB-1085,2025-04-21,191.0,0,37.96,35,1,False
CB-1085,2025-04-28,107.0,236,37.96,35,0,False
CB-1085,2025-05-05,109.0,127,37.96,35,0,False
CB-1085,2025-05-12,168.0,0,37.96,35,1,False
CB-1085,2025-05-19,87.0,256,37.96,35,0,False
CB-1085,2025-05-26,57.0,199,37.96,35,0,False
CB-1085,2025-06-02,113.0,86,37.96,35,0,False
CB-1085,2025-06-09,139.0,0,37.96,35,1,False
CB-1085,2025-06-16,111.0,232,37.96,35,0,False
CB-1085,2025-06-23,93.0,139,37.96,35,0,False
CB-1085,2025-06-30,46.0,93,37.96,35,0,False
CB-1085,2025-07-07,89.0,348,37.96,35,0,False
CB-1085,2025-07-14,126.0,222,37.96,35,0,False
CB-1085,2025-07-21,49.0,173,37.96,35,0,False
CB-1085,2025-07-28,76.0,97,37.96,35,0,False
CB-1085,2025-08-04,70.0,370,37.96,35,0,False
CB-1085,2025-08-11,60.0,310,37.96,35,0,False
CB-1085,2025-08-18,84.0,226,37.96,35,0,False
CB-1085,2025-08-25,87.0,139,37.96,35,0,False
CB-1085,2025-09-01,85.0,397,37.96,35,0,False
CB-1085,2025-09-08,48.0,349,37.96,35,0,False
CB-1085,2025-09-15,31.0,318,37.96,35,0,False
CB-1085,2025-09-22,79.0,239,37.96,35,0,False
CB-1085,2025-09-29,59.0,180,37.96,35,0,False
CB-1085,2025-10-06,119.0,404,37.96,35,0,False
CB-1085,2025-10-13,121.0,283,37.96,35,0,False
CB-1085,2025-10-20,126.0,157,37.96,35,0,False
CB-1085,2025-10-27,51.0,106,37.96,35,0,False
CB-1085,2025-11-03,92.0,14,37.96,35,0,False
CB-1085,2025-11-10,103.0,255,37.96,35,0,False
CB-1085,2025-11-17,103.0,152,37.96,35,0,False
CB-1085,2025-11-24,73.0,79,37.96,35,0,False
CB-1085,2025-12-01,125.0,297,37.96,35,0,False
CB-1085,2025-12-08,89.0,208,37.96,35,0,False
CB-1085,2025-12-15,97.0,111,37.96,35,0,False
CB-1085,2025-12-22,44.0,67,37.96,35,0,False
CB-1086,2024-01-01,0.0,56,129.48,28,0,False
CB-1086,2024-01-08,0.0,56,129.48,28,0,False
CB-1086,2024-01-15,33.0,23,129.48,28,0,False
CB-1086,2024-01-22,54.0,0,129.48,28,1,False
CB-1086,2024-01-29,17.0,28,129.48,28,0,False
CB-1086,2024-02-05,0.0,28,129.48,28,0,False
CB-1086,2024-02-12,45.0,0,129.48,28,1,False
CB-1086,2024-02-19,41.0,4,129.48,28,0,False
CB-1086,2024-02-26,0.0,4,129.48,28,0,False
CB-1086,2024-03-04,0.0,4,129.48,28,0,False
CB-1086,2024-03-11,8.0,41,129.48,28,0,False
CB-1086,2024-03-18,10.0,76,129.48,28,0,False
CB-1086,2024-03-25,0.0,76,129.48,28,0,False
CB-1086,2024-04-01,0.0,76,129.48,28,0,False
CB-1086,2024-04-08,17.0,59,129.48,28,0,False
CB-1086,2024-04-15,0.0,59,129.48,28,0,False
CB-1086,2024-04-22,22.0,37,129.48,28,0,False
CB-1086,2024-04-29,0.0,37,129.48,28,0,False
CB-1086,2024-05-06,56.0,27,129.48,28,0,False
CB-1086,2024-05-13,43.0,0,129.48,28,1,False
CB-1086,2024-05-20,0.0,0,129.48,28,0,False
CB-1086,2024-05-27,0.0,0,129.48,28,0,False
CB-1086,2024-06-03,0.0,45,129.48,28,0,False
CB-1086,2024-06-10,0.0,90,129.48,28,0,False
CB-1086,2024-06-17,0.0,90,129.48,28,0,False
CB-1086,2024-06-24,0.0,90,129.48,28,0,False
CB-1086,2024-07-01,0.0,90,129.48,28,0,False
CB-1086,2024-07-08,0.0,90,129.48,28,0,False
CB-1086,2024-07-15,0.0,90,129.48,28,0,False
CB-1086,2024-07-22,19.0,71,129.48,28,0,False
CB-1086,2024-07-29,0.0,71,129.48,28,0,False
CB-1086,2024-08-05,28.0,43,129.48,28,0,False
CB-1086,2024-08-12,36.0,7,129.48,28,0,False
CB-1086,2024-08-19,0.0,7,129.48,28,0,False
CB-1086,2024-08-26,0.0,7,129.48,28,0,False
CB-1086,2024-09-02,0.0,52,129.48,28,0,False
CB-1086,2024-09-09,8.0,90,129.48,28,0,False
CB-1086,2024-09-16,0.0,90,129.48,28,0,False
CB-1086,2024-09-23,0.0,90,129.48,28,0,False
CB-1086,2024-09-30,0.0,90,129.48,28,0,False
CB-1086,2024-10-07,0.0,90,129.48,28,0,False
CB-1086,2024-10-14,0.0,90,129.48,28,0,False
CB-1086,2024-10-21,0.0,90,129.48,28,0,False
CB-1086,2024-10-28,0.0,90,129.48,28,0,False
CB-1086,2024-11-04,0.0,90,129.48,28,0,False
CB-1086,2024-11-11,8.0,82,129.48,28,0,False
CB-1086,2024-11-18,0.0,82,129.48,28,0,False
CB-1086,2024-11-25,0.0,82,129.48,28,0,False
CB-1086,2024-12-02,0.0,82,129.48,28,0,False
CB-1086,2024-12-09,0.0,82,129.48,28,0,False
CB-1086,2024-12-16,48.0,34,129.48,28,0,False
CB-1086,2024-12-23,50.0,0,129.48,28,1,False
CB-1086,2024-12-30,25.0,0,129.48,28,1,False
CB-1086,2025-01-06,0.0,0,129.48,28,0,False
CB-1086,2025-01-13,5.0,40,129.48,28,0,False
CB-1086,2025-01-20,24.0,61,129.48,28,0,False
CB-1086,2025-01-27,48.0,13,129.48,28,0,False
CB-1086,2025-02-03,26.0,0,129.48,28,1,False
CB-1086,2025-02-10,56.0,0,129.48,28,1,False
CB-1086,2025-02-17,0.0,45,129.48,28,0,False
CB-1086,2025-02-24,0.0,90,129.48,28,0,False
CB-1086,2025-03-03,0.0,90,129.48,28,0,False
CB-1086,2025-03-10,43.0,47,129.48,28,0,False
CB-1086,2025-03-17,54.0,0,129.48,28,1,False
CB-1086,2025-03-24,0.0,0,129.48,28,0,False
CB-1086,2025-03-31,0.0,0,129.48,28,0,False
CB-1086,2025-04-07,0.0,45,129.48,28,0,False
CB-1086,2025-04-14,0.0,90,129.48,28,0,False
CB-1086,2025-04-21,0.0,90,129.48,28,0,False
CB-1086,2025-04-28,18.0,72,129.48,28,0,False
CB-1086,2025-05-05,28.0,44,129.48,28,0,False
CB-1086,2025-05-12,0.0,44,129.48,28,0,False
CB-1086,2025-05-19,48.0,0,129.48,28,1,False
CB-1086,2025-05-26,43.0,0,129.48,28,1,False
CB-1086,2025-06-02,0.0,45,129.48,28,0,False
CB-1086,2025-06-09,0.0,45,129.48,28,0,False
CB-1086,2025-06-16,0.0,90,129.48,28,0,False
CB-1086,2025-06-23,12.0,78,129.48,28,0,False
CB-1086,2025-06-30,0.0,78,129.48,28,0,False
CB-1086,2025-07-07,0.0,78,129.48,28,0,False
CB-1086,2025-07-14,59.0,19,129.48,28,0,False
CB-1086,2025-07-21,0.0,19,129.48,28,0,False
CB-1086,2025-07-28,0.0,19,129.48,28,0,False
CB-1086,2025-08-04,0.0,19,129.48,28,0,False
CB-1086,2025-08-11,0.0,64,129.48,28,0,False
CB-1086,2025-08-18,15.0,49,129.48,28,0,False
CB-1086,2025-08-25,0.0,49,129.48,28,0,False
CB-1086,2025-09-01,0.0,49,129.48,28,0,False
CB-1086,2025-09-08,0.0,49,129.48,28,0,False
CB-1086,2025-09-15,22.0,73,129.48,28,0,False
CB-1086,2025-09-22,0.0,73,129.48,28,0,False
CB-1086,2025-09-29,0.0,73,129.48,28,0,False
CB-1086,2025-10-06,0.0,73,129.48,28,0,False
CB-1086,2025-10-13,42.0,31,129.48,28,0,False
CB-1086,2025-10-20,0.0,31,129.48,28,0,False
CB-1086,2025-10-27,0.0,31,129.48,28,0,False
CB-1086,2025-11-03,0.0,31,129.48,28,0,False
CB-1086,2025-11-10,0.0,76,129.48,28,0,False
CB-1086,2025-11-17,37.0,39,129.48,28,0,False
CB-1086,2025-11-24,0.0,39,129.48,28,0,False
CB-1086,2025-12-01,0.0,39,129.48,28,0,False
CB-1086,2025-12-08,0.0,39,129.48,28,0,False
CB-1086,2025-12-15,0.0,84,129.48,28,0,False
CB-1086,2025-12-22,0.0,84,129.48,28,0,False
CB-1087,2024-01-01,65.0,79,24.47,35,0,False
CB-1087,2024-01-08,72.0,7,24.47,35,0,False
CB-1087,2024-01-15,26.0,0,24.47,35,1,False
CB-1087,2024-01-22,41.0,0,24.47,35,1,False
CB-1087,2024-01-29,8.0,0,24.47,35,1,False
CB-1087,2024-02-05,115.0,161,24.47,35,0,False
CB-1087,2024-02-12,113.0,324,24.47,35,0,False
CB-1087,2024-02-19,85.0,239,24.47,35,0,False
CB-1087,2024-02-26,80.0,159,24.47,35,0,False
CB-1087,2024-03-04,35.0,124,24.47,35,0,False
CB-1087,2024-03-11,73.0,51,24.47,35,0,False
CB-1087,2024-03-18,129.0,198,24.47,35,0,False
CB-1087,2024-03-25,84.0,114,24.47,35,0,False
CB-1087,2024-04-01,64.0,50,24.47,35,0,False
CB-1087,2024-04-08,31.0,19,24.47,35,0,False
CB-1087,2024-04-15,119.0,176,24.47,35,0,False
CB-1087,2024-04-22,78.0,98,24.47,35,0,False
CB-1087,2024-04-29,30.0,68,24.47,35,0,False
CB-1087,2024-05-06,53.0,291,24.47,35,0,False
CB-1087,2024-05-13,43.0,248,24.47,35,0,False
CB-1087,2024-05-20,73.0,175,24.47,35,0,False
CB-1087,2024-05-27,80.0,95,24.47,35,0,False
CB-1087,2024-06-03,60.0,311,24.47,35,0,False
CB-1087,2024-06-10,91.0,220,24.47,35,0,False
CB-1087,2024-06-17,72.0,148,24.47,35,0,False
CB-1087,2024-06-24,93.0,55,24.47,35,0,False
CB-1087,2024-07-01,58.0,273,24.47,35,0,False
CB-1087,2024-07-08,133.0,140,24.47,35,0,False
CB-1087,2024-07-15,50.0,90,24.47,35,0,False
CB-1087,2024-07-22,42.0,48,24.47,35,0,False
CB-1087,2024-07-29,38.0,286,24.47,35,0,False
CB-1087,2024-08-05,53.0,233,24.47,35,0,False
CB-1087,2024-08-12,22.0,211,24.47,35,0,False
CB-1087,2024-08-19,60.0,427,24.47,35,0,False
CB-1087,2024-08-26,18.0,409,24.47,35,0,False
CB-1087,2024-09-02,56.0,353,24.47,35,0,False
CB-1087,2024-09-09,27.0,326,24.47,35,0,False
CB-1087,2024-09-16,45.0,281,24.47,35,0,False
CB-1087,2024-09-23,62.0,219,24.47,35,0,False
CB-1087,2024-09-30,92.0,127,24.47,35,0,False
CB-1087,2024-10-07,32.0,371,24.47,35,0,False
CB-1087,2024-10-14,49.0,322,24.47,35,0,False
CB-1087,2024-10-21,39.0,283,24.47,35,0,False
CB-1087,2024-10-28,37.0,246,24.47,35,0,False
CB-1087,2024-11-04,41.0,205,24.47,35,0,False
CB-1087,2024-11-11,72.0,409,24.47,35,0,False
CB-1087,2024-11-18,48.0,361,24.47,35,0,False
CB-1087,2024-11-25,107.0,254,24.47,35,0,False
CB-1087,2024-12-02,71.0,183,24.47,35,0,False
CB-1087,2024-12-09,41.0,142,24.47,35,0,False
CB-1087,2024-12-16,57.0,85,24.47,35,0,False
CB-1087,2024-12-23,49.0,312,24.47,35,0,False
CB-1087,2024-12-30,90.0,222,24.47,35,0,False
CB-1087,2025-01-06,31.0,191,24.47,35,0,False
CB-1087,2025-01-13,40.0,151,24.47,35,0,False
CB-1087,2025-01-20,61.0,367,24.47,35,0,False
CB-1087,2025-01-27,98.0,269,24.47,35,0,False
CB-1087,2025-02-03,116.0,153,24.47,35,0,False
CB-1087,2025-02-10,123.0,30,24.47,35,0,False
CB-1087,2025-02-17,100.0,0,24.47,35,1,False
CB-1087,2025-02-24,84.0,192,24.47,35,0,False
CB-1087,2025-03-03,112.0,80,24.47,35,0,False
CB-1087,2025-03-10,53.0,27,24.47,35,0,False
CB-1087,2025-03-17,32.0,271,24.47,35,0,False
CB-1087,2025-03-24,104.0,167,24.47,35,0,False
CB-1087,2025-03-31,59.0,108,24.47,35,0,False
CB-1087,2025-04-07,88.0,296,24.47,35,0,False
CB-1087,2025-04-14,94.0,202,24.47,35,0,False
CB-1087,2025-04-21,98.0,104,24.47,35,0,False
CB-1087,2025-04-28,118.0,0,24.47,35,1,False
CB-1087,2025-05-05,114.0,0,24.47,35,1,False
CB-1087,2025-05-12,93.0,183,24.47,35,0,False
CB-1087,2025-05-19,72.0,111,24.47,35,0,False
CB-1087,2025-05-26,87.0,24,24.47,35,0,False
CB-1087,2025-06-02,65.0,235,24.47,35,0,False
CB-1087,2025-06-09,75.0,160,24.47,35,0,False
CB-1087,2025-06-16,150.0,10,24.47,35,0,False
CB-1087,2025-06-23,81.0,0,24.47,35,1,False
CB-1087,2025-06-30,86.0,190,24.47,35,0,False
CB-1087,2025-07-07,54.0,136,24.47,35,0,False
CB-1087,2025-07-14,95.0,41,24.47,35,0,False
CB-1087,2025-07-21,86.0,231,24.47,35,0,False
CB-1087,2025-07-28,84.0,147,24.47,35,0,False
CB-1087,2025-08-04,69.0,78,24.47,35,0,False
CB-1087,2025-08-11,86.0,0,24.47,35,1,False
CB-1087,2025-08-18,89.0,187,24.47,35,0,False
CB-1087,2025-08-25,66.0,121,24.47,35,0,False
CB-1087,2025-09-01,57.0,64,24.47,35,0,False
CB-1087,2025-09-08,76.0,264,24.47,35,0,False
CB-1087,2025-09-15,39.0,225,24.47,35,0,False
CB-1087,2025-09-22,43.0,182,24.47,35,0,False
CB-1087,2025-09-29,56.0,126,24.47,35,0,False
CB-1087,2025-10-06,22.0,380,24.47,35,0,False
CB-1087,2025-10-13,75.0,305,24.47,35,0,False
CB-1087,2025-10-20,39.0,266,24.47,35,0,False
CB-1087,2025-10-27,50.0,216,24.47,35,0,False
CB-1087,2025-11-03,57.0,159,24.47,35,0,False
CB-1087,2025-11-10,64.0,95,24.47,35,0,False
CB-1087,2025-11-17,57.0,314,24.47,35,0,False
CB-1087,2025-11-24,65.0,249,24.47,35,0,False
CB-1087,2025-12-01,67.0,182,24.47,35,0,False
CB-1087,2025-12-08,60.0,122,24.47,35,0,False
CB-1087,2025-12-15,54.0,344,24.47,35,0,False
CB-1087,2025-12-22,105.0,239,24.47,35,0,False
CB-1088,2024-01-01,0.0,25,73.07,7,0,False
CB-1088,2024-01-08,0.0,25,73.07,7,0,False
CB-1088,2024-01-15,0.0,25,73.07,7,0,False
CB-1088,2024-01-22,0.0,25,73.07,7,0,False
CB-1088,2024-01-29,0.0,25,73.07,7,0,False
CB-1088,2024-02-05,0.0,25,73.07,7,0,False
CB-1088,2024-02-12,0.0,25,73.07,7,0,False
CB-1088,2024-02-19,48.0,0,73.07,7,1,False
CB-1088,2024-02-26,0.0,18,73.07,7,0,False
CB-1088,2024-03-04,0.0,18,73.07,7,0,False
CB-1088,2024-03-11,39.0,0,73.07,7,1,False
CB-1088,2024-03-18,0.0,18,73.07,7,0,False
CB-1088,2024-03-25,0.0,18,73.07,7,0,False
CB-1088,2024-04-01,0.0,18,73.07,7,0,False
CB-1088,2024-04-08,0.0,18,73.07,7,0,False
CB-1088,2024-04-15,0.0,18,73.07,7,0,False
CB-1088,2024-04-22,0.0,18,73.07,7,0,False
CB-1088,2024-04-29,0.0,18,73.07,7,0,False
CB-1088,2024-05-06,0.0,18,73.07,7,0,False
CB-1088,2024-05-13,0.0,18,73.07,7,0,False
CB-1088,2024-05-20,0.0,18,73.07,7,0,False
CB-1088,2024-05-27,0.0,18,73.07,7,0,False
CB-1088,2024-06-03,0.0,18,73.07,7,0,False
CB-1088,2024-06-10,0.0,18,73.07,7,0,False
CB-1088,2024-06-17,52.0,0,73.07,7,1,False
CB-1088,2024-06-24,8.0,10,73.07,7,0,False
CB-1088,2024-07-01,0.0,27,73.07,7,0,False
CB-1088,2024-07-08,0.0,27,73.07,7,0,False
CB-1088,2024-07-15,0.0,27,73.07,7,0,False
CB-1088,2024-07-22,0.0,27,73.07,7,0,False
CB-1088,2024-07-29,0.0,27,73.07,7,0,False
CB-1088,2024-08-05,0.0,27,73.07,7,0,False
CB-1088,2024-08-12,0.0,27,73.07,7,0,False
CB-1088,2024-08-19,0.0,27,73.07,7,0,False
CB-1088,2024-08-26,0.0,27,73.07,7,0,False
CB-1088,2024-09-02,0.0,27,73.07,7,0,False
CB-1088,2024-09-09,0.0,27,73.07,7,0,False
CB-1088,2024-09-16,0.0,27,73.07,7,0,False
CB-1088,2024-09-23,0.0,27,73.07,7,0,False
CB-1088,2024-09-30,44.0,0,73.07,7,1,False
CB-1088,2024-10-07,0.0,18,73.07,7,0,False
CB-1088,2024-10-14,0.0,18,73.07,7,0,False
CB-1088,2024-10-21,0.0,18,73.07,7,0,False
CB-1088,2024-10-28,0.0,18,73.07,7,0,False
CB-1088,2024-11-04,0.0,18,73.07,7,0,False
CB-1088,2024-11-11,0.0,18,73.07,7,0,False
CB-1088,2024-11-18,0.0,18,73.07,7,0,False
CB-1088,2024-11-25,0.0,18,73.07,7,0,False
CB-1088,2024-12-02,0.0,18,73.07,7,0,False
CB-1088,2024-12-09,0.0,18,73.07,7,0,False
CB-1088,2024-12-16,0.0,18,73.07,7,0,False
CB-1088,2024-12-23,32.0,0,73.07,7,1,False
CB-1088,2024-12-30,0.0,18,73.07,7,0,False
CB-1088,2025-01-06,0.0,18,73.07,7,0,False
CB-1088,2025-01-13,0.0,18,73.07,7,0,False
CB-1088,2025-01-20,0.0,18,73.07,7,0,False
CB-1088,2025-01-27,49.0,0,73.07,7,1,False
CB-1088,2025-02-03,0.0,18,73.07,7,0,False
CB-1088,2025-02-10,0.0,18,73.07,7,0,False
CB-1088,2025-02-17,0.0,18,73.07,7,0,False
CB-1088,2025-02-24,9.0,9,73.07,7,0,False
CB-1088,2025-03-03,0.0,26,73.07,7,0,False
CB-1088,2025-03-10,0.0,26,73.07,7,0,False
CB-1088,2025-03-17,0.0,26,73.07,7,0,False
CB-1088,2025-03-24,0.0,26,73.07,7,0,False
CB-1088,2025-03-31,0.0,26,73.07,7,0,False
CB-1088,2025-04-07,0.0,26,73.07,7,0,False
CB-1088,2025-04-14,0.0,26,73.07,7,0,False
CB-1088,2025-04-21,0.0,26,73.07,7,0,False
CB-1088,2025-04-28,0.0,26,73.07,7,0,False
CB-1088,2025-05-05,0.0,26,73.07,7,0,False
CB-1088,2025-05-12,0.0,26,73.07,7,0,False
CB-1088,2025-05-19,0.0,26,73.07,7,0,False
CB-1088,2025-05-26,0.0,26,73.07,7,0,False
CB-1088,2025-06-02,14.0,12,73.07,7,0,False
CB-1088,2025-06-09,0.0,30,73.07,7,0,False
CB-1088,2025-06-16,0.0,30,73.07,7,0,False
CB-1088,2025-06-23,0.0,30,73.07,7,0,False
CB-1088,2025-06-30,0.0,30,73.07,7,0,False
CB-1088,2025-07-07,6.0,24,73.07,7,0,False
CB-1088,2025-07-14,0.0,24,73.07,7,0,False
CB-1088,2025-07-21,0.0,24,73.07,7,0,False
CB-1088,2025-07-28,0.0,24,73.07,7,0,False
CB-1088,2025-08-04,0.0,24,73.07,7,0,False
CB-1088,2025-08-11,0.0,24,73.07,7,0,False
CB-1088,2025-08-18,0.0,24,73.07,7,0,False
CB-1088,2025-08-25,0.0,24,73.07,7,0,False
CB-1088,2025-09-01,41.0,0,73.07,7,1,False
CB-1088,2025-09-08,0.0,18,73.07,7,0,False
CB-1088,2025-09-15,0.0,18,73.07,7,0,False
CB-1088,2025-09-22,0.0,18,73.07,7,0,False
CB-1088,2025-09-29,0.0,18,73.07,7,0,False
CB-1088,2025-10-06,31.0,0,73.07,7,1,False
CB-1088,2025-10-13,0.0,18,73.07,7,0,False
CB-1088,2025-10-20,0.0,18,73.07,7,0,False
CB-1088,2025-10-27,0.0,18,73.07,7,0,False
CB-1088,2025-11-03,0.0,18,73.07,7,0,False
CB-1088,2025-11-10,33.0,0,73.07,7,1,False
CB-1088,2025-11-17,0.0,18,73.07,7,0,False
CB-1088,2025-11-24,24.0,0,73.07,7,1,False
CB-1088,2025-12-01,0.0,18,73.07,7,0,False
CB-1088,2025-12-08,0.0,18,73.07,7,0,False
CB-1088,2025-12-15,0.0,18,73.07,7,0,False
CB-1088,2025-12-22,0.0,18,73.07,7,0,False
CB-1089,2024-01-01,85.0,153,120.16,7,0,False
CB-1089,2024-01-08,82.0,71,120.16,7,0,False
CB-1089,2024-01-15,79.0,357,120.16,7,0,False
CB-1089,2024-01-22,84.0,273,120.16,7,0,False
CB-1089,2024-01-29,90.0,183,120.16,7,0,False
CB-1089,2024-02-05,99.0,84,120.16,7,0,False
CB-1089,2024-02-12,106.0,342,120.16,7,0,False
CB-1089,2024-02-19,88.0,254,120.16,7,0,False
CB-1089,2024-02-26,95.0,159,120.16,7,0,False
CB-1089,2024-03-04,99.0,60,120.16,7,0,False
CB-1089,2024-03-11,110.0,315,120.16,7,0,False
CB-1089,2024-03-18,100.0,215,120.16,7,0,False
CB-1089,2024-03-25,101.0,114,120.16,7,0,False
CB-1089,2024-04-01,93.0,21,120.16,7,0,False
CB-1089,2024-04-08,109.0,277,120.16,7,0,False
CB-1089,2024-04-15,104.0,173,120.16,7,0,False
CB-1089,2024-04-22,99.0,74,120.16,7,0,False
CB-1089,2024-04-29,102.0,336,120.16,7,0,False
CB-1089,2024-05-06,112.0,224,120.16,7,0,False
CB-1089,2024-05-13,93.0,131,120.16,7,0,False
CB-1089,2024-05-20,93.0,38,120.16,7,0,False
CB-1089,2024-05-27,108.0,295,120.16,7,0,False
CB-1089,2024-06-03,97.0,198,120.16,7,0,False
CB-1089,2024-06-10,99.0,99,120.16,7,0,False
CB-1089,2024-06-17,94.0,369,120.16,7,0,False
CB-1089,2024-06-24,89.0,280,120.16,7,0,False
CB-1089,2024-07-01,84.0,196,120.16,7,0,False
CB-1089,2024-07-08,90.0,106,120.16,7,0,False
CB-1089,2024-07-15,90.0,381,120.16,7,0,False
CB-1089,2024-07-22,87.0,294,120.16,7,0,False
CB-1089,2024-07-29,70.0,224,120.16,7,0,False
CB-1089,2024-08-05,83.0,141,120.16,7,0,False
CB-1089,2024-08-12,71.0,70,120.16,7,0,False
CB-1089,2024-08-19,67.0,368,120.16,7,0,False
CB-1089,2024-08-26,69.0,299,120.16,7,0,False
CB-1089,2024-09-02,74.0,225,120.16,7,0,False
CB-1089,2024-09-09,71.0,154,120.16,7,0,False
CB-1089,2024-09-16,66.0,88,120.16,7,0,False
CB-1089,2024-09-23,72.0,380,120.16,7,0,False
CB-1089,2024-09-30,68.0,312,120.16,7,0,False
CB-1089,2024-10-07,64.0,248,120.16,7,0,False
CB-1089,2024-10-14,64.0,184,120.16,7,0,False
CB-1089,2024-10-21,71.0,113,120.16,7,0,False
CB-1089,2024-10-28,70.0,43,120.16,7,0,False
CB-1089,2024-11-04,64.0,344,120.16,7,0,False
CB-1089,2024-11-11,79.0,265,120.16,7,0,False
CB-1089,2024-11-18,73.0,192,120.16,7,0,False
CB-1089,2024-11-25,88.0,104,120.16,7,0,False
CB-1089,2024-12-02,72.0,397,120.16,7,0,False
CB-1089,2024-12-09,82.0,315,120.16,7,0,False
CB-1089,2024-12-16,81.0,234,120.16,7,0,False
CB-1089,2024-12-23,82.0,152,120.16,7,0,False
CB-1089,2024-12-30,88.0,64,120.16,7,0,False
CB-1089,2025-01-06,109.0,319,120.16,7,0,False
CB-1089,2025-01-13,99.0,220,120.16,7,0,False
CB-1089,2025-01-20,95.0,125,120.16,7,0,False
CB-1089,2025-01-27,89.0,36,120.16,7,0,False
CB-1089,2025-02-03,92.0,309,120.16,7,0,False
CB-1089,2025-02-10,104.0,205,120.16,7,0,False
CB-1089,2025-02-17,105.0,100,120.16,7,0,False
CB-1089,2025-02-24,111.0,353,120.16,7,0,False
CB-1089,2025-03-03,94.0,259,120.16,7,0,False
CB-1089,2025-03-10,115.0,144,120.16,7,0,False
CB-1089,2025-03-17,127.0,17,120.16,7,0,False
CB-1089,2025-03-24,133.0,249,120.16,7,0,False
CB-1089,2025-03-31,100.0,149,120.16,7,0,False
CB-1089,2025-04-07,111.0,38,120.16,7,0,False
CB-1089,2025-04-14,110.0,293,120.16,7,0,False
CB-1089,2025-04-21,119.0,174,120.16,7,0,False
CB-1089,2025-04-28,105.0,69,120.16,7,0,False
CB-1089,2025-05-05,131.0,302,120.16,7,0,False
CB-1089,2025-05-12,114.0,188,120.16,7,0,False
CB-1089,2025-05-19,111.0,77,120.16,7,0,False
CB-1089,2025-05-26,124.0,318,120.16,7,0,False
CB-1089,2025-06-02,108.0,210,120.16,7,0,False
CB-1089,2025-06-09,109.0,101,120.16,7,0,False
CB-1089,2025-06-16,97.0,368,120.16,7,0,False
CB-1089,2025-06-23,89.0,279,120.16,7,0,False
CB-1089,2025-06-30,93.0,186,120.16,7,0,False
CB-1089,2025-07-07,111.0,75,120.16,7,0,False
CB-1089,2025-07-14,97.0,343,120.16,7,0,False
CB-1089,2025-07-21,91.0,252,120.16,7,0,False
CB-1089,2025-07-28,80.0,172,120.16,7,0,False
CB-1089,2025-08-04,91.0,81,120.16,7,0,False
CB-1089,2025-08-11,73.0,373,120.16,7,0,False
CB-1089,2025-08-18,70.0,303,120.16,7,0,False
CB-1089,2025-08-25,75.0,228,120.16,7,0,False
CB-1089,2025-09-01,89.0,139,120.16,7,0,False
CB-1089,2025-09-08,88.0,51,120.16,7,0,False
CB-1089,2025-09-15,73.0,342,120.16,7,0,False
CB-1089,2025-09-22,71.0,271,120.16,7,0,False
CB-1089,2025-09-29,65.0,206,120.16,7,0,False
CB-1089,2025-10-06,76.0,130,120.16,7,0,False
CB-1089,2025-10-13,77.0,53,120.16,7,0,False
CB-1089,2025-10-20,82.0,336,120.16,7,0,False
CB-1089,2025-10-27,84.0,252,120.16,7,0,False
CB-1089,2025-11-03,79.0,173,120.16,7,0,False
CB-1089,2025-11-10,86.0,87,120.16,7,0,False
CB-1089,2025-11-17,80.0,372,120.16,7,0,False
CB-1089,2025-11-24,91.0,281,120.16,7,0,False
CB-1089,2025-12-01,86.0,195,120.16,7,0,False
CB-1089,2025-12-08,96.0,99,120.16,7,0,False
CB-1089,2025-12-15,99.0,364,120.16,7,0,False
CB-1089,2025-12-22,100.0,264,120.16,7,0,False
CB-1090,2024-01-01,0.0,22,53.34,21,0,False
CB-1090,2024-01-08,0.0,22,53.34,21,0,False
CB-1090,2024-01-15,45.0,0,53.34,21,1,False
CB-1090,2024-01-22,0.0,30,53.34,21,0,False
CB-1090,2024-01-29,0.0,30,53.34,21,0,False
CB-1090,2024-02-05,23.0,36,53.34,21,0,False
CB-1090,2024-02-12,0.0,36,53.34,21,0,False
CB-1090,2024-02-19,0.0,36,53.34,21,0,False
CB-1090,2024-02-26,0.0,36,53.34,21,0,False
CB-1090,2024-03-04,0.0,36,53.34,21,0,False
CB-1090,2024-03-11,0.0,36,53.34,21,0,False
CB-1090,2024-03-18,44.0,0,53.34,21,1,False
CB-1090,2024-03-25,0.0,0,53.34,21,0,False
CB-1090,2024-04-01,0.0,0,53.34,21,0,False
CB-1090,2024-04-08,39.0,0,53.34,21,1,False
CB-1090,2024-04-15,0.0,30,53.34,21,0,False
CB-1090,2024-04-22,15.0,15,53.34,21,0,False
CB-1090,2024-04-29,16.0,28,53.34,21,0,False
CB-1090,2024-05-06,0.0,28,53.34,21,0,False
CB-1090,2024-05-13,0.0,28,53.34,21,0,False
CB-1090,2024-05-20,0.0,58,53.34,21,0,False
CB-1090,2024-05-27,0.0,58,53.34,21,0,False
CB-1090,2024-06-03,0.0,58,53.34,21,0,False
CB-1090,2024-06-10,0.0,58,53.34,21,0,False
CB-1090,2024-06-17,0.0,58,53.34,21,0,False
CB-1090,2024-06-24,29.0,29,53.34,21,0,False
CB-1090,2024-07-01,0.0,29,53.34,21,0,False
CB-1090,2024-07-08,0.0,29,53.34,21,0,False
CB-1090,2024-07-15,0.0,59,53.34,21,0,False
CB-1090,2024-07-22,0.0,59,53.34,21,0,False
CB-1090,2024-07-29,0.0,59,53.34,21,0,False
CB-1090,2024-08-05,0.0,59,53.34,21,0,False
CB-1090,2024-08-12,0.0,59,53.34,21,0,False
CB-1090,2024-08-19,0.0,59,53.34,21,0,False
CB-1090,2024-08-26,0.0,59,53.34,21,0,False
CB-1090,2024-09-02,0.0,59,53.34,21,0,False
CB-1090,2024-09-09,0.0,59,53.34,21,0,False
CB-1090,2024-09-16,0.0,59,53.34,21,0,False
CB-1090,2024-09-23,17.0,42,53.34,21,0,False
CB-1090,2024-09-30,0.0,42,53.34,21,0,False
CB-1090,2024-10-07,31.0,11,53.34,21,0,False
CB-1090,2024-10-14,0.0,11,53.34,21,0,False
CB-1090,2024-10-21,0.0,11,53.34,21,0,False
CB-1090,2024-10-28,0.0,40,53.34,21,0,False
CB-1090,2024-11-04,0.0,40,53.34,21,0,False
CB-1090,2024-11-11,0.0,40,53.34,21,0,False
CB-1090,2024-11-18,42.0,0,53.34,21,1,False
CB-1090,2024-11-25,36.0,0,53.34,21,1,False
CB-1090,2024-12-02,0.0,0,53.34,21,0,False
CB-1090,2024-12-09,0.0,30,53.34,21,0,False
CB-1090,2024-12-16,0.0,59,53.34,21,0,False
CB-1090,2024-12-23,0.0,59,53.34,21,0,False
CB-1090,2024-12-30,0.0,59,53.34,21,0,False
CB-1090,2025-01-06,0.0,59,53.34,21,0,False
CB-1090,2025-01-13,0.0,59,53.34,21,0,False
CB-1090,2025-01-20,39.0,20,53.34,21,0,False
CB-1090,2025-01-27,0.0,20,53.34,21,0,False
CB-1090,2025-02-03,0.0,20,53.34,21,0,False
CB-1090,2025-02-10,0.0,50,53.34,21,0,False
CB-1090,2025-02-17,36.0,14,53.34,21,0,False
CB-1090,2025-02-24,20.0,0,53.34,21,1,False
CB-1090,2025-03-03,14.0,0,53.34,21,1,False
CB-1090,2025-03-10,0.0,30,53.34,21,0,False
CB-1090,2025-03-17,0.0,59,53.34,21,0,False
CB-1090,2025-03-24,0.0,59,53.34,21,0,False
CB-1090,2025-03-31,0.0,59,53.34,21,0,False
CB-1090,2025-04-07,0.0,59,53.34,21,0,False
CB-1090,2025-04-14,0.0,59,53.34,21,0,False
CB-1090,2025-04-21,0.0,59,53.34,21,0,False
CB-1090,2025-04-28,44.0,15,53.34,21,0,False
CB-1090,2025-05-05,0.0,15,53.34,21,0,False
CB-1090,2025-05-12,0.0,15,53.34,21,0,False
CB-1090,2025-05-19,0.0,45,53.34,21,0,False
CB-1090,2025-05-26,0.0,45,53.34,21,0,False
CB-1090,2025-06-02,0.0,45,53.34,21,0,False
CB-1090,2025-06-09,0.0,45,53.34,21,0,False
CB-1090,2025-06-16,0.0,45,53.34,21,0,False
CB-1090,2025-06-23,0.0,45,53.34,21,0,False
CB-1090,2025-06-30,0.0,45,53.34,21,0,False
CB-1090,2025-07-07,50.0,0,53.34,21,1,False
CB-1090,2025-07-14,0.0,0,53.34,21,0,False
CB-1090,2025-07-21,0.0,0,53.34,21,0,False
CB-1090,2025-07-28,0.0,30,53.34,21,0,False
CB-1090,2025-08-04,0.0,59,53.34,21,0,False
CB-1090,2025-08-11,0.0,59,53.34,21,0,False
CB-1090,2025-08-18,22.0,37,53.34,21,0,False
CB-1090,2025-08-25,0.0,37,53.34,21,0,False
CB-1090,2025-09-01,0.0,37,53.34,21,0,False
CB-1090,2025-09-08,40.0,0,53.34,21,1,False
CB-1090,2025-09-15,0.0,0,53.34,21,0,False
CB-1090,2025-09-22,0.0,0,53.34,21,0,False
CB-1090,2025-09-29,0.0,30,53.34,21,0,False
CB-1090,2025-10-06,0.0,59,53.34,21,0,False
CB-1090,2025-10-13,0.0,59,53.34,21,0,False
CB-1090,2025-10-20,43.0,16,53.34,21,0,False
CB-1090,2025-10-27,50.0,0,53.34,21,1,False
CB-1090,2025-11-03,0.0,0,53.34,21,0,False
CB-1090,2025-11-10,0.0,30,53.34,21,0,False
CB-1090,2025-11-17,29.0,30,53.34,21,0,False
CB-1090,2025-11-24,0.0,30,53.34,21,0,False
CB-1090,2025-12-01,0.0,30,53.34,21,0,False
CB-1090,2025-12-08,22.0,38,53.34,21,0,False
CB-1090,2025-12-15,0.0,38,53.34,21,0,False
CB-1090,2025-12-22,0.0,38,53.34,21,0,False
CB-1091,2024-01-01,0.0,2,101.05,21,0,False
CB-1091,2024-01-08,0.0,2,101.05,21,0,False
CB-1091,2024-01-15,0.0,2,101.05,21,0,False
CB-1091,2024-01-22,0.0,25,101.05,21,0,False
CB-1091,2024-01-29,0.0,47,101.05,21,0,False
CB-1091,2024-02-05,0.0,47,101.05,21,0,False
CB-1091,2024-02-12,0.0,47,101.05,21,0,False
CB-1091,2024-02-19,0.0,47,101.05,21,0,False
CB-1091,2024-02-26,0.0,47,101.05,21,0,False
CB-1091,2024-03-04,0.0,47,101.05,21,0,False
CB-1091,2024-03-11,0.0,47,101.05,21,0,False
CB-1091,2024-03-18,7.0,40,101.05,21,0,False
CB-1091,2024-03-25,57.0,0,101.05,21,1,False
CB-1091,2024-04-01,0.0,0,101.05,21,0,False
CB-1091,2024-04-08,0.0,0,101.05,21,0,False
CB-1091,2024-04-15,0.0,23,101.05,21,0,False
CB-1091,2024-04-22,36.0,9,101.05,21,0,False
CB-1091,2024-04-29,22.0,0,101.05,21,1,False
CB-1091,2024-05-06,0.0,0,101.05,21,0,False
CB-1091,2024-05-13,0.0,23,101.05,21,0,False
CB-1091,2024-05-20,19.0,26,101.05,21,0,False
CB-1091,2024-05-27,0.0,26,101.05,21,0,False
CB-1091,2024-06-03,35.0,0,101.05,21,1,False
CB-1091,2024-06-10,0.0,23,101.05,21,0,False
CB-1091,2024-06-17,0.0,23,101.05,21,0,False
CB-1091,2024-06-24,0.0,45,101.05,21,0,False
CB-1091,2024-07-01,0.0,45,101.05,21,0,False
CB-1091,2024-07-08,0.0,45,101.05,21,0,False
CB-1091,2024-07-15,0.0,45,101.05,21,0,False
CB-1091,2024-07-22,0.0,45,101.05,21,0,False
CB-1091,2024-07-29,0.0,45,101.05,21,0,False
CB-1091,2024-08-05,0.0,45,101.05,21,0,False
CB-1091,2024-08-12,9.0,36,101.05,21,0,False
CB-1091,2024-08-19,0.0,36,101.05,21,0,False
CB-1091,2024-08-26,0.0,36,101.05,21,0,False
CB-1091,2024-09-02,0.0,36,101.05,21,0,False
CB-1091,2024-09-09,0.0,36,101.05,21,0,False
CB-1091,2024-09-16,0.0,36,101.05,21,0,False
CB-1091,2024-09-23,15.0,21,101.05,21,0,False
CB-1091,2024-09-30,0.0,21,101.05,21,0,False
CB-1091,2024-10-07,0.0,21,101.05,21,0,False
CB-1091,2024-10-14,0.0,44,101.05,21,0,False
CB-1091,2024-10-21,0.0,44,101.05,21,0,False
CB-1091,2024-10-28,0.0,44,101.05,21,0,False
CB-1091,2024-11-04,0.0,44,101.05,21,0,False
CB-1091,2024-11-11,0.0,44,101.05,21,0,False
CB-1091,2024-11-18,0.0,44,101.05,21,0,False
CB-1091,2024-11-25,22.0,22,101.05,21,0,False
CB-1091,2024-12-02,0.0,22,101.05,21,0,False
CB-1091,2024-12-09,0.0,22,101.05,21,0,False
CB-1091,2024-12-16,24.0,20,101.05,21,0,False
CB-1091,2024-12-23,0.0,20,101.05,21,0,False
CB-1091,2024-12-30,45.0,0,101.05,21,1,False
CB-1091,2025-01-06,0.0,23,101.05,21,0,False
CB-1091,2025-01-13,0.0,23,101.05,21,0,False
CB-1091,2025-01-20,0.0,45,101.05,21,0,False
CB-1091,2025-01-27,0.0,45,101.05,21,0,False
CB-1091,2025-02-03,55.0,0,101.05,21,1,False
CB-1091,2025-02-10,0.0,0,101.05,21,0,False
CB-1091,2025-02-17,49.0,0,101.05,21,1,False
CB-1091,2025-02-24,0.0,23,101.05,21,0,False
CB-1091,2025-03-03,0.0,45,101.05,21,0,False
CB-1091,2025-03-10,0.0,45,101.05,21,0,False
CB-1091,2025-03-17,0.0,45,101.05,21,0,False
CB-1091,2025-03-24,0.0,45,101.05,21,0,False
CB-1091,2025-03-31,0.0,45,101.05,21,0,False
CB-1091,2025-04-07,0.0,45,101.05,21,0,False
CB-1091,2025-04-14,0.0,45,101.05,21,0,False
CB-1091,2025-04-21,0.0,45,101.05,21,0,False
CB-1091,2025-04-28,0.0,45,101.05,21,0,False
CB-1091,2025-05-05,0.0,45,101.05,21,0,False
CB-1091,2025-05-12,0.0,45,101.05,21,0,False
CB-1091,2025-05-19,0.0,45,101.05,21,0,False
CB-1091,2025-05-26,0.0,45,101.05,21,0,False
CB-1091,2025-06-02,35.0,10,101.05,21,0,False
CB-1091,2025-06-09,0.0,10,101.05,21,0,False
CB-1091,2025-06-16,8.0,2,101.05,21,0,False
CB-1091,2025-06-23,0.0,25,101.05,21,0,False
CB-1091,2025-06-30,0.0,25,101.05,21,0,False
CB-1091,2025-07-07,0.0,47,101.05,21,0,False
CB-1091,2025-07-14,50.0,0,101.05,21,1,False
CB-1091,2025-07-21,0.0,0,101.05,21,0,False
CB-1091,2025-07-28,0.0,0,101.05,21,0,False
CB-1091,2025-08-04,0.0,23,101.05,21,0,False
CB-1091,2025-08-11,0.0,45,101.05,21,0,False
CB-1091,2025-08-18,0.0,45,101.05,21,0,False
CB-1091,2025-08-25,0.0,45,101.05,21,0,False
CB-1091,2025-09-01,0.0,45,101.05,21,0,False
CB-1091,2025-09-08,52.0,0,101.05,21,1,False
CB-1091,2025-09-15,0.0,0,101.05,21,0,False
CB-1091,2025-09-22,0.0,0,101.05,21,0,False
CB-1091,2025-09-29,0.0,23,101.05,21,0,False
CB-1091,2025-10-06,0.0,45,101.05,21,0,False
CB-1091,2025-10-13,0.0,45,101.05,21,0,False
CB-1091,2025-10-20,0.0,45,101.05,21,0,False
CB-1091,2025-10-27,0.0,45,101.05,21,0,False
CB-1091,2025-11-03,21.0,24,101.05,21,0,False
CB-1091,2025-11-10,0.0,24,101.05,21,0,False
CB-1091,2025-11-17,0.0,24,101.05,21,0,False
CB-1091,2025-11-24,0.0,47,101.05,21,0,False
CB-1091,2025-12-01,0.0,47,101.05,21,0,False
CB-1091,2025-12-08,0.0,47,101.05,21,0,False
CB-1091,2025-12-15,0.0,47,101.05,21,0,False
CB-1091,2025-12-22,0.0,47,101.05,21,0,False
CB-1092,2024-01-01,29.0,53,21.3,7,0,False
CB-1092,2024-01-08,21.0,32,21.3,7,0,False
CB-1092,2024-01-15,29.0,120,21.3,7,0,False
CB-1092,2024-01-22,12.0,108,21.3,7,0,False
CB-1092,2024-01-29,6.0,102,21.3,7,0,False
CB-1092,2024-02-05,39.0,63,21.3,7,0,False
CB-1092,2024-02-12,27.0,36,21.3,7,0,False
CB-1092,2024-02-19,29.0,123,21.3,7,0,False
CB-1092,2024-02-26,42.0,81,21.3,7,0,False
CB-1092,2024-03-04,49.0,32,21.3,7,0,False
CB-1092,2024-03-11,39.0,109,21.3,7,0,False
CB-1092,2024-03-18,56.0,53,21.3,7,0,False
CB-1092,2024-03-25,40.0,13,21.3,7,0,False
CB-1092,2024-04-01,37.0,92,21.3,7,0,False
CB-1092,2024-04-08,37.0,55,21.3,7,0,False
CB-1092,2024-04-15,19.0,36,21.3,7,0,False
CB-1092,2024-04-22,45.0,107,21.3,7,0,False
CB-1092,2024-04-29,5.0,102,21.3,7,0,False
CB-1092,2024-05-06,26.0,76,21.3,7,0,False
CB-1092,2024-05-13,33.0,43,21.3,7,0,False
CB-1092,2024-05-20,23.0,20,21.3,7,0,False
CB-1092,2024-05-27,27.0,110,21.3,7,0,False
CB-1092,2024-06-03,51.0,59,21.3,7,0,False
CB-1092,2024-06-10,42.0,17,21.3,7,0,False
CB-1092,2024-06-17,22.0,111,21.3,7,0,False
CB-1092,2024-06-24,24.0,87,21.3,7,0,False
CB-1092,2024-07-01,15.0,72,21.3,7,0,False
CB-1092,2024-07-08,34.0,38,21.3,7,0,False
CB-1092,2024-07-15,24.0,130,21.3,7,0,False
CB-1092,2024-07-22,8.0,122,21.3,7,0,False
CB-1092,2024-07-29,26.0,96,21.3,7,0,False
CB-1092,2024-08-05,28.0,68,21.3,7,0,False
CB-1092,2024-08-12,32.0,36,21.3,7,0,False
CB-1092,2024-08-19,23.0,129,21.3,7,0,False
CB-1092,2024-08-26,20.0,109,21.3,7,0,False
CB-1092,2024-09-02,38.0,71,21.3,7,0,False
CB-1092,2024-09-09,22.0,49,21.3,7,0,False
CB-1092,2024-09-16,27.0,22,21.3,7,0,False
CB-1092,2024-09-23,18.0,120,21.3,7,0,False
CB-1092,2024-09-30,27.0,93,21.3,7,0,False
CB-1092,2024-10-07,11.0,82,21.3,7,0,False
CB-1092,2024-10-14,18.0,64,21.3,7,0,False
CB-1092,2024-10-21,13.0,51,21.3,7,0,False
CB-1092,2024-10-28,18.0,33,21.3,7,0,False
CB-1092,2024-11-04,33.0,116,21.3,7,0,False
CB-1092,2024-11-11,19.0,97,21.3,7,0,False
CB-1092,2024-11-18,31.0,66,21.3,7,0,False
CB-1092,2024-11-25,39.0,27,21.3,7,0,False
CB-1092,2024-12-02,26.0,118,21.3,7,0,False
CB-1092,2024-12-09,36.0,82,21.3,7,0,False
CB-1092,2024-12-16,33.0,49,21.3,7,0,False
CB-1092,2024-12-23,30.0,19,21.3,7,0,False
CB-1092,2024-12-30,37.0,98,21.3,7,0,False
CB-1092,2025-01-06,50.0,48,21.3,7,0,False
CB-1092,2025-01-13,25.0,23,21.3,7,0,False
CB-1092,2025-01-20,22.0,117,21.3,7,0,False
CB-1092,2025-01-27,21.0,96,21.3,7,0,False
CB-1092,2025-02-03,46.0,50,21.3,7,0,False
CB-1092,2025-02-10,49.0,1,21.3,7,0,False
CB-1092,2025-02-17,29.0,88,21.3,7,0,False
CB-1092,2025-02-24,9.0,79,21.3,7,0,False
CB-1092,2025-03-03,28.0,51,21.3,7,0,False
CB-1092,2025-03-10,45.0,6,21.3,7,0,False
CB-1092,2025-03-17,37.0,85,21.3,7,0,False
CB-1092,2025-03-24,40.0,45,21.3,7,0,False
CB-1092,2025-03-31,31.0,14,21.3,7,0,False
CB-1092,2025-04-07,52.0,79,21.3,7,0,False
CB-1092,2025-04-14,43.0,36,21.3,7,0,False
CB-1092,2025-04-21,46.0,106,21.3,7,0,False
CB-1092,2025-04-28,40.0,66,21.3,7,0,False
CB-1092,2025-05-05,44.0,22,21.3,7,0,False
CB-1092,2025-05-12,43.0,95,21.3,7,0,False
CB-1092,2025-05-19,,71,21.3,7,0,False
CB-1092,2025-05-26,40.0,31,21.3,7,0,False
CB-1092,2025-06-02,44.0,103,21.3,7,0,False
CB-1092,2025-06-09,48.0,55,21.3,7,0,False
CB-1092,2025-06-16,38.0,17,21.3,7,0,False
CB-1092,2025-06-23,21.0,112,21.3,7,0,False
CB-1092,2025-06-30,22.0,90,21.3,7,0,False
CB-1092,2025-07-07,26.0,64,21.3,7,0,False
CB-1092,2025-07-14,32.0,32,21.3,7,0,False
CB-1092,2025-07-21,28.0,121,21.3,7,0,False
CB-1092,2025-07-28,17.0,104,21.3,7,0,False
CB-1092,2025-08-04,16.0,88,21.3,7,0,False
CB-1092,2025-08-11,7.0,81,21.3,7,0,False
CB-1092,2025-08-18,0.0,81,21.3,7,0,False
CB-1092,2025-08-25,24.0,57,21.3,7,0,False
CB-1092,2025-09-01,45.0,12,21.3,7,0,False
CB-1092,2025-09-08,40.0,88,21.3,7,0,False
CB-1092,2025-09-15,16.0,72,21.3,7,0,False
CB-1092,2025-09-22,,47,21.3,7,0,False
CB-1092,2025-09-29,12.0,35,21.3,7,0,False
CB-1092,2025-10-06,13.0,138,21.3,7,0,False
CB-1092,2025-10-13,14.0,124,21.3,7,0,False
CB-1092,2025-10-20,23.0,101,21.3,7,0,False
CB-1092,2025-10-27,24.0,77,21.3,7,0,False
CB-1092,2025-11-03,28.0,49,21.3,7,0,False
CB-1092,2025-11-10,33.0,16,21.3,7,0,False
CB-1092,2025-11-17,24.0,108,21.3,7,0,False
CB-1092,2025-11-24,28.0,80,21.3,7,0,False
CB-1092,2025-12-01,18.0,62,21.3,7,0,False
CB-1092,2025-12-08,16.0,46,21.3,7,0,False
CB-1092,2025-12-15,15.0,31,21.3,7,0,False
CB-1092,2025-12-22,39.0,108,21.3,7,0,False
CB-1093,2024-01-01,67.0,184,174.01,35,0,False
CB-1093,2024-01-08,62.0,122,174.01,35,0,False
CB-1093,2024-01-15,81.0,41,174.01,35,0,False
CB-1093,2024-01-22,70.0,0,174.01,35,1,False
CB-1093,2024-01-29,80.0,0,174.01,35,1,False
CB-1093,2024-02-05,84.0,219,174.01,35,0,False
CB-1093,2024-02-12,73.0,146,174.01,35,0,False
CB-1093,2024-02-19,82.0,366,174.01,35,0,False
CB-1093,2024-02-26,86.0,280,174.01,35,0,False
CB-1093,2024-03-04,85.0,195,174.01,35,0,False
CB-1093,2024-03-11,87.0,108,174.01,35,0,False
CB-1093,2024-03-18,77.0,31,174.01,35,0,False
CB-1093,2024-03-25,90.0,244,174.01,35,0,False
CB-1093,2024-04-01,83.0,161,174.01,35,0,False
CB-1093,2024-04-08,89.0,72,174.01,35,0,False
CB-1093,2024-04-15,93.0,0,174.01,35,1,False
CB-1093,2024-04-22,91.0,212,174.01,35,0,False
CB-1093,2024-04-29,88.0,124,174.01,35,0,False
CB-1093,2024-05-06,89.0,35,174.01,35,0,False
CB-1093,2024-05-13,88.0,249,174.01,35,0,False
CB-1093,2024-05-20,92.0,157,174.01,35,0,False
CB-1093,2024-05-27,80.0,77,174.01,35,0,False
CB-1093,2024-06-03,80.0,0,174.01,35,1,False
CB-1093,2024-06-10,83.0,220,174.01,35,0,False
CB-1093,2024-06-17,72.0,148,174.01,35,0,False
CB-1093,2024-06-24,66.0,82,174.01,35,0,False
CB-1093,2024-07-01,74.0,310,174.01,35,0,False
CB-1093,2024-07-08,68.0,242,174.01,35,0,False
CB-1093,2024-07-15,61.0,181,174.01,35,0,False
CB-1093,2024-07-22,68.0,113,174.01,35,0,False
CB-1093,2024-07-29,71.0,345,174.01,35,0,False
CB-1093,2024-08-05,54.0,291,174.01,35,0,False
CB-1093,2024-08-12,65.0,226,174.01,35,0,False
CB-1093,2024-08-19,47.0,179,174.01,35,0,False
CB-1093,2024-08-26,56.0,123,174.01,35,0,False
CB-1093,2024-09-02,65.0,361,174.01,35,0,False
CB-1093,2024-09-09,55.0,306,174.01,35,0,False
CB-1093,2024-09-16,56.0,250,174.01,35,0,False
CB-1093,2024-09-23,59.0,191,174.01,35,0,False
CB-1093,2024-09-30,48.0,143,174.01,35,0,False
CB-1093,2024-10-07,56.0,390,174.01,35,0,False
CB-1093,2024-10-14,56.0,334,174.01,35,0,False
CB-1093,2024-10-21,65.0,269,174.01,35,0,False
CB-1093,2024-10-28,52.0,217,174.01,35,0,False
CB-1093,2024-11-04,57.0,160,174.01,35,0,False
CB-1093,2024-11-11,56.0,406,174.01,35,0,False
CB-1093,2024-11-18,57.0,349,174.01,35,0,False
CB-1093,2024-11-25,70.0,279,174.01,35,0,False
CB-1093,2024-12-02,67.0,212,174.01,35,0,False
CB-1093,2024-12-09,66.0,146,174.01,35,0,False
CB-1093,2024-12-16,68.0,78,174.01,35,0,False
CB-1093,2024-12-23,70.0,311,174.01,35,0,False
CB-1093,2024-12-30,73.0,238,174.01,35,0,False
CB-1093,2025-01-06,70.0,168,174.01,35,0,False
CB-1093,2025-01-13,79.0,89,174.01,35,0,False
CB-1093,2025-01-20,81.0,311,174.01,35,0,False
CB-1093,2025-01-27,80.0,231,174.01,35,0,False
CB-1093,2025-02-03,89.0,142,174.01,35,0,False
CB-1093,2025-02-10,91.0,51,174.01,35,0,False
CB-1093,2025-02-17,87.0,0,174.01,35,1,False
CB-1093,2025-02-24,92.0,211,174.01,35,0,False
CB-1093,2025-03-03,111.0,100,174.01,35,0,False
CB-1093,2025-03-10,112.0,0,174.01,35,1,False
CB-1093,2025-03-17,88.0,215,174.01,35,0,False
CB-1093,2025-03-24,90.0,125,174.01,35,0,False
CB-1093,2025-03-31,89.0,36,174.01,35,0,False
CB-1093,2025-04-07,106.0,0,174.01,35,1,False
CB-1093,2025-04-14,94.0,209,174.01,35,0,False
CB-1093,2025-04-21,99.0,110,174.01,35,0,False
CB-1093,2025-04-28,111.0,0,174.01,35,1,False
CB-1093,2025-05-05,95.0,208,174.01,35,0,False
CB-1093,2025-05-12,99.0,109,174.01,35,0,False
CB-1093,2025-05-19,96.0,13,174.01,35,0,False
CB-1093,2025-05-26,86.0,0,174.01,35,1,False
CB-1093,2025-06-02,96.0,207,174.01,35,0,False
CB-1093,2025-06-09,81.0,126,174.01,35,0,False
CB-1093,2025-06-16,94.0,32,174.01,35,0,False
CB-1093,2025-06-23,79.0,255,174.01,35,0,False
CB-1093,2025-06-30,77.0,178,174.01,35,0,False
CB-1093,2025-07-07,71.0,107,174.01,35,0,False
CB-1093,2025-07-14,70.0,37,174.01,35,0,False
CB-1093,2025-07-21,71.0,269,174.01,35,0,False
CB-1093,2025-07-28,58.0,211,174.01,35,0,False
CB-1093,2025-08-04,68.0,143,174.01,35,0,False
CB-1093,2025-08-11,65.0,78,174.01,35,0,False
CB-1093,2025-08-18,70.0,311,174.01,35,0,False
CB-1093,2025-08-25,67.0,244,174.01,35,0,False
CB-1093,2025-09-01,60.0,184,174.01,35,0,False
CB-1093,2025-09-08,60.0,124,174.01,35,0,False
CB-1093,2025-09-15,61.0,366,174.01,35,0,False
CB-1093,2025-09-22,69.0,297,174.01,35,0,False
CB-1093,2025-09-29,58.0,239,174.01,35,0,False
CB-1093,2025-10-06,58.0,181,174.01,35,0,False
CB-1093,2025-10-13,57.0,124,174.01,35,0,False
CB-1093,2025-10-20,56.0,370,174.01,35,0,False
CB-1093,2025-10-27,66.0,304,174.01,35,0,False
CB-1093,2025-11-03,67.0,237,174.01,35,0,False
CB-1093,2025-11-10,75.0,162,174.01,35,0,False
CB-1093,2025-11-17,76.0,86,174.01,35,0,False
CB-1093,2025-11-24,86.0,303,174.01,35,0,False
CB-1093,2025-12-01,74.0,229,174.01,35,0,False
CB-1093,2025-12-08,75.0,154,174.01,35,0,False
CB-1093,2025-12-15,71.0,83,174.01,35,0,False
CB-1093,2025-12-22,86.0,300,174.01,35,0,False
CB-1094,2024-01-01,54.0,153,168.11,21,0,False
CB-1094,2024-01-08,31.0,122,168.11,21,0,False
CB-1094,2024-01-15,60.0,62,168.11,21,0,False
CB-1094,2024-01-22,59.0,227,168.11,21,0,False
CB-1094,2024-01-29,59.0,168,168.11,21,0,False
CB-1094,2024-02-05,44.0,124,168.11,21,0,False
CB-1094,2024-02-12,84.0,40,168.11,21,0,False
CB-1094,2024-02-19,104.0,159,168.11,21,0,False
CB-1094,2024-02-26,38.0,121,168.11,21,0,False
CB-1094,2024-03-04,78.0,43,168.11,21,0,False
CB-1094,2024-03-11,0.0,266,168.11,21,0,False
CB-1094,2024-03-18,79.0,187,168.11,21,0,False
CB-1094,2024-03-25,22.0,165,168.11,21,0,False
CB-1094,2024-04-01,53.0,112,168.11,21,0,False
CB-1094,2024-04-08,35.0,301,168.11,21,0,False
CB-1094,2024-04-15,59.0,242,168.11,21,0,False
CB-1094,2024-04-22,83.0,159,168.11,21,0,False
CB-1094,2024-04-29,22.0,137,168.11,21,0,False
CB-1094,2024-05-06,55.0,82,168.11,21,0,False
CB-1094,2024-05-13,51.0,254,168.11,21,0,False
CB-1094,2024-05-20,95.0,159,168.11,21,0,False
CB-1094,2024-05-27,69.0,90,168.11,21,0,False
CB-1094,2024-06-03,35.0,55,168.11,21,0,False
CB-1094,2024-06-10,48.0,230,168.11,21,0,False
CB-1094,2024-06-17,87.0,143,168.11,21,0,False
CB-1094,2024-06-24,68.0,75,168.11,21,0,False
CB-1094,2024-07-01,36.0,39,168.11,21,0,False
CB-1094,2024-07-08,47.0,216,168.11,21,0,False
CB-1094,2024-07-15,46.0,170,168.11,21,0,False
CB-1094,2024-07-22,40.0,130,168.11,21,0,False
CB-1094,2024-07-29,19.0,111,168.11,21,0,False
CB-1094,2024-08-05,35.0,299,168.11,21,0,False
CB-1094,2024-08-12,67.0,232,168.11,21,0,False
CB-1094,2024-08-19,38.0,194,168.11,21,0,False
CB-1094,2024-08-26,41.0,153,168.11,21,0,False
CB-1094,2024-09-02,44.0,109,168.11,21,0,False
CB-1094,2024-09-09,74.0,35,168.11,21,0,False
CB-1094,2024-09-16,41.0,217,168.11,21,0,False
CB-1094,2024-09-23,57.0,160,168.11,21,0,False
CB-1094,2024-09-30,32.0,128,168.11,21,0,False
CB-1094,2024-10-07,38.0,90,168.11,21,0,False
CB-1094,2024-10-14,42.0,272,168.11,21,0,False
CB-1094,2024-10-21,31.0,241,168.11,21,0,False
CB-1094,2024-10-28,40.0,201,168.11,21,0,False
CB-1094,2024-11-04,58.0,143,168.11,21,0,False
CB-1094,2024-11-11,32.0,111,168.11,21,0,False
CB-1094,2024-11-18,46.0,65,168.11,21,0,False
CB-1094,2024-11-25,60.0,228,168.11,21,0,False
CB-1094,2024-12-02,35.0,193,168.11,21,0,False
CB-1094,2024-12-09,71.0,122,168.11,21,0,False
CB-1094,2024-12-16,54.0,68,168.11,21,0,False
CB-1094,2024-12-23,51.0,17,168.11,21,0,False
CB-1094,2024-12-30,17.0,224,168.11,21,0,False
CB-1094,2025-01-06,51.0,173,168.11,21,0,False
CB-1094,2025-01-13,68.0,105,168.11,21,0,False
CB-1094,2025-01-20,100.0,5,168.11,21,0,False
CB-1094,2025-01-27,76.0,152,168.11,21,0,False
CB-1094,2025-02-03,91.0,61,168.11,21,0,False
CB-1094,2025-02-10,38.0,23,168.11,21,0,False
CB-1094,2025-02-17,65.0,181,168.11,21,0,False
CB-1094,2025-02-24,99.0,82,168.11,21,0,False
CB-1094,2025-03-03,48.0,34,168.11,21,0,False
CB-1094,2025-03-10,95.0,163,168.11,21,0,False
CB-1094,2025-03-17,90.0,73,168.11,21,0,False
CB-1094,2025-03-24,79.0,0,168.11,21,1,False
CB-1094,2025-03-31,64.0,159,168.11,21,0,False
CB-1094,2025-04-07,48.0,111,168.11,21,0,False
CB-1094,2025-04-14,117.0,0,168.11,21,1,False
CB-1094,2025-04-21,88.0,135,168.11,21,0,False
CB-1094,2025-04-28,80.0,55,168.11,21,0,False
CB-1094,2025-05-05,60.0,0,168.11,21,1,False
CB-1094,2025-05-12,71.0,152,168.11,21,0,False
CB-1094,2025-05-19,73.0,79,168.11,21,0,False
CB-1094,2025-05-26,77.0,2,168.11,21,0,False
CB-1094,2025-06-02,83.0,143,168.11,21,0,False
CB-1094,2025-06-09,47.0,96,168.11,21,0,False
CB-1094,2025-06-16,31.0,65,168.11,21,0,False
CB-1094,2025-06-23,63.0,225,168.11,21,0,False
CB-1094,2025-06-30,23.0,202,168.11,21,0,False
CB-1094,2025-07-07,51.0,151,168.11,21,0,False
CB-1094,2025-07-14,46.0,105,168.11,21,0,False
CB-1094,2025-07-21,64.0,41,168.11,21,0,False
CB-1094,2025-07-28,90.0,174,168.11,21,0,False
CB-1094,2025-08-04,17.0,157,168.11,21,0,False
CB-1094,2025-08-11,90.0,67,168.11,21,0,False
CB-1094,2025-08-18,45.0,246,168.11,21,0,False
CB-1094,2025-08-25,54.0,192,168.11,21,0,False
CB-1094,2025-09-01,24.0,168,168.11,21,0,False
CB-1094,2025-09-08,63.0,105,168.11,21,0,False
CB-1094,2025-09-15,47.0,58,168.11,21,0,False
CB-1094,2025-09-22,45.0,236,168.11,21,0,False
CB-1094,2025-09-29,15.0,221,168.11,21,0,False
CB-1094,2025-10-06,47.0,174,168.11,21,0,False
CB-1094,2025-10-13,60.0,114,168.11,21,0,False
CB-1094,2025-10-20,43.0,71,168.11,21,0,False
CB-1094,2025-10-27,68.0,226,168.11,21,0,False
CB-1094,2025-11-03,69.0,157,168.11,21,0,False
CB-1094,2025-11-10,39.0,118,168.11,21,0,False
CB-1094,2025-11-17,81.0,37,168.11,21,0,False
CB-1094,2025-11-24,54.0,207,168.11,21,0,False
CB-1094,2025-12-01,56.0,151,168.11,21,0,False
CB-1094,2025-12-08,59.0,92,168.11,21,0,False
CB-1094,2025-12-15,60.0,32,168.11,21,0,False
CB-1094,2025-12-22,5.0,250,168.11,21,0,False
CB-1095,2024-01-01,0.0,59,141.8,21,0,False
CB-1095,2024-01-08,19.0,40,141.8,21,0,False
CB-1095,2024-01-15,0.0,40,141.8,21,0,False
CB-1095,2024-01-22,0.0,40,141.8,21,0,False
CB-1095,2024-01-29,0.0,40,141.8,21,0,False
CB-1095,2024-02-05,0.0,40,141.8,21,0,False
CB-1095,2024-02-12,60.0,0,141.8,21,1,False
CB-1095,2024-02-19,50.0,0,141.8,21,1,False
CB-1095,2024-02-26,0.0,0,141.8,21,0,False
CB-1095,2024-03-04,0.0,23,141.8,21,0,False
CB-1095,2024-03-11,0.0,46,141.8,21,0,False
CB-1095,2024-03-18,0.0,46,141.8,21,0,False
CB-1095,2024-03-25,0.0,46,141.8,21,0,False
CB-1095,2024-04-01,49.0,0,141.8,21,1,False
CB-1095,2024-04-08,33.0,0,141.8,21,1,False
CB-1095,2024-04-15,0.0,0,141.8,21,0,False
CB-1095,2024-04-22,0.0,23,141.8,21,0,False
CB-1095,2024-04-29,0.0,46,141.8,21,0,False
CB-1095,2024-05-06,0.0,46,141.8,21,0,False
CB-1095,2024-05-13,0.0,46,141.8,21,0,False
CB-1095,2024-05-20,0.0,46,141.8,21,0,False
CB-1095,2024-05-27,0.0,46,141.8,21,0,False
CB-1095,2024-06-03,0.0,46,141.8,21,0,False
CB-1095,2024-06-10,0.0,46,141.8,21,0,False
CB-1095,2024-06-17,0.0,46,141.8,21,0,False
CB-1095,2024-06-24,0.0,46,141.8,21,0,False
CB-1095,2024-07-01,0.0,46,141.8,21,0,False
CB-1095,2024-07-08,18.0,28,141.8,21,0,False
CB-1095,2024-07-15,0.0,28,141.8,21,0,False
CB-1095,2024-07-22,0.0,28,141.8,21,0,False
CB-1095,2024-07-29,0.0,52,141.8,21,0,False
CB-1095,2024-08-05,0.0,52,141.8,21,0,False
CB-1095,2024-08-12,0.0,52,141.8,21,0,False
CB-1095,2024-08-19,0.0,52,141.8,21,0,False
CB-1095,2024-08-26,0.0,52,141.8,21,0,False
CB-1095,2024-09-02,13.0,39,141.8,21,0,False
CB-1095,2024-09-09,0.0,39,141.8,21,0,False
CB-1095,2024-09-16,0.0,39,141.8,21,0,False
CB-1095,2024-09-23,15.0,24,141.8,21,0,False
CB-1095,2024-09-30,0.0,24,141.8,21,0,False
CB-1095,2024-10-07,0.0,24,141.8,21,0,False
CB-1095,2024-10-14,0.0,47,141.8,21,0,False
CB-1095,2024-10-21,0.0,47,141.8,21,0,False
CB-1095,2024-10-28,24.0,23,141.8,21,0,False
CB-1095,2024-11-04,12.0,11,141.8,21,0,False
CB-1095,2024-11-11,0.0,11,141.8,21,0,False
CB-1095,2024-11-18,0.0,34,141.8,21,0,False
CB-1095,2024-11-25,38.0,0,141.8,21,1,False
CB-1095,2024-12-02,0.0,0,141.8,21,0,False
CB-1095,2024-12-09,52.0,0,141.8,21,1,False
CB-1095,2024-12-16,0.0,23,141.8,21,0,False
CB-1095,2024-12-23,0.0,46,141.8,21,0,False
CB-1095,2024-12-30,0.0,46,141.8,21,0,False
CB-1095,2025-01-06,0.0,46,141.8,21,0,False
CB-1095,2025-01-13,0.0,46,141.8,21,0,False
CB-1095,2025-01-20,0.0,46,141.8,21,0,False
CB-1095,2025-01-27,0.0,46,141.8,21,0,False
CB-1095,2025-02-03,35.0,11,141.8,21,0,False
CB-1095,2025-02-10,0.0,11,141.8,21,0,False
CB-1095,2025-02-17,0.0,11,141.8,21,0,False
CB-1095,2025-02-24,0.0,35,141.8,21,0,False
CB-1095,2025-03-03,0.0,35,141.8,21,0,False
CB-1095,2025-03-10,0.0,35,141.8,21,0,False
CB-1095,2025-03-17,0.0,35,141.8,21,0,False
CB-1095,2025-03-24,0.0,35,141.8,21,0,False
CB-1095,2025-03-31,0.0,35,141.8,21,0,False
CB-1095,2025-04-07,0.0,35,141.8,21,0,False
CB-1095,2025-04-14,0.0,35,141.8,21,0,False
CB-1095,2025-04-21,0.0,35,141.8,21,0,False
CB-1095,2025-04-28,0.0,35,141.8,21,0,False
CB-1095,2025-05-05,0.0,35,141.8,21,0,False
CB-1095,2025-05-12,0.0,35,141.8,21,0,False
CB-1095,2025-05-19,18.0,17,141.8,21,0,False
CB-1095,2025-05-26,0.0,17,141.8,21,0,False
CB-1095,2025-06-02,0.0,17,141.8,21,0,False
CB-1095,2025-06-09,0.0,40,141.8,21,0,False
CB-1095,2025-06-16,0.0,40,141.8,21,0,False
CB-1095,2025-06-23,17.0,23,141.8,21,0,False
CB-1095,2025-06-30,0.0,23,141.8,21,0,False
CB-1095,2025-07-07,43.0,0,141.8,21,1,False
CB-1095,2025-07-14,0.0,23,141.8,21,0,False
CB-1095,2025-07-21,0.0,23,141.8,21,0,False
CB-1095,2025-07-28,0.0,46,141.8,21,0,False
CB-1095,2025-08-04,0.0,46,141.8,21,0,False
CB-1095,2025-08-11,0.0,46,141.8,21,0,False
CB-1095,2025-08-18,24.0,22,141.8,21,0,False
CB-1095,2025-08-25,0.0,22,141.8,21,0,False
CB-1095,2025-09-01,51.0,0,141.8,21,1,False
CB-1095,2025-09-08,0.0,23,141.8,21,0,False
CB-1095,2025-09-15,0.0,23,141.8,21,0,False
CB-1095,2025-09-22,0.0,46,141.8,21,0,False
CB-1095,2025-09-29,0.0,46,141.8,21,0,False
CB-1095,2025-10-06,0.0,46,141.8,21,0,False
CB-1095,2025-10-13,7.0,39,141.8,21,0,False
CB-1095,2025-10-20,0.0,39,141.8,21,0,False
CB-1095,2025-10-27,0.0,39,141.8,21,0,False
CB-1095,2025-11-03,0.0,39,141.8,21,0,False
CB-1095,2025-11-10,0.0,39,141.8,21,0,False
CB-1095,2025-11-17,0.0,39,141.8,21,0,False
CB-1095,2025-11-24,0.0,39,141.8,21,0,False
CB-1095,2025-12-01,0.0,39,141.8,21,0,False
CB-1095,2025-12-08,0.0,39,141.8,21,0,False
CB-1095,2025-12-15,0.0,39,141.8,21,0,False
CB-1095,2025-12-22,0.0,39,141.8,21,0,False
CB-1096,2024-01-01,42.0,65,21.87,21,0,False
CB-1096,2024-01-08,51.0,14,21.87,21,0,False
CB-1096,2024-01-15,46.0,0,21.87,21,1,False
CB-1096,2024-01-22,47.0,153,21.87,21,0,False
CB-1096,2024-01-29,49.0,104,21.87,21,0,False
CB-1096,2024-02-05,51.0,53,21.87,21,0,False
CB-1096,2024-02-12,46.0,208,21.87,21,0,False
CB-1096,2024-02-19,52.0,156,21.87,21,0,False
CB-1096,2024-02-26,56.0,100,21.87,21,0,False
CB-1096,2024-03-04,57.0,43,21.87,21,0,False
CB-1096,2024-03-11,62.0,181,21.87,21,0,False
CB-1096,2024-03-18,65.0,116,21.87,21,0,False
CB-1096,2024-03-25,64.0,52,21.87,21,0,False
CB-1096,2024-04-01,62.0,0,21.87,21,1,False
CB-1096,2024-04-08,57.0,143,21.87,21,0,False
CB-1096,2024-04-15,55.0,88,21.87,21,0,False
CB-1096,2024-04-22,57.0,31,21.87,21,0,False
CB-1096,2024-04-29,59.0,173,21.87,21,0,False
CB-1096,2024-05-06,60.0,113,21.87,21,0,False
CB-1096,2024-05-13,58.0,55,21.87,21,0,False
CB-1096,2024-05-20,54.0,1,21.87,21,0,False
CB-1096,2024-05-27,57.0,144,21.87,21,0,False
CB-1096,2024-06-03,58.0,86,21.87,21,0,False
CB-1096,2024-06-10,55.0,31,21.87,21,0,False
CB-1096,2024-06-17,50.0,182,21.87,21,0,False
CB-1096,2024-06-24,46.0,136,21.87,21,0,False
CB-1096,2024-07-01,44.0,92,21.87,21,0,False
CB-1096,2024-07-08,44.0,48,21.87,21,0,False
CB-1096,2024-07-15,46.0,202,21.87,21,0,False
CB-1096,2024-07-22,45.0,157,21.87,21,0,False
CB-1096,2024-07-29,38.0,119,21.87,21,0,False
CB-1096,2024-08-05,40.0,79,21.87,21,0,False
CB-1096,2024-08-12,41.0,239,21.87,21,0,False
CB-1096,2024-08-19,36.0,203,21.87,21,0,False
CB-1096,2024-08-26,40.0,163,21.87,21,0,False
CB-1096,2024-09-02,37.0,126,21.87,21,0,False
CB-1096,2024-09-09,35.0,91,21.87,21,0,False
CB-1096,2024-09-16,37.0,54,21.87,21,0,False
CB-1096,2024-09-23,38.0,216,21.87,21,0,False
CB-1096,2024-09-30,34.0,182,21.87,21,0,False
CB-1096,2024-10-07,36.0,146,21.87,21,0,False
CB-1096,2024-10-14,39.0,107,21.87,21,0,False
CB-1096,2024-10-21,35.0,72,21.87,21,0,False
CB-1096,2024-10-28,33.0,240,21.87,21,0,False
CB-1096,2024-11-04,34.0,206,21.87,21,0,False
CB-1096,2024-11-11,39.0,167,21.87,21,0,False
CB-1096,2024-11-18,37.0,130,21.87,21,0,False
CB-1096,2024-11-25,42.0,88,21.87,21,0,False
CB-1096,2024-12-02,50.0,38,21.87,21,0,False
CB-1096,2024-12-09,41.0,197,21.87,21,0,False
CB-1096,2024-12-16,46.0,151,21.87,21,0,False
CB-1096,2024-12-23,57.0,94,21.87,21,0,False
CB-1096,2024-12-30,52.0,42,21.87,21,0,False
CB-1096,2025-01-06,50.0,193,21.87,21,0,False
CB-1096,2025-01-13,53.0,140,21.87,21,0,False
CB-1096,2025-01-20,57.0,83,21.87,21,0,False
CB-1096,2025-01-27,64.0,19,21.87,21,0,False
CB-1096,2025-02-03,56.0,163,21.87,21,0,False
CB-1096,2025-02-10,56.0,107,21.87,21,0,False
CB-1096,2025-02-17,54.0,53,21.87,21,0,False
CB-1096,2025-02-24,62.0,0,21.87,21,1,False
CB-1096,2025-03-03,56.0,144,21.87,21,0,False
CB-1096,2025-03-10,61.0,83,21.87,21,0,False
CB-1096,2025-03-17,59.0,24,21.87,21,0,False
CB-1096,2025-03-24,70.0,155,21.87,21,0,False
CB-1096,2025-03-31,62.0,93,21.87,21,0,False
CB-1096,2025-04-07,67.0,26,21.87,21,0,False
CB-1096,2025-04-14,56.0,170,21.87,21,0,False
CB-1096,2025-04-21,65.0,105,21.87,21,0,False
CB-1096,2025-04-28,58.0,47,21.87,21,0,False
CB-1096,2025-05-05,61.0,0,21.87,21,1,False
CB-1096,2025-05-12,73.0,127,21.87,21,0,False
CB-1096,2025-05-19,66.0,61,21.87,21,0,False
CB-1096,2025-05-26,60.0,1,21.87,21,0,False
CB-1096,2025-06-02,74.0,128,21.87,21,0,False
CB-1096,2025-06-09,53.0,75,21.87,21,0,False
CB-1096,2025-06-16,61.0,14,21.87,21,0,False
CB-1096,2025-06-23,48.0,166,21.87,21,0,False
CB-1096,2025-06-30,52.0,114,21.87,21,0,False
CB-1096,2025-07-07,46.0,68,21.87,21,0,False
CB-1096,2025-07-14,51.0,17,21.87,21,0,False
CB-1096,2025-07-21,49.0,169,21.87,21,0,False
CB-1096,2025-07-28,46.0,123,21.87,21,0,False
CB-1096,2025-08-04,50.0,73,21.87,21,0,False
CB-1096,2025-08-11,43.0,30,21.87,21,0,False
CB-1096,2025-08-18,45.0,185,21.87,21,0,False
CB-1096,2025-08-25,46.0,139,21.87,21,0,False
CB-1096,2025-09-01,37.0,102,21.87,21,0,False
CB-1096,2025-09-08,39.0,63,21.87,21,0,False
CB-1096,2025-09-15,41.0,223,21.87,21,0,False
CB-1096,2025-09-22,43.0,180,21.87,21,0,False
CB-1096,2025-09-29,46.0,134,21.87,21,0,False
CB-1096,2025-10-06,41.0,93,21.87,21,0,False
CB-1096,2025-10-13,41.0,52,21.87,21,0,False
CB-1096,2025-10-20,39.0,213,21.87,21,0,False
CB-1096,2025-10-27,44.0,169,21.87,21,0,False
CB-1096,2025-11-03,43.0,126,21.87,21,0,False
CB-1096,2025-11-10,44.0,82,21.87,21,0,False
CB-1096,2025-11-17,46.0,36,21.87,21,0,False
CB-1096,2025-11-24,50.0,187,21.87,21,0,False
CB-1096,2025-12-01,47.0,140,21.87,21,0,False
CB-1096,2025-12-08,48.0,92,21.87,21,0,False
CB-1096,2025-12-15,54.0,38,21.87,21,0,False
CB-1096,2025-12-22,41.0,197,21.87,21,0,False
CB-1097,2024-01-01,17.0,51,43.79,14,0,False
CB-1097,2024-01-08,54.0,0,43.79,14,1,False
CB-1097,2024-01-15,32.0,0,43.79,14,1,False
CB-1097,2024-01-22,0.0,48,43.79,14,0,False
CB-1097,2024-01-29,0.0,48,43.79,14,0,False
CB-1097,2024-02-05,53.0,0,43.79,14,1,False
CB-1097,2024-02-12,0.0,0,43.79,14,0,False
CB-1097,2024-02-19,0.0,48,43.79,14,0,False
CB-1097,2024-02-26,0.0,48,43.79,14,0,False
CB-1097,2024-03-04,0.0,48,43.79,14,0,False
CB-1097,2024-03-11,0.0,48,43.79,14,0,False
CB-1097,2024-03-18,0.0,48,43.79,14,0,False
CB-1097,2024-03-25,0.0,48,43.79,14,0,False
CB-1097,2024-04-01,9.0,39,43.79,14,0,False
CB-1097,2024-04-08,6.0,33,43.79,14,0,False
CB-1097,2024-04-15,52.0,28,43.79,14,0,False
CB-1097,2024-04-22,0.0,28,43.79,14,0,False
CB-1097,2024-04-29,0.0,76,43.79,14,0,False
CB-1097,2024-05-06,0.0,76,43.79,14,0,False
CB-1097,2024-05-13,0.0,76,43.79,14,0,False
CB-1097,2024-05-20,43.0,33,43.79,14,0,False
CB-1097,2024-05-27,34.0,0,43.79,14,1,False
CB-1097,2024-06-03,0.0,48,43.79,14,0,False
CB-1097,2024-06-10,0.0,48,43.79,14,0,False
CB-1097,2024-06-17,,2,43.79,14,0,False
CB-1097,2024-06-24,6.0,0,43.79,14,1,False
CB-1097,2024-07-01,14.0,34,43.79,14,0,False
CB-1097,2024-07-08,0.0,34,43.79,14,0,False
CB-1097,2024-07-15,0.0,81,43.79,14,0,False
CB-1097,2024-07-22,59.0,22,43.79,14,0,False
CB-1097,2024-07-29,0.0,22,43.79,14,0,False
CB-1097,2024-08-05,0.0,70,43.79,14,0,False
CB-1097,2024-08-12,0.0,70,43.79,14,0,False
CB-1097,2024-08-19,0.0,70,43.79,14,0,False
CB-1097,2024-08-26,0.0,70,43.79,14,0,False
CB-1097,2024-09-02,0.0,70,43.79,14,0,False
CB-1097,2024-09-09,0.0,70,43.79,14,0,False
CB-1097,2024-09-16,0.0,70,43.79,14,0,False
CB-1097,2024-09-23,0.0,70,43.79,14,0,False
CB-1097,2024-09-30,52.0,18,43.79,14,0,False
CB-1097,2024-10-07,0.0,18,43.79,14,0,False
CB-1097,2024-10-14,60.0,6,43.79,14,0,False
CB-1097,2024-10-21,0.0,6,43.79,14,0,False
CB-1097,2024-10-28,20.0,33,43.79,14,0,False
CB-1097,2024-11-04,0.0,33,43.79,14,0,False
CB-1097,2024-11-11,0.0,81,43.79,14,0,False
CB-1097,2024-11-18,0.0,81,43.79,14,0,False
CB-1097,2024-11-25,,45,43.79,14,0,False
CB-1097,2024-12-02,0.0,45,43.79,14,0,False
CB-1097,2024-12-09,52.0,0,43.79,14,1,False
CB-1097,2024-12-16,54.0,0,43.79,14,1,False
CB-1097,2024-12-23,0.0,48,43.79,14,0,False
CB-1097,2024-12-30,45.0,3,43.79,14,0,False
CB-1097,2025-01-06,0.0,3,43.79,14,0,False
CB-1097,2025-01-13,0.0,50,43.79,14,0,False
CB-1097,2025-01-20,0.0,50,43.79,14,0,False
CB-1097,2025-01-27,8.0,42,43.79,14,0,False
CB-1097,2025-02-03,0.0,42,43.79,14,0,False
CB-1097,2025-02-10,18.0,72,43.79,14,0,False
CB-1097,2025-02-17,0.0,72,43.79,14,0,False
CB-1097,2025-02-24,48.0,24,43.79,14,0,False
CB-1097,2025-03-03,0.0,24,43.79,14,0,False
CB-1097,2025-03-10,0.0,72,43.79,14,0,False
CB-1097,2025-03-17,29.0,43,43.79,14,0,False
CB-1097,2025-03-24,0.0,43,43.79,14,0,False
CB-1097,2025-03-31,0.0,90,43.79,14,0,False
CB-1097,2025-04-07,0.0,90,43.79,14,0,False
CB-1097,2025-04-14,0.0,90,43.79,14,0,False
CB-1097,2025-04-21,0.0,90,43.79,14,0,False
CB-1097,2025-04-28,41.0,49,43.79,14,0,False
CB-1097,2025-05-05,52.0,0,43.79,14,1,False
CB-1097,2025-05-12,0.0,0,43.79,14,0,False
CB-1097,2025-05-19,44.0,4,43.79,14,0,False
CB-1097,2025-05-26,0.0,4,43.79,14,0,False
CB-1097,2025-06-02,58.0,0,43.79,14,1,False
CB-1097,2025-06-09,0.0,0,43.79,14,0,False
CB-1097,2025-06-16,0.0,48,43.79,14,0,False
CB-1097,2025-06-23,0.0,48,43.79,14,0,False
CB-1097,2025-06-30,0.0,48,43.79,14,0,False
CB-1097,2025-07-07,0.0,48,43.79,14,0,False
CB-1097,2025-07-14,13.0,35,43.79,14,0,False
CB-1097,2025-07-21,0.0,35,43.79,14,0,False
CB-1097,2025-07-28,0.0,82,43.79,14,0,False
CB-1097,2025-08-04,0.0,82,43.79,14,0,False
CB-1097,2025-08-11,0.0,82,43.79,14,0,False
CB-1097,2025-08-18,0.0,82,43.79,14,0,False
CB-1097,2025-08-25,0.0,82,43.79,14,0,False
CB-1097,2025-09-01,0.0,82,43.79,14,0,False
CB-1097,2025-09-08,0.0,82,43.79,14,0,False
CB-1097,2025-09-15,0.0,82,43.79,14,0,False
CB-1097,2025-09-22,0.0,82,43.79,14,0,False
CB-1097,2025-09-29,23.0,59,43.79,14,0,False
CB-1097,2025-10-06,42.0,17,43.79,14,0,False
CB-1097,2025-10-13,0.0,17,43.79,14,0,False
CB-1097,2025-10-20,0.0,65,43.79,14,0,False
CB-1097,2025-10-27,0.0,65,43.79,14,0,False
CB-1097,2025-11-03,0.0,65,43.79,14,0,False
CB-1097,2025-11-10,0.0,65,43.79,14,0,False
CB-1097,2025-11-17,0.0,65,43.79,14,0,False
CB-1097,2025-11-24,0.0,65,43.79,14,0,False
CB-1097,2025-12-01,0.0,65,43.79,14,0,False
CB-1097,2025-12-08,11.0,54,43.79,14,0,False
CB-1097,2025-12-15,28.0,26,43.79,14,0,False
CB-1097,2025-12-22,55.0,0,43.79,14,1,False
CB-1098,2024-01-01,37.0,97,110.07,35,0,False
CB-1098,2024-01-08,48.0,49,110.07,35,0,False
CB-1098,2024-01-15,37.0,12,110.07,35,0,False
CB-1098,2024-01-22,62.0,0,110.07,35,1,False
CB-1098,2024-01-29,22.0,0,110.07,35,1,False
CB-1098,2024-02-05,68.0,119,110.07,35,0,False
CB-1098,2024-02-12,54.0,251,110.07,35,0,False
CB-1098,2024-02-19,50.0,201,110.07,35,0,False
CB-1098,2024-02-26,24.0,177,110.07,35,0,False
CB-1098,2024-03-04,37.0,140,110.07,35,0,False
CB-1098,2024-03-11,81.0,59,110.07,35,0,False
CB-1098,2024-03-18,53.0,6,110.07,35,0,False
CB-1098,2024-03-25,63.0,130,110.07,35,0,False
CB-1098,2024-04-01,40.0,90,110.07,35,0,False
CB-1098,2024-04-08,58.0,32,110.07,35,0,False
CB-1098,2024-04-15,30.0,189,110.07,35,0,False
CB-1098,2024-04-22,60.0,129,110.07,35,0,False
CB-1098,2024-04-29,65.0,64,110.07,35,0,False
CB-1098,2024-05-06,63.0,1,110.07,35,0,False
CB-1098,2024-05-13,38.0,149,110.07,35,0,False
CB-1098,2024-05-20,48.0,101,110.07,35,0,False
CB-1098,2024-05-27,64.0,37,110.07,35,0,False
CB-1098,2024-06-03,49.0,0,110.07,35,1,False
CB-1098,2024-06-10,47.0,140,110.07,35,0,False
CB-1098,2024-06-17,84.0,56,110.07,35,0,False
CB-1098,2024-06-24,33.0,23,110.07,35,0,False
CB-1098,2024-07-01,66.0,143,110.07,35,0,False
CB-1098,2024-07-08,28.0,115,110.07,35,0,False
CB-1098,2024-07-15,56.0,59,110.07,35,0,False
CB-1098,2024-07-22,55.0,191,110.07,35,0,False
CB-1098,2024-07-29,35.0,156,110.07,35,0,False
CB-1098,2024-08-05,24.0,132,110.07,35,0,False
CB-1098,2024-08-12,13.0,119,110.07,35,0,False
CB-1098,2024-08-19,31.0,275,110.07,35,0,False
CB-1098,2024-08-26,46.0,229,110.07,35,0,False
CB-1098,2024-09-02,24.0,205,110.07,35,0,False
CB-1098,2024-09-09,39.0,166,110.07,35,0,False
CB-1098,2024-09-16,18.0,148,110.07,35,0,False
CB-1098,2024-09-23,34.0,114,110.07,35,0,False
CB-1098,2024-09-30,22.0,278,110.07,35,0,False
CB-1098,2024-10-07,36.0,242,110.07,35,0,False
CB-1098,2024-10-14,31.0,211,110.07,35,0,False
CB-1098,2024-10-21,22.0,189,110.07,35,0,False
CB-1098,2024-10-28,30.0,159,110.07,35,0,False
CB-1098,2024-11-04,27.0,132,110.07,35,0,False
CB-1098,2024-11-11,22.0,297,110.07,35,0,False
CB-1098,2024-11-18,58.0,239,110.07,35,0,False
CB-1098,2024-11-25,38.0,201,110.07,35,0,False
CB-1098,2024-12-02,10.0,191,110.07,35,0,False
CB-1098,2024-12-09,36.0,155,110.07,35,0,False
CB-1098,2024-12-16,63.0,92,110.07,35,0,False
CB-1098,2024-12-23,36.0,243,110.07,35,0,False
CB-1098,2024-12-30,78.0,165,110.07,35,0,False
CB-1098,2025-01-06,37.0,128,110.07,35,0,False
CB-1098,2025-01-13,64.0,64,110.07,35,0,False
CB-1098,2025-01-20,76.0,0,110.07,35,1,False
CB-1098,2025-01-27,66.0,121,110.07,35,0,False
CB-1098,2025-02-03,30.0,91,110.07,35,0,False
CB-1098,2025-02-10,40.0,51,110.07,35,0,False
CB-1098,2025-02-17,86.0,0,110.07,35,1,False
CB-1098,2025-02-24,45.0,142,110.07,35,0,False
CB-1098,2025-03-03,85.0,57,110.07,35,0,False
CB-1098,2025-03-10,54.0,3,110.07,35,0,False
CB-1098,2025-03-17,68.0,121,110.07,35,0,False
CB-1098,2025-03-24,34.0,87,110.07,35,0,False
CB-1098,2025-03-31,51.0,36,110.07,35,0,False
CB-1098,2025-04-07,45.0,178,110.07,35,0,False
CB-1098,2025-04-14,70.0,108,110.07,35,0,False
CB-1098,2025-04-21,67.0,41,110.07,35,0,False
CB-1098,2025-04-28,75.0,0,110.07,35,1,False
CB-1098,2025-05-05,53.0,134,110.07,35,0,False
CB-1098,2025-05-12,42.0,92,110.07,35,0,False
CB-1098,2025-05-19,66.0,26,110.07,35,0,False
CB-1098,2025-05-26,39.0,173,110.07,35,0,False
CB-1098,2025-06-02,82.0,91,110.07,35,0,False
CB-1098,2025-06-09,56.0,35,110.07,35,0,False
CB-1098,2025-06-16,50.0,0,110.07,35,1,False
CB-1098,2025-06-23,64.0,123,110.07,35,0,False
CB-1098,2025-06-30,52.0,71,110.07,35,0,False
CB-1098,2025-07-07,22.0,49,110.07,35,0,False
CB-1098,2025-07-14,32.0,203,110.07,35,0,False
CB-1098,2025-07-21,68.0,135,110.07,35,0,False
CB-1098,2025-07-28,49.0,86,110.07,35,0,False
CB-1098,2025-08-04,19.0,67,110.07,35,0,False
CB-1098,2025-08-11,51.0,203,110.07,35,0,False
CB-1098,2025-08-18,36.0,167,110.07,35,0,False
CB-1098,2025-08-25,30.0,137,110.07,35,0,False
CB-1098,2025-09-01,26.0,111,110.07,35,0,False
CB-1098,2025-09-08,57.0,54,110.07,35,0,False
CB-1098,2025-09-15,13.0,228,110.07,35,0,False
CB-1098,2025-09-22,29.0,199,110.07,35,0,False
CB-1098,2025-09-29,43.0,156,110.07,35,0,False
CB-1098,2025-10-06,65.0,91,110.07,35,0,False
CB-1098,2025-10-13,50.0,227,110.07,35,0,False
CB-1098,2025-10-20,30.0,197,110.07,35,0,False
CB-1098,2025-10-27,67.0,130,110.07,35,0,False
CB-1098,2025-11-03,23.0,107,110.07,35,0,False
CB-1098,2025-11-10,50.0,57,110.07,35,0,False
CB-1098,2025-11-17,55.0,189,110.07,35,0,False
CB-1098,2025-11-24,33.0,156,110.07,35,0,False
CB-1098,2025-12-01,62.0,94,110.07,35,0,False
CB-1098,2025-12-08,42.0,52,110.07,35,0,False
CB-1098,2025-12-15,66.0,173,110.07,35,0,False
CB-1098,2025-12-22,20.0,153,110.07,35,0,False
CB-1099,2024-01-01,33.0,2,75.73,35,0,False
CB-1099,2024-01-08,28.0,0,75.73,35,1,False
CB-1099,2024-01-15,0.0,0,75.73,35,0,False
CB-1099,2024-01-22,30.0,0,75.73,35,1,False
CB-1099,2024-01-29,0.0,0,75.73,35,0,False
CB-1099,2024-02-05,0.0,32,75.73,35,0,False
CB-1099,2024-02-12,10.0,54,75.73,35,0,False
CB-1099,2024-02-19,0.0,54,75.73,35,0,False
CB-1099,2024-02-26,0.0,54,75.73,35,0,False
CB-1099,2024-03-04,0.0,54,75.73,35,0,False
CB-1099,2024-03-11,0.0,54,75.73,35,0,False
CB-1099,2024-03-18,0.0,54,75.73,35,0,False
CB-1099,2024-03-25,0.0,54,75.73,35,0,False
CB-1099,2024-04-01,0.0,54,75.73,35,0,False
CB-1099,2024-04-08,35.0,19,75.73,35,0,False
CB-1099,2024-04-15,0.0,19,75.73,35,0,False
CB-1099,2024-04-22,0.0,19,75.73,35,0,False
CB-1099,2024-04-29,8.0,11,75.73,35,0,False
CB-1099,2024-05-06,0.0,11,75.73,35,0,False
CB-1099,2024-05-13,0.0,42,75.73,35,0,False
CB-1099,2024-05-20,0.0,74,75.73,35,0,False
CB-1099,2024-05-27,52.0,22,75.73,35,0,False
CB-1099,2024-06-03,0.0,22,75.73,35,0,False
CB-1099,2024-06-10,0.0,22,75.73,35,0,False
CB-1099,2024-06-17,51.0,0,75.73,35,1,False
CB-1099,2024-06-24,0.0,0,75.73,35,0,False
CB-1099,2024-07-01,0.0,32,75.73,35,0,False
CB-1099,2024-07-08,0.0,32,75.73,35,0,False
CB-1099,2024-07-15,0.0,32,75.73,35,0,False
CB-1099,2024-07-22,0.0,64,75.73,35,0,False
CB-1099,2024-07-29,0.0,64,75.73,35,0,False
CB-1099,2024-08-05,0.0,64,75.73,35,0,False
CB-1099,2024-08-12,0.0,64,75.73,35,0,False
CB-1099,2024-08-19,28.0,36,75.73,35,0,False
CB-1099,2024-08-26,0.0,36,75.73,35,0,False
CB-1099,2024-09-02,13.0,23,75.73,35,0,False
CB-1099,2024-09-09,0.0,23,75.73,35,0,False
CB-1099,2024-09-16,0.0,23,75.73,35,0,False
CB-1099,2024-09-23,0.0,54,75.73,35,0,False
CB-1099,2024-09-30,39.0,15,75.73,35,0,False
CB-1099,2024-10-07,0.0,15,75.73,35,0,False
CB-1099,2024-10-14,0.0,15,75.73,35,0,False
CB-1099,2024-10-21,0.0,15,75.73,35,0,False
CB-1099,2024-10-28,0.0,15,75.73,35,0,False
CB-1099,2024-11-04,0.0,47,75.73,35,0,False
CB-1099,2024-11-11,37.0,42,75.73,35,0,False
CB-1099,2024-11-18,0.0,42,75.73,35,0,False
CB-1099,2024-11-25,0.0,42,75.73,35,0,False
CB-1099,2024-12-02,13.0,29,75.73,35,0,False
CB-1099,2024-12-09,0.0,29,75.73,35,0,False
CB-1099,2024-12-16,37.0,24,75.73,35,0,False
CB-1099,2024-12-23,0.0,24,75.73,35,0,False
CB-1099,2024-12-30,17.0,7,75.73,35,0,False
CB-1099,2025-01-06,0.0,7,75.73,35,0,False
CB-1099,2025-01-13,0.0,7,75.73,35,0,False
CB-1099,2025-01-20,0.0,38,75.73,35,0,False
CB-1099,2025-01-27,0.0,38,75.73,35,0,False
CB-1099,2025-02-03,6.0,64,75.73,35,0,False
CB-1099,2025-02-10,24.0,40,75.73,35,0,False
CB-1099,2025-02-17,0.0,40,75.73,35,0,False
CB-1099,2025-02-24,0.0,40,75.73,35,0,False
CB-1099,2025-03-03,34.0,6,75.73,35,0,False
CB-1099,2025-03-10,0.0,6,75.73,35,0,False
CB-1099,2025-03-17,0.0,38,75.73,35,0,False
CB-1099,2025-03-24,0.0,38,75.73,35,0,False
CB-1099,2025-03-31,40.0,0,75.73,35,1,False
CB-1099,2025-04-07,0.0,32,75.73,35,0,False
CB-1099,2025-04-14,0.0,32,75.73,35,0,False
CB-1099,2025-04-21,44.0,0,75.73,35,1,False
CB-1099,2025-04-28,0.0,0,75.73,35,0,False
CB-1099,2025-05-05,0.0,32,75.73,35,0,False
CB-1099,2025-05-12,42.0,0,75.73,35,1,False
CB-1099,2025-05-19,0.0,0,75.73,35,0,False
CB-1099,2025-05-26,0.0,32,75.73,35,0,False
CB-1099,2025-06-02,0.0,32,75.73,35,0,False
CB-1099,2025-06-09,21.0,11,75.73,35,0,False
CB-1099,2025-06-16,0.0,43,75.73,35,0,False
CB-1099,2025-06-23,0.0,43,75.73,35,0,False
CB-1099,2025-06-30,0.0,43,75.73,35,0,False
CB-1099,2025-07-07,0.0,43,75.73,35,0,False
CB-1099,2025-07-14,0.0,74,75.73,35,0,False
CB-1099,2025-07-21,0.0,74,75.73,35,0,False
CB-1099,2025-07-28,0.0,74,75.73,35,0,False
CB-1099,2025-08-04,0.0,74,75.73,35,0,False
CB-1099,2025-08-11,51.0,23,75.73,35,0,False
CB-1099,2025-08-18,0.0,23,75.73,35,0,False
CB-1099,2025-08-25,0.0,23,75.73,35,0,False
CB-1099,2025-09-01,0.0,23,75.73,35,0,False
CB-1099,2025-09-08,0.0,23,75.73,35,0,False
CB-1099,2025-09-15,0.0,55,75.73,35,0,False
CB-1099,2025-09-22,0.0,55,75.73,35,0,False
CB-1099,2025-09-29,0.0,55,75.73,35,0,False
CB-1099,2025-10-06,8.0,47,75.73,35,0,False
CB-1099,2025-10-13,0.0,47,75.73,35,0,False
CB-1099,2025-10-20,0.0,47,75.73,35,0,False
CB-1099,2025-10-27,0.0,47,75.73,35,0,False
CB-1099,2025-11-03,0.0,47,75.73,35,0,False
CB-1099,2025-11-10,0.0,79,75.73,35,0,False
CB-1099,2025-11-17,0.0,79,75.73,35,0,False
CB-1099,2025-11-24,31.0,48,75.73,35,0,False
CB-1099,2025-12-01,19.0,29,75.73,35,0,False
CB-1099,2025-12-08,12.0,17,75.73,35,0,False
CB-1099,2025-12-15,37.0,0,75.73,35,1,False
CB-1099,2025-12-22,0.0,0,75.73,35,0,False
CB-1100,2024-01-01,106.0,249,78.09,28,0,False
CB-1100,2024-01-08,118.0,131,78.09,28,0,False
CB-1100,2024-01-15,118.0,13,78.09,28,0,False
CB-1100,2024-01-22,120.0,0,78.09,28,1,False
CB-1100,2024-01-29,125.0,362,78.09,28,0,False
CB-1100,2024-02-05,134.0,228,78.09,28,0,False
CB-1100,2024-02-12,128.0,587,78.09,28,0,False
CB-1100,2024-02-19,136.0,451,78.09,28,0,False
CB-1100,2024-02-26,123.0,328,78.09,28,0,False
CB-1100,2024-03-04,164.0,164,78.09,28,0,False
CB-1100,2024-03-11,135.0,29,78.09,28,0,False
CB-1100,2024-03-18,141.0,375,78.09,28,0,False
CB-1100,2024-03-25,146.0,229,78.09,28,0,False
CB-1100,2024-04-01,136.0,93,78.09,28,0,False
CB-1100,2024-04-08,141.0,0,78.09,28,1,False
CB-1100,2024-04-15,140.0,347,78.09,28,0,False
CB-1100,2024-04-22,129.0,218,78.09,28,0,False
CB-1100,2024-04-29,144.0,74,78.09,28,0,False
CB-1100,2024-05-06,119.0,442,78.09,28,0,False
CB-1100,2024-05-13,154.0,288,78.09,28,0,False
CB-1100,2024-05-20,142.0,146,78.09,28,0,False
CB-1100,2024-05-27,138.0,8,78.09,28,0,False
CB-1100,2024-06-03,110.0,385,78.09,28,0,False
CB-1100,2024-06-10,117.0,268,78.09,28,0,False
CB-1100,2024-06-17,136.0,132,78.09,28,0,False
CB-1100,2024-06-24,159.0,461,78.09,28,0,False
CB-1100,2024-07-01,127.0,334,78.09,28,0,False
CB-1100,2024-07-08,122.0,212,78.09,28,0,False
CB-1100,2024-07-15,114.0,98,78.09,28,0,False
CB-1100,2024-07-22,99.0,486,78.09,28,0,False
CB-1100,2024-07-29,112.0,374,78.09,28,0,False
CB-1100,2024-08-05,92.0,282,78.09,28,0,False
CB-1100,2024-08-12,89.0,193,78.09,28,0,False
CB-1100,2024-08-19,86.0,594,78.09,28,0,False
CB-1100,2024-08-26,101.0,493,78.09,28,0,False
CB-1100,2024-09-02,92.0,401,78.09,28,0,False
CB-1100,2024-09-09,92.0,309,78.09,28,0,False
CB-1100,2024-09-16,90.0,219,78.09,28,0,False
CB-1100,2024-09-23,82.0,624,78.09,28,0,False
CB-1100,2024-09-30,85.0,539,78.09,28,0,False
CB-1100,2024-10-07,86.0,453,78.09,28,0,False
CB-1100,2024-10-14,81.0,372,78.09,28,0,False
CB-1100,2024-10-21,88.0,284,78.09,28,0,False
CB-1100,2024-10-28,86.0,198,78.09,28,0,False
CB-1100,2024-11-04,100.0,585,78.09,28,0,False
CB-1100,2024-11-11,104.0,481,78.09,28,0,False
CB-1100,2024-11-18,91.0,390,78.09,28,0,False
CB-1100,2024-11-25,102.0,288,78.09,28,0,False
CB-1100,2024-12-02,124.0,164,78.09,28,0,False
CB-1100,2024-12-09,103.0,548,78.09,28,0,False
CB-1100,2024-12-16,119.0,429,78.09,28,0,False
CB-1100,2024-12-23,120.0,309,78.09,28,0,False
CB-1100,2024-12-30,134.0,175,78.09,28,0,False
CB-1100,2025-01-06,130.0,45,78.09,28,0,False
CB-1100,2025-01-13,126.0,407,78.09,28,0,False
CB-1100,2025-01-20,136.0,271,78.09,28,0,False
CB-1100,2025-01-27,139.0,132,78.09,28,0,False
CB-1100,2025-02-03,141.0,0,78.09,28,1,False
CB-1100,2025-02-10,130.0,357,78.09,28,0,False
CB-1100,2025-02-17,163.0,194,78.09,28,0,False
CB-1100,2025-02-24,164.0,30,78.09,28,0,False
CB-1100,2025-03-03,140.0,377,78.09,28,0,False
CB-1100,2025-03-10,151.0,226,78.09,28,0,False
CB-1100,2025-03-17,154.0,72,78.09,28,0,False
CB-1100,2025-03-24,143.0,0,78.09,28,1,False
CB-1100,2025-03-31,135.0,352,78.09,28,0,False
CB-1100,2025-04-07,150.0,202,78.09,28,0,False
CB-1100,2025-04-14,153.0,49,78.09,28,0,False
CB-1100,2025-04-21,139.0,397,78.09,28,0,False
CB-1100,2025-04-28,158.0,239,78.09,28,0,False
CB-1100,2025-05-05,169.0,70,78.09,28,0,False
CB-1100,2025-05-12,162.0,0,78.09,28,1,False
CB-1100,2025-05-19,148.0,339,78.09,28,0,False
CB-1100,2025-05-26,125.0,214,78.09,28,0,False
CB-1100,2025-06-02,152.0,62,78.09,28,0,False
CB-1100,2025-06-09,142.0,407,78.09,28,0,False
CB-1100,2025-06-16,142.0,265,78.09,28,0,False
CB-1100,2025-06-23,154.0,111,78.09,28,0,False
CB-1100,2025-06-30,122.0,0,78.09,28,1,False
CB-1100,2025-07-07,97.0,390,78.09,28,0,False
CB-1100,2025-07-14,112.0,278,78.09,28,0,False
CB-1100,2025-07-21,124.0,154,78.09,28,0,False
CB-1100,2025-07-28,116.0,525,78.09,28,0,False
CB-1100,2025-08-04,102.0,423,78.09,28,0,False
CB-1100,2025-08-11,97.0,326,78.09,28,0,False
CB-1100,2025-08-18,104.0,222,78.09,28,0,False
CB-1100,2025-08-25,95.0,127,78.09,28,0,False
CB-1100,2025-09-01,108.0,506,78.09,28,0,False
CB-1100,2025-09-08,98.0,408,78.09,28,0,False
CB-1100,2025-09-15,96.0,312,78.09,28,0,False
CB-1100,2025-09-22,94.0,218,78.09,28,0,False
CB-1100,2025-09-29,102.0,604,78.09,28,0,False
CB-1100,2025-10-06,101.0,503,78.09,28,0,False
CB-1100,2025-10-13,103.0,400,78.09,28,0,False
CB-1100,2025-10-20,105.0,295,78.09,28,0,False
CB-1100,2025-10-27,104.0,191,78.09,28,0,False
CB-1100,2025-11-03,98.0,580,78.09,28,0,False
CB-1100,2025-11-10,104.0,476,78.09,28,0,False
CB-1100,2025-11-17,110.0,366,78.09,28,0,False
CB-1100,2025-11-24,136.0,230,78.09,28,0,False
CB-1100,2025-12-01,107.0,123,78.09,28,0,False
CB-1100,2025-12-08,120.0,490,78.09,28,0,False
CB-1100,2025-12-15,129.0,361,78.09,28,0,False
CB-1100,2025-12-22,130.0,231,78.09,28,0,False
CB-1101,2024-01-01,47.0,162,83.07,42,0,False
CB-1101,2024-01-08,68.0,94,83.07,42,0,False
CB-1101,2024-01-15,89.0,5,83.07,42,0,False
CB-1101,2024-01-22,84.0,0,83.07,42,1,False
CB-1101,2024-01-29,55.0,0,83.07,42,1,False
CB-1101,2024-02-05,58.0,0,83.07,42,1,False
CB-1101,2024-02-12,62.0,171,83.07,42,0,False
CB-1101,2024-02-19,65.0,338,83.07,42,0,False
CB-1101,2024-02-26,44.0,294,83.07,42,0,False
CB-1101,2024-03-04,85.0,209,83.07,42,0,False
CB-1101,2024-03-11,70.0,139,83.07,42,0,False
CB-1101,2024-03-18,65.0,74,83.07,42,0,False
CB-1101,2024-03-25,37.0,37,83.07,42,0,False
CB-1101,2024-04-01,68.0,202,83.07,42,0,False
CB-1101,2024-04-08,22.0,180,83.07,42,0,False
CB-1101,2024-04-15,53.0,127,83.07,42,0,False
CB-1101,2024-04-22,53.0,74,83.07,42,0,False
CB-1101,2024-04-29,72.0,235,83.07,42,0,False
CB-1101,2024-05-06,107.0,128,83.07,42,0,False
CB-1101,2024-05-13,77.0,51,83.07,42,0,False
CB-1101,2024-05-20,95.0,0,83.07,42,1,False
CB-1101,2024-05-27,76.0,157,83.07,42,0,False
CB-1101,2024-06-03,84.0,73,83.07,42,0,False
CB-1101,2024-06-10,98.0,0,83.07,42,1,False
CB-1101,2024-06-17,43.0,190,83.07,42,0,False
CB-1101,2024-06-24,41.0,149,83.07,42,0,False
CB-1101,2024-07-01,68.0,81,83.07,42,0,False
CB-1101,2024-07-08,53.0,28,83.07,42,0,False
CB-1101,2024-07-15,56.0,204,83.07,42,0,False
CB-1101,2024-07-22,46.0,158,83.07,42,0,False
CB-1101,2024-07-29,39.0,119,83.07,42,0,False
CB-1101,2024-08-05,74.0,45,83.07,42,0,False
CB-1101,2024-08-12,28.0,250,83.07,42,0,False
CB-1101,2024-08-19,56.0,194,83.07,42,0,False
CB-1101,2024-08-26,52.0,142,83.07,42,0,False
CB-1101,2024-09-02,19.0,123,83.07,42,0,False
CB-1101,2024-09-09,30.0,326,83.07,42,0,False
CB-1101,2024-09-16,33.0,293,83.07,42,0,False
CB-1101,2024-09-23,51.0,242,83.07,42,0,False
CB-1101,2024-09-30,37.0,205,83.07,42,0,False
CB-1101,2024-10-07,41.0,164,83.07,42,0,False
CB-1101,2024-10-14,21.0,375,83.07,42,0,False
CB-1101,2024-10-21,79.0,296,83.07,42,0,False
CB-1101,2024-10-28,45.0,251,83.07,42,0,False
CB-1101,2024-11-04,53.0,198,83.07,42,0,False
CB-1101,2024-11-11,38.0,160,83.07,42,0,False
CB-1101,2024-11-18,37.0,123,83.07,42,0,False
CB-1101,2024-11-25,82.0,41,83.07,42,0,False
CB-1101,2024-12-02,17.0,257,83.07,42,0,False
CB-1101,2024-12-09,58.0,199,83.07,42,0,False
CB-1101,2024-12-16,31.0,168,83.07,42,0,False
CB-1101,2024-12-23,48.0,120,83.07,42,0,False
CB-1101,2024-12-30,45.0,308,83.07,42,0,False
CB-1101,2025-01-06,39.0,269,83.07,42,0,False
CB-1101,2025-01-13,63.0,206,83.07,42,0,False
CB-1101,2025-01-20,6.0,200,83.07,42,0,False
CB-1101,2025-01-27,58.0,142,83.07,42,0,False
CB-1101,2025-02-03,65.0,309,83.07,42,0,False
CB-1101,2025-02-10,36.0,273,83.07,42,0,False
CB-1101,2025-02-17,107.0,166,83.07,42,0,False
CB-1101,2025-02-24,56.0,110,83.07,42,0,False
CB-1101,2025-03-03,66.0,44,83.07,42,0,False
CB-1101,2025-03-10,58.0,0,83.07,42,1,False
CB-1101,2025-03-17,72.0,161,83.07,42,0,False
CB-1101,2025-03-24,108.0,53,83.07,42,0,False
CB-1101,2025-03-31,139.0,0,83.07,42,1,False
CB-1101,2025-04-07,94.0,139,83.07,42,0,False
CB-1101,2025-04-14,103.0,36,83.07,42,0,False
CB-1101,2025-04-21,119.0,0,83.07,42,1,False
CB-1101,2025-04-28,80.0,0,83.07,42,1,False
CB-1101,2025-05-05,113.0,120,83.07,42,0,False
CB-1101,2025-05-12,92.0,28,83.07,42,0,False
CB-1101,2025-05-19,74.0,186,83.07,42,0,False
CB-1101,2025-05-26,78.0,108,83.07,42,0,False
CB-1101,2025-06-02,25.0,83,83.07,42,0,False
CB-1101,2025-06-09,73.0,10,83.07,42,0,False
CB-1101,2025-06-16,30.0,213,83.07,42,0,False
CB-1101,2025-06-23,27.0,186,83.07,42,0,False
CB-1101,2025-06-30,66.0,120,83.07,42,0,False
CB-1101,2025-07-07,36.0,317,83.07,42,0,False
CB-1101,2025-07-14,58.0,259,83.07,42,0,False
CB-1101,2025-07-21,59.0,200,83.07,42,0,False
CB-1101,2025-07-28,58.0,142,83.07,42,0,False
CB-1101,2025-08-04,36.0,106,83.07,42,0,False
CB-1101,2025-08-11,68.0,270,83.07,42,0,False
CB-1101,2025-08-18,49.0,221,83.07,42,0,False
CB-1101,2025-08-25,57.0,164,83.07,42,0,False
CB-1101,2025-09-01,28.0,136,83.07,42,0,False
CB-1101,2025-09-08,45.0,91,83.07,42,0,False
CB-1101,2025-09-15,66.0,258,83.07,42,0,False
CB-1101,2025-09-22,63.0,195,83.07,42,0,False
CB-1101,2025-09-29,34.0,161,83.07,42,0,False
CB-1101,2025-10-06,38.0,123,83.07,42,0,False
CB-1101,2025-10-13,31.0,325,83.07,42,0,False
CB-1101,2025-10-20,37.0,288,83.07,42,0,False
CB-1101,2025-10-27,25.0,263,83.07,42,0,False
CB-1101,2025-11-03,48.0,215,83.07,42,0,False
CB-1101,2025-11-10,63.0,152,83.07,42,0,False
CB-1101,2025-11-17,39.0,345,83.07,42,0,False
CB-1101,2025-11-24,53.0,292,83.07,42,0,False
CB-1101,2025-12-01,52.0,240,83.07,42,0,False
CB-1101,2025-12-08,80.0,160,83.07,42,0,False
CB-1101,2025-12-15,48.0,112,83.07,42,0,False
CB-1101,2025-12-22,50.0,62,83.07,42,0,False
CB-1102,2024-01-01,72.0,113,44.51,42,0,False
CB-1102,2024-01-08,70.0,43,44.51,42,0,False
CB-1102,2024-01-15,73.0,0,44.51,42,1,False
CB-1102,2024-01-22,83.0,0,44.51,42,1,False
CB-1102,2024-01-29,86.0,0,44.51,42,1,False
CB-1102,2024-02-05,69.0,0,44.51,42,1,False
CB-1102,2024-02-12,85.0,224,44.51,42,0,False
CB-1102,2024-02-19,84.0,449,44.51,42,0,False
CB-1102,2024-02-26,81.0,368,44.51,42,0,False
CB-1102,2024-03-04,88.0,280,44.51,42,0,False
CB-1102,2024-03-11,75.0,205,44.51,42,0,False
CB-1102,2024-03-18,98.0,107,44.51,42,0,False
CB-1102,2024-03-25,92.0,15,44.51,42,0,False
CB-1102,2024-04-01,82.0,242,44.51,42,0,False
CB-1102,2024-04-08,85.0,157,44.51,42,0,False
CB-1102,2024-04-15,76.0,81,44.51,42,0,False
CB-1102,2024-04-22,86.0,0,44.51,42,1,False
CB-1102,2024-04-29,84.0,225,44.51,42,0,False
CB-1102,2024-05-06,77.0,148,44.51,42,0,False
CB-1102,2024-05-13,91.0,57,44.51,42,0,False
CB-1102,2024-05-20,93.0,273,44.51,42,0,False
CB-1102,2024-05-27,82.0,191,44.51,42,0,False
CB-1102,2024-06-03,79.0,112,44.51,42,0,False
CB-1102,2024-06-10,82.0,30,44.51,42,0,False
CB-1102,2024-06-17,77.0,262,44.51,42,0,False
CB-1102,2024-06-24,69.0,193,44.51,42,0,False
CB-1102,2024-07-01,69.0,124,44.51,42,0,False
CB-1102,2024-07-08,69.0,55,44.51,42,0,False
CB-1102,2024-07-15,70.0,294,44.51,42,0,False
CB-1102,2024-07-22,67.0,227,44.51,42,0,False
CB-1102,2024-07-29,66.0,161,44.51,42,0,False
CB-1102,2024-08-05,56.0,105,44.51,42,0,False
CB-1102,2024-08-12,65.0,349,44.51,42,0,False
CB-1102,2024-08-19,60.0,289,44.51,42,0,False
CB-1102,2024-08-26,71.0,218,44.51,42,0,False
CB-1102,2024-09-02,56.0,162,44.51,42,0,False
CB-1102,2024-09-09,59.0,412,44.51,42,0,False
CB-1102,2024-09-16,70.0,342,44.51,42,0,False
CB-1102,2024-09-23,57.0,285,44.51,42,0,False
CB-1102,2024-09-30,56.0,229,44.51,42,0,False
CB-1102,2024-10-07,52.0,177,44.51,42,0,False
CB-1102,2024-10-14,64.0,422,44.51,42,0,False
CB-1102,2024-10-21,53.0,369,44.51,42,0,False
CB-1102,2024-10-28,61.0,308,44.51,42,0,False
CB-1102,2024-11-04,58.0,250,44.51,42,0,False
CB-1102,2024-11-11,61.0,189,44.51,42,0,False
CB-1102,2024-11-18,57.0,132,44.51,42,0,False
CB-1102,2024-11-25,73.0,368,44.51,42,0,False
CB-1102,2024-12-02,66.0,302,44.51,42,0,False
CB-1102,2024-12-09,63.0,239,44.51,42,0,False
CB-1102,2024-12-16,80.0,159,44.51,42,0,False
CB-1102,2024-12-23,72.0,87,44.51,42,0,False
CB-1102,2024-12-30,80.0,316,44.51,42,0,False
CB-1102,2025-01-06,85.0,231,44.51,42,0,False
CB-1102,2025-01-13,86.0,145,44.51,42,0,False
CB-1102,2025-01-20,70.0,75,44.51,42,0,False
CB-1102,2025-01-27,92.0,292,44.51,42,0,False
CB-1102,2025-02-03,89.0,203,44.51,42,0,False
CB-1102,2025-02-10,89.0,114,44.51,42,0,False
CB-1102,2025-02-17,93.0,21,44.51,42,0,False
CB-1102,2025-02-24,83.0,247,44.51,42,0,False
CB-1102,2025-03-03,98.0,149,44.51,42,0,False
CB-1102,2025-03-10,87.0,62,44.51,42,0,False
CB-1102,2025-03-17,97.0,0,44.51,42,1,False
CB-1102,2025-03-24,101.0,208,44.51,42,0,False
CB-1102,2025-03-31,108.0,100,44.51,42,0,False
CB-1102,2025-04-07,93.0,7,44.51,42,0,False
CB-1102,2025-04-14,111.0,205,44.51,42,0,False
CB-1102,2025-04-21,107.0,98,44.51,42,0,False
CB-1102,2025-04-28,95.0,3,44.51,42,0,False
CB-1102,2025-05-05,89.0,0,44.51,42,1,False
CB-1102,2025-05-12,85.0,224,44.51,42,0,False
CB-1102,2025-05-19,97.0,127,44.51,42,0,False
CB-1102,2025-05-26,87.0,40,44.51,42,0,False
CB-1102,2025-06-02,100.0,249,44.51,42,0,False
CB-1102,2025-06-09,84.0,165,44.51,42,0,False
CB-1102,2025-06-16,80.0,85,44.51,42,0,False
CB-1102,2025-06-23,86.0,0,44.51,42,1,False
CB-1102,2025-06-30,78.0,231,44.51,42,0,False
CB-1102,2025-07-07,80.0,151,44.51,42,0,False
CB-1102,2025-07-14,84.0,67,44.51,42,0,False
CB-1102,2025-07-21,76.0,300,44.51,42,0,False
CB-1102,2025-07-28,74.0,226,44.51,42,0,False
CB-1102,2025-08-04,72.0,154,44.51,42,0,False
CB-1102,2025-08-11,60.0,94,44.51,42,0,False
CB-1102,2025-08-18,70.0,333,44.51,42,0,False
CB-1102,2025-08-25,67.0,266,44.51,42,0,False
CB-1102,2025-09-01,70.0,196,44.51,42,0,False
CB-1102,2025-09-08,67.0,129,44.51,42,0,False
CB-1102,2025-09-15,63.0,375,44.51,42,0,False
CB-1102,2025-09-22,68.0,307,44.51,42,0,False
CB-1102,2025-09-29,62.0,245,44.51,42,0,False
CB-1102,2025-10-06,65.0,180,44.51,42,0,False
CB-1102,2025-10-13,62.0,118,44.51,42,0,False
CB-1102,2025-10-20,67.0,360,44.51,42,0,False
CB-1102,2025-10-27,64.0,296,44.51,42,0,False
CB-1102,2025-11-03,77.0,219,44.51,42,0,False
CB-1102,2025-11-10,81.0,138,44.51,42,0,False
CB-1102,2025-11-17,76.0,62,44.51,42,0,False
CB-1102,2025-11-24,83.0,288,44.51,42,0,False
CB-1102,2025-12-01,67.0,221,44.51,42,0,False
CB-1102,2025-12-08,69.0,152,44.51,42,0,False
CB-1102,2025-12-15,79.0,73,44.51,42,0,False
CB-1102,2025-12-22,84.0,298,44.51,42,0,False
CB-1103,2024-01-01,89.0,123,21.19,42,0,False
CB-1103,2024-01-08,114.0,9,21.19,42,0,False
CB-1103,2024-01-15,97.0,0,21.19,42,1,False
CB-1103,2024-01-22,96.0,0,21.19,42,1,False
CB-1103,2024-01-29,77.0,0,21.19,42,1,False
CB-1103,2024-02-05,51.0,0,21.19,42,1,False
CB-1103,2024-02-12,77.0,217,21.19,42,0,False
CB-1103,2024-02-19,133.0,379,21.19,42,0,False
CB-1103,2024-02-26,68.0,311,21.19,42,0,False
CB-1103,2024-03-04,66.0,245,21.19,42,0,False
CB-1103,2024-03-11,111.0,134,21.19,42,0,False
CB-1103,2024-03-18,114.0,20,21.19,42,0,False
CB-1103,2024-03-25,57.0,0,21.19,42,1,False
CB-1103,2024-04-01,74.0,220,21.19,42,0,False
CB-1103,2024-04-08,67.0,153,21.19,42,0,False
CB-1103,2024-04-15,83.0,70,21.19,42,0,False
CB-1103,2024-04-22,112.0,253,21.19,42,0,False
CB-1103,2024-04-29,58.0,195,21.19,42,0,False
CB-1103,2024-05-06,110.0,85,21.19,42,0,False
CB-1103,2024-05-13,81.0,4,21.19,42,0,False
CB-1103,2024-05-20,140.0,158,21.19,42,0,False
CB-1103,2024-05-27,84.0,74,21.19,42,0,False
CB-1103,2024-06-03,72.0,2,21.19,42,0,False
CB-1103,2024-06-10,87.0,0,21.19,42,1,False
CB-1103,2024-06-17,63.0,231,21.19,42,0,False
CB-1103,2024-06-24,26.0,205,21.19,42,0,False
CB-1103,2024-07-01,62.0,438,21.19,42,0,False
CB-1103,2024-07-08,60.0,378,21.19,42,0,False
CB-1103,2024-07-15,28.0,350,21.19,42,0,False
CB-1103,2024-07-22,60.0,290,21.19,42,0,False
CB-1103,2024-07-29,17.0,273,21.19,42,0,False
CB-1103,2024-08-05,51.0,222,21.19,42,0,False
CB-1103,2024-08-12,62.0,454,21.19,42,0,False
CB-1103,2024-08-19,57.0,397,21.19,42,0,False
CB-1103,2024-08-26,47.0,350,21.19,42,0,False
CB-1103,2024-09-02,52.0,298,21.19,42,0,False
CB-1103,2024-09-09,38.0,260,21.19,42,0,False
CB-1103,2024-09-16,52.0,208,21.19,42,0,False
CB-1103,2024-09-23,53.0,450,21.19,42,0,False
CB-1103,2024-09-30,36.0,414,21.19,42,0,False
CB-1103,2024-10-07,57.0,357,21.19,42,0,False
CB-1103,2024-10-14,58.0,299,21.19,42,0,False
CB-1103,2024-10-21,50.0,249,21.19,42,0,False
CB-1103,2024-10-28,101.0,148,21.19,42,0,False
CB-1103,2024-11-04,53.0,389,21.19,42,0,False
CB-1103,2024-11-11,52.0,337,21.19,42,0,False
CB-1103,2024-11-18,50.0,287,21.19,42,0,False
CB-1103,2024-11-25,40.0,247,21.19,42,0,False
CB-1103,2024-12-02,78.0,169,21.19,42,0,False
CB-1103,2024-12-09,49.0,415,21.19,42,0,False
CB-1103,2024-12-16,54.0,361,21.19,42,0,False
CB-1103,2024-12-23,56.0,305,21.19,42,0,False
CB-1103,2024-12-30,47.0,258,21.19,42,0,False
CB-1103,2025-01-06,29.0,229,21.19,42,0,False
CB-1103,2025-01-13,64.0,459,21.19,42,0,False
CB-1103,2025-01-20,102.0,357,21.19,42,0,False
CB-1103,2025-01-27,86.0,271,21.19,42,0,False
CB-1103,2025-02-03,127.0,144,21.19,42,0,False
CB-1103,2025-02-10,106.0,38,21.19,42,0,False
CB-1103,2025-02-17,102.0,0,21.19,42,1,False
CB-1103,2025-02-24,145.0,149,21.19,42,0,False
CB-1103,2025-03-03,86.0,63,21.19,42,0,False
CB-1103,2025-03-10,92.0,0,21.19,42,1,False
CB-1103,2025-03-17,90.0,204,21.19,42,0,False
CB-1103,2025-03-24,141.0,63,21.19,42,0,False
CB-1103,2025-03-31,92.0,0,21.19,42,1,False
CB-1103,2025-04-07,71.0,223,21.19,42,0,False
CB-1103,2025-04-14,110.0,113,21.19,42,0,False
CB-1103,2025-04-21,65.0,48,21.19,42,0,False
CB-1103,2025-04-28,107.0,0,21.19,42,1,False
CB-1103,2025-05-05,102.0,192,21.19,42,0,False
CB-1103,2025-05-12,82.0,110,21.19,42,0,False
CB-1103,2025-05-19,104.0,6,21.19,42,0,False
CB-1103,2025-05-26,41.0,260,21.19,42,0,False
CB-1103,2025-06-02,88.0,172,21.19,42,0,False
CB-1103,2025-06-09,68.0,104,21.19,42,0,False
CB-1103,2025-06-16,159.0,0,21.19,42,1,False
CB-1103,2025-06-23,82.0,212,21.19,42,0,False
CB-1103,2025-06-30,60.0,152,21.19,42,0,False
CB-1103,2025-07-07,38.0,114,21.19,42,0,False
CB-1103,2025-07-14,104.0,305,21.19,42,0,False
CB-1103,2025-07-21,61.0,244,21.19,42,0,False
CB-1103,2025-07-28,49.0,195,21.19,42,0,False
CB-1103,2025-08-04,73.0,122,21.19,42,0,False
CB-1103,2025-08-11,78.0,338,21.19,42,0,False
CB-1103,2025-08-18,76.0,262,21.19,42,0,False
CB-1103,2025-08-25,61.0,201,21.19,42,0,False
CB-1103,2025-09-01,63.0,138,21.19,42,0,False
CB-1103,2025-09-08,64.0,74,21.19,42,0,False
CB-1103,2025-09-15,65.0,304,21.19,42,0,False
CB-1103,2025-09-22,67.0,237,21.19,42,0,False
CB-1103,2025-09-29,80.0,157,21.19,42,0,False
CB-1103,2025-10-06,60.0,97,21.19,42,0,False
CB-1103,2025-10-13,42.0,349,21.19,42,0,False
CB-1103,2025-10-20,57.0,292,21.19,42,0,False
CB-1103,2025-10-27,77.0,215,21.19,42,0,False
CB-1103,2025-11-03,23.0,192,21.19,42,0,False
CB-1103,2025-11-10,24.0,463,21.19,42,0,False
CB-1103,2025-11-17,87.0,376,21.19,42,0,False
CB-1103,2025-11-24,104.0,272,21.19,42,0,False
CB-1103,2025-12-01,39.0,233,21.19,42,0,False
CB-1103,2025-12-08,75.0,158,21.19,42,0,False
CB-1103,2025-12-15,64.0,94,21.19,42,0,False
CB-1103,2025-12-22,70.0,318,21.19,42,0,False
CB-1104,2024-01-01,100.0,326,108.01,35,0,False
CB-1104,2024-01-08,110.0,216,108.01,35,0,False
CB-1104,2024-01-15,115.0,101,108.01,35,0,False
CB-1104,2024-01-22,109.0,0,108.01,35,1,False
CB-1104,2024-01-29,131.0,0,108.01,35,1,False
CB-1104,2024-02-05,122.0,367,108.01,35,0,False
CB-1104,2024-02-12,125.0,242,108.01,35,0,False
CB-1104,2024-02-19,135.0,596,108.01,35,0,False
CB-1104,2024-02-26,133.0,463,108.01,35,0,False
CB-1104,2024-03-04,146.0,317,108.01,35,0,False
CB-1104,2024-03-11,128.0,189,108.01,35,0,False
CB-1104,2024-03-18,124.0,65,108.01,35,0,False
CB-1104,2024-03-25,137.0,417,108.01,35,0,False
CB-1104,2024-04-01,142.0,275,108.01,35,0,False
CB-1104,2024-04-08,127.0,148,108.01,35,0,False
CB-1104,2024-04-15,126.0,22,108.01,35,0,False
CB-1104,2024-04-22,143.0,368,108.01,35,0,False
CB-1104,2024-04-29,131.0,237,108.01,35,0,False
CB-1104,2024-05-06,122.0,115,108.01,35,0,False
CB-1104,2024-05-13,147.0,0,108.01,35,1,False
CB-1104,2024-05-20,127.0,362,108.01,35,0,False
CB-1104,2024-05-27,144.0,218,108.01,35,0,False
CB-1104,2024-06-03,129.0,89,108.01,35,0,False
CB-1104,2024-06-10,129.0,449,108.01,35,0,False
CB-1104,2024-06-17,121.0,328,108.01,35,0,False
CB-1104,2024-06-24,94.0,234,108.01,35,0,False
CB-1104,2024-07-01,106.0,128,108.01,35,0,False
CB-1104,2024-07-08,112.0,505,108.01,35,0,False
CB-1104,2024-07-15,113.0,392,108.01,35,0,False
CB-1104,2024-07-22,92.0,300,108.01,35,0,False
CB-1104,2024-07-29,104.0,196,108.01,35,0,False
CB-1104,2024-08-05,92.0,593,108.01,35,0,False
CB-1104,2024-08-12,101.0,492,108.01,35,0,False
CB-1104,2024-08-19,96.0,396,108.01,35,0,False
CB-1104,2024-08-26,100.0,296,108.01,35,0,False
CB-1104,2024-09-02,101.0,195,108.01,35,0,False
CB-1104,2024-09-09,95.0,588,108.01,35,0,False
CB-1104,2024-09-16,97.0,491,108.01,35,0,False
CB-1104,2024-09-23,88.0,403,108.01,35,0,False
CB-1104,2024-09-30,111.0,292,108.01,35,0,False
CB-1104,2024-10-07,82.0,210,108.01,35,0,False
CB-1104,2024-10-14,88.0,611,108.01,35,0,False
CB-1104,2024-10-21,99.0,512,108.01,35,0,False
CB-1104,2024-10-28,100.0,412,108.01,35,0,False
CB-1104,2024-11-04,100.0,312,108.01,35,0,False
CB-1104,2024-11-11,104.0,208,108.01,35,0,False
CB-1104,2024-11-18,85.0,612,108.01,35,0,False
CB-1104,2024-11-25,118.0,494,108.01,35,0,False
CB-1104,2024-12-02,107.0,387,108.01,35,0,False
CB-1104,2024-12-09,123.0,264,108.01,35,0,False
CB-1104,2024-12-16,97.0,167,108.01,35,0,False
CB-1104,2024-12-23,122.0,534,108.01,35,0,False
CB-1104,2024-12-30,118.0,416,108.01,35,0,False
CB-1104,2025-01-06,134.0,282,108.01,35,0,False
CB-1104,2025-01-13,135.0,147,108.01,35,0,False
CB-1104,2025-01-20,140.0,7,108.01,35,0,False
CB-1104,2025-01-27,128.0,368,108.01,35,0,False
CB-1104,2025-02-03,142.0,226,108.01,35,0,False
CB-1104,2025-02-10,144.0,82,108.01,35,0,False
CB-1104,2025-02-17,155.0,0,108.01,35,1,False
CB-1104,2025-02-24,164.0,325,108.01,35,0,False
CB-1104,2025-03-03,156.0,169,108.01,35,0,False
CB-1104,2025-03-10,140.0,29,108.01,35,0,False
CB-1104,2025-03-17,159.0,359,108.01,35,0,False
CB-1104,2025-03-24,192.0,167,108.01,35,0,False
CB-1104,2025-03-31,180.0,0,108.01,35,1,False
CB-1104,2025-04-07,121.0,0,108.01,35,1,False
CB-1104,2025-04-14,160.0,329,108.01,35,0,False
CB-1104,2025-04-21,170.0,159,108.01,35,0,False
CB-1104,2025-04-28,155.0,4,108.01,35,0,False
CB-1104,2025-05-05,149.0,344,108.01,35,0,False
CB-1104,2025-05-12,150.0,194,108.01,35,0,False
CB-1104,2025-05-19,157.0,37,108.01,35,0,False
CB-1104,2025-05-26,134.0,0,108.01,35,1,False
CB-1104,2025-06-02,159.0,330,108.01,35,0,False
CB-1104,2025-06-09,141.0,189,108.01,35,0,False
CB-1104,2025-06-16,128.0,61,108.01,35,0,False
CB-1104,2025-06-23,147.0,403,108.01,35,0,False
CB-1104,2025-06-30,115.0,288,108.01,35,0,False
CB-1104,2025-07-07,122.0,166,108.01,35,0,False
CB-1104,2025-07-14,118.0,48,108.01,35,0,False
CB-1104,2025-07-21,141.0,396,108.01,35,0,False
CB-1104,2025-07-28,110.0,286,108.01,35,0,False
CB-1104,2025-08-04,94.0,192,108.01,35,0,False
CB-1104,2025-08-11,105.0,87,108.01,35,0,False
CB-1104,2025-08-18,112.0,464,108.01,35,0,False
CB-1104,2025-08-25,112.0,352,108.01,35,0,False
CB-1104,2025-09-01,123.0,229,108.01,35,0,False
CB-1104,2025-09-08,114.0,115,108.01,35,0,False
CB-1104,2025-09-15,103.0,500,108.01,35,0,False
CB-1104,2025-09-22,94.0,406,108.01,35,0,False
CB-1104,2025-09-29,114.0,292,108.01,35,0,False
CB-1104,2025-10-06,98.0,194,108.01,35,0,False
CB-1104,2025-10-13,97.0,586,108.01,35,0,False
CB-1104,2025-10-20,100.0,486,108.01,35,0,False
CB-1104,2025-10-27,95.0,391,108.01,35,0,False
CB-1104,2025-11-03,104.0,287,108.01,35,0,False
CB-1104,2025-11-10,109.0,178,108.01,35,0,False
CB-1104,2025-11-17,120.0,547,108.01,35,0,False
CB-1104,2025-11-24,114.0,433,108.01,35,0,False
CB-1104,2025-12-01,109.0,324,108.01,35,0,False
CB-1104,2025-12-08,109.0,215,108.01,35,0,False
CB-1104,2025-12-15,131.0,84,108.01,35,0,False
CB-1104,2025-12-22,134.0,439,108.01,35,0,False
CB-1105,2024-01-01,76.0,239,57.58,14,0,False
CB-1105,2024-01-08,85.0,154,57.58,14,0,False
CB-1105,2024-01-15,74.0,80,57.58,14,0,False
CB-1105,2024-01-22,81.0,329,57.58,14,0,False
CB-1105,2024-01-29,90.0,239,57.58,14,0,False
CB-1105,2024-02-05,80.0,159,57.58,14,0,False
CB-1105,2024-02-12,87.0,72,57.58,14,0,False
CB-1105,2024-02-19,89.0,312,57.58,14,0,False
CB-1105,2024-02-26,81.0,231,57.58,14,0,False
CB-1105,2024-03-04,93.0,138,57.58,14,0,False
CB-1105,2024-03-11,94.0,44,57.58,14,0,False
CB-1105,2024-03-18,98.0,276,57.58,14,0,False
CB-1105,2024-03-25,86.0,190,57.58,14,0,False
CB-1105,2024-04-01,95.0,95,57.58,14,0,False
CB-1105,2024-04-08,106.0,0,57.58,14,1,False
CB-1105,2024-04-15,111.0,219,57.58,14,0,False
CB-1105,2024-04-22,104.0,115,57.58,14,0,False
CB-1105,2024-04-29,85.0,30,57.58,14,0,False
CB-1105,2024-05-06,96.0,263,57.58,14,0,False
CB-1105,2024-05-13,88.0,175,57.58,14,0,False
CB-1105,2024-05-20,92.0,83,57.58,14,0,False
CB-1105,2024-05-27,83.0,330,57.58,14,0,False
CB-1105,2024-06-03,75.0,255,57.58,14,0,False
CB-1105,2024-06-10,83.0,172,57.58,14,0,False
CB-1105,2024-06-17,88.0,84,57.58,14,0,False
CB-1105,2024-06-24,83.0,330,57.58,14,0,False
CB-1105,2024-07-01,81.0,249,57.58,14,0,False
CB-1105,2024-07-08,78.0,171,57.58,14,0,False
CB-1105,2024-07-15,77.0,94,57.58,14,0,False
CB-1105,2024-07-22,75.0,349,57.58,14,0,False
CB-1105,2024-07-29,69.0,280,57.58,14,0,False
CB-1105,2024-08-05,69.0,211,57.58,14,0,False
CB-1105,2024-08-12,76.0,135,57.58,14,0,False
CB-1105,2024-08-19,66.0,69,57.58,14,0,False
CB-1105,2024-08-26,64.0,334,57.58,14,0,False
CB-1105,2024-09-02,63.0,271,57.58,14,0,False
CB-1105,2024-09-09,61.0,210,57.58,14,0,False
CB-1105,2024-09-16,59.0,151,57.58,14,0,False
CB-1105,2024-09-23,62.0,89,57.58,14,0,False
CB-1105,2024-09-30,58.0,361,57.58,14,0,False
CB-1105,2024-10-07,60.0,301,57.58,14,0,False
CB-1105,2024-10-14,58.0,243,57.58,14,0,False
CB-1105,2024-10-21,63.0,180,57.58,14,0,False
CB-1105,2024-10-28,67.0,113,57.58,14,0,False
CB-1105,2024-11-04,64.0,49,57.58,14,0,False
CB-1105,2024-11-11,56.0,323,57.58,14,0,False
CB-1105,2024-11-18,72.0,251,57.58,14,0,False
CB-1105,2024-11-25,71.0,180,57.58,14,0,False
CB-1105,2024-12-02,67.0,113,57.58,14,0,False
CB-1105,2024-12-09,80.0,33,57.58,14,0,False
CB-1105,2024-12-16,69.0,293,57.58,14,0,False
CB-1105,2024-12-23,87.0,206,57.58,14,0,False
CB-1105,2024-12-30,83.0,123,57.58,14,0,False
CB-1105,2025-01-06,70.0,53,57.58,14,0,False
CB-1105,2025-01-13,90.0,293,57.58,14,0,False
CB-1105,2025-01-20,88.0,205,57.58,14,0,False
CB-1105,2025-01-27,90.0,115,57.58,14,0,False
CB-1105,2025-02-03,91.0,24,57.58,14,0,False
CB-1105,2025-02-10,97.0,256,57.58,14,0,False
CB-1105,2025-02-17,97.0,159,57.58,14,0,False
CB-1105,2025-02-24,87.0,72,57.58,14,0,False
CB-1105,2025-03-03,114.0,288,57.58,14,0,False
CB-1105,2025-03-10,103.0,185,57.58,14,0,False
CB-1105,2025-03-17,100.0,85,57.58,14,0,False
CB-1105,2025-03-24,97.0,0,57.58,14,1,False
CB-1105,2025-03-31,114.0,216,57.58,14,0,False
CB-1105,2025-04-07,96.0,120,57.58,14,0,False
CB-1105,2025-04-14,108.0,12,57.58,14,0,False
CB-1105,2025-04-21,102.0,239,57.58,14,0,False
CB-1105,2025-04-28,101.0,138,57.58,14,0,False
CB-1105,2025-05-05,95.0,43,57.58,14,0,False
CB-1105,2025-05-12,98.0,275,57.58,14,0,False
CB-1105,2025-05-19,102.0,173,57.58,14,0,False
CB-1105,2025-05-26,102.0,71,57.58,14,0,False
CB-1105,2025-06-02,91.0,309,57.58,14,0,False
CB-1105,2025-06-09,95.0,214,57.58,14,0,False
CB-1105,2025-06-16,100.0,114,57.58,14,0,False
CB-1105,2025-06-23,79.0,35,57.58,14,0,False
CB-1105,2025-06-30,88.0,277,57.58,14,0,False
CB-1105,2025-07-07,79.0,198,57.58,14,0,False
CB-1105,2025-07-14,76.0,122,57.58,14,0,False
CB-1105,2025-07-21,83.0,39,57.58,14,0,False
CB-1105,2025-07-28,75.0,293,57.58,14,0,False
CB-1105,2025-08-04,69.0,224,57.58,14,0,False
CB-1105,2025-08-11,82.0,142,57.58,14,0,False
CB-1105,2025-08-18,78.0,64,57.58,14,0,False
CB-1105,2025-08-25,60.0,334,57.58,14,0,False
CB-1105,2025-09-01,62.0,272,57.58,14,0,False
CB-1105,2025-09-08,72.0,200,57.58,14,0,False
CB-1105,2025-09-15,67.0,133,57.58,14,0,False
CB-1105,2025-09-22,76.0,57,57.58,14,0,False
CB-1105,2025-09-29,71.0,316,57.58,14,0,False
CB-1105,2025-10-06,70.0,246,57.58,14,0,False
CB-1105,2025-10-13,63.0,183,57.58,14,0,False
CB-1105,2025-10-20,73.0,110,57.58,14,0,False
CB-1105,2025-10-27,64.0,46,57.58,14,0,False
CB-1105,2025-11-03,80.0,295,57.58,14,0,False
CB-1105,2025-11-10,77.0,218,57.58,14,0,False
CB-1105,2025-11-17,72.0,146,57.58,14,0,False
CB-1105,2025-11-24,84.0,62,57.58,14,0,False
CB-1105,2025-12-01,96.0,296,57.58,14,0,False
CB-1105,2025-12-08,83.0,213,57.58,14,0,False
CB-1105,2025-12-15,91.0,122,57.58,14,0,False
CB-1105,2025-12-22,87.0,35,57.58,14,0,False
CB-1106,2024-01-01,57.0,154,165.97,35,0,False
CB-1106,2024-01-08,59.0,95,165.97,35,0,False
CB-1106,2024-01-15,70.0,25,165.97,35,0,False
CB-1106,2024-01-22,54.0,0,165.97,35,1,False
CB-1106,2024-01-29,63.0,0,165.97,35,1,False
CB-1106,2024-02-05,73.0,184,165.97,35,0,False
CB-1106,2024-02-12,66.0,118,165.97,35,0,False
CB-1106,2024-02-19,68.0,307,165.97,35,0,False
CB-1106,2024-02-26,66.0,241,165.97,35,0,False
CB-1106,2024-03-04,66.0,175,165.97,35,0,False
CB-1106,2024-03-11,62.0,113,165.97,35,0,False
CB-1106,2024-03-18,69.0,44,165.97,35,0,False
CB-1106,2024-03-25,68.0,233,165.97,35,0,False
CB-1106,2024-04-01,75.0,158,165.97,35,0,False
CB-1106,2024-04-08,69.0,89,165.97,35,0,False
CB-1106,2024-04-15,71.0,18,165.97,35,0,False
CB-1106,2024-04-22,71.0,205,165.97,35,0,False
CB-1106,2024-04-29,73.0,132,165.97,35,0,False
CB-1106,2024-05-06,69.0,63,165.97,35,0,False
CB-1106,2024-05-13,65.0,0,165.97,35,1,False
CB-1106,2024-05-20,71.0,186,165.97,35,0,False
CB-1106,2024-05-27,75.0,111,165.97,35,0,False
CB-1106,2024-06-03,68.0,43,165.97,35,0,False
CB-1106,2024-06-10,63.0,237,165.97,35,0,False
CB-1106,2024-06-17,64.0,173,165.97,35,0,False
CB-1106,2024-06-24,52.0,121,165.97,35,0,False
CB-1106,2024-07-01,60.0,61,165.97,35,0,False
CB-1106,2024-07-08,57.0,261,165.97,35,0,False
CB-1106,2024-07-15,53.0,208,165.97,35,0,False
CB-1106,2024-07-22,53.0,155,165.97,35,0,False
CB-1106,2024-07-29,53.0,102,165.97,35,0,False
CB-1106,2024-08-05,57.0,303,165.97,35,0,False
CB-1106,2024-08-12,56.0,247,165.97,35,0,False
CB-1106,2024-08-19,47.0,200,165.97,35,0,False
CB-1106,2024-08-26,47.0,153,165.97,35,0,False
CB-1106,2024-09-02,47.0,106,165.97,35,0,False
CB-1106,2024-09-09,51.0,312,165.97,35,0,False
CB-1106,2024-09-16,48.0,264,165.97,35,0,False
CB-1106,2024-09-23,47.0,217,165.97,35,0,False
CB-1106,2024-09-30,49.0,168,165.97,35,0,False
CB-1106,2024-10-07,45.0,123,165.97,35,0,False
CB-1106,2024-10-14,53.0,327,165.97,35,0,False
CB-1106,2024-10-21,48.0,279,165.97,35,0,False
CB-1106,2024-10-28,46.0,233,165.97,35,0,False
CB-1106,2024-11-04,50.0,183,165.97,35,0,False
CB-1106,2024-11-11,57.0,126,165.97,35,0,False
CB-1106,2024-11-18,51.0,332,165.97,35,0,False
CB-1106,2024-11-25,59.0,273,165.97,35,0,False
CB-1106,2024-12-02,54.0,219,165.97,35,0,False
CB-1106,2024-12-09,55.0,164,165.97,35,0,False
CB-1106,2024-12-16,64.0,100,165.97,35,0,False
CB-1106,2024-12-23,58.0,42,165.97,35,0,False
CB-1106,2024-12-30,69.0,230,165.97,35,0,False
CB-1106,2025-01-06,69.0,161,165.97,35,0,False
CB-1106,2025-01-13,64.0,97,165.97,35,0,False
CB-1106,2025-01-20,70.0,27,165.97,35,0,False
CB-1106,2025-01-27,70.0,214,165.97,35,0,False
CB-1106,2025-02-03,77.0,137,165.97,35,0,False
CB-1106,2025-02-10,88.0,49,165.97,35,0,False
CB-1106,2025-02-17,76.0,0,165.97,35,1,False
CB-1106,2025-02-24,83.0,174,165.97,35,0,False
CB-1106,2025-03-03,81.0,93,165.97,35,0,False
CB-1106,2025-03-10,82.0,11,165.97,35,0,False
CB-1106,2025-03-17,81.0,187,165.97,35,0,False
CB-1106,2025-03-24,77.0,110,165.97,35,0,False
CB-1106,2025-03-31,85.0,25,165.97,35,0,False
CB-1106,2025-04-07,81.0,0,165.97,35,1,False
CB-1106,2025-04-14,77.0,180,165.97,35,0,False
CB-1106,2025-04-21,89.0,91,165.97,35,0,False
CB-1106,2025-04-28,83.0,8,165.97,35,0,False
CB-1106,2025-05-05,80.0,185,165.97,35,0,False
CB-1106,2025-05-12,89.0,96,165.97,35,0,False
CB-1106,2025-05-19,67.0,29,165.97,35,0,False
CB-1106,2025-05-26,85.0,0,165.97,35,1,False
CB-1106,2025-06-02,70.0,187,165.97,35,0,False
CB-1106,2025-06-09,75.0,112,165.97,35,0,False
CB-1106,2025-06-16,69.0,43,165.97,35,0,False
CB-1106,2025-06-23,65.0,235,165.97,35,0,False
CB-1106,2025-06-30,76.0,159,165.97,35,0,False
CB-1106,2025-07-07,76.0,83,165.97,35,0,False
CB-1106,2025-07-14,63.0,20,165.97,35,0,False
CB-1106,2025-07-21,64.0,213,165.97,35,0,False
CB-1106,2025-07-28,61.0,152,165.97,35,0,False
CB-1106,2025-08-04,68.0,84,165.97,35,0,False
CB-1106,2025-08-11,48.0,36,165.97,35,0,False
CB-1106,2025-08-18,58.0,236,165.97,35,0,False
CB-1106,2025-08-25,52.0,184,165.97,35,0,False
CB-1106,2025-09-01,44.0,140,165.97,35,0,False
CB-1106,2025-09-08,52.0,88,165.97,35,0,False
CB-1106,2025-09-15,61.0,284,165.97,35,0,False
CB-1106,2025-09-22,50.0,234,165.97,35,0,False
CB-1106,2025-09-29,56.0,178,165.97,35,0,False
CB-1106,2025-10-06,58.0,120,165.97,35,0,False
CB-1106,2025-10-13,53.0,67,165.97,35,0,False
CB-1106,2025-10-20,55.0,269,165.97,35,0,False
CB-1106,2025-10-27,48.0,221,165.97,35,0,False
CB-1106,2025-11-03,53.0,168,165.97,35,0,False
CB-1106,2025-11-10,62.0,106,165.97,35,0,False
CB-1106,2025-11-17,60.0,303,165.97,35,0,False
CB-1106,2025-11-24,63.0,240,165.97,35,0,False
CB-1106,2025-12-01,64.0,176,165.97,35,0,False
CB-1106,2025-12-08,77.0,99,165.97,35,0,False
CB-1106,2025-12-15,65.0,34,165.97,35,0,False
CB-1106,2025-12-22,79.0,212,165.97,35,0,False
CB-1107,2024-01-01,90.0,298,29.77,7,0,False
CB-1107,2024-01-08,105.0,193,29.77,7,0,False
CB-1107,2024-01-15,103.0,90,29.77,7,0,False
CB-1107,2024-01-22,111.0,427,29.77,7,0,False
CB-1107,2024-01-29,123.0,304,29.77,7,0,False
CB-1107,2024-02-05,119.0,185,29.77,7,0,False
CB-1107,2024-02-12,130.0,55,29.77,7,0,False
CB-1107,2024-02-19,114.0,388,29.77,7,0,False
CB-1107,2024-02-26,115.0,273,29.77,7,0,False
CB-1107,2024-03-04,125.0,148,29.77,7,0,False
CB-1107,2024-03-11,126.0,22,29.77,7,0,False
CB-1107,2024-03-18,126.0,344,29.77,7,0,False
CB-1107,2024-03-25,118.0,226,29.77,7,0,False
CB-1107,2024-04-01,141.0,85,29.77,7,0,False
CB-1107,2024-04-08,125.0,407,29.77,7,0,False
CB-1107,2024-04-15,143.0,264,29.77,7,0,False
CB-1107,2024-04-22,128.0,136,29.77,7,0,False
CB-1107,2024-04-29,134.0,2,29.77,7,0,False
CB-1107,2024-05-06,131.0,319,29.77,7,0,False
CB-1107,2024-05-13,116.0,203,29.77,7,0,False
CB-1107,2024-05-20,,77,29.77,7,0,False
CB-1107,2024-05-27,138.0,386,29.77,7,0,False
CB-1107,2024-06-03,120.0,266,29.77,7,0,False
CB-1107,2024-06-10,123.0,143,29.77,7,0,False
CB-1107,2024-06-17,118.0,25,29.77,7,0,False
CB-1107,2024-06-24,112.0,361,29.77,7,0,False
CB-1107,2024-07-01,108.0,253,29.77,7,0,False
CB-1107,2024-07-08,108.0,145,29.77,7,0,False
CB-1107,2024-07-15,107.0,38,29.77,7,0,False
CB-1107,2024-07-22,87.0,398,29.77,7,0,False
CB-1107,2024-07-29,97.0,301,29.77,7,0,False
CB-1107,2024-08-05,91.0,210,29.77,7,0,False
CB-1107,2024-08-12,87.0,123,29.77,7,0,False
CB-1107,2024-08-19,97.0,474,29.77,7,0,False
CB-1107,2024-08-26,81.0,393,29.77,7,0,False
CB-1107,2024-09-02,75.0,318,29.77,7,0,False
CB-1107,2024-09-09,89.0,229,29.77,7,0,False
CB-1107,2024-09-16,73.0,156,29.77,7,0,False
CB-1107,2024-09-23,69.0,87,29.77,7,0,False
CB-1107,2024-09-30,88.0,446,29.77,7,0,False
CB-1107,2024-10-07,84.0,362,29.77,7,0,False
CB-1107,2024-10-14,86.0,276,29.77,7,0,False
CB-1107,2024-10-21,81.0,195,29.77,7,0,False
CB-1107,2024-10-28,77.0,118,29.77,7,0,False
CB-1107,2024-11-04,80.0,486,29.77,7,0,False
CB-1107,2024-11-11,88.0,398,29.77,7,0,False
CB-1107,2024-11-18,83.0,315,29.77,7,0,False
CB-1107,2024-11-25,98.0,217,29.77,7,0,False
CB-1107,2024-12-02,95.0,122,29.77,7,0,False
CB-1107,2024-12-09,104.0,466,29.77,7,0,False
CB-1107,2024-12-16,107.0,359,29.77,7,0,False
CB-1107,2024-12-23,112.0,247,29.77,7,0,False
CB-1107,2024-12-30,117.0,130,29.77,7,0,False
CB-1107,2025-01-06,113.0,464,29.77,7,0,False
CB-1107,2025-01-13,122.0,342,29.77,7,0,False
CB-1107,2025-01-20,126.0,216,29.77,7,0,False
CB-1107,2025-01-27,102.0,114,29.77,7,0,False
CB-1107,2025-02-03,137.0,425,29.77,7,0,False
CB-1107,2025-02-10,135.0,290,29.77,7,0,False
CB-1107,2025-02-17,142.0,148,29.77,7,0,False
CB-1107,2025-02-24,124.0,24,29.77,7,0,False
CB-1107,2025-03-03,137.0,334,29.77,7,0,False
CB-1107,2025-03-10,130.0,204,29.77,7,0,False
CB-1107,2025-03-17,152.0,52,29.77,7,0,False
CB-1107,2025-03-24,128.0,372,29.77,7,0,False
CB-1107,2025-03-31,134.0,238,29.77,7,0,False
CB-1107,2025-04-07,151.0,87,29.77,7,0,False
CB-1107,2025-04-14,137.0,397,29.77,7,0,False
CB-1107,2025-04-21,133.0,264,29.77,7,0,False
CB-1107,2025-04-28,153.0,111,29.77,7,0,False
CB-1107,2025-05-05,152.0,407,29.77,7,0,False
CB-1107,2025-05-12,148.0,259,29.77,7,0,False
CB-1107,2025-05-19,147.0,112,29.77,7,0,False
CB-1107,2025-05-26,132.0,427,29.77,7,0,False
CB-1107,2025-06-02,130.0,297,29.77,7,0,False
CB-1107,2025-06-09,122.0,175,29.77,7,0,False
CB-1107,2025-06-16,128.0,47,29.77,7,0,False
CB-1107,2025-06-23,117.0,378,29.77,7,0,False
CB-1107,2025-06-30,115.0,263,29.77,7,0,False
CB-1107,2025-07-07,121.0,142,29.77,7,0,False
CB-1107,2025-07-14,123.0,19,29.77,7,0,False
CB-1107,2025-07-21,113.0,353,29.77,7,0,False
CB-1107,2025-07-28,122.0,231,29.77,7,0,False
CB-1107,2025-08-04,98.0,133,29.77,7,0,False
CB-1107,2025-08-11,86.0,47,29.77,7,0,False
CB-1107,2025-08-18,104.0,391,29.77,7,0,False
CB-1107,2025-08-25,90.0,301,29.77,7,0,False
CB-1107,2025-09-01,93.0,208,29.77,7,0,False
CB-1107,2025-09-08,80.0,128,29.77,7,0,False
CB-1107,2025-09-15,86.0,489,29.77,7,0,False
CB-1107,2025-09-22,81.0,408,29.77,7,0,False
CB-1107,2025-09-29,89.0,319,29.77,7,0,False
CB-1107,2025-10-06,89.0,230,29.77,7,0,False
CB-1107,2025-10-13,94.0,136,29.77,7,0,False
CB-1107,2025-10-20,104.0,32,29.77,7,0,False
CB-1107,2025-10-27,101.0,379,29.77,7,0,False
CB-1107,2025-11-03,86.0,293,29.77,7,0,False
CB-1107,2025-11-10,106.0,187,29.77,7,0,False
CB-1107,2025-11-17,105.0,82,29.77,7,0,False
CB-1107,2025-11-24,106.0,424,29.77,7,0,False
CB-1107,2025-12-01,110.0,314,29.77,7,0,False
CB-1107,2025-12-08,116.0,198,29.77,7,0,False
CB-1107,2025-12-15,111.0,87,29.77,7,0,False
CB-1107,2025-12-22,120.0,414,29.77,7,0,False
CB-1108,2024-01-01,88.0,260,6.25,14,0,False
CB-1108,2024-01-08,98.0,162,6.25,14,0,False
CB-1108,2024-01-15,93.0,69,6.25,14,0,False
CB-1108,2024-01-22,91.0,406,6.25,14,0,False
CB-1108,2024-01-29,105.0,301,6.25,14,0,False
CB-1108,2024-02-05,124.0,177,6.25,14,0,False
CB-1108,2024-02-12,113.0,64,6.25,14,0,False
CB-1108,2024-02-19,117.0,375,6.25,14,0,False
CB-1108,2024-02-26,98.0,277,6.25,14,0,False
CB-1108,2024-03-04,124.0,153,6.25,14,0,False
CB-1108,2024-03-11,122.0,31,6.25,14,0,False
CB-1108,2024-03-18,116.0,343,6.25,14,0,False
CB-1108,2024-03-25,125.0,218,6.25,14,0,False
CB-1108,2024-04-01,125.0,93,6.25,14,0,False
CB-1108,2024-04-08,113.0,408,6.25,14,0,False
CB-1108,2024-04-15,127.0,281,6.25,14,0,False
CB-1108,2024-04-22,135.0,146,6.25,14,0,False
CB-1108,2024-04-29,120.0,26,6.25,14,0,False
CB-1108,2024-05-06,112.0,343,6.25,14,0,False
CB-1108,2024-05-13,117.0,226,6.25,14,0,False
CB-1108,2024-05-20,125.0,101,6.25,14,0,False
CB-1108,2024-05-27,104.0,425,6.25,14,0,False
CB-1108,2024-06-03,118.0,307,6.25,14,0,False
CB-1108,2024-06-10,104.0,203,6.25,14,0,False
CB-1108,2024-06-17,110.0,93,6.25,14,0,False
CB-1108,2024-06-24,100.0,421,6.25,14,0,False
CB-1108,2024-07-01,97.0,324,6.25,14,0,False
CB-1108,2024-07-08,111.0,213,6.25,14,0,False
CB-1108,2024-07-15,86.0,127,6.25,14,0,False
CB-1108,2024-07-22,97.0,458,6.25,14,0,False
CB-1108,2024-07-29,104.0,354,6.25,14,0,False
CB-1108,2024-08-05,93.0,261,6.25,14,0,False
CB-1108,2024-08-12,77.0,184,6.25,14,0,False
CB-1108,2024-08-19,76.0,108,6.25,14,0,False
CB-1108,2024-08-26,78.0,458,6.25,14,0,False
CB-1108,2024-09-02,82.0,376,6.25,14,0,False
CB-1108,2024-09-09,81.0,295,6.25,14,0,False
CB-1108,2024-09-16,71.0,224,6.25,14,0,False
CB-1108,2024-09-23,73.0,151,6.25,14,0,False
CB-1108,2024-09-30,74.0,505,6.25,14,0,False
CB-1108,2024-10-07,78.0,427,6.25,14,0,False
CB-1108,2024-10-14,93.0,334,6.25,14,0,False
CB-1108,2024-10-21,75.0,259,6.25,14,0,False
CB-1108,2024-10-28,76.0,183,6.25,14,0,False
CB-1108,2024-11-04,77.0,106,6.25,14,0,False
CB-1108,2024-11-11,91.0,443,6.25,14,0,False
CB-1108,2024-11-18,89.0,354,6.25,14,0,False
CB-1108,2024-11-25,85.0,269,6.25,14,0,False
CB-1108,2024-12-02,92.0,177,6.25,14,0,False
CB-1108,2024-12-09,92.0,85,6.25,14,0,False
CB-1108,2024-12-16,104.0,409,6.25,14,0,False
CB-1108,2024-12-23,127.0,282,6.25,14,0,False
CB-1108,2024-12-30,113.0,169,6.25,14,0,False
CB-1108,2025-01-06,111.0,58,6.25,14,0,False
CB-1108,2025-01-13,109.0,377,6.25,14,0,False
CB-1108,2025-01-20,106.0,271,6.25,14,0,False
CB-1108,2025-01-27,129.0,142,6.25,14,0,False
CB-1108,2025-02-03,132.0,10,6.25,14,0,False
CB-1108,2025-02-10,123.0,316,6.25,14,0,False
CB-1108,2025-02-17,143.0,173,6.25,14,0,False
CB-1108,2025-02-24,133.0,40,6.25,14,0,False
CB-1108,2025-03-03,143.0,325,6.25,14,0,False
CB-1108,2025-03-10,140.0,185,6.25,14,0,False
CB-1108,2025-03-17,136.0,49,6.25,14,0,False
CB-1108,2025-03-24,128.0,349,6.25,14,0,False
CB-1108,2025-03-31,138.0,211,6.25,14,0,False
CB-1108,2025-04-07,149.0,62,6.25,14,0,False
CB-1108,2025-04-14,133.0,357,6.25,14,0,False
CB-1108,2025-04-21,143.0,214,6.25,14,0,False
CB-1108,2025-04-28,125.0,89,6.25,14,0,False
CB-1108,2025-05-05,144.0,373,6.25,14,0,False
CB-1108,2025-05-12,137.0,236,6.25,14,0,False
CB-1108,2025-05-19,119.0,117,6.25,14,0,False
CB-1108,2025-05-26,127.0,0,6.25,14,1,False
CB-1108,2025-06-02,136.0,292,6.25,14,0,False
CB-1108,2025-06-09,111.0,181,6.25,14,0,False
CB-1108,2025-06-16,110.0,71,6.25,14,0,False
CB-1108,2025-06-23,117.0,382,6.25,14,0,False
CB-1108,2025-06-30,134.0,248,6.25,14,0,False
CB-1108,2025-07-07,105.0,143,6.25,14,0,False
CB-1108,2025-07-14,112.0,31,6.25,14,0,False
CB-1108,2025-07-21,107.0,352,6.25,14,0,False
CB-1108,2025-07-28,97.0,255,6.25,14,0,False
CB-1108,2025-08-04,101.0,154,6.25,14,0,False
CB-1108,2025-08-11,93.0,61,6.25,14,0,False
CB-1108,2025-08-18,92.0,397,6.25,14,0,False
CB-1108,2025-08-25,80.0,317,6.25,14,0,False
CB-1108,2025-09-01,91.0,226,6.25,14,0,False
CB-1108,2025-09-08,96.0,130,6.25,14,0,False
CB-1108,2025-09-15,89.0,470,6.25,14,0,False
CB-1108,2025-09-22,96.0,374,6.25,14,0,False
CB-1108,2025-09-29,92.0,282,6.25,14,0,False
CB-1108,2025-10-06,88.0,194,6.25,14,0,False
CB-1108,2025-10-13,85.0,109,6.25,14,0,False
CB-1108,2025-10-20,87.0,450,6.25,14,0,False
CB-1108,2025-10-27,81.0,369,6.25,14,0,False
CB-1108,2025-11-03,92.0,277,6.25,14,0,False
CB-1108,2025-11-10,98.0,179,6.25,14,0,False
CB-1108,2025-11-17,113.0,66,6.25,14,0,False
CB-1108,2025-11-24,107.0,387,6.25,14,0,False
CB-1108,2025-12-01,99.0,288,6.25,14,0,False
CB-1108,2025-12-08,97.0,191,6.25,14,0,False
CB-1108,2025-12-15,111.0,80,6.25,14,0,False
CB-1108,2025-12-22,124.0,384,6.25,14,0,False
CB-1109,2024-01-01,42.0,75,11.98,14,0,False
CB-1109,2024-01-08,47.0,28,11.98,14,0,False
CB-1109,2024-01-15,40.0,185,11.98,14,0,False
CB-1109,2024-01-22,53.0,132,11.98,14,0,False
CB-1109,2024-01-29,44.0,88,11.98,14,0,False
CB-1109,2024-02-05,53.0,35,11.98,14,0,False
CB-1109,2024-02-12,50.0,181,11.98,14,0,False
CB-1109,2024-02-19,51.0,130,11.98,14,0,False
CB-1109,2024-02-26,52.0,78,11.98,14,0,False
CB-1109,2024-03-04,55.0,23,11.98,14,0,False
CB-1109,2024-03-11,56.0,164,11.98,14,0,False
CB-1109,2024-03-18,59.0,105,11.98,14,0,False
CB-1109,2024-03-25,61.0,44,11.98,14,0,False
CB-1109,2024-04-01,57.0,184,11.98,14,0,False
CB-1109,2024-04-08,63.0,121,11.98,14,0,False
CB-1109,2024-04-15,56.0,65,11.98,14,0,False
CB-1109,2024-04-22,60.0,5,11.98,14,0,False
CB-1109,2024-04-29,56.0,145,11.98,14,0,False
CB-1109,2024-05-06,52.0,93,11.98,14,0,False
CB-1109,2024-05-13,54.0,39,11.98,14,0,False
CB-1109,2024-05-20,55.0,181,11.98,14,0,False
CB-1109,2024-05-27,51.0,130,11.98,14,0,False
CB-1109,2024-06-03,52.0,78,11.98,14,0,False
CB-1109,2024-06-10,53.0,25,11.98,14,0,False
CB-1109,2024-06-17,48.0,174,11.98,14,0,False
CB-1109,2024-06-24,36.0,138,11.98,14,0,False
CB-1109,2024-07-01,52.0,86,11.98,14,0,False
CB-1109,2024-07-08,43.0,43,11.98,14,0,False
CB-1109,2024-07-15,40.0,199,11.98,14,0,False
CB-1109,2024-07-22,38.0,161,11.98,14,0,False
CB-1109,2024-07-29,40.0,121,11.98,14,0,False
CB-1109,2024-08-05,38.0,83,11.98,14,0,False
CB-1109,2024-08-12,36.0,47,11.98,14,0,False
CB-1109,2024-08-19,36.0,208,11.98,14,0,False
CB-1109,2024-08-26,38.0,170,11.98,14,0,False
CB-1109,2024-09-02,42.0,128,11.98,14,0,False
CB-1109,2024-09-09,38.0,90,11.98,14,0,False
CB-1109,2024-09-16,39.0,51,11.98,14,0,False
CB-1109,2024-09-23,34.0,214,11.98,14,0,False
CB-1109,2024-09-30,36.0,178,11.98,14,0,False
CB-1109,2024-10-07,37.0,141,11.98,14,0,False
CB-1109,2024-10-14,34.0,107,11.98,14,0,False
CB-1109,2024-10-21,35.0,72,11.98,14,0,False
CB-1109,2024-10-28,39.0,229,11.98,14,0,False
CB-1109,2024-11-04,41.0,188,11.98,14,0,False
CB-1109,2024-11-11,39.0,149,11.98,14,0,False
CB-1109,2024-11-18,36.0,113,11.98,14,0,False
CB-1109,2024-11-25,40.0,73,11.98,14,0,False
CB-1109,2024-12-02,38.0,35,11.98,14,0,False
CB-1109,2024-12-09,44.0,188,11.98,14,0,False
CB-1109,2024-12-16,46.0,142,11.98,14,0,False
CB-1109,2024-12-23,46.0,96,11.98,14,0,False
CB-1109,2024-12-30,49.0,47,11.98,14,0,False
CB-1109,2025-01-06,52.0,192,11.98,14,0,False
CB-1109,2025-01-13,53.0,139,11.98,14,0,False
CB-1109,2025-01-20,48.0,91,11.98,14,0,False
CB-1109,2025-01-27,53.0,38,11.98,14,0,False
CB-1109,2025-02-03,58.0,177,11.98,14,0,False
CB-1109,2025-02-10,64.0,113,11.98,14,0,False
CB-1109,2025-02-17,57.0,56,11.98,14,0,False
CB-1109,2025-02-24,62.0,0,11.98,14,1,False
CB-1109,2025-03-03,65.0,132,11.98,14,0,False
CB-1109,2025-03-10,60.0,72,11.98,14,0,False
CB-1109,2025-03-17,67.0,5,11.98,14,0,False
CB-1109,2025-03-24,68.0,133,11.98,14,0,False
CB-1109,2025-03-31,69.0,64,11.98,14,0,False
CB-1109,2025-04-07,65.0,0,11.98,14,1,False
CB-1109,2025-04-14,74.0,123,11.98,14,0,False
CB-1109,2025-04-21,59.0,64,11.98,14,0,False
CB-1109,2025-04-28,72.0,0,11.98,14,1,False
CB-1109,2025-05-05,64.0,133,11.98,14,0,False
CB-1109,2025-05-12,66.0,67,11.98,14,0,False
CB-1109,2025-05-19,57.0,10,11.98,14,0,False
CB-1109,2025-05-26,62.0,144,11.98,14,0,False
CB-1109,2025-06-02,63.0,81,11.98,14,0,False
CB-1109,2025-06-09,51.0,30,11.98,14,0,False
CB-1109,2025-06-16,53.0,174,11.98,14,0,False
CB-1109,2025-06-23,44.0,130,11.98,14,0,False
CB-1109,2025-06-30,50.0,80,11.98,14,0,False
CB-1109,2025-07-07,47.0,33,11.98,14,0,False
CB-1109,2025-07-14,47.0,183,11.98,14,0,False
CB-1109,2025-07-21,58.0,125,11.98,14,0,False
CB-1109,2025-07-28,52.0,73,11.98,14,0,False
CB-1109,2025-08-04,39.0,34,11.98,14,0,False
CB-1109,2025-08-11,45.0,185,11.98,14,0,False
CB-1109,2025-08-18,45.0,140,11.98,14,0,False
CB-1109,2025-08-25,40.0,100,11.98,14,0,False
CB-1109,2025-09-01,41.0,59,11.98,14,0,False
CB-1109,2025-09-08,41.0,215,11.98,14,0,False
CB-1109,2025-09-15,35.0,180,11.98,14,0,False
CB-1109,2025-09-22,36.0,144,11.98,14,0,False
CB-1109,2025-09-29,40.0,104,11.98,14,0,False
CB-1109,2025-10-06,40.0,64,11.98,14,0,False
CB-1109,2025-10-13,38.0,223,11.98,14,0,False
CB-1109,2025-10-20,38.0,185,11.98,14,0,False
CB-1109,2025-10-27,41.0,144,11.98,14,0,False
CB-1109,2025-11-03,45.0,99,11.98,14,0,False
CB-1109,2025-11-10,43.0,56,11.98,14,0,False
CB-1109,2025-11-17,50.0,203,11.98,14,0,False
CB-1109,2025-11-24,43.0,160,11.98,14,0,False
CB-1109,2025-12-01,48.0,112,11.98,14,0,False
CB-1109,2025-12-08,48.0,64,11.98,14,0,False
CB-1109,2025-12-15,53.0,11,11.98,14,0,False
CB-1109,2025-12-22,49.0,158,11.98,14,0,False
CB-1110,2024-01-01,123.0,97,123.33,14,0,False
CB-1110,2024-01-08,82.0,15,123.33,14,0,False
CB-1110,2024-01-15,98.0,270,123.33,14,0,False
CB-1110,2024-01-22,124.0,146,123.33,14,0,False
CB-1110,2024-01-29,113.0,33,123.33,14,0,False
CB-1110,2024-02-05,66.0,320,123.33,14,0,False
CB-1110,2024-02-12,110.0,210,123.33,14,0,False
CB-1110,2024-02-19,154.0,56,123.33,14,0,False
CB-1110,2024-02-26,65.0,0,123.33,14,1,False
CB-1110,2024-03-04,167.0,186,123.33,14,0,False
CB-1110,2024-03-11,110.0,76,123.33,14,0,False
CB-1110,2024-03-18,83.0,346,123.33,14,0,False
CB-1110,2024-03-25,68.0,278,123.33,14,0,False
CB-1110,2024-04-01,92.0,186,123.33,14,0,False
CB-1110,2024-04-08,31.0,155,123.33,14,0,False
CB-1110,2024-04-15,85.0,423,123.33,14,0,False
CB-1110,2024-04-22,90.0,333,123.33,14,0,False
CB-1110,2024-04-29,61.0,272,123.33,14,0,False
CB-1110,2024-05-06,122.0,150,123.33,14,0,False
CB-1110,2024-05-13,88.0,62,123.33,14,0,False
CB-1110,2024-05-20,73.0,342,123.33,14,0,False
CB-1110,2024-05-27,82.0,260,123.33,14,0,False
CB-1110,2024-06-03,102.0,158,123.33,14,0,False
CB-1110,2024-06-10,91.0,67,123.33,14,0,False
CB-1110,2024-06-17,65.0,355,123.33,14,0,False
CB-1110,2024-06-24,88.0,267,123.33,14,0,False
CB-1110,2024-07-01,80.0,187,123.33,14,0,False
CB-1110,2024-07-08,48.0,139,123.33,14,0,False
CB-1110,2024-07-15,70.0,422,123.33,14,0,False
CB-1110,2024-07-22,90.0,332,123.33,14,0,False
CB-1110,2024-07-29,88.0,244,123.33,14,0,False
CB-1110,2024-08-05,65.0,179,123.33,14,0,False
CB-1110,2024-08-12,86.0,93,123.33,14,0,False
CB-1110,2024-08-19,44.0,402,123.33,14,0,False
CB-1110,2024-08-26,44.0,358,123.33,14,0,False
CB-1110,2024-09-02,59.0,299,123.33,14,0,False
CB-1110,2024-09-09,98.0,201,123.33,14,0,False
CB-1110,2024-09-16,67.0,134,123.33,14,0,False
CB-1110,2024-09-23,57.0,430,123.33,14,0,False
CB-1110,2024-09-30,98.0,332,123.33,14,0,False
CB-1110,2024-10-07,57.0,275,123.33,14,0,False
CB-1110,2024-10-14,114.0,161,123.33,14,0,False
CB-1110,2024-10-21,53.0,108,123.33,14,0,False
CB-1110,2024-10-28,43.0,418,123.33,14,0,False
CB-1110,2024-11-04,64.0,354,123.33,14,0,False
CB-1110,2024-11-11,64.0,290,123.33,14,0,False
CB-1110,2024-11-18,51.0,239,123.33,14,0,False
CB-1110,2024-11-25,141.0,98,123.33,14,0,False
CB-1110,2024-12-02,85.0,13,123.33,14,0,False
CB-1110,2024-12-09,91.0,275,123.33,14,0,False
CB-1110,2024-12-16,68.0,207,123.33,14,0,False
CB-1110,2024-12-23,67.0,140,123.33,14,0,False
CB-1110,2024-12-30,118.0,375,123.33,14,0,False
CB-1110,2025-01-06,37.0,338,123.33,14,0,False
CB-1110,2025-01-13,56.0,282,123.33,14,0,False
CB-1110,2025-01-20,87.0,195,123.33,14,0,False
CB-1110,2025-01-27,144.0,51,123.33,14,0,False
CB-1110,2025-02-03,87.0,317,123.33,14,0,False
CB-1110,2025-02-10,118.0,199,123.33,14,0,False
CB-1110,2025-02-17,106.0,93,123.33,14,0,False
CB-1110,2025-02-24,155.0,290,123.33,14,0,False
CB-1110,2025-03-03,48.0,242,123.33,14,0,False
CB-1110,2025-03-10,138.0,104,123.33,14,0,False
CB-1110,2025-03-17,103.0,1,123.33,14,0,False
CB-1110,2025-03-24,147.0,207,123.33,14,0,False
CB-1110,2025-03-31,80.0,127,123.33,14,0,False
CB-1110,2025-04-07,113.0,367,123.33,14,0,False
CB-1110,2025-04-14,108.0,259,123.33,14,0,False
CB-1110,2025-04-21,72.0,187,123.33,14,0,False
CB-1110,2025-04-28,61.0,126,123.33,14,0,False
CB-1110,2025-05-05,87.0,392,123.33,14,0,False
CB-1110,2025-05-12,112.0,280,123.33,14,0,False
CB-1110,2025-05-19,78.0,202,123.33,14,0,False
CB-1110,2025-05-26,92.0,110,123.33,14,0,False
CB-1110,2025-06-02,35.0,428,123.33,14,0,False
CB-1110,2025-06-09,87.0,341,123.33,14,0,False
CB-1110,2025-06-16,132.0,209,123.33,14,0,False
CB-1110,2025-06-23,118.0,91,123.33,14,0,False
CB-1110,2025-06-30,89.0,2,123.33,14,0,False
CB-1110,2025-07-07,97.0,258,123.33,14,0,False
CB-1110,2025-07-14,62.0,196,123.33,14,0,False
CB-1110,2025-07-21,132.0,64,123.33,14,0,False
CB-1110,2025-07-28,141.0,276,123.33,14,0,False
CB-1110,2025-08-04,84.0,192,123.33,14,0,False
CB-1110,2025-08-11,148.0,44,123.33,14,0,False
CB-1110,2025-08-18,58.0,339,123.33,14,0,False
CB-1110,2025-08-25,42.0,297,123.33,14,0,False
CB-1110,2025-09-01,55.0,242,123.33,14,0,False
CB-1110,2025-09-08,66.0,176,123.33,14,0,False
CB-1110,2025-09-15,129.0,47,123.33,14,0,False
CB-1110,2025-09-22,64.0,336,123.33,14,0,False
CB-1110,2025-09-29,50.0,286,123.33,14,0,False
CB-1110,2025-10-06,49.0,237,123.33,14,0,False
CB-1110,2025-10-13,100.0,137,123.33,14,0,False
CB-1110,2025-10-20,98.0,39,123.33,14,0,False
CB-1110,2025-10-27,62.0,330,123.33,14,0,False
CB-1110,2025-11-03,26.0,304,123.33,14,0,False
CB-1110,2025-11-10,47.0,257,123.33,14,0,False
CB-1110,2025-11-17,128.0,129,123.33,14,0,False
CB-1110,2025-11-24,102.0,27,123.33,14,0,False
CB-1110,2025-12-01,87.0,293,123.33,14,0,False
CB-1110,2025-12-08,145.0,148,123.33,14,0,False
CB-1110,2025-12-15,153.0,0,123.33,14,1,False
CB-1110,2025-12-22,93.0,260,123.33,14,0,False
CB-1111,2024-01-01,94.0,256,92.05,35,0,False
CB-1111,2024-01-08,87.0,169,92.05,35,0,False
CB-1111,2024-01-15,90.0,79,92.05,35,0,False
CB-1111,2024-01-22,91.0,0,92.05,35,1,False
CB-1111,2024-01-29,117.0,0,92.05,35,1,False
CB-1111,2024-02-05,97.0,333,92.05,35,0,False
CB-1111,2024-02-12,131.0,202,92.05,35,0,False
CB-1111,2024-02-19,109.0,523,92.05,35,0,False
CB-1111,2024-02-26,134.0,389,92.05,35,0,False
CB-1111,2024-03-04,116.0,273,92.05,35,0,False
CB-1111,2024-03-11,106.0,167,92.05,35,0,False
CB-1111,2024-03-18,135.0,32,92.05,35,0,False
CB-1111,2024-03-25,137.0,325,92.05,35,0,False
CB-1111,2024-04-01,115.0,210,92.05,35,0,False
CB-1111,2024-04-08,120.0,90,92.05,35,0,False
CB-1111,2024-04-15,114.0,0,92.05,35,1,False
CB-1111,2024-04-22,122.0,308,92.05,35,0,False
CB-1111,2024-04-29,123.0,185,92.05,35,0,False
CB-1111,2024-05-06,117.0,68,92.05,35,0,False
CB-1111,2024-05-13,102.0,396,92.05,35,0,False
CB-1111,2024-05-20,112.0,284,92.05,35,0,False
CB-1111,2024-05-27,122.0,162,92.05,35,0,False
CB-1111,2024-06-03,111.0,51,92.05,35,0,False
CB-1111,2024-06-10,107.0,374,92.05,35,0,False
CB-1111,2024-06-17,100.0,274,92.05,35,0,False
CB-1111,2024-06-24,100.0,174,92.05,35,0,False
CB-1111,2024-07-01,113.0,61,92.05,35,0,False
CB-1111,2024-07-08,90.0,400,92.05,35,0,False
CB-1111,2024-07-15,102.0,298,92.05,35,0,False
CB-1111,2024-07-22,94.0,204,92.05,35,0,False
CB-1111,2024-07-29,93.0,111,92.05,35,0,False
CB-1111,2024-08-05,83.0,458,92.05,35,0,False
CB-1111,2024-08-12,84.0,374,92.05,35,0,False
CB-1111,2024-08-19,84.0,290,92.05,35,0,False
CB-1111,2024-08-26,79.0,211,92.05,35,0,False
CB-1111,2024-09-02,83.0,558,92.05,35,0,False
CB-1111,2024-09-09,83.0,475,92.05,35,0,False
CB-1111,2024-09-16,93.0,382,92.05,35,0,False
CB-1111,2024-09-23,81.0,301,92.05,35,0,False
CB-1111,2024-09-30,67.0,234,92.05,35,0,False
CB-1111,2024-10-07,87.0,147,92.05,35,0,False
CB-1111,2024-10-14,79.0,498,92.05,35,0,False
CB-1111,2024-10-21,94.0,404,92.05,35,0,False
CB-1111,2024-10-28,92.0,312,92.05,35,0,False
CB-1111,2024-11-04,81.0,231,92.05,35,0,False
CB-1111,2024-11-11,92.0,139,92.05,35,0,False
CB-1111,2024-11-18,85.0,484,92.05,35,0,False
CB-1111,2024-11-25,92.0,392,92.05,35,0,False
CB-1111,2024-12-02,100.0,292,92.05,35,0,False
CB-1111,2024-12-09,107.0,185,92.05,35,0,False
CB-1111,2024-12-16,108.0,77,92.05,35,0,False
CB-1111,2024-12-23,105.0,402,92.05,35,0,False
CB-1111,2024-12-30,130.0,272,92.05,35,0,False
CB-1111,2025-01-06,108.0,164,92.05,35,0,False
CB-1111,2025-01-13,100.0,64,92.05,35,0,False
CB-1111,2025-01-20,105.0,388,92.05,35,0,False
CB-1111,2025-01-27,136.0,252,92.05,35,0,False
CB-1111,2025-02-03,124.0,128,92.05,35,0,False
CB-1111,2025-02-10,129.0,0,92.05,35,1,False
CB-1111,2025-02-17,125.0,305,92.05,35,0,False
CB-1111,2025-02-24,128.0,177,92.05,35,0,False
CB-1111,2025-03-03,126.0,51,92.05,35,0,False
CB-1111,2025-03-10,142.0,0,92.05,35,1,False
CB-1111,2025-03-17,137.0,293,92.05,35,0,False
CB-1111,2025-03-24,143.0,150,92.05,35,0,False
CB-1111,2025-03-31,143.0,7,92.05,35,0,False
CB-1111,2025-04-07,134.0,303,92.05,35,0,False
CB-1111,2025-04-14,123.0,180,92.05,35,0,False
CB-1111,2025-04-21,121.0,59,92.05,35,0,False
CB-1111,2025-04-28,170.0,0,92.05,35,1,False
CB-1111,2025-05-05,152.0,278,92.05,35,0,False
CB-1111,2025-05-12,148.0,130,92.05,35,0,False
CB-1111,2025-05-19,125.0,5,92.05,35,0,False
CB-1111,2025-05-26,129.0,306,92.05,35,0,False
CB-1111,2025-06-02,118.0,188,92.05,35,0,False
CB-1111,2025-06-09,111.0,77,92.05,35,0,False
CB-1111,2025-06-16,115.0,0,92.05,35,1,False
CB-1111,2025-06-23,130.0,300,92.05,35,0,False
CB-1111,2025-06-30,122.0,178,92.05,35,0,False
CB-1111,2025-07-07,103.0,75,92.05,35,0,False
CB-1111,2025-07-14,105.0,400,92.05,35,0,False
CB-1111,2025-07-21,111.0,289,92.05,35,0,False
CB-1111,2025-07-28,97.0,192,92.05,35,0,False
CB-1111,2025-08-04,100.0,92,92.05,35,0,False
CB-1111,2025-08-11,100.0,422,92.05,35,0,False
CB-1111,2025-08-18,97.0,325,92.05,35,0,False
CB-1111,2025-08-25,94.0,231,92.05,35,0,False
CB-1111,2025-09-01,86.0,145,92.05,35,0,False
CB-1111,2025-09-08,86.0,488,92.05,35,0,False
CB-1111,2025-09-15,81.0,407,92.05,35,0,False
CB-1111,2025-09-22,77.0,330,92.05,35,0,False
CB-1111,2025-09-29,87.0,243,92.05,35,0,False
CB-1111,2025-10-06,94.0,149,92.05,35,0,False
CB-1111,2025-10-13,79.0,500,92.05,35,0,False
CB-1111,2025-10-20,93.0,407,92.05,35,0,False
CB-1111,2025-10-27,98.0,309,92.05,35,0,False
CB-1111,2025-11-03,80.0,229,92.05,35,0,False
CB-1111,2025-11-10,95.0,134,92.05,35,0,False
CB-1111,2025-11-17,112.0,452,92.05,35,0,False
CB-1111,2025-11-24,107.0,345,92.05,35,0,False
CB-1111,2025-12-01,90.0,255,92.05,35,0,False
CB-1111,2025-12-08,115.0,140,92.05,35,0,False
CB-1111,2025-12-15,106.0,34,92.05,35,0,False
CB-1111,2025-12-22,123.0,341,92.05,35,0,False
CB-1112,2024-01-01,0.0,26,153.58,14,0,False
CB-1112,2024-01-08,0.0,26,153.58,14,0,False
CB-1112,2024-01-15,0.0,26,153.58,14,0,False
CB-1112,2024-01-22,58.0,0,153.58,14,1,False
CB-1112,2024-01-29,33.0,0,153.58,14,1,False
CB-1112,2024-02-05,0.0,14,153.58,14,0,False
CB-1112,2024-02-12,0.0,28,153.58,14,0,False
CB-1112,2024-02-19,0.0,28,153.58,14,0,False
CB-1112,2024-02-26,0.0,28,153.58,14,0,False
CB-1112,2024-03-04,0.0,28,153.58,14,0,False
CB-1112,2024-03-11,0.0,28,153.58,14,0,False
CB-1112,2024-03-18,0.0,28,153.58,14,0,False
CB-1112,2024-03-25,0.0,28,153.58,14,0,False
CB-1112,2024-04-01,0.0,28,153.58,14,0,False
CB-1112,2024-04-08,0.0,28,153.58,14,0,False
CB-1112,2024-04-15,6.0,22,153.58,14,0,False
CB-1112,2024-04-22,0.0,22,153.58,14,0,False
CB-1112,2024-04-29,0.0,22,153.58,14,0,False
CB-1112,2024-05-06,0.0,22,153.58,14,0,False
CB-1112,2024-05-13,0.0,22,153.58,14,0,False
CB-1112,2024-05-20,0.0,22,153.58,14,0,False
CB-1112,2024-05-27,0.0,22,153.58,14,0,False
CB-1112,2024-06-03,0.0,22,153.58,14,0,False
CB-1112,2024-06-10,0.0,22,153.58,14,0,False
CB-1112,2024-06-17,0.0,22,153.58,14,0,False
CB-1112,2024-06-24,0.0,22,153.58,14,0,False
CB-1112,2024-07-01,0.0,22,153.58,14,0,False
CB-1112,2024-07-08,0.0,22,153.58,14,0,False
CB-1112,2024-07-15,0.0,22,153.58,14,0,False
CB-1112,2024-07-22,12.0,10,153.58,14,0,False
CB-1112,2024-07-29,0.0,10,153.58,14,0,False
CB-1112,2024-08-05,0.0,24,153.58,14,0,False
CB-1112,2024-08-12,0.0,24,153.58,14,0,False
CB-1112,2024-08-19,0.0,24,153.58,14,0,False
CB-1112,2024-08-26,0.0,24,153.58,14,0,False
CB-1112,2024-09-02,0.0,24,153.58,14,0,False
CB-1112,2024-09-09,0.0,24,153.58,14,0,False
CB-1112,2024-09-16,0.0,24,153.58,14,0,False
CB-1112,2024-09-23,0.0,24,153.58,14,0,False
CB-1112,2024-09-30,0.0,24,153.58,14,0,False
CB-1112,2024-10-07,0.0,24,153.58,14,0,False
CB-1112,2024-10-14,9.0,15,153.58,14,0,False
CB-1112,2024-10-21,0.0,15,153.58,14,0,False
CB-1112,2024-10-28,0.0,29,153.58,14,0,False
CB-1112,2024-11-04,0.0,29,153.58,14,0,False
CB-1112,2024-11-11,0.0,29,153.58,14,0,False
CB-1112,2024-11-18,0.0,29,153.58,14,0,False
CB-1112,2024-11-25,0.0,29,153.58,14,0,False
CB-1112,2024-12-02,0.0,29,153.58,14,0,False
CB-1112,2024-12-09,0.0,29,153.58,14,0,False
CB-1112,2024-12-16,0.0,29,153.58,14,0,False
CB-1112,2024-12-23,28.0,1,153.58,14,0,False
CB-1112,2024-12-30,0.0,1,153.58,14,0,False
CB-1112,2025-01-06,34.0,0,153.58,14,1,False
CB-1112,2025-01-13,0.0,14,153.58,14,0,False
CB-1112,2025-01-20,0.0,28,153.58,14,0,False
CB-1112,2025-01-27,0.0,28,153.58,14,0,False
CB-1112,2025-02-03,0.0,28,153.58,14,0,False
CB-1112,2025-02-10,0.0,28,153.58,14,0,False
CB-1112,2025-02-17,0.0,28,153.58,14,0,False
CB-1112,2025-02-24,0.0,28,153.58,14,0,False
CB-1112,2025-03-03,0.0,28,153.58,14,0,False
CB-1112,2025-03-10,0.0,28,153.58,14,0,False
CB-1112,2025-03-17,0.0,28,153.58,14,0,False
CB-1112,2025-03-24,0.0,28,153.58,14,0,False
CB-1112,2025-03-31,0.0,28,153.58,14,0,False
CB-1112,2025-04-07,0.0,28,153.58,14,0,False
CB-1112,2025-04-14,0.0,28,153.58,14,0,False
CB-1112,2025-04-21,0.0,28,153.58,14,0,False
CB-1112,2025-04-28,0.0,28,153.58,14,0,False
CB-1112,2025-05-05,0.0,28,153.58,14,0,False
CB-1112,2025-05-12,0.0,28,153.58,14,0,False
CB-1112,2025-05-19,0.0,28,153.58,14,0,False
CB-1112,2025-05-26,0.0,28,153.58,14,0,False
CB-1112,2025-06-02,0.0,28,153.58,14,0,False
CB-1112,2025-06-09,0.0,28,153.58,14,0,False
CB-1112,2025-06-16,0.0,28,153.58,14,0,False
CB-1112,2025-06-23,0.0,28,153.58,14,0,False
CB-1112,2025-06-30,0.0,28,153.58,14,0,False
CB-1112,2025-07-07,0.0,28,153.58,14,0,False
CB-1112,2025-07-14,0.0,28,153.58,14,0,False
CB-1112,2025-07-21,0.0,28,153.58,14,0,False
CB-1112,2025-07-28,0.0,28,153.58,14,0,False
CB-1112,2025-08-04,0.0,28,153.58,14,0,False
CB-1112,2025-08-11,0.0,28,153.58,14,0,False
CB-1112,2025-08-18,0.0,28,153.58,14,0,False
CB-1112,2025-08-25,0.0,28,153.58,14,0,False
CB-1112,2025-09-01,42.0,0,153.58,14,1,False
CB-1112,2025-09-08,0.0,0,153.58,14,0,False
CB-1112,2025-09-15,12.0,2,153.58,14,0,False
CB-1112,2025-09-22,0.0,16,153.58,14,0,False
CB-1112,2025-09-29,0.0,30,153.58,14,0,False
CB-1112,2025-10-06,0.0,30,153.58,14,0,False
CB-1112,2025-10-13,0.0,30,153.58,14,0,False
CB-1112,2025-10-20,0.0,30,153.58,14,0,False
CB-1112,2025-10-27,0.0,30,153.58,14,0,False
CB-1112,2025-11-03,0.0,30,153.58,14,0,False
CB-1112,2025-11-10,0.0,30,153.58,14,0,False
CB-1112,2025-11-17,47.0,0,153.58,14,1,False
CB-1112,2025-11-24,27.0,0,153.58,14,1,False
CB-1112,2025-12-01,0.0,14,153.58,14,0,False
CB-1112,2025-12-08,0.0,28,153.58,14,0,False
CB-1112,2025-12-15,31.0,0,153.58,14,1,False
CB-1112,2025-12-22,0.0,0,153.58,14,0,False
CB-1113,2024-01-01,105.0,301,44.52,21,0,False
CB-1113,2024-01-08,120.0,181,44.52,21,0,False
CB-1113,2024-01-15,111.0,70,44.52,21,0,False
CB-1113,2024-01-22,112.0,459,44.52,21,0,False
CB-1113,2024-01-29,137.0,322,44.52,21,0,False
CB-1113,2024-02-05,127.0,195,44.52,21,0,False
CB-1113,2024-02-12,131.0,64,44.52,21,0,False
CB-1113,2024-02-19,143.0,421,44.52,21,0,False
CB-1113,2024-02-26,130.0,291,44.52,21,0,False
CB-1113,2024-03-04,134.0,157,44.52,21,0,False
CB-1113,2024-03-11,145.0,12,44.52,21,0,False
CB-1113,2024-03-18,125.0,388,44.52,21,0,False
CB-1113,2024-03-25,146.0,242,44.52,21,0,False
CB-1113,2024-04-01,136.0,106,44.52,21,0,False
CB-1113,2024-04-08,154.0,453,44.52,21,0,False
CB-1113,2024-04-15,150.0,303,44.52,21,0,False
CB-1113,2024-04-22,148.0,155,44.52,21,0,False
CB-1113,2024-04-29,124.0,31,44.52,21,0,False
CB-1113,2024-05-06,140.0,391,44.52,21,0,False
CB-1113,2024-05-13,126.0,265,44.52,21,0,False
CB-1113,2024-05-20,136.0,129,44.52,21,0,False
CB-1113,2024-05-27,109.0,521,44.52,21,0,False
CB-1113,2024-06-03,115.0,406,44.52,21,0,False
CB-1113,2024-06-10,141.0,265,44.52,21,0,False
CB-1113,2024-06-17,129.0,136,44.52,21,0,False
CB-1113,2024-06-24,119.0,17,44.52,21,0,False
CB-1113,2024-07-01,110.0,407,44.52,21,0,False
CB-1113,2024-07-08,106.0,301,44.52,21,0,False
CB-1113,2024-07-15,114.0,187,44.52,21,0,False
CB-1113,2024-07-22,106.0,81,44.52,21,0,False
CB-1113,2024-07-29,119.0,463,44.52,21,0,False
CB-1113,2024-08-05,102.0,361,44.52,21,0,False
CB-1113,2024-08-12,101.0,260,44.52,21,0,False
CB-1113,2024-08-19,87.0,173,44.52,21,0,False
CB-1113,2024-08-26,94.0,580,44.52,21,0,False
CB-1113,2024-09-02,96.0,484,44.52,21,0,False
CB-1113,2024-09-09,91.0,393,44.52,21,0,False
CB-1113,2024-09-16,89.0,304,44.52,21,0,False
CB-1113,2024-09-23,94.0,210,44.52,21,0,False
CB-1113,2024-09-30,103.0,607,44.52,21,0,False
CB-1113,2024-10-07,94.0,513,44.52,21,0,False
CB-1113,2024-10-14,102.0,411,44.52,21,0,False
CB-1113,2024-10-21,99.0,312,44.52,21,0,False
CB-1113,2024-10-28,105.0,207,44.52,21,0,False
CB-1113,2024-11-04,94.0,113,44.52,21,0,False
CB-1113,2024-11-11,99.0,515,44.52,21,0,False
CB-1113,2024-11-18,102.0,413,44.52,21,0,False
CB-1113,2024-11-25,112.0,301,44.52,21,0,False
CB-1113,2024-12-02,118.0,183,44.52,21,0,False
CB-1113,2024-12-09,116.0,67,44.52,21,0,False
CB-1113,2024-12-16,127.0,441,44.52,21,0,False
CB-1113,2024-12-23,117.0,324,44.52,21,0,False
CB-1113,2024-12-30,135.0,189,44.52,21,0,False
CB-1113,2025-01-06,141.0,48,44.52,21,0,False
CB-1113,2025-01-13,142.0,406,44.52,21,0,False
CB-1113,2025-01-20,140.0,266,44.52,21,0,False
CB-1113,2025-01-27,150.0,116,44.52,21,0,False
CB-1113,2025-02-03,135.0,0,44.52,21,1,False
CB-1113,2025-02-10,152.0,349,44.52,21,0,False
CB-1113,2025-02-17,156.0,193,44.52,21,0,False
CB-1113,2025-02-24,139.0,54,44.52,21,0,False
CB-1113,2025-03-03,163.0,391,44.52,21,0,False
CB-1113,2025-03-10,143.0,248,44.52,21,0,False
CB-1113,2025-03-17,155.0,93,44.52,21,0,False
CB-1113,2025-03-24,162.0,432,44.52,21,0,False
CB-1113,2025-03-31,153.0,279,44.52,21,0,False
CB-1113,2025-04-07,164.0,115,44.52,21,0,False
CB-1113,2025-04-14,163.0,0,44.52,21,1,False
CB-1113,2025-04-21,151.0,350,44.52,21,0,False
CB-1113,2025-04-28,167.0,183,44.52,21,0,False
CB-1113,2025-05-05,149.0,34,44.52,21,0,False
CB-1113,2025-05-12,185.0,349,44.52,21,0,False
CB-1113,2025-05-19,152.0,197,44.52,21,0,False
CB-1113,2025-05-26,137.0,60,44.52,21,0,False
CB-1113,2025-06-02,136.0,425,44.52,21,0,False
CB-1113,2025-06-09,158.0,267,44.52,21,0,False
CB-1113,2025-06-16,136.0,131,44.52,21,0,False
CB-1113,2025-06-23,122.0,9,44.52,21,0,False
CB-1113,2025-06-30,143.0,366,44.52,21,0,False
CB-1113,2025-07-07,126.0,240,44.52,21,0,False
CB-1113,2025-07-14,133.0,107,44.52,21,0,False
CB-1113,2025-07-21,132.0,476,44.52,21,0,False
CB-1113,2025-07-28,122.0,354,44.52,21,0,False
CB-1113,2025-08-04,138.0,216,44.52,21,0,False
CB-1113,2025-08-11,97.0,119,44.52,21,0,False
CB-1113,2025-08-18,103.0,517,44.52,21,0,False
CB-1113,2025-08-25,106.0,411,44.52,21,0,False
CB-1113,2025-09-01,125.0,286,44.52,21,0,False
CB-1113,2025-09-08,120.0,166,44.52,21,0,False
CB-1113,2025-09-15,114.0,52,44.52,21,0,False
CB-1113,2025-09-22,96.0,456,44.52,21,0,False
CB-1113,2025-09-29,97.0,359,44.52,21,0,False
CB-1113,2025-10-06,97.0,262,44.52,21,0,False
CB-1113,2025-10-13,98.0,164,44.52,21,0,False
CB-1113,2025-10-20,118.0,547,44.52,21,0,False
CB-1113,2025-10-27,106.0,441,44.52,21,0,False
CB-1113,2025-11-03,109.0,332,44.52,21,0,False
CB-1113,2025-11-10,120.0,212,44.52,21,0,False
CB-1113,2025-11-17,101.0,111,44.52,21,0,False
CB-1113,2025-11-24,120.0,492,44.52,21,0,False
CB-1113,2025-12-01,113.0,379,44.52,21,0,False
CB-1113,2025-12-08,125.0,254,44.52,21,0,False
CB-1113,2025-12-15,126.0,128,44.52,21,0,False
CB-1113,2025-12-22,129.0,499,44.52,21,0,False
CB-1114,2024-01-01,41.0,78,103.89,14,0,False
CB-1114,2024-01-08,45.0,33,103.89,14,0,False
CB-1114,2024-01-15,42.0,183,103.89,14,0,False
CB-1114,2024-01-22,49.0,134,103.89,14,0,False
CB-1114,2024-01-29,47.0,87,103.89,14,0,False
CB-1114,2024-02-05,47.0,40,103.89,14,0,False
CB-1114,2024-02-12,47.0,184,103.89,14,0,False
CB-1114,2024-02-19,50.0,134,103.89,14,0,False
CB-1114,2024-02-26,60.0,74,103.89,14,0,False
CB-1114,2024-03-04,52.0,22,103.89,14,0,False
CB-1114,2024-03-11,48.0,166,103.89,14,0,False
CB-1114,2024-03-18,58.0,108,103.89,14,0,False
CB-1114,2024-03-25,52.0,56,103.89,14,0,False
CB-1114,2024-04-01,56.0,0,103.89,14,1,False
CB-1114,2024-04-08,52.0,140,103.89,14,0,False
CB-1114,2024-04-15,60.0,80,103.89,14,0,False
CB-1114,2024-04-22,52.0,28,103.89,14,0,False
CB-1114,2024-04-29,60.0,159,103.89,14,0,False
CB-1114,2024-05-06,49.0,110,103.89,14,0,False
CB-1114,2024-05-13,51.0,59,103.89,14,0,False
CB-1114,2024-05-20,57.0,2,103.89,14,0,False
CB-1114,2024-05-27,51.0,143,103.89,14,0,False
CB-1114,2024-06-03,59.0,84,103.89,14,0,False
CB-1114,2024-06-10,48.0,36,103.89,14,0,False
CB-1114,2024-06-17,48.0,180,103.89,14,0,False
CB-1114,2024-06-24,53.0,127,103.89,14,0,False
CB-1114,2024-07-01,39.0,88,103.89,14,0,False
CB-1114,2024-07-08,38.0,50,103.89,14,0,False
CB-1114,2024-07-15,40.0,201,103.89,14,0,False
CB-1114,2024-07-22,44.0,157,103.89,14,0,False
CB-1114,2024-07-29,35.0,122,103.89,14,0,False
CB-1114,2024-08-05,41.0,81,103.89,14,0,False
CB-1114,2024-08-12,40.0,41,103.89,14,0,False
CB-1114,2024-08-19,43.0,190,103.89,14,0,False
CB-1114,2024-08-26,39.0,151,103.89,14,0,False
CB-1114,2024-09-02,37.0,114,103.89,14,0,False
CB-1114,2024-09-09,39.0,75,103.89,14,0,False
CB-1114,2024-09-16,36.0,39,103.89,14,0,False
CB-1114,2024-09-23,33.0,198,103.89,14,0,False
CB-1114,2024-09-30,32.0,166,103.89,14,0,False
CB-1114,2024-10-07,33.0,133,103.89,14,0,False
CB-1114,2024-10-14,35.0,98,103.89,14,0,False
CB-1114,2024-10-21,36.0,62,103.89,14,0,False
CB-1114,2024-10-28,30.0,224,103.89,14,0,False
CB-1114,2024-11-04,37.0,187,103.89,14,0,False
CB-1114,2024-11-11,38.0,149,103.89,14,0,False
CB-1114,2024-11-18,41.0,108,103.89,14,0,False
CB-1114,2024-11-25,46.0,62,103.89,14,0,False
CB-1114,2024-12-02,42.0,20,103.89,14,0,False
CB-1114,2024-12-09,40.0,171,103.89,14,0,False
CB-1114,2024-12-16,38.0,133,103.89,14,0,False
CB-1114,2024-12-23,49.0,84,103.89,14,0,False
CB-1114,2024-12-30,44.0,40,103.89,14,0,False
CB-1114,2025-01-06,53.0,179,103.89,14,0,False
CB-1114,2025-01-13,56.0,123,103.89,14,0,False
CB-1114,2025-01-20,46.0,77,103.89,14,0,False
CB-1114,2025-01-27,56.0,21,103.89,14,0,False
CB-1114,2025-02-03,61.0,152,103.89,14,0,False
CB-1114,2025-02-10,61.0,91,103.89,14,0,False
CB-1114,2025-02-17,48.0,43,103.89,14,0,False
CB-1114,2025-02-24,55.0,179,103.89,14,0,False
CB-1114,2025-03-03,53.0,126,103.89,14,0,False
CB-1114,2025-03-10,63.0,63,103.89,14,0,False
CB-1114,2025-03-17,63.0,0,103.89,14,0,False
CB-1114,2025-03-24,48.0,144,103.89,14,0,False
CB-1114,2025-03-31,60.0,84,103.89,14,0,False
CB-1114,2025-04-07,65.0,19,103.89,14,0,False
CB-1114,2025-04-14,62.0,149,103.89,14,0,False
CB-1114,2025-04-21,62.0,87,103.89,14,0,False
CB-1114,2025-04-28,59.0,28,103.89,14,0,False
CB-1114,2025-05-05,55.0,164,103.89,14,0,False
CB-1114,2025-05-12,59.0,105,103.89,14,0,False
CB-1114,2025-05-19,58.0,47,103.89,14,0,False
CB-1114,2025-05-26,60.0,0,103.89,14,1,False
CB-1114,2025-06-02,59.0,133,103.89,14,0,False
CB-1114,2025-06-09,55.0,78,103.89,14,0,False
CB-1114,2025-06-16,58.0,20,103.89,14,0,False
CB-1114,2025-06-23,50.0,161,103.89,14,0,False
CB-1114,2025-06-30,45.0,116,103.89,14,0,False
CB-1114,2025-07-07,51.0,65,103.89,14,0,False
CB-1114,2025-07-14,48.0,17,103.89,14,0,False
CB-1114,2025-07-21,48.0,161,103.89,14,0,False
CB-1114,2025-07-28,40.0,121,103.89,14,0,False
CB-1114,2025-08-04,50.0,71,103.89,14,0,False
CB-1114,2025-08-11,45.0,26,103.89,14,0,False
CB-1114,2025-08-18,41.0,177,103.89,14,0,False
CB-1114,2025-08-25,38.0,139,103.89,14,0,False
CB-1114,2025-09-01,43.0,96,103.89,14,0,False
CB-1114,2025-09-08,36.0,60,103.89,14,0,False
CB-1114,2025-09-15,46.0,205,103.89,14,0,False
CB-1114,2025-09-22,37.0,168,103.89,14,0,False
CB-1114,2025-09-29,44.0,124,103.89,14,0,False
CB-1114,2025-10-06,38.0,86,103.89,14,0,False
CB-1114,2025-10-13,44.0,42,103.89,14,0,False
CB-1114,2025-10-20,38.0,196,103.89,14,0,False
CB-1114,2025-10-27,41.0,155,103.89,14,0,False
CB-1114,2025-11-03,44.0,111,103.89,14,0,False
CB-1114,2025-11-10,45.0,66,103.89,14,0,False
CB-1114,2025-11-17,48.0,18,103.89,14,0,False
CB-1114,2025-11-24,43.0,167,103.89,14,0,False
CB-1114,2025-12-01,47.0,120,103.89,14,0,False
CB-1114,2025-12-08,53.0,67,103.89,14,0,False
CB-1114,2025-12-15,47.0,20,103.89,14,0,False
CB-1114,2025-12-22,54.0,158,103.89,14,0,False
CB-1115,2024-01-01,52.0,146,68.82,14,0,False
CB-1115,2024-01-08,50.0,96,68.82,14,0,False
CB-1115,2024-01-15,54.0,42,68.82,14,0,False
CB-1115,2024-01-22,58.0,217,68.82,14,0,False
CB-1115,2024-01-29,58.0,159,68.82,14,0,False
CB-1115,2024-02-05,68.0,91,68.82,14,0,False
CB-1115,2024-02-12,66.0,25,68.82,14,0,False
CB-1115,2024-02-19,64.0,194,68.82,14,0,False
CB-1115,2024-02-26,60.0,134,68.82,14,0,False
CB-1115,2024-03-04,60.0,74,68.82,14,0,False
CB-1115,2024-03-11,76.0,0,68.82,14,1,False
CB-1115,2024-03-18,61.0,172,68.82,14,0,False
CB-1115,2024-03-25,67.0,105,68.82,14,0,False
CB-1115,2024-04-01,69.0,36,68.82,14,0,False
CB-1115,2024-04-08,65.0,204,68.82,14,0,False
CB-1115,2024-04-15,61.0,143,68.82,14,0,False
CB-1115,2024-04-22,62.0,81,68.82,14,0,False
CB-1115,2024-04-29,63.0,18,68.82,14,0,False
CB-1115,2024-05-06,62.0,189,68.82,14,0,False
CB-1115,2024-05-13,71.0,118,68.82,14,0,False
CB-1115,2024-05-20,63.0,55,68.82,14,0,False
CB-1115,2024-05-27,60.0,228,68.82,14,0,False
CB-1115,2024-06-03,62.0,166,68.82,14,0,False
CB-1115,2024-06-10,63.0,103,68.82,14,0,False
CB-1115,2024-06-17,57.0,46,68.82,14,0,False
CB-1115,2024-06-24,61.0,218,68.82,14,0,False
CB-1115,2024-07-01,50.0,168,68.82,14,0,False
CB-1115,2024-07-08,59.0,109,68.82,14,0,False
CB-1115,2024-07-15,52.0,57,68.82,14,0,False
CB-1115,2024-07-22,50.0,240,68.82,14,0,False
CB-1115,2024-07-29,47.0,193,68.82,14,0,False
CB-1115,2024-08-05,43.0,150,68.82,14,0,False
CB-1115,2024-08-12,40.0,110,68.82,14,0,False
CB-1115,2024-08-19,43.0,67,68.82,14,0,False
CB-1115,2024-08-26,47.0,254,68.82,14,0,False
CB-1115,2024-09-02,41.0,213,68.82,14,0,False
CB-1115,2024-09-09,38.0,175,68.82,14,0,False
CB-1115,2024-09-16,40.0,135,68.82,14,0,False
CB-1115,2024-09-23,41.0,94,68.82,14,0,False
CB-1115,2024-09-30,42.0,52,68.82,14,0,False
CB-1115,2024-10-07,42.0,243,68.82,14,0,False
CB-1115,2024-10-14,47.0,196,68.82,14,0,False
CB-1115,2024-10-21,48.0,148,68.82,14,0,False
CB-1115,2024-10-28,52.0,96,68.82,14,0,False
CB-1115,2024-11-04,40.0,56,68.82,14,0,False
CB-1115,2024-11-11,44.0,245,68.82,14,0,False
CB-1115,2024-11-18,51.0,194,68.82,14,0,False
CB-1115,2024-11-25,48.0,146,68.82,14,0,False
CB-1115,2024-12-02,55.0,91,68.82,14,0,False
CB-1115,2024-12-09,54.0,37,68.82,14,0,False
CB-1115,2024-12-16,62.0,208,68.82,14,0,False
CB-1115,2024-12-23,61.0,147,68.82,14,0,False
CB-1115,2024-12-30,64.0,83,68.82,14,0,False
CB-1115,2025-01-06,59.0,24,68.82,14,0,False
CB-1115,2025-01-13,62.0,195,68.82,14,0,False
CB-1115,2025-01-20,63.0,132,68.82,14,0,False
CB-1115,2025-01-27,58.0,74,68.82,14,0,False
CB-1115,2025-02-03,76.0,0,68.82,14,1,False
CB-1115,2025-02-10,73.0,160,68.82,14,0,False
CB-1115,2025-02-17,69.0,91,68.82,14,0,False
CB-1115,2025-02-24,79.0,12,68.82,14,0,False
CB-1115,2025-03-03,69.0,176,68.82,14,0,False
CB-1115,2025-03-10,63.0,113,68.82,14,0,False
CB-1115,2025-03-17,81.0,32,68.82,14,0,False
CB-1115,2025-03-24,67.0,198,68.82,14,0,False
CB-1115,2025-03-31,74.0,124,68.82,14,0,False
CB-1115,2025-04-07,77.0,47,68.82,14,0,False
CB-1115,2025-04-14,78.0,202,68.82,14,0,False
CB-1115,2025-04-21,80.0,122,68.82,14,0,False
CB-1115,2025-04-28,78.0,44,68.82,14,0,False
CB-1115,2025-05-05,77.0,200,68.82,14,0,False
CB-1115,2025-05-12,68.0,132,68.82,14,0,False
CB-1115,2025-05-19,73.0,59,68.82,14,0,False
CB-1115,2025-05-26,62.0,0,68.82,14,1,False
CB-1115,2025-06-02,77.0,156,68.82,14,0,False
CB-1115,2025-06-09,60.0,96,68.82,14,0,False
CB-1115,2025-06-16,64.0,32,68.82,14,0,False
CB-1115,2025-06-23,57.0,208,68.82,14,0,False
CB-1115,2025-06-30,58.0,150,68.82,14,0,False
CB-1115,2025-07-07,60.0,90,68.82,14,0,False
CB-1115,2025-07-14,56.0,34,68.82,14,0,False
CB-1115,2025-07-21,62.0,205,68.82,14,0,False
CB-1115,2025-07-28,56.0,149,68.82,14,0,False
CB-1115,2025-08-04,52.0,97,68.82,14,0,False
CB-1115,2025-08-11,52.0,45,68.82,14,0,False
CB-1115,2025-08-18,56.0,222,68.82,14,0,False
CB-1115,2025-08-25,54.0,168,68.82,14,0,False
CB-1115,2025-09-01,45.0,123,68.82,14,0,False
CB-1115,2025-09-08,46.0,77,68.82,14,0,False
CB-1115,2025-09-15,50.0,260,68.82,14,0,False
CB-1115,2025-09-22,49.0,211,68.82,14,0,False
CB-1115,2025-09-29,44.0,167,68.82,14,0,False
CB-1115,2025-10-06,51.0,116,68.82,14,0,False
CB-1115,2025-10-13,45.0,71,68.82,14,0,False
CB-1115,2025-10-20,54.0,250,68.82,14,0,False
CB-1115,2025-10-27,52.0,198,68.82,14,0,False
CB-1115,2025-11-03,46.0,152,68.82,14,0,False
CB-1115,2025-11-10,50.0,102,68.82,14,0,False
CB-1115,2025-11-17,52.0,50,68.82,14,0,False
CB-1115,2025-11-24,56.0,228,68.82,14,0,False
CB-1115,2025-12-01,56.0,172,68.82,14,0,False
CB-1115,2025-12-08,54.0,118,68.82,14,0,False
CB-1115,2025-12-15,54.0,64,68.82,14,0,False
CB-1115,2025-12-22,66.0,231,68.82,14,0,False
CB-1116,2024-01-01,56.0,96,20.55,7,0,False
CB-1116,2024-01-08,41.0,55,20.55,7,0,False
CB-1116,2024-01-15,58.0,221,20.55,7,0,False
CB-1116,2024-01-22,106.0,115,20.55,7,0,False
CB-1116,2024-01-29,81.0,34,20.55,7,0,False
CB-1116,2024-02-05,53.0,204,20.55,7,0,False
CB-1116,2024-02-12,49.0,155,20.55,7,0,False
CB-1116,2024-02-19,0.0,155,20.55,7,0,False
CB-1116,2024-02-26,86.0,69,20.55,7,0,False
CB-1116,2024-03-04,81.0,211,20.55,7,0,False
CB-1116,2024-03-11,52.0,159,20.55,7,0,False
CB-1116,2024-03-18,33.0,126,20.55,7,0,False
CB-1116,2024-03-25,39.0,87,20.55,7,0,False
CB-1116,2024-04-01,76.0,11,20.55,7,0,False
CB-1116,2024-04-08,64.0,170,20.55,7,0,False
CB-1116,2024-04-15,82.0,88,20.55,7,0,False
CB-1116,2024-04-22,68.0,20,20.55,7,0,False
CB-1116,2024-04-29,87.0,157,20.55,7,0,False
CB-1116,2024-05-06,73.0,84,20.55,7,0,False
CB-1116,2024-05-13,82.0,2,20.55,7,0,False
CB-1116,2024-05-20,17.0,208,20.55,7,0,False
CB-1116,2024-05-27,35.0,173,20.55,7,0,False
CB-1116,2024-06-03,52.0,121,20.55,7,0,False
CB-1116,2024-06-10,81.0,40,20.55,7,0,False
CB-1116,2024-06-17,95.0,168,20.55,7,0,False
CB-1116,2024-06-24,53.0,115,20.55,7,0,False
CB-1116,2024-07-01,43.0,72,20.55,7,0,False
CB-1116,2024-07-08,17.0,279,20.55,7,0,False
CB-1116,2024-07-15,67.0,212,20.55,7,0,False
CB-1116,2024-07-22,40.0,172,20.55,7,0,False
CB-1116,2024-07-29,99.0,73,20.55,7,0,False
CB-1116,2024-08-05,35.0,261,20.55,7,0,False
CB-1116,2024-08-12,80.0,181,20.55,7,0,False
CB-1116,2024-08-19,57.0,124,20.55,7,0,False
CB-1116,2024-08-26,28.0,96,20.55,7,0,False
CB-1116,2024-09-02,47.0,49,20.55,7,0,False
CB-1116,2024-09-09,54.0,218,20.55,7,0,False
CB-1116,2024-09-16,39.0,179,20.55,7,0,False
CB-1116,2024-09-23,54.0,125,20.55,7,0,False
CB-1116,2024-09-30,54.0,71,20.55,7,0,False
CB-1116,2024-10-07,51.0,244,20.55,7,0,False
CB-1116,2024-10-14,42.0,202,20.55,7,0,False
CB-1116,2024-10-21,25.0,177,20.55,7,0,False
CB-1116,2024-10-28,43.0,134,20.55,7,0,False
CB-1116,2024-11-04,48.0,86,20.55,7,0,False
CB-1116,2024-11-11,16.0,70,20.55,7,0,False
CB-1116,2024-11-18,50.0,243,20.55,7,0,False
CB-1116,2024-11-25,47.0,196,20.55,7,0,False
CB-1116,2024-12-02,28.0,168,20.55,7,0,False
CB-1116,2024-12-09,46.0,122,20.55,7,0,False
CB-1116,2024-12-16,48.0,74,20.55,7,0,False
CB-1116,2024-12-23,94.0,203,20.55,7,0,False
CB-1116,2024-12-30,62.0,141,20.55,7,0,False
CB-1116,2025-01-06,81.0,60,20.55,7,0,False
CB-1116,2025-01-13,59.0,225,20.55,7,0,False
CB-1116,2025-01-20,22.0,203,20.55,7,0,False
CB-1116,2025-01-27,80.0,123,20.55,7,0,False
CB-1116,2025-02-03,51.0,72,20.55,7,0,False
CB-1116,2025-02-10,60.0,235,20.55,7,0,False
CB-1116,2025-02-17,44.0,191,20.55,7,0,False
CB-1116,2025-02-24,73.0,118,20.55,7,0,False
CB-1116,2025-03-03,99.0,19,20.55,7,0,False
CB-1116,2025-03-10,97.0,145,20.55,7,0,False
CB-1116,2025-03-17,114.0,31,20.55,7,0,False
CB-1116,2025-03-24,119.0,135,20.55,7,0,False
CB-1116,2025-03-31,21.0,114,20.55,7,0,False
CB-1116,2025-04-07,43.0,71,20.55,7,0,False
CB-1116,2025-04-14,27.0,268,20.55,7,0,False
CB-1116,2025-04-21,90.0,178,20.55,7,0,False
CB-1116,2025-04-28,55.0,123,20.55,7,0,False
CB-1116,2025-05-05,60.0,63,20.55,7,0,False
CB-1116,2025-05-12,66.0,220,20.55,7,0,False
CB-1116,2025-05-19,80.0,140,20.55,7,0,False
CB-1116,2025-05-26,33.0,107,20.55,7,0,False
CB-1116,2025-06-02,38.0,69,20.55,7,0,False
CB-1116,2025-06-09,66.0,226,20.55,7,0,False
CB-1116,2025-06-16,91.0,135,20.55,7,0,False
CB-1116,2025-06-23,62.0,73,20.55,7,0,False
CB-1116,2025-06-30,44.0,253,20.55,7,0,False
CB-1116,2025-07-07,15.0,238,20.55,7,0,False
CB-1116,2025-07-14,77.0,161,20.55,7,0,False
CB-1116,2025-07-21,42.0,119,20.55,7,0,False
CB-1116,2025-07-28,33.0,86,20.55,7,0,False
CB-1116,2025-08-04,21.0,65,20.55,7,0,False
CB-1116,2025-08-11,26.0,262,20.55,7,0,False
CB-1116,2025-08-18,33.0,229,20.55,7,0,False
CB-1116,2025-08-25,45.0,184,20.55,7,0,False
CB-1116,2025-09-01,28.0,156,20.55,7,0,False
CB-1116,2025-09-08,51.0,105,20.55,7,0,False
CB-1116,2025-09-15,43.0,62,20.55,7,0,False
CB-1116,2025-09-22,84.0,201,20.55,7,0,False
CB-1116,2025-09-29,19.0,182,20.55,7,0,False
CB-1116,2025-10-06,50.0,132,20.55,7,0,False
CB-1116,2025-10-13,51.0,81,20.55,7,0,False
CB-1116,2025-10-20,31.0,50,20.55,7,0,False
CB-1116,2025-10-27,51.0,223,20.55,7,0,False
CB-1116,2025-11-03,64.0,159,20.55,7,0,False
CB-1116,2025-11-10,53.0,106,20.55,7,0,False
CB-1116,2025-11-17,79.0,27,20.55,7,0,False
CB-1116,2025-11-24,13.0,237,20.55,7,0,False
CB-1116,2025-12-01,40.0,197,20.55,7,0,False
CB-1116,2025-12-08,88.0,109,20.55,7,0,False
CB-1116,2025-12-15,80.0,29,20.55,7,0,False
CB-1116,2025-12-22,74.0,178,20.55,7,0,False
CB-1117,2024-01-01,53.0,9,166.66,7,0,False
CB-1117,2024-01-08,0.0,36,166.66,7,0,False
CB-1117,2024-01-15,34.0,2,166.66,7,0,False
CB-1117,2024-01-22,48.0,0,166.66,7,1,False
CB-1117,2024-01-29,31.0,0,166.66,7,1,False
CB-1117,2024-02-05,0.0,27,166.66,7,0,False
CB-1117,2024-02-12,16.0,11,166.66,7,0,False
CB-1117,2024-02-19,0.0,38,166.66,7,0,False
CB-1117,2024-02-26,0.0,38,166.66,7,0,False
CB-1117,2024-03-04,0.0,38,166.66,7,0,False
CB-1117,2024-03-11,0.0,38,166.66,7,0,False
CB-1117,2024-03-18,40.0,0,166.66,7,1,False
CB-1117,2024-03-25,0.0,27,166.66,7,0,False
CB-1117,2024-04-01,0.0,27,166.66,7,0,False
CB-1117,2024-04-08,34.0,0,166.66,7,1,False
CB-1117,2024-04-15,0.0,27,166.66,7,0,False
CB-1117,2024-04-22,0.0,27,166.66,7,0,False
CB-1117,2024-04-29,0.0,27,166.66,7,0,False
CB-1117,2024-05-06,0.0,27,166.66,7,0,False
CB-1117,2024-05-13,0.0,27,166.66,7,0,False
CB-1117,2024-05-20,0.0,27,166.66,7,0,False
CB-1117,2024-05-27,0.0,27,166.66,7,0,False
CB-1117,2024-06-03,55.0,0,166.66,7,1,False
CB-1117,2024-06-10,0.0,27,166.66,7,0,False
CB-1117,2024-06-17,0.0,27,166.66,7,0,False
CB-1117,2024-06-24,0.0,27,166.66,7,0,False
CB-1117,2024-07-01,0.0,27,166.66,7,0,False
CB-1117,2024-07-08,0.0,27,166.66,7,0,False
CB-1117,2024-07-15,0.0,27,166.66,7,0,False
CB-1117,2024-07-22,0.0,27,166.66,7,0,False
CB-1117,2024-07-29,0.0,27,166.66,7,0,False
CB-1117,2024-08-05,0.0,27,166.66,7,0,False
CB-1117,2024-08-12,0.0,27,166.66,7,0,False
CB-1117,2024-08-19,0.0,27,166.66,7,0,False
CB-1117,2024-08-26,0.0,27,166.66,7,0,False
CB-1117,2024-09-02,0.0,27,166.66,7,0,False
CB-1117,2024-09-09,0.0,27,166.66,7,0,False
CB-1117,2024-09-16,0.0,27,166.66,7,0,False
CB-1117,2024-09-23,0.0,27,166.66,7,0,False
CB-1117,2024-09-30,0.0,27,166.66,7,0,False
CB-1117,2024-10-07,0.0,27,166.66,7,0,False
CB-1117,2024-10-14,37.0,0,166.66,7,1,False
CB-1117,2024-10-21,0.0,27,166.66,7,0,False
CB-1117,2024-10-28,0.0,27,166.66,7,0,False
CB-1117,2024-11-04,0.0,27,166.66,7,0,False
CB-1117,2024-11-11,21.0,6,166.66,7,0,False
CB-1117,2024-11-18,0.0,33,166.66,7,0,False
CB-1117,2024-11-25,0.0,33,166.66,7,0,False
CB-1117,2024-12-02,0.0,33,166.66,7,0,False
CB-1117,2024-12-09,28.0,5,166.66,7,0,False
CB-1117,2024-12-16,0.0,32,166.66,7,0,False
CB-1117,2024-12-23,0.0,32,166.66,7,0,False
CB-1117,2024-12-30,0.0,32,166.66,7,0,False
CB-1117,2025-01-06,0.0,32,166.66,7,0,False
CB-1117,2025-01-13,0.0,32,166.66,7,0,False
CB-1117,2025-01-20,0.0,32,166.66,7,0,False
CB-1117,2025-01-27,0.0,32,166.66,7,0,False
CB-1117,2025-02-03,0.0,32,166.66,7,0,False
CB-1117,2025-02-10,0.0,32,166.66,7,0,False
CB-1117,2025-02-17,0.0,32,166.66,7,0,False
CB-1117,2025-02-24,0.0,32,166.66,7,0,False
CB-1117,2025-03-03,0.0,32,166.66,7,0,False
CB-1117,2025-03-10,0.0,32,166.66,7,0,False
CB-1117,2025-03-17,0.0,32,166.66,7,0,False
CB-1117,2025-03-24,0.0,32,166.66,7,0,False
CB-1117,2025-03-31,0.0,32,166.66,7,0,False
CB-1117,2025-04-07,0.0,32,166.66,7,0,False
CB-1117,2025-04-14,0.0,32,166.66,7,0,False
CB-1117,2025-04-21,38.0,0,166.66,7,1,False
CB-1117,2025-04-28,0.0,27,166.66,7,0,False
CB-1117,2025-05-05,0.0,27,166.66,7,0,False
CB-1117,2025-05-12,0.0,27,166.66,7,0,False
CB-1117,2025-05-19,51.0,0,166.66,7,1,False
CB-1117,2025-05-26,0.0,27,166.66,7,0,False
CB-1117,2025-06-02,0.0,27,166.66,7,0,False
CB-1117,2025-06-09,0.0,27,166.66,7,0,False
CB-1117,2025-06-16,40.0,0,166.66,7,1,False
CB-1117,2025-06-23,0.0,27,166.66,7,0,False
CB-1117,2025-06-30,0.0,27,166.66,7,0,False
CB-1117,2025-07-07,0.0,27,166.66,7,0,False
CB-1117,2025-07-14,,27,166.66,7,0,False
CB-1117,2025-07-21,0.0,27,166.66,7,0,False
CB-1117,2025-07-28,0.0,27,166.66,7,0,False
CB-1117,2025-08-04,27.0,0,166.66,7,0,False
CB-1117,2025-08-11,38.0,0,166.66,7,1,False
CB-1117,2025-08-18,0.0,27,166.66,7,0,False
CB-1117,2025-08-25,0.0,27,166.66,7,0,False
CB-1117,2025-09-01,36.0,0,166.66,7,1,False
CB-1117,2025-09-08,0.0,27,166.66,7,0,False
CB-1117,2025-09-15,7.0,20,166.66,7,0,False
CB-1117,2025-09-22,0.0,47,166.66,7,0,False
CB-1117,2025-09-29,0.0,47,166.66,7,0,False
CB-1117,2025-10-06,0.0,47,166.66,7,0,False
CB-1117,2025-10-13,44.0,3,166.66,7,0,False
CB-1117,2025-10-20,0.0,30,166.66,7,0,False
CB-1117,2025-10-27,0.0,30,166.66,7,0,False
CB-1117,2025-11-03,0.0,30,166.66,7,0,False
CB-1117,2025-11-10,0.0,30,166.66,7,0,False
CB-1117,2025-11-17,0.0,30,166.66,7,0,False
CB-1117,2025-11-24,0.0,30,166.66,7,0,False
CB-1117,2025-12-01,0.0,30,166.66,7,0,False
CB-1117,2025-12-08,0.0,30,166.66,7,0,False
CB-1117,2025-12-15,0.0,30,166.66,7,0,False
CB-1117,2025-12-22,0.0,30,166.66,7,0,False
CB-1118,2024-01-01,112.0,252,152.23,7,0,False
CB-1118,2024-01-08,108.0,144,152.23,7,0,False
CB-1118,2024-01-15,124.0,20,152.23,7,0,False
CB-1118,2024-01-22,120.0,386,152.23,7,0,False
CB-1118,2024-01-29,123.0,263,152.23,7,0,False
CB-1118,2024-02-05,123.0,140,152.23,7,0,False
CB-1118,2024-02-12,145.0,481,152.23,7,0,False
CB-1118,2024-02-19,123.0,358,152.23,7,0,False
CB-1118,2024-02-26,129.0,229,152.23,7,0,False
CB-1118,2024-03-04,121.0,108,152.23,7,0,False
CB-1118,2024-03-11,144.0,450,152.23,7,0,False
CB-1118,2024-03-18,131.0,319,152.23,7,0,False
CB-1118,2024-03-25,133.0,186,152.23,7,0,False
CB-1118,2024-04-01,133.0,53,152.23,7,0,False
CB-1118,2024-04-08,140.0,398,152.23,7,0,False
CB-1118,2024-04-15,125.0,273,152.23,7,0,False
CB-1118,2024-04-22,113.0,160,152.23,7,0,False
CB-1118,2024-04-29,142.0,18,152.23,7,0,False
CB-1118,2024-05-06,113.0,391,152.23,7,0,False
CB-1118,2024-05-13,143.0,248,152.23,7,0,False
CB-1118,2024-05-20,148.0,100,152.23,7,0,False
CB-1118,2024-05-27,128.0,458,152.23,7,0,False
CB-1118,2024-06-03,140.0,318,152.23,7,0,False
CB-1118,2024-06-10,124.0,194,152.23,7,0,False
CB-1118,2024-06-17,136.0,58,152.23,7,0,False
CB-1118,2024-06-24,114.0,430,152.23,7,0,False
CB-1118,2024-07-01,93.0,337,152.23,7,0,False
CB-1118,2024-07-08,111.0,226,152.23,7,0,False
CB-1118,2024-07-15,123.0,103,152.23,7,0,False
CB-1118,2024-07-22,110.0,479,152.23,7,0,False
CB-1118,2024-07-29,98.0,381,152.23,7,0,False
CB-1118,2024-08-05,102.0,279,152.23,7,0,False
CB-1118,2024-08-12,105.0,174,152.23,7,0,False
CB-1118,2024-08-19,94.0,80,152.23,7,0,False
CB-1118,2024-08-26,112.0,453,152.23,7,0,False
CB-1118,2024-09-02,87.0,366,152.23,7,0,False
CB-1118,2024-09-09,97.0,269,152.23,7,0,False
CB-1118,2024-09-16,95.0,174,152.23,7,0,False
CB-1118,2024-09-23,84.0,90,152.23,7,0,False
CB-1118,2024-09-30,86.0,490,152.23,7,0,False
CB-1118,2024-10-07,96.0,394,152.23,7,0,False
CB-1118,2024-10-14,91.0,303,152.23,7,0,False
CB-1118,2024-10-21,94.0,209,152.23,7,0,False
CB-1118,2024-10-28,81.0,128,152.23,7,0,False
CB-1118,2024-11-04,100.0,514,152.23,7,0,False
CB-1118,2024-11-11,100.0,414,152.23,7,0,False
CB-1118,2024-11-18,100.0,314,152.23,7,0,False
CB-1118,2024-11-25,106.0,208,152.23,7,0,False
CB-1118,2024-12-02,103.0,105,152.23,7,0,False
CB-1118,2024-12-09,105.0,486,152.23,7,0,False
CB-1118,2024-12-16,112.0,374,152.23,7,0,False
CB-1118,2024-12-23,113.0,261,152.23,7,0,False
CB-1118,2024-12-30,143.0,118,152.23,7,0,False
CB-1118,2025-01-06,135.0,469,152.23,7,0,False
CB-1118,2025-01-13,120.0,349,152.23,7,0,False
CB-1118,2025-01-20,155.0,194,152.23,7,0,False
CB-1118,2025-01-27,132.0,62,152.23,7,0,False
CB-1118,2025-02-03,141.0,406,152.23,7,0,False
CB-1118,2025-02-10,154.0,252,152.23,7,0,False
CB-1118,2025-02-17,124.0,128,152.23,7,0,False
CB-1118,2025-02-24,146.0,468,152.23,7,0,False
CB-1118,2025-03-03,145.0,323,152.23,7,0,False
CB-1118,2025-03-10,156.0,167,152.23,7,0,False
CB-1118,2025-03-17,159.0,8,152.23,7,0,False
CB-1118,2025-03-24,155.0,339,152.23,7,0,False
CB-1118,2025-03-31,155.0,184,152.23,7,0,False
CB-1118,2025-04-07,170.0,14,152.23,7,0,False
CB-1118,2025-04-14,160.0,340,152.23,7,0,False
CB-1118,2025-04-21,156.0,184,152.23,7,0,False
CB-1118,2025-04-28,156.0,28,152.23,7,0,False
CB-1118,2025-05-05,175.0,339,152.23,7,0,False
CB-1118,2025-05-12,153.0,186,152.23,7,0,False
CB-1118,2025-05-19,142.0,44,152.23,7,0,False
CB-1118,2025-05-26,123.0,407,152.23,7,0,False
CB-1118,2025-06-02,126.0,281,152.23,7,0,False
CB-1118,2025-06-09,134.0,147,152.23,7,0,False
CB-1118,2025-06-16,135.0,12,152.23,7,0,False
CB-1118,2025-06-23,126.0,371,152.23,7,0,False
CB-1118,2025-06-30,132.0,239,152.23,7,0,False
CB-1118,2025-07-07,119.0,120,152.23,7,0,False
CB-1118,2025-07-14,113.0,493,152.23,7,0,False
CB-1118,2025-07-21,124.0,369,152.23,7,0,False
CB-1118,2025-07-28,127.0,242,152.23,7,0,False
CB-1118,2025-08-04,102.0,140,152.23,7,0,False
CB-1118,2025-08-11,111.0,515,152.23,7,0,False
CB-1118,2025-08-18,90.0,425,152.23,7,0,False
CB-1118,2025-08-25,92.0,333,152.23,7,0,False
CB-1118,2025-09-01,97.0,236,152.23,7,0,False
CB-1118,2025-09-08,110.0,126,152.23,7,0,False
CB-1118,2025-09-15,93.0,519,152.23,7,0,False
CB-1118,2025-09-22,93.0,426,152.23,7,0,False
CB-1118,2025-09-29,99.0,327,152.23,7,0,False
CB-1118,2025-10-06,100.0,227,152.23,7,0,False
CB-1118,2025-10-13,94.0,133,152.23,7,0,False
CB-1118,2025-10-20,118.0,501,152.23,7,0,False
CB-1118,2025-10-27,102.0,399,152.23,7,0,False
CB-1118,2025-11-03,107.0,292,152.23,7,0,False
CB-1118,2025-11-10,105.0,187,152.23,7,0,False
CB-1118,2025-11-17,,71,152.23,7,0,False
CB-1118,2025-11-24,127.0,429,152.23,7,0,False
CB-1118,2025-12-01,135.0,294,152.23,7,0,False
CB-1118,2025-12-08,115.0,179,152.23,7,0,False
CB-1118,2025-12-15,138.0,41,152.23,7,0,False
CB-1118,2025-12-22,,390,152.23,7,0,False
CB-1119,2024-01-01,0.0,3,144.86,14,0,False
CB-1119,2024-01-08,0.0,3,144.86,14,0,False
CB-1119,2024-01-15,0.0,37,144.86,14,0,False
CB-1119,2024-01-22,0.0,37,144.86,14,0,False
CB-1119,2024-01-29,0.0,37,144.86,14,0,False
CB-1119,2024-02-05,0.0,37,144.86,14,0,False
CB-1119,2024-02-12,0.0,37,144.86,14,0,False
CB-1119,2024-02-19,0.0,37,144.86,14,0,False
CB-1119,2024-02-26,8.0,29,144.86,14,0,False
CB-1119,2024-03-04,0.0,29,144.86,14,0,False
CB-1119,2024-03-11,0.0,62,144.86,14,0,False
CB-1119,2024-03-18,57.0,5,144.86,14,0,False
CB-1119,2024-03-25,0.0,5,144.86,14,0,False
CB-1119,2024-04-01,0.0,39,144.86,14,0,False
CB-1119,2024-04-08,0.0,39,144.86,14,0,False
CB-1119,2024-04-15,0.0,39,144.86,14,0,False
CB-1119,2024-04-22,0.0,39,144.86,14,0,False
CB-1119,2024-04-29,0.0,39,144.86,14,0,False
CB-1119,2024-05-06,0.0,39,144.86,14,0,False
CB-1119,2024-05-13,26.0,13,144.86,14,0,False
CB-1119,2024-05-20,0.0,13,144.86,14,0,False
CB-1119,2024-05-27,56.0,0,144.86,14,1,False
CB-1119,2024-06-03,53.0,0,144.86,14,1,False
CB-1119,2024-06-10,0.0,34,144.86,14,0,False
CB-1119,2024-06-17,0.0,34,144.86,14,0,False
CB-1119,2024-06-24,0.0,34,144.86,14,0,False
CB-1119,2024-07-01,0.0,34,144.86,14,0,False
CB-1119,2024-07-08,0.0,34,144.86,14,0,False
CB-1119,2024-07-15,49.0,0,144.86,14,1,False
CB-1119,2024-07-22,0.0,0,144.86,14,0,False
CB-1119,2024-07-29,6.0,28,144.86,14,0,False
CB-1119,2024-08-05,0.0,28,144.86,14,0,False
CB-1119,2024-08-12,50.0,12,144.86,14,0,False
CB-1119,2024-08-19,57.0,0,144.86,14,1,False
CB-1119,2024-08-26,0.0,34,144.86,14,0,False
CB-1119,2024-09-02,0.0,34,144.86,14,0,False
CB-1119,2024-09-09,0.0,34,144.86,14,0,False
CB-1119,2024-09-16,49.0,0,144.86,14,1,False
CB-1119,2024-09-23,0.0,0,144.86,14,0,False
CB-1119,2024-09-30,0.0,34,144.86,14,0,False
CB-1119,2024-10-07,0.0,34,144.86,14,0,False
CB-1119,2024-10-14,60.0,0,144.86,14,1,False
CB-1119,2024-10-21,0.0,0,144.86,14,0,False
CB-1119,2024-10-28,45.0,0,144.86,14,1,False
CB-1119,2024-11-04,36.0,0,144.86,14,1,False
CB-1119,2024-11-11,0.0,34,144.86,14,0,False
CB-1119,2024-11-18,0.0,34,144.86,14,0,False
CB-1119,2024-11-25,20.0,14,144.86,14,0,False
CB-1119,2024-12-02,0.0,14,144.86,14,0,False
CB-1119,2024-12-09,31.0,17,144.86,14,0,False
CB-1119,2024-12-16,0.0,17,144.86,14,0,False
CB-1119,2024-12-23,0.0,50,144.86,14,0,False
CB-1119,2024-12-30,0.0,50,144.86,14,0,False
CB-1119,2025-01-06,7.0,43,144.86,14,0,False
CB-1119,2025-01-13,0.0,43,144.86,14,0,False
CB-1119,2025-01-20,0.0,43,144.86,14,0,False
CB-1119,2025-01-27,0.0,43,144.86,14,0,False
CB-1119,2025-02-03,0.0,43,144.86,14,0,False
CB-1119,2025-02-10,0.0,43,144.86,14,0,False
CB-1119,2025-02-17,0.0,43,144.86,14,0,False
CB-1119,2025-02-24,0.0,43,144.86,14,0,False
CB-1119,2025-03-03,0.0,43,144.86,14,0,False
CB-1119,2025-03-10,0.0,43,144.86,14,0,False
CB-1119,2025-03-17,0.0,43,144.86,14,0,False
CB-1119,2025-03-24,0.0,43,144.86,14,0,False
CB-1119,2025-03-31,0.0,43,144.86,14,0,False
CB-1119,2025-04-07,25.0,18,144.86,14,0,False
CB-1119,2025-04-14,0.0,18,144.86,14,0,False
CB-1119,2025-04-21,0.0,52,144.86,14,0,False
CB-1119,2025-04-28,44.0,8,144.86,14,0,False
CB-1119,2025-05-05,0.0,8,144.86,14,0,False
CB-1119,2025-05-12,0.0,42,144.86,14,0,False
CB-1119,2025-05-19,0.0,42,144.86,14,0,False
CB-1119,2025-05-26,0.0,42,144.86,14,0,False
CB-1119,2025-06-02,0.0,42,144.86,14,0,False
CB-1119,2025-06-09,0.0,42,144.86,14,0,False
CB-1119,2025-06-16,0.0,42,144.86,14,0,False
CB-1119,2025-06-23,0.0,42,144.86,14,0,False
CB-1119,2025-06-30,0.0,42,144.86,14,0,False
CB-1119,2025-07-07,31.0,11,144.86,14,0,False
CB-1119,2025-07-14,0.0,11,144.86,14,0,False
CB-1119,2025-07-21,0.0,45,144.86,14,0,False
CB-1119,2025-07-28,0.0,45,144.86,14,0,False
CB-1119,2025-08-04,0.0,45,144.86,14,0,False
CB-1119,2025-08-11,0.0,45,144.86,14,0,False
CB-1119,2025-08-18,0.0,45,144.86,14,0,False
CB-1119,2025-08-25,0.0,45,144.86,14,0,False
CB-1119,2025-09-01,0.0,45,144.86,14,0,False
CB-1119,2025-09-08,0.0,45,144.86,14,0,False
CB-1119,2025-09-15,0.0,45,144.86,14,0,False
CB-1119,2025-09-22,0.0,45,144.86,14,0,False
CB-1119,2025-09-29,60.0,0,144.86,14,1,False
CB-1119,2025-10-06,0.0,0,144.86,14,0,False
CB-1119,2025-10-13,0.0,34,144.86,14,0,False
CB-1119,2025-10-20,22.0,12,144.86,14,0,False
CB-1119,2025-10-27,0.0,12,144.86,14,0,False
CB-1119,2025-11-03,0.0,46,144.86,14,0,False
CB-1119,2025-11-10,0.0,46,144.86,14,0,False
CB-1119,2025-11-17,0.0,46,144.86,14,0,False
CB-1119,2025-11-24,33.0,13,144.86,14,0,False
CB-1119,2025-12-01,0.0,13,144.86,14,0,False
CB-1119,2025-12-08,11.0,35,144.86,14,0,False
CB-1119,2025-12-15,16.0,19,144.86,14,0,False
CB-1119,2025-12-22,0.0,19,144.86,14,0,False
CB-1120,2024-01-01,0.0,3,116.54,42,0,False
CB-1120,2024-01-08,0.0,3,116.54,42,0,False
CB-1120,2024-01-15,0.0,3,116.54,42,0,False
CB-1120,2024-01-22,0.0,3,116.54,42,0,False
CB-1120,2024-01-29,0.0,3,116.54,42,0,False
CB-1120,2024-02-05,0.0,3,116.54,42,0,False
CB-1120,2024-02-12,0.0,20,116.54,42,0,False
CB-1120,2024-02-19,0.0,36,116.54,42,0,False
CB-1120,2024-02-26,0.0,36,116.54,42,0,False
CB-1120,2024-03-04,0.0,36,116.54,42,0,False
CB-1120,2024-03-11,0.0,36,116.54,42,0,False
CB-1120,2024-03-18,0.0,36,116.54,42,0,False
CB-1120,2024-03-25,0.0,36,116.54,42,0,False
CB-1120,2024-04-01,0.0,36,116.54,42,0,False
CB-1120,2024-04-08,0.0,36,116.54,42,0,False
CB-1120,2024-04-15,0.0,36,116.54,42,0,False
CB-1120,2024-04-22,24.0,12,116.54,42,0,False
CB-1120,2024-04-29,0.0,12,116.54,42,0,False
CB-1120,2024-05-06,0.0,12,116.54,42,0,False
CB-1120,2024-05-13,0.0,12,116.54,42,0,False
CB-1120,2024-05-20,10.0,2,116.54,42,0,False
CB-1120,2024-05-27,0.0,2,116.54,42,0,False
CB-1120,2024-06-03,32.0,0,116.54,42,1,False
CB-1120,2024-06-10,0.0,17,116.54,42,0,False
CB-1120,2024-06-17,0.0,17,116.54,42,0,False
CB-1120,2024-06-24,0.0,17,116.54,42,0,False
CB-1120,2024-07-01,26.0,0,116.54,42,1,False
CB-1120,2024-07-08,0.0,0,116.54,42,0,False
CB-1120,2024-07-15,0.0,17,116.54,42,0,False
CB-1120,2024-07-22,0.0,34,116.54,42,0,False
CB-1120,2024-07-29,0.0,34,116.54,42,0,False
CB-1120,2024-08-05,18.0,16,116.54,42,0,False
CB-1120,2024-08-12,0.0,33,116.54,42,0,False
CB-1120,2024-08-19,0.0,33,116.54,42,0,False
CB-1120,2024-08-26,0.0,33,116.54,42,0,False
CB-1120,2024-09-02,0.0,33,116.54,42,0,False
CB-1120,2024-09-09,0.0,33,116.54,42,0,False
CB-1120,2024-09-16,26.0,24,116.54,42,0,False
CB-1120,2024-09-23,0.0,24,116.54,42,0,False
CB-1120,2024-09-30,0.0,24,116.54,42,0,False
CB-1120,2024-10-07,0.0,24,116.54,42,0,False
CB-1120,2024-10-14,0.0,24,116.54,42,0,False
CB-1120,2024-10-21,27.0,0,116.54,42,1,False
CB-1120,2024-10-28,52.0,0,116.54,42,1,False
CB-1120,2024-11-04,43.0,0,116.54,42,1,False
CB-1120,2024-11-11,0.0,0,116.54,42,0,False
CB-1120,2024-11-18,0.0,0,116.54,42,0,False
CB-1120,2024-11-25,0.0,0,116.54,42,0,False
CB-1120,2024-12-02,0.0,17,116.54,42,0,False
CB-1120,2024-12-09,0.0,34,116.54,42,0,False
CB-1120,2024-12-16,0.0,51,116.54,42,0,False
CB-1120,2024-12-23,0.0,51,116.54,42,0,False
CB-1120,2024-12-30,0.0,51,116.54,42,0,False
CB-1120,2025-01-06,0.0,51,116.54,42,0,False
CB-1120,2025-01-13,0.0,51,116.54,42,0,False
CB-1120,2025-01-20,0.0,51,116.54,42,0,False
CB-1120,2025-01-27,0.0,51,116.54,42,0,False
CB-1120,2025-02-03,0.0,51,116.54,42,0,False
CB-1120,2025-02-10,0.0,51,116.54,42,0,False
CB-1120,2025-02-17,0.0,51,116.54,42,0,False
CB-1120,2025-02-24,0.0,51,116.54,42,0,False
CB-1120,2025-03-03,0.0,51,116.54,42,0,False
CB-1120,2025-03-10,0.0,51,116.54,42,0,False
CB-1120,2025-03-17,0.0,51,116.54,42,0,False
CB-1120,2025-03-24,0.0,51,116.54,42,0,False
CB-1120,2025-03-31,0.0,51,116.54,42,0,False
CB-1120,2025-04-07,0.0,51,116.54,42,0,False
CB-1120,2025-04-14,40.0,11,116.54,42,0,False
CB-1120,2025-04-21,0.0,11,116.54,42,0,False
CB-1120,2025-04-28,0.0,11,116.54,42,0,False
CB-1120,2025-05-05,0.0,11,116.54,42,0,False
CB-1120,2025-05-12,0.0,11,116.54,42,0,False
CB-1120,2025-05-19,0.0,11,116.54,42,0,False
CB-1120,2025-05-26,0.0,28,116.54,42,0,False
CB-1120,2025-06-02,0.0,45,116.54,42,0,False
CB-1120,2025-06-09,0.0,45,116.54,42,0,False
CB-1120,2025-06-16,0.0,45,116.54,42,0,False
CB-1120,2025-06-23,0.0,45,116.54,42,0,False
CB-1120,2025-06-30,27.0,18,116.54,42,0,False
CB-1120,2025-07-07,0.0,18,116.54,42,0,False
CB-1120,2025-07-14,0.0,18,116.54,42,0,False
CB-1120,2025-07-21,0.0,18,116.54,42,0,False
CB-1120,2025-07-28,0.0,18,116.54,42,0,False
CB-1120,2025-08-04,0.0,18,116.54,42,0,False
CB-1120,2025-08-11,0.0,35,116.54,42,0,False
CB-1120,2025-08-18,0.0,51,116.54,42,0,False
CB-1120,2025-08-25,0.0,51,116.54,42,0,False
CB-1120,2025-09-01,0.0,51,116.54,42,0,False
CB-1120,2025-09-08,25.0,26,116.54,42,0,False
CB-1120,2025-09-15,0.0,26,116.54,42,0,False
CB-1120,2025-09-22,0.0,26,116.54,42,0,False
CB-1120,2025-09-29,0.0,26,116.54,42,0,False
CB-1120,2025-10-06,0.0,26,116.54,42,0,False
CB-1120,2025-10-13,0.0,26,116.54,42,0,False
CB-1120,2025-10-20,0.0,43,116.54,42,0,False
CB-1120,2025-10-27,0.0,43,116.54,42,0,False
CB-1120,2025-11-03,0.0,43,116.54,42,0,False
CB-1120,2025-11-10,32.0,11,116.54,42,0,False
CB-1120,2025-11-17,0.0,11,116.54,42,0,False
CB-1120,2025-11-24,0.0,11,116.54,42,0,False
CB-1120,2025-12-01,0.0,11,116.54,42,0,False
CB-1120,2025-12-08,32.0,0,116.54,42,1,False
CB-1120,2025-12-15,0.0,0,116.54,42,0,False
CB-1120,2025-12-22,0.0,17,116.54,42,0,False
CB-1121,2024-01-01,23.0,8,97.65,35,0,False
CB-1121,2024-01-08,0.0,8,97.65,35,0,False
CB-1121,2024-01-15,0.0,8,97.65,35,0,False
CB-1121,2024-01-22,0.0,8,97.65,35,0,False
CB-1121,2024-01-29,49.0,0,97.65,35,1,False
CB-1121,2024-02-05,0.0,39,97.65,35,0,False
CB-1121,2024-02-12,0.0,79,97.65,35,0,False
CB-1121,2024-02-19,0.0,79,97.65,35,0,False
CB-1121,2024-02-26,0.0,79,97.65,35,0,False
CB-1121,2024-03-04,22.0,57,97.65,35,0,False
CB-1121,2024-03-11,0.0,57,97.65,35,0,False
CB-1121,2024-03-18,0.0,57,97.65,35,0,False
CB-1121,2024-03-25,0.0,57,97.65,35,0,False
CB-1121,2024-04-01,0.0,57,97.65,35,0,False
CB-1121,2024-04-08,0.0,96,97.65,35,0,False
CB-1121,2024-04-15,0.0,96,97.65,35,0,False
CB-1121,2024-04-22,0.0,96,97.65,35,0,False
CB-1121,2024-04-29,47.0,49,97.65,35,0,False
CB-1121,2024-05-06,0.0,49,97.65,35,0,False
CB-1121,2024-05-13,17.0,32,97.65,35,0,False
CB-1121,2024-05-20,0.0,32,97.65,35,0,False
CB-1121,2024-05-27,0.0,32,97.65,35,0,False
CB-1121,2024-06-03,20.0,51,97.65,35,0,False
CB-1121,2024-06-10,23.0,28,97.65,35,0,False
CB-1121,2024-06-17,0.0,28,97.65,35,0,False
CB-1121,2024-06-24,0.0,28,97.65,35,0,False
CB-1121,2024-07-01,0.0,28,97.65,35,0,False
CB-1121,2024-07-08,29.0,38,97.65,35,0,False
CB-1121,2024-07-15,52.0,0,97.65,35,1,False
CB-1121,2024-07-22,0.0,0,97.65,35,0,False
CB-1121,2024-07-29,0.0,0,97.65,35,0,False
CB-1121,2024-08-05,0.0,0,97.65,35,0,False
CB-1121,2024-08-12,23.0,16,97.65,35,0,False
CB-1121,2024-08-19,0.0,56,97.65,35,0,False
CB-1121,2024-08-26,0.0,56,97.65,35,0,False
CB-1121,2024-09-02,0.0,56,97.65,35,0,False
CB-1121,2024-09-09,49.0,7,97.65,35,0,False
CB-1121,2024-09-16,16.0,30,97.65,35,0,False
CB-1121,2024-09-23,0.0,30,97.65,35,0,False
CB-1121,2024-09-30,0.0,30,97.65,35,0,False
CB-1121,2024-10-07,0.0,30,97.65,35,0,False
CB-1121,2024-10-14,0.0,69,97.65,35,0,False
CB-1121,2024-10-21,8.0,61,97.65,35,0,False
CB-1121,2024-10-28,50.0,11,97.65,35,0,False
CB-1121,2024-11-04,23.0,0,97.65,35,1,False
CB-1121,2024-11-11,0.0,0,97.65,35,0,False
CB-1121,2024-11-18,0.0,0,97.65,35,0,False
CB-1121,2024-11-25,0.0,39,97.65,35,0,False
CB-1121,2024-12-02,30.0,49,97.65,35,0,False
CB-1121,2024-12-09,0.0,49,97.65,35,0,False
CB-1121,2024-12-16,44.0,5,97.65,35,0,False
CB-1121,2024-12-23,55.0,0,97.65,35,1,False
CB-1121,2024-12-30,0.0,0,97.65,35,0,False
CB-1121,2025-01-06,30.0,9,97.65,35,0,False
CB-1121,2025-01-13,0.0,9,97.65,35,0,False
CB-1121,2025-01-20,0.0,49,97.65,35,0,False
CB-1121,2025-01-27,0.0,49,97.65,35,0,False
CB-1121,2025-02-03,0.0,49,97.65,35,0,False
CB-1121,2025-02-10,9.0,79,97.65,35,0,False
CB-1121,2025-02-17,0.0,79,97.65,35,0,False
CB-1121,2025-02-24,0.0,79,97.65,35,0,False
CB-1121,2025-03-03,0.0,79,97.65,35,0,False
CB-1121,2025-03-10,0.0,79,97.65,35,0,False
CB-1121,2025-03-17,0.0,79,97.65,35,0,False
CB-1121,2025-03-24,0.0,79,97.65,35,0,False
CB-1121,2025-03-31,0.0,79,97.65,35,0,False
CB-1121,2025-04-07,0.0,79,97.65,35,0,False
CB-1121,2025-04-14,0.0,79,97.65,35,0,False
CB-1121,2025-04-21,0.0,79,97.65,35,0,False
CB-1121,2025-04-28,0.0,79,97.65,35,0,False
CB-1121,2025-05-05,0.0,79,97.65,35,0,False
CB-1121,2025-05-12,0.0,79,97.65,35,0,False
CB-1121,2025-05-19,40.0,39,97.65,35,0,False
CB-1121,2025-05-26,0.0,39,97.65,35,0,False
CB-1121,2025-06-02,0.0,39,97.65,35,0,False
CB-1121,2025-06-09,46.0,0,97.65,35,1,False
CB-1121,2025-06-16,0.0,0,97.65,35,0,False
CB-1121,2025-06-23,0.0,39,97.65,35,0,False
CB-1121,2025-06-30,36.0,3,97.65,35,0,False
CB-1121,2025-07-07,24.0,0,97.65,35,1,False
CB-1121,2025-07-14,0.0,39,97.65,35,0,False
CB-1121,2025-07-21,0.0,39,97.65,35,0,False
CB-1121,2025-07-28,0.0,39,97.65,35,0,False
CB-1121,2025-08-04,0.0,79,97.65,35,0,False
CB-1121,2025-08-11,0.0,79,97.65,35,0,False
CB-1121,2025-08-18,0.0,79,97.65,35,0,False
CB-1121,2025-08-25,0.0,79,97.65,35,0,False
CB-1121,2025-09-01,25.0,54,97.65,35,0,False
CB-1121,2025-09-08,36.0,18,97.65,35,0,False
CB-1121,2025-09-15,0.0,18,97.65,35,0,False
CB-1121,2025-09-22,0.0,18,97.65,35,0,False
CB-1121,2025-09-29,0.0,18,97.65,35,0,False
CB-1121,2025-10-06,56.0,1,97.65,35,0,False
CB-1121,2025-10-13,0.0,40,97.65,35,0,False
CB-1121,2025-10-20,59.0,0,97.65,35,1,False
CB-1121,2025-10-27,0.0,0,97.65,35,0,False
CB-1121,2025-11-03,0.0,0,97.65,35,0,False
CB-1121,2025-11-10,15.0,24,97.65,35,0,False
CB-1121,2025-11-17,0.0,24,97.65,35,0,False
CB-1121,2025-11-24,0.0,64,97.65,35,0,False
CB-1121,2025-12-01,0.0,64,97.65,35,0,False
CB-1121,2025-12-08,39.0,25,97.65,35,0,False
CB-1121,2025-12-15,0.0,64,97.65,35,0,False
CB-1121,2025-12-22,0.0,64,97.65,35,0,False
CB-1122,2024-01-01,62.0,109,154.72,7,0,False
CB-1122,2024-01-08,18.0,91,154.72,7,0,False
CB-1122,2024-01-15,64.0,27,154.72,7,0,False
CB-1122,2024-01-22,87.0,179,154.72,7,0,False
CB-1122,2024-01-29,59.0,120,154.72,7,0,False
CB-1122,2024-02-05,24.0,96,154.72,7,0,False
CB-1122,2024-02-12,55.0,41,154.72,7,0,False
CB-1122,2024-02-19,96.0,185,154.72,7,0,False
CB-1122,2024-02-26,73.0,112,154.72,7,0,False
CB-1122,2024-03-04,34.0,78,154.72,7,0,False
CB-1122,2024-03-11,126.0,191,154.72,7,0,False
CB-1122,2024-03-18,39.0,152,154.72,7,0,False
CB-1122,2024-03-25,64.0,88,154.72,7,0,False
CB-1122,2024-04-01,45.0,43,154.72,7,0,False
CB-1122,2024-04-08,45.0,238,154.72,7,0,False
CB-1122,2024-04-15,59.0,179,154.72,7,0,False
CB-1122,2024-04-22,86.0,93,154.72,7,0,False
CB-1122,2024-04-29,101.0,0,154.72,7,1,False
CB-1122,2024-05-06,60.0,180,154.72,7,0,False
CB-1122,2024-05-13,44.0,136,154.72,7,0,False
CB-1122,2024-05-20,78.0,58,154.72,7,0,False
CB-1122,2024-05-27,77.0,220,154.72,7,0,False
CB-1122,2024-06-03,70.0,150,154.72,7,0,False
CB-1122,2024-06-10,69.0,81,154.72,7,0,False
CB-1122,2024-06-17,59.0,22,154.72,7,0,False
CB-1122,2024-06-24,62.0,200,154.72,7,0,False
CB-1122,2024-07-01,55.0,144,154.72,7,0,False
CB-1122,2024-07-08,78.0,66,154.72,7,0,False
CB-1122,2024-07-15,98.0,208,154.72,7,0,False
CB-1122,2024-07-22,57.0,151,154.72,7,0,False
CB-1122,2024-07-29,52.0,99,154.72,7,0,False
CB-1122,2024-08-05,55.0,44,154.72,7,0,False
CB-1122,2024-08-12,38.0,246,154.72,7,0,False
CB-1122,2024-08-19,61.0,184,154.72,7,0,False
CB-1122,2024-08-26,54.0,130,154.72,7,0,False
CB-1122,2024-09-02,40.0,90,154.72,7,0,False
CB-1122,2024-09-09,60.0,30,154.72,7,0,False
CB-1122,2024-09-16,46.0,224,154.72,7,0,False
CB-1122,2024-09-23,30.0,194,154.72,7,0,False
CB-1122,2024-09-30,51.0,143,154.72,7,0,False
CB-1122,2024-10-07,49.0,94,154.72,7,0,False
CB-1122,2024-10-14,61.0,33,154.72,7,0,False
CB-1122,2024-10-21,60.0,212,154.72,7,0,False
CB-1122,2024-10-28,45.0,168,154.72,7,0,False
CB-1122,2024-11-04,40.0,128,154.72,7,0,False
CB-1122,2024-11-11,49.0,78,154.72,7,0,False
CB-1122,2024-11-18,57.0,261,154.72,7,0,False
CB-1122,2024-11-25,61.0,200,154.72,7,0,False
CB-1122,2024-12-02,60.0,140,154.72,7,0,False
CB-1122,2024-12-09,54.0,86,154.72,7,0,False
CB-1122,2024-12-16,78.0,8,154.72,7,0,False
CB-1122,2024-12-23,46.0,202,154.72,7,0,False
CB-1122,2024-12-30,115.0,86,154.72,7,0,False
CB-1122,2025-01-06,81.0,6,154.72,7,0,False
CB-1122,2025-01-13,40.0,205,154.72,7,0,False
CB-1122,2025-01-20,72.0,133,154.72,7,0,False
CB-1122,2025-01-27,88.0,45,154.72,7,0,False
CB-1122,2025-02-03,63.0,222,154.72,7,0,False
CB-1122,2025-02-10,35.0,186,154.72,7,0,False
CB-1122,2025-02-17,47.0,140,154.72,7,0,False
CB-1122,2025-02-24,90.0,50,154.72,7,0,False
CB-1122,2025-03-03,30.0,259,154.72,7,0,False
CB-1122,2025-03-10,38.0,221,154.72,7,0,False
CB-1122,2025-03-17,93.0,128,154.72,7,0,False
CB-1122,2025-03-24,73.0,55,154.72,7,0,False
CB-1122,2025-03-31,60.0,234,154.72,7,0,False
CB-1122,2025-04-07,66.0,168,154.72,7,0,False
CB-1122,2025-04-14,39.0,130,154.72,7,0,False
CB-1122,2025-04-21,92.0,38,154.72,7,0,False
CB-1122,2025-04-28,56.0,221,154.72,7,0,False
CB-1122,2025-05-05,63.0,158,154.72,7,0,False
CB-1122,2025-05-12,86.0,72,154.72,7,0,False
CB-1122,2025-05-19,68.0,244,154.72,7,0,False
CB-1122,2025-05-26,56.0,188,154.72,7,0,False
CB-1122,2025-06-02,22.0,166,154.72,7,0,False
CB-1122,2025-06-09,80.0,86,154.72,7,0,False
CB-1122,2025-06-16,71.0,14,154.72,7,0,False
CB-1122,2025-06-23,55.0,199,154.72,7,0,False
CB-1122,2025-06-30,42.0,157,154.72,7,0,False
CB-1122,2025-07-07,64.0,93,154.72,7,0,False
CB-1122,2025-07-14,72.0,21,154.72,7,0,False
CB-1122,2025-07-21,62.0,198,154.72,7,0,False
CB-1122,2025-07-28,92.0,106,154.72,7,0,False
CB-1122,2025-08-04,71.0,36,154.72,7,0,False
CB-1122,2025-08-11,53.0,222,154.72,7,0,False
CB-1122,2025-08-18,68.0,154,154.72,7,0,False
CB-1122,2025-08-25,54.0,100,154.72,7,0,False
CB-1122,2025-09-01,53.0,47,154.72,7,0,False
CB-1122,2025-09-08,74.0,212,154.72,7,0,False
CB-1122,2025-09-15,35.0,178,154.72,7,0,False
CB-1122,2025-09-22,51.0,126,154.72,7,0,False
CB-1122,2025-09-29,71.0,56,154.72,7,0,False
CB-1122,2025-10-06,56.0,239,154.72,7,0,False
CB-1122,2025-10-13,44.0,195,154.72,7,0,False
CB-1122,2025-10-20,21.0,174,154.72,7,0,False
CB-1122,2025-10-27,11.0,163,154.72,7,0,False
CB-1122,2025-11-03,93.0,70,154.72,7,0,False
CB-1122,2025-11-10,61.0,248,154.72,7,0,False
CB-1122,2025-11-17,45.0,204,154.72,7,0,False
CB-1122,2025-11-24,66.0,138,154.72,7,0,False
CB-1122,2025-12-01,40.0,98,154.72,7,0,False
CB-1122,2025-12-08,55.0,42,154.72,7,0,False
CB-1122,2025-12-15,43.0,239,154.72,7,0,False
CB-1122,2025-12-22,34.0,205,154.72,7,0,False
CB-1123,2024-01-01,53.0,159,116.02,35,0,False
CB-1123,2024-01-08,46.0,113,116.02,35,0,False
CB-1123,2024-01-15,54.0,59,116.02,35,0,False
CB-1123,2024-01-22,57.0,2,116.02,35,0,False
CB-1123,2024-01-29,55.0,0,116.02,35,1,False
CB-1123,2024-02-05,55.0,200,116.02,35,0,False
CB-1123,2024-02-12,58.0,397,116.02,35,0,False
CB-1123,2024-02-19,57.0,340,116.02,35,0,False
CB-1123,2024-02-26,66.0,274,116.02,35,0,False
CB-1123,2024-03-04,70.0,204,116.02,35,0,False
CB-1123,2024-03-11,69.0,135,116.02,35,0,False
CB-1123,2024-03-18,51.0,339,116.02,35,0,False
CB-1123,2024-03-25,60.0,279,116.02,35,0,False
CB-1123,2024-04-01,63.0,216,116.02,35,0,False
CB-1123,2024-04-08,65.0,151,116.02,35,0,False
CB-1123,2024-04-15,54.0,352,116.02,35,0,False
CB-1123,2024-04-22,54.0,298,116.02,35,0,False
CB-1123,2024-04-29,68.0,230,116.02,35,0,False
CB-1123,2024-05-06,59.0,171,116.02,35,0,False
CB-1123,2024-05-13,53.0,373,116.02,35,0,False
CB-1123,2024-05-20,54.0,319,116.02,35,0,False
CB-1123,2024-05-27,60.0,259,116.02,35,0,False
CB-1123,2024-06-03,54.0,205,116.02,35,0,False
CB-1123,2024-06-10,57.0,148,116.02,35,0,False
CB-1123,2024-06-17,50.0,353,116.02,35,0,False
CB-1123,2024-06-24,46.0,307,116.02,35,0,False
CB-1123,2024-07-01,58.0,249,116.02,35,0,False
CB-1123,2024-07-08,52.0,197,116.02,35,0,False
CB-1123,2024-07-15,48.0,404,116.02,35,0,False
CB-1123,2024-07-22,46.0,358,116.02,35,0,False
CB-1123,2024-07-29,52.0,306,116.02,35,0,False
CB-1123,2024-08-05,47.0,259,116.02,35,0,False
CB-1123,2024-08-12,48.0,211,116.02,35,0,False
CB-1123,2024-08-19,41.0,425,116.02,35,0,False
CB-1123,2024-08-26,42.0,383,116.02,35,0,False
CB-1123,2024-09-02,43.0,340,116.02,35,0,False
CB-1123,2024-09-09,39.0,301,116.02,35,0,False
CB-1123,2024-09-16,40.0,261,116.02,35,0,False
CB-1123,2024-09-23,38.0,223,116.02,35,0,False
CB-1123,2024-09-30,41.0,437,116.02,35,0,False
CB-1123,2024-10-07,36.0,401,116.02,35,0,False
CB-1123,2024-10-14,43.0,358,116.02,35,0,False
CB-1123,2024-10-21,42.0,316,116.02,35,0,False
CB-1123,2024-10-28,41.0,275,116.02,35,0,False
CB-1123,2024-11-04,44.0,231,116.02,35,0,False
CB-1123,2024-11-11,43.0,443,116.02,35,0,False
CB-1123,2024-11-18,43.0,400,116.02,35,0,False
CB-1123,2024-11-25,49.0,351,116.02,35,0,False
CB-1123,2024-12-02,50.0,301,116.02,35,0,False
CB-1123,2024-12-09,48.0,253,116.02,35,0,False
CB-1123,2024-12-16,49.0,204,116.02,35,0,False
CB-1123,2024-12-23,52.0,407,116.02,35,0,False
CB-1123,2024-12-30,53.0,354,116.02,35,0,False
CB-1123,2025-01-06,64.0,290,116.02,35,0,False
CB-1123,2025-01-13,60.0,230,116.02,35,0,False
CB-1123,2025-01-20,60.0,170,116.02,35,0,False
CB-1123,2025-01-27,57.0,368,116.02,35,0,False
CB-1123,2025-02-03,67.0,301,116.02,35,0,False
CB-1123,2025-02-10,62.0,239,116.02,35,0,False
CB-1123,2025-02-17,63.0,176,116.02,35,0,False
CB-1123,2025-02-24,72.0,104,116.02,35,0,False
CB-1123,2025-03-03,71.0,289,116.02,35,0,False
CB-1123,2025-03-10,55.0,234,116.02,35,0,False
CB-1123,2025-03-17,69.0,165,116.02,35,0,False
CB-1123,2025-03-24,71.0,94,116.02,35,0,False
CB-1123,2025-03-31,69.0,280,116.02,35,0,False
CB-1123,2025-04-07,72.0,208,116.02,35,0,False
CB-1123,2025-04-14,60.0,148,116.02,35,0,False
CB-1123,2025-04-21,1040.0,0,116.02,35,1,False
CB-1123,2025-04-28,64.0,191,116.02,35,0,False
CB-1123,2025-05-05,71.0,120,116.02,35,0,False
CB-1123,2025-05-12,51.0,69,116.02,35,0,False
CB-1123,2025-05-19,62.0,262,116.02,35,0,False
CB-1123,2025-05-26,56.0,206,116.02,35,0,False
CB-1123,2025-06-02,63.0,143,116.02,35,0,False
CB-1123,2025-06-09,73.0,325,116.02,35,0,False
CB-1123,2025-06-16,60.0,265,116.02,35,0,False
CB-1123,2025-06-23,59.0,206,116.02,35,0,False
CB-1123,2025-06-30,62.0,144,116.02,35,0,False
CB-1123,2025-07-07,57.0,342,116.02,35,0,False
CB-1123,2025-07-14,54.0,288,116.02,35,0,False
CB-1123,2025-07-21,57.0,231,116.02,35,0,False
CB-1123,2025-07-28,54.0,177,116.02,35,0,False
CB-1123,2025-08-04,52.0,380,116.02,35,0,False
CB-1123,2025-08-11,49.0,331,116.02,35,0,False
CB-1123,2025-08-18,47.0,284,116.02,35,0,False
CB-1123,2025-08-25,50.0,234,116.02,35,0,False
CB-1123,2025-09-01,45.0,189,116.02,35,0,False
CB-1123,2025-09-08,50.0,394,116.02,35,0,False
CB-1123,2025-09-15,41.0,353,116.02,35,0,False
CB-1123,2025-09-22,50.0,303,116.02,35,0,False
CB-1123,2025-09-29,47.0,256,116.02,35,0,False
CB-1123,2025-10-06,42.0,214,116.02,35,0,False
CB-1123,2025-10-13,47.0,422,116.02,35,0,False
CB-1123,2025-10-20,44.0,378,116.02,35,0,False
CB-1123,2025-10-27,47.0,331,116.02,35,0,False
CB-1123,2025-11-03,46.0,285,116.02,35,0,False
CB-1123,2025-11-10,49.0,236,116.02,35,0,False
CB-1123,2025-11-17,54.0,182,116.02,35,0,False
CB-1123,2025-11-24,54.0,383,116.02,35,0,False
CB-1123,2025-12-01,49.0,334,116.02,35,0,False
CB-1123,2025-12-08,51.0,283,116.02,35,0,False
CB-1123,2025-12-15,59.0,224,116.02,35,0,False
CB-1123,2025-12-22,61.0,163,116.02,35,0,False
CB-1124,2024-01-01,95.0,237,27.31,21,0,False
CB-1124,2024-01-08,87.0,150,27.31,21,0,False
CB-1124,2024-01-15,89.0,61,27.31,21,0,False
CB-1124,2024-01-22,96.0,364,27.31,21,0,False
CB-1124,2024-01-29,98.0,266,27.31,21,0,False
CB-1124,2024-02-05,113.0,153,27.31,21,0,False
CB-1124,2024-02-12,114.0,39,27.31,21,0,False
CB-1124,2024-02-19,108.0,331,27.31,21,0,False
CB-1124,2024-02-26,115.0,216,27.31,21,0,False
CB-1124,2024-03-04,119.0,97,27.31,21,0,False
CB-1124,2024-03-11,113.0,0,27.31,21,1,False
CB-1124,2024-03-18,117.0,283,27.31,21,0,False
CB-1124,2024-03-25,120.0,163,27.31,21,0,False
CB-1124,2024-04-01,119.0,44,27.31,21,0,False
CB-1124,2024-04-08,108.0,335,27.31,21,0,False
CB-1124,2024-04-15,109.0,226,27.31,21,0,False
CB-1124,2024-04-22,112.0,114,27.31,21,0,False
CB-1124,2024-04-29,107.0,7,27.31,21,0,False
CB-1124,2024-05-06,99.0,308,27.31,21,0,False
CB-1124,2024-05-13,117.0,191,27.31,21,0,False
CB-1124,2024-05-20,112.0,79,27.31,21,0,False
CB-1124,2024-05-27,96.0,382,27.31,21,0,False
CB-1124,2024-06-03,103.0,279,27.31,21,0,False
CB-1124,2024-06-10,101.0,178,27.31,21,0,False
CB-1124,2024-06-17,102.0,76,27.31,21,0,False
CB-1124,2024-06-24,89.0,387,27.31,21,0,False
CB-1124,2024-07-01,85.0,302,27.31,21,0,False
CB-1124,2024-07-08,96.0,206,27.31,21,0,False
CB-1124,2024-07-15,79.0,127,27.31,21,0,False
CB-1124,2024-07-22,85.0,441,27.31,21,0,False
CB-1124,2024-07-29,82.0,359,27.31,21,0,False
CB-1124,2024-08-05,82.0,277,27.31,21,0,False
CB-1124,2024-08-12,82.0,195,27.31,21,0,False
CB-1124,2024-08-19,88.0,107,27.31,21,0,False
CB-1124,2024-08-26,67.0,440,27.31,21,0,False
CB-1124,2024-09-02,81.0,359,27.31,21,0,False
CB-1124,2024-09-09,59.0,300,27.31,21,0,False
CB-1124,2024-09-16,82.0,218,27.31,21,0,False
CB-1124,2024-09-23,61.0,157,27.31,21,0,False
CB-1124,2024-09-30,88.0,468,27.31,21,0,False
CB-1124,2024-10-07,71.0,397,27.31,21,0,False
CB-1124,2024-10-14,82.0,315,27.31,21,0,False
CB-1124,2024-10-21,82.0,233,27.31,21,0,False
CB-1124,2024-10-28,74.0,159,27.31,21,0,False
CB-1124,2024-11-04,76.0,483,27.31,21,0,False
CB-1124,2024-11-11,75.0,408,27.31,21,0,False
CB-1124,2024-11-18,88.0,320,27.31,21,0,False
CB-1124,2024-11-25,83.0,237,27.31,21,0,False
CB-1124,2024-12-02,82.0,155,27.31,21,0,False
CB-1124,2024-12-09,95.0,60,27.31,21,0,False
CB-1124,2024-12-16,87.0,372,27.31,21,0,False
CB-1124,2024-12-23,95.0,277,27.31,21,0,False
CB-1124,2024-12-30,102.0,175,27.31,21,0,False
CB-1124,2025-01-06,99.0,76,27.31,21,0,False
CB-1124,2025-01-13,103.0,373,27.31,21,0,False
CB-1124,2025-01-20,124.0,249,27.31,21,0,False
CB-1124,2025-01-27,111.0,138,27.31,21,0,False
CB-1124,2025-02-03,113.0,25,27.31,21,0,False
CB-1124,2025-02-10,117.0,307,27.31,21,0,False
CB-1124,2025-02-17,126.0,181,27.31,21,0,False
CB-1124,2025-02-24,113.0,68,27.31,21,0,False
CB-1124,2025-03-03,130.0,338,27.31,21,0,False
CB-1124,2025-03-10,130.0,208,27.31,21,0,False
CB-1124,2025-03-17,110.0,98,27.31,21,0,False
CB-1124,2025-03-24,147.0,0,27.31,21,1,False
CB-1124,2025-03-31,145.0,255,27.31,21,0,False
CB-1124,2025-04-07,121.0,134,27.31,21,0,False
CB-1124,2025-04-14,118.0,16,27.31,21,0,False
CB-1124,2025-04-21,131.0,284,27.31,21,0,False
CB-1124,2025-04-28,113.0,171,27.31,21,0,False
CB-1124,2025-05-05,140.0,31,27.31,21,0,False
CB-1124,2025-05-12,120.0,311,27.31,21,0,False
CB-1124,2025-05-19,138.0,173,27.31,21,0,False
CB-1124,2025-05-26,112.0,61,27.31,21,0,False
CB-1124,2025-06-02,117.0,343,27.31,21,0,False
CB-1124,2025-06-09,127.0,216,27.31,21,0,False
CB-1124,2025-06-16,109.0,107,27.31,21,0,False
CB-1124,2025-06-23,112.0,0,27.31,21,1,False
CB-1124,2025-06-30,116.0,284,27.31,21,0,False
CB-1124,2025-07-07,99.0,185,27.31,21,0,False
CB-1124,2025-07-14,90.0,95,27.31,21,0,False
CB-1124,2025-07-21,86.0,408,27.31,21,0,False
CB-1124,2025-07-28,99.0,309,27.31,21,0,False
CB-1124,2025-08-04,95.0,214,27.31,21,0,False
CB-1124,2025-08-11,98.0,116,27.31,21,0,False
CB-1124,2025-08-18,86.0,430,27.31,21,0,False
CB-1124,2025-08-25,76.0,354,27.31,21,0,False
CB-1124,2025-09-01,69.0,285,27.31,21,0,False
CB-1124,2025-09-08,102.0,183,27.31,21,0,False
CB-1124,2025-09-15,86.0,97,27.31,21,0,False
CB-1124,2025-09-22,83.0,413,27.31,21,0,False
CB-1124,2025-09-29,84.0,329,27.31,21,0,False
CB-1124,2025-10-06,73.0,256,27.31,21,0,False
CB-1124,2025-10-13,78.0,178,27.31,21,0,False
CB-1124,2025-10-20,96.0,82,27.31,21,0,False
CB-1124,2025-10-27,90.0,392,27.31,21,0,False
CB-1124,2025-11-03,82.0,310,27.31,21,0,False
CB-1124,2025-11-10,81.0,229,27.31,21,0,False
CB-1124,2025-11-17,89.0,140,27.31,21,0,False
CB-1124,2025-11-24,93.0,446,27.31,21,0,False
CB-1124,2025-12-01,115.0,331,27.31,21,0,False
CB-1124,2025-12-08,100.0,231,27.31,21,0,False
CB-1124,2025-12-15,95.0,136,27.31,21,0,False
CB-1124,2025-12-22,108.0,28,27.31,21,0,False
CB-1125,2024-01-01,72.0,192,43.78,7,0,False
CB-1125,2024-01-08,93.0,99,43.78,7,0,False
CB-1125,2024-01-15,71.0,317,43.78,7,0,False
CB-1125,2024-01-22,50.0,267,43.78,7,0,False
CB-1125,2024-01-29,58.0,209,43.78,7,0,False
CB-1125,2024-02-05,31.0,178,43.78,7,0,False
CB-1125,2024-02-12,71.0,107,43.78,7,0,False
CB-1125,2024-02-19,85.0,22,43.78,7,0,False
CB-1125,2024-02-26,53.0,259,43.78,7,0,False
CB-1125,2024-03-04,133.0,126,43.78,7,0,False
CB-1125,2024-03-11,102.0,24,43.78,7,0,False
CB-1125,2024-03-18,30.0,283,43.78,7,0,False
CB-1125,2024-03-25,31.0,252,43.78,7,0,False
CB-1125,2024-04-01,53.0,199,43.78,7,0,False
CB-1125,2024-04-08,127.0,72,43.78,7,0,False
CB-1125,2024-04-15,107.0,255,43.78,7,0,False
CB-1125,2024-04-22,127.0,128,43.78,7,0,False
CB-1125,2024-04-29,81.0,47,43.78,7,0,False
CB-1125,2024-05-06,74.0,262,43.78,7,0,False
CB-1125,2024-05-13,44.0,218,43.78,7,0,False
CB-1125,2024-05-20,87.0,131,43.78,7,0,False
CB-1125,2024-05-27,71.0,60,43.78,7,0,False
CB-1125,2024-06-03,68.0,282,43.78,7,0,False
CB-1125,2024-06-10,114.0,168,43.78,7,0,False
CB-1125,2024-06-17,68.0,100,43.78,7,0,False
CB-1125,2024-06-24,101.0,288,43.78,7,0,False
CB-1125,2024-07-01,30.0,258,43.78,7,0,False
CB-1125,2024-07-08,127.0,131,43.78,7,0,False
CB-1125,2024-07-15,55.0,76,43.78,7,0,False
CB-1125,2024-07-22,77.0,288,43.78,7,0,False
CB-1125,2024-07-29,78.0,210,43.78,7,0,False
CB-1125,2024-08-05,48.0,162,43.78,7,0,False
CB-1125,2024-08-12,73.0,89,43.78,7,0,False
CB-1125,2024-08-19,73.0,306,43.78,7,0,False
CB-1125,2024-08-26,41.0,265,43.78,7,0,False
CB-1125,2024-09-02,40.0,225,43.78,7,0,False
CB-1125,2024-09-09,54.0,171,43.78,7,0,False
CB-1125,2024-09-16,50.0,121,43.78,7,0,False
CB-1125,2024-09-23,77.0,44,43.78,7,0,False
CB-1125,2024-09-30,65.0,268,43.78,7,0,False
CB-1125,2024-10-07,51.0,217,43.78,7,0,False
CB-1125,2024-10-14,64.0,153,43.78,7,0,False
CB-1125,2024-10-21,15.0,138,43.78,7,0,False
CB-1125,2024-10-28,43.0,95,43.78,7,0,False
CB-1125,2024-11-04,61.0,324,43.78,7,0,False
CB-1125,2024-11-11,79.0,245,43.78,7,0,False
CB-1125,2024-11-18,63.0,182,43.78,7,0,False
CB-1125,2024-11-25,92.0,90,43.78,7,0,False
CB-1125,2024-12-02,82.0,297,43.78,7,0,False
CB-1125,2024-12-09,54.0,243,43.78,7,0,False
CB-1125,2024-12-16,64.0,179,43.78,7,0,False
CB-1125,2024-12-23,79.0,100,43.78,7,0,False
CB-1125,2024-12-30,60.0,330,43.78,7,0,False
CB-1125,2025-01-06,113.0,217,43.78,7,0,False
CB-1125,2025-01-13,47.0,170,43.78,7,0,False
CB-1125,2025-01-20,87.0,83,43.78,7,0,False
CB-1125,2025-01-27,101.0,271,43.78,7,0,False
CB-1125,2025-02-03,73.0,198,43.78,7,0,False
CB-1125,2025-02-10,68.0,130,43.78,7,0,False
CB-1125,2025-02-17,84.0,46,43.78,7,0,False
CB-1125,2025-02-24,113.0,223,43.78,7,0,False
CB-1125,2025-03-03,73.0,150,43.78,7,0,False
CB-1125,2025-03-10,56.0,94,43.78,7,0,False
CB-1125,2025-03-17,128.0,255,43.78,7,0,False
CB-1125,2025-03-24,104.0,151,43.78,7,0,False
CB-1125,2025-03-31,124.0,27,43.78,7,0,False
CB-1125,2025-04-07,116.0,201,43.78,7,0,False
CB-1125,2025-04-14,162.0,39,43.78,7,0,False
CB-1125,2025-04-21,127.0,201,43.78,7,0,False
CB-1125,2025-04-28,68.0,133,43.78,7,0,False
CB-1125,2025-05-05,104.0,29,43.78,7,0,False
CB-1125,2025-05-12,71.0,248,43.78,7,0,False
CB-1125,2025-05-19,73.0,175,43.78,7,0,False
CB-1125,2025-05-26,43.0,132,43.78,7,0,False
CB-1125,2025-06-02,75.0,57,43.78,7,0,False
CB-1125,2025-06-09,97.0,249,43.78,7,0,False
CB-1125,2025-06-16,78.0,171,43.78,7,0,False
CB-1125,2025-06-23,48.0,123,43.78,7,0,False
CB-1125,2025-06-30,35.0,88,43.78,7,0,False
CB-1125,2025-07-07,128.0,249,43.78,7,0,False
CB-1125,2025-07-14,79.0,170,43.78,7,0,False
CB-1125,2025-07-21,49.0,121,43.78,7,0,False
CB-1125,2025-07-28,78.0,43,43.78,7,0,False
CB-1125,2025-08-04,116.0,217,43.78,7,0,False
CB-1125,2025-08-11,78.0,139,43.78,7,0,False
CB-1125,2025-08-18,2.0,137,43.78,7,0,False
CB-1125,2025-08-25,118.0,19,43.78,7,0,False
CB-1125,2025-09-01,21.0,287,43.78,7,0,False
CB-1125,2025-09-08,55.0,232,43.78,7,0,False
CB-1125,2025-09-15,35.0,197,43.78,7,0,False
CB-1125,2025-09-22,43.0,154,43.78,7,0,False
CB-1125,2025-09-29,64.0,90,43.78,7,0,False
CB-1125,2025-10-06,16.0,364,43.78,7,0,False
CB-1125,2025-10-13,57.0,307,43.78,7,0,False
CB-1125,2025-10-20,84.0,223,43.78,7,0,False
CB-1125,2025-10-27,43.0,180,43.78,7,0,False
CB-1125,2025-11-03,32.0,148,43.78,7,0,False
CB-1125,2025-11-10,61.0,87,43.78,7,0,False
CB-1125,2025-11-17,58.0,318,43.78,7,0,False
CB-1125,2025-11-24,54.0,264,43.78,7,0,False
CB-1125,2025-12-01,41.0,223,43.78,7,0,False
CB-1125,2025-12-08,85.0,138,43.78,7,0,False
CB-1125,2025-12-15,90.0,48,43.78,7,0,False
CB-1125,2025-12-22,48.0,290,43.78,7,0,False
CB-1126,2024-01-01,103.0,263,67.53,21,0,False
CB-1126,2024-01-08,117.0,146,67.53,21,0,False
CB-1126,2024-01-15,133.0,13,67.53,21,0,False
CB-1126,2024-01-22,122.0,397,67.53,21,0,False
CB-1126,2024-01-29,114.0,283,67.53,21,0,False
CB-1126,2024-02-05,133.0,150,67.53,21,0,False
CB-1126,2024-02-12,130.0,525,67.53,21,0,False
CB-1126,2024-02-19,133.0,392,67.53,21,0,False
CB-1126,2024-02-26,142.0,250,67.53,21,0,False
CB-1126,2024-03-04,147.0,103,67.53,21,0,False
CB-1126,2024-03-11,142.0,467,67.53,21,0,False
CB-1126,2024-03-18,142.0,325,67.53,21,0,False
CB-1126,2024-03-25,167.0,158,67.53,21,0,False
CB-1126,2024-04-01,158.0,0,67.53,21,0,False
CB-1126,2024-04-08,154.0,352,67.53,21,0,False
CB-1126,2024-04-15,145.0,207,67.53,21,0,False
CB-1126,2024-04-22,132.0,75,67.53,21,0,False
CB-1126,2024-04-29,155.0,425,67.53,21,0,False
CB-1126,2024-05-06,142.0,283,67.53,21,0,False
CB-1126,2024-05-13,132.0,151,67.53,21,0,False
CB-1126,2024-05-20,134.0,17,67.53,21,0,False
CB-1126,2024-05-27,124.0,399,67.53,21,0,False
CB-1126,2024-06-03,143.0,256,67.53,21,0,False
CB-1126,2024-06-10,136.0,120,67.53,21,0,False
CB-1126,2024-06-17,127.0,499,67.53,21,0,False
CB-1126,2024-06-24,122.0,377,67.53,21,0,False
CB-1126,2024-07-01,112.0,265,67.53,21,0,False
CB-1126,2024-07-08,96.0,169,67.53,21,0,False
CB-1126,2024-07-15,100.0,574,67.53,21,0,False
CB-1126,2024-07-22,103.0,471,67.53,21,0,False
CB-1126,2024-07-29,98.0,373,67.53,21,0,False
CB-1126,2024-08-05,106.0,267,67.53,21,0,False
CB-1126,2024-08-12,107.0,160,67.53,21,0,False
CB-1126,2024-08-19,97.0,569,67.53,21,0,False
CB-1126,2024-08-26,107.0,462,67.53,21,0,False
CB-1126,2024-09-02,89.0,373,67.53,21,0,False
CB-1126,2024-09-09,92.0,281,67.53,21,0,False
CB-1126,2024-09-16,92.0,189,67.53,21,0,False
CB-1126,2024-09-23,100.0,595,67.53,21,0,False
CB-1126,2024-09-30,93.0,502,67.53,21,0,False
CB-1126,2024-10-07,93.0,409,67.53,21,0,False
CB-1126,2024-10-14,81.0,328,67.53,21,0,False
CB-1126,2024-10-21,88.0,240,67.53,21,0,False
CB-1126,2024-10-28,105.0,135,67.53,21,0,False
CB-1126,2024-11-04,82.0,558,67.53,21,0,False
CB-1126,2024-11-11,112.0,446,67.53,21,0,False
CB-1126,2024-11-18,108.0,338,67.53,21,0,False
CB-1126,2024-11-25,101.0,237,67.53,21,0,False
CB-1126,2024-12-02,103.0,134,67.53,21,0,False
CB-1126,2024-12-09,132.0,508,67.53,21,0,False
CB-1126,2024-12-16,131.0,377,67.53,21,0,False
CB-1126,2024-12-23,121.0,256,67.53,21,0,False
CB-1126,2024-12-30,127.0,129,67.53,21,0,False
CB-1126,2025-01-06,123.0,512,67.53,21,0,False
CB-1126,2025-01-13,136.0,376,67.53,21,0,False
CB-1126,2025-01-20,131.0,245,67.53,21,0,False
CB-1126,2025-01-27,141.0,104,67.53,21,0,False
CB-1126,2025-02-03,167.0,442,67.53,21,0,False
CB-1126,2025-02-10,148.0,294,67.53,21,0,False
CB-1126,2025-02-17,139.0,155,67.53,21,0,False
CB-1126,2025-02-24,138.0,17,67.53,21,0,False
CB-1126,2025-03-03,159.0,364,67.53,21,0,False
CB-1126,2025-03-10,149.0,215,67.53,21,0,False
CB-1126,2025-03-17,164.0,51,67.53,21,0,False
CB-1126,2025-03-24,141.0,416,67.53,21,0,False
CB-1126,2025-03-31,171.0,245,67.53,21,0,False
CB-1126,2025-04-07,149.0,96,67.53,21,0,False
CB-1126,2025-04-14,163.0,0,67.53,21,1,False
CB-1126,2025-04-21,157.0,349,67.53,21,0,False
CB-1126,2025-04-28,182.0,167,67.53,21,0,False
CB-1126,2025-05-05,160.0,7,67.53,21,0,False
CB-1126,2025-05-12,180.0,332,67.53,21,0,False
CB-1126,2025-05-19,160.0,172,67.53,21,0,False
CB-1126,2025-05-26,168.0,4,67.53,21,0,False
CB-1126,2025-06-02,145.0,365,67.53,21,0,False
CB-1126,2025-06-09,148.0,217,67.53,21,0,False
CB-1126,2025-06-16,154.0,63,67.53,21,0,False
CB-1126,2025-06-23,147.0,422,67.53,21,0,False
CB-1126,2025-06-30,139.0,283,67.53,21,0,False
CB-1126,2025-07-07,126.0,157,67.53,21,0,False
CB-1126,2025-07-14,124.0,33,67.53,21,0,False
CB-1126,2025-07-21,133.0,405,67.53,21,0,False
CB-1126,2025-07-28,132.0,273,67.53,21,0,False
CB-1126,2025-08-04,110.0,163,67.53,21,0,False
CB-1126,2025-08-11,106.0,57,67.53,21,0,False
CB-1126,2025-08-18,102.0,461,67.53,21,0,False
CB-1126,2025-08-25,115.0,346,67.53,21,0,False
CB-1126,2025-09-01,98.0,248,67.53,21,0,False
CB-1126,2025-09-08,111.0,137,67.53,21,0,False
CB-1126,2025-09-15,108.0,535,67.53,21,0,False
CB-1126,2025-09-22,98.0,437,67.53,21,0,False
CB-1126,2025-09-29,116.0,321,67.53,21,0,False
CB-1126,2025-10-06,91.0,230,67.53,21,0,False
CB-1126,2025-10-13,118.0,112,67.53,21,0,False
CB-1126,2025-10-20,108.0,509,67.53,21,0,False
CB-1126,2025-10-27,90.0,419,67.53,21,0,False
CB-1126,2025-11-03,124.0,295,67.53,21,0,False
CB-1126,2025-11-10,121.0,174,67.53,21,0,False
CB-1126,2025-11-17,112.0,62,67.53,21,0,False
CB-1126,2025-11-24,110.0,458,67.53,21,0,False
CB-1126,2025-12-01,108.0,350,67.53,21,0,False
CB-1126,2025-12-08,152.0,198,67.53,21,0,False
CB-1126,2025-12-15,122.0,76,67.53,21,0,False
CB-1126,2025-12-22,122.0,460,67.53,21,0,False
CB-1127,2024-01-01,54.0,179,124.22,21,0,False
CB-1127,2024-01-08,66.0,113,124.22,21,0,False
CB-1127,2024-01-15,65.0,48,124.22,21,0,False
CB-1127,2024-01-22,63.0,255,124.22,21,0,False
CB-1127,2024-01-29,67.0,188,124.22,21,0,False
CB-1127,2024-02-05,66.0,122,124.22,21,0,False
CB-1127,2024-02-12,69.0,53,124.22,21,0,False
CB-1127,2024-02-19,67.0,256,124.22,21,0,False
CB-1127,2024-02-26,69.0,187,124.22,21,0,False
CB-1127,2024-03-04,70.0,117,124.22,21,0,False
CB-1127,2024-03-11,70.0,47,124.22,21,0,False
CB-1127,2024-03-18,82.0,235,124.22,21,0,False
CB-1127,2024-03-25,81.0,154,124.22,21,0,False
CB-1127,2024-04-01,70.0,84,124.22,21,0,False
CB-1127,2024-04-08,69.0,15,124.22,21,0,False
CB-1127,2024-04-15,75.0,210,124.22,21,0,False
CB-1127,2024-04-22,89.0,121,124.22,21,0,False
CB-1127,2024-04-29,69.0,52,124.22,21,0,False
CB-1127,2024-05-06,73.0,249,124.22,21,0,False
CB-1127,2024-05-13,74.0,175,124.22,21,0,False
CB-1127,2024-05-20,72.0,103,124.22,21,0,False
CB-1127,2024-05-27,68.0,35,124.22,21,0,False
CB-1127,2024-06-03,76.0,229,124.22,21,0,False
CB-1127,2024-06-10,70.0,159,124.22,21,0,False
CB-1127,2024-06-17,71.0,88,124.22,21,0,False
CB-1127,2024-06-24,68.0,20,124.22,21,0,False
CB-1127,2024-07-01,67.0,223,124.22,21,0,False
CB-1127,2024-07-08,69.0,154,124.22,21,0,False
CB-1127,2024-07-15,66.0,88,124.22,21,0,False
CB-1127,2024-07-22,68.0,20,124.22,21,0,False
CB-1127,2024-07-29,62.0,228,124.22,21,0,False
CB-1127,2024-08-05,52.0,176,124.22,21,0,False
CB-1127,2024-08-12,57.0,119,124.22,21,0,False
CB-1127,2024-08-19,55.0,64,124.22,21,0,False
CB-1127,2024-08-26,59.0,275,124.22,21,0,False
CB-1127,2024-09-02,46.0,229,124.22,21,0,False
CB-1127,2024-09-09,51.0,178,124.22,21,0,False
CB-1127,2024-09-16,46.0,132,124.22,21,0,False
CB-1127,2024-09-23,51.0,81,124.22,21,0,False
CB-1127,2024-09-30,48.0,303,124.22,21,0,False
CB-1127,2024-10-07,51.0,252,124.22,21,0,False
CB-1127,2024-10-14,44.0,208,124.22,21,0,False
CB-1127,2024-10-21,53.0,155,124.22,21,0,False
CB-1127,2024-10-28,52.0,103,124.22,21,0,False
CB-1127,2024-11-04,53.0,320,124.22,21,0,False
CB-1127,2024-11-11,62.0,258,124.22,21,0,False
CB-1127,2024-11-18,53.0,205,124.22,21,0,False
CB-1127,2024-11-25,58.0,147,124.22,21,0,False
CB-1127,2024-12-02,59.0,88,124.22,21,0,False
CB-1127,2024-12-09,61.0,297,124.22,21,0,False
CB-1127,2024-12-16,74.0,223,124.22,21,0,False
CB-1127,2024-12-23,65.0,158,124.22,21,0,False
CB-1127,2024-12-30,64.0,94,124.22,21,0,False
CB-1127,2025-01-06,79.0,15,124.22,21,0,False
CB-1127,2025-01-13,69.0,216,124.22,21,0,False
CB-1127,2025-01-20,64.0,152,124.22,21,0,False
CB-1127,2025-01-27,71.0,81,124.22,21,0,False
CB-1127,2025-02-03,69.0,12,124.22,21,0,False
CB-1127,2025-02-10,67.0,215,124.22,21,0,False
CB-1127,2025-02-17,78.0,137,124.22,21,0,False
CB-1127,2025-02-24,81.0,56,124.22,21,0,False
CB-1127,2025-03-03,91.0,0,124.22,21,1,False
CB-1127,2025-03-10,88.0,182,124.22,21,0,False
CB-1127,2025-03-17,89.0,93,124.22,21,0,False
CB-1127,2025-03-24,79.0,14,124.22,21,0,False
CB-1127,2025-03-31,92.0,192,124.22,21,0,False
CB-1127,2025-04-07,95.0,97,124.22,21,0,False
CB-1127,2025-04-14,88.0,9,124.22,21,0,False
CB-1127,2025-04-21,88.0,191,124.22,21,0,False
CB-1127,2025-04-28,76.0,115,124.22,21,0,False
CB-1127,2025-05-05,91.0,24,124.22,21,0,False
CB-1127,2025-05-12,94.0,200,124.22,21,0,False
CB-1127,2025-05-19,83.0,117,124.22,21,0,False
CB-1127,2025-05-26,76.0,41,124.22,21,0,False
CB-1127,2025-06-02,77.0,234,124.22,21,0,False
CB-1127,2025-06-09,74.0,160,124.22,21,0,False
CB-1127,2025-06-16,72.0,88,124.22,21,0,False
CB-1127,2025-06-23,76.0,12,124.22,21,0,False
CB-1127,2025-06-30,72.0,210,124.22,21,0,False
CB-1127,2025-07-07,74.0,136,124.22,21,0,False
CB-1127,2025-07-14,69.0,67,124.22,21,0,False
CB-1127,2025-07-21,60.0,277,124.22,21,0,False
CB-1127,2025-07-28,60.0,217,124.22,21,0,False
CB-1127,2025-08-04,58.0,159,124.22,21,0,False
CB-1127,2025-08-11,59.0,100,124.22,21,0,False
CB-1127,2025-08-18,67.0,33,124.22,21,0,False
CB-1127,2025-08-25,66.0,237,124.22,21,0,False
CB-1127,2025-09-01,60.0,177,124.22,21,0,False
CB-1127,2025-09-08,56.0,121,124.22,21,0,False
CB-1127,2025-09-15,49.0,72,124.22,21,0,False
CB-1127,2025-09-22,55.0,287,124.22,21,0,False
CB-1127,2025-09-29,51.0,236,124.22,21,0,False
CB-1127,2025-10-06,62.0,174,124.22,21,0,False
CB-1127,2025-10-13,48.0,126,124.22,21,0,False
CB-1127,2025-10-20,58.0,68,124.22,21,0,False
CB-1127,2025-10-27,53.0,285,124.22,21,0,False
CB-1127,2025-11-03,58.0,227,124.22,21,0,False
CB-1127,2025-11-10,63.0,164,124.22,21,0,False
CB-1127,2025-11-17,66.0,98,124.22,21,0,False
CB-1127,2025-11-24,63.0,35,124.22,21,0,False
CB-1127,2025-12-01,69.0,236,124.22,21,0,False
CB-1127,2025-12-08,64.0,172,124.22,21,0,False
CB-1127,2025-12-15,71.0,101,124.22,21,0,False
CB-1127,2025-12-22,78.0,23,124.22,21,0,False
CB-1128,2024-01-01,67.0,192,170.92,21,0,False
CB-1128,2024-01-08,76.0,116,170.92,21,0,False
CB-1128,2024-01-15,66.0,50,170.92,21,0,False
CB-1128,2024-01-22,69.0,289,170.92,21,0,False
CB-1128,2024-01-29,81.0,208,170.92,21,0,False
CB-1128,2024-02-05,76.0,132,170.92,21,0,False
CB-1128,2024-02-12,71.0,61,170.92,21,0,False
CB-1128,2024-02-19,91.0,278,170.92,21,0,False
CB-1128,2024-02-26,76.0,202,170.92,21,0,False
CB-1128,2024-03-04,84.0,118,170.92,21,0,False
CB-1128,2024-03-11,82.0,36,170.92,21,0,False
CB-1128,2024-03-18,85.0,259,170.92,21,0,False
CB-1128,2024-03-25,81.0,178,170.92,21,0,False
CB-1128,2024-04-01,93.0,85,170.92,21,0,False
CB-1128,2024-04-08,89.0,0,170.92,21,1,False
CB-1128,2024-04-15,95.0,213,170.92,21,0,False
CB-1128,2024-04-22,83.0,130,170.92,21,0,False
CB-1128,2024-04-29,102.0,28,170.92,21,0,False
CB-1128,2024-05-06,73.0,263,170.92,21,0,False
CB-1128,2024-05-13,74.0,189,170.92,21,0,False
CB-1128,2024-05-20,95.0,94,170.92,21,0,False
CB-1128,2024-05-27,85.0,9,170.92,21,0,False
CB-1128,2024-06-03,82.0,235,170.92,21,0,False
CB-1128,2024-06-10,81.0,154,170.92,21,0,False
CB-1128,2024-06-17,80.0,74,170.92,21,0,False
CB-1128,2024-06-24,76.0,306,170.92,21,0,False
CB-1128,2024-07-01,67.0,239,170.92,21,0,False
CB-1128,2024-07-08,75.0,164,170.92,21,0,False
CB-1128,2024-07-15,72.0,92,170.92,21,0,False
CB-1128,2024-07-22,74.0,326,170.92,21,0,False
CB-1128,2024-07-29,74.0,252,170.92,21,0,False
CB-1128,2024-08-05,65.0,187,170.92,21,0,False
CB-1128,2024-08-12,55.0,132,170.92,21,0,False
CB-1128,2024-08-19,69.0,63,170.92,21,0,False
CB-1128,2024-08-26,54.0,317,170.92,21,0,False
CB-1128,2024-09-02,59.0,258,170.92,21,0,False
CB-1128,2024-09-09,56.0,202,170.92,21,0,False
CB-1128,2024-09-16,54.0,148,170.92,21,0,False
CB-1128,2024-09-23,60.0,88,170.92,21,0,False
CB-1128,2024-09-30,57.0,339,170.92,21,0,False
CB-1128,2024-10-07,59.0,280,170.92,21,0,False
CB-1128,2024-10-14,53.0,227,170.92,21,0,False
CB-1128,2024-10-21,57.0,170,170.92,21,0,False
CB-1128,2024-10-28,55.0,115,170.92,21,0,False
CB-1128,2024-11-04,59.0,364,170.92,21,0,False
CB-1128,2024-11-11,61.0,303,170.92,21,0,False
CB-1128,2024-11-18,73.0,230,170.92,21,0,False
CB-1128,2024-11-25,64.0,166,170.92,21,0,False
CB-1128,2024-12-02,56.0,110,170.92,21,0,False
CB-1128,2024-12-09,78.0,340,170.92,21,0,False
CB-1128,2024-12-16,75.0,265,170.92,21,0,False
CB-1128,2024-12-23,74.0,191,170.92,21,0,False
CB-1128,2024-12-30,74.0,117,170.92,21,0,False
CB-1128,2025-01-06,74.0,43,170.92,21,0,False
CB-1128,2025-01-13,95.0,256,170.92,21,0,False
CB-1128,2025-01-20,85.0,171,170.92,21,0,False
CB-1128,2025-01-27,75.0,96,170.92,21,0,False
CB-1128,2025-02-03,91.0,5,170.92,21,0,False
CB-1128,2025-02-10,100.0,213,170.92,21,0,False
CB-1128,2025-02-17,94.0,119,170.92,21,0,False
CB-1128,2025-02-24,88.0,31,170.92,21,0,False
CB-1128,2025-03-03,88.0,251,170.92,21,0,False
CB-1128,2025-03-10,90.0,161,170.92,21,0,False
CB-1128,2025-03-17,110.0,51,170.92,21,0,False
CB-1128,2025-03-24,98.0,0,170.92,21,1,False
CB-1128,2025-03-31,86.0,222,170.92,21,0,False
CB-1128,2025-04-07,102.0,120,170.92,21,0,False
CB-1128,2025-04-14,100.0,20,170.92,21,0,False
CB-1128,2025-04-21,95.0,233,170.92,21,0,False
CB-1128,2025-04-28,90.0,143,170.92,21,0,False
CB-1128,2025-05-05,88.0,55,170.92,21,0,False
CB-1128,2025-05-12,104.0,259,170.92,21,0,False
CB-1128,2025-05-19,96.0,163,170.92,21,0,False
CB-1128,2025-05-26,96.0,67,170.92,21,0,False
CB-1128,2025-06-02,92.0,0,170.92,21,1,False
CB-1128,2025-06-09,90.0,218,170.92,21,0,False
CB-1128,2025-06-16,83.0,135,170.92,21,0,False
CB-1128,2025-06-23,82.0,53,170.92,21,0,False
CB-1128,2025-06-30,89.0,272,170.92,21,0,False
CB-1128,2025-07-07,88.0,184,170.92,21,0,False
CB-1128,2025-07-14,69.0,115,170.92,21,0,False
CB-1128,2025-07-21,73.0,42,170.92,21,0,False
CB-1128,2025-07-28,77.0,273,170.92,21,0,False
CB-1128,2025-08-04,81.0,192,170.92,21,0,False
CB-1128,2025-08-11,79.0,113,170.92,21,0,False
CB-1128,2025-08-18,63.0,50,170.92,21,0,False
CB-1128,2025-08-25,73.0,285,170.92,21,0,False
CB-1128,2025-09-01,65.0,220,170.92,21,0,False
CB-1128,2025-09-08,69.0,151,170.92,21,0,False
CB-1128,2025-09-15,67.0,84,170.92,21,0,False
CB-1128,2025-09-22,56.0,336,170.92,21,0,False
CB-1128,2025-09-29,66.0,270,170.92,21,0,False
CB-1128,2025-10-06,68.0,202,170.92,21,0,False
CB-1128,2025-10-13,64.0,138,170.92,21,0,False
CB-1128,2025-10-20,63.0,75,170.92,21,0,False
CB-1128,2025-10-27,57.0,326,170.92,21,0,False
CB-1128,2025-11-03,71.0,255,170.92,21,0,False
CB-1128,2025-11-10,70.0,185,170.92,21,0,False
CB-1128,2025-11-17,66.0,119,170.92,21,0,False
CB-1128,2025-11-24,71.0,48,170.92,21,0,False
CB-1128,2025-12-01,76.0,280,170.92,21,0,False
CB-1128,2025-12-08,74.0,206,170.92,21,0,False
CB-1128,2025-12-15,80.0,126,170.92,21,0,False
CB-1128,2025-12-22,72.0,54,170.92,21,0,False
CB-1129,2024-01-01,25.0,26,60.78,42,0,False
CB-1129,2024-01-08,0.0,26,60.78,42,0,False
CB-1129,2024-01-15,0.0,26,60.78,42,0,False
CB-1129,2024-01-22,0.0,26,60.78,42,0,False
CB-1129,2024-01-29,0.0,26,60.78,42,0,False
CB-1129,2024-02-05,0.0,26,60.78,42,0,False
CB-1129,2024-02-12,47.0,24,60.78,42,0,False
CB-1129,2024-02-19,34.0,36,60.78,42,0,False
CB-1129,2024-02-26,0.0,36,60.78,42,0,False
CB-1129,2024-03-04,0.0,36,60.78,42,0,False
CB-1129,2024-03-11,49.0,0,60.78,42,1,False
CB-1129,2024-03-18,0.0,0,60.78,42,0,False
CB-1129,2024-03-25,0.0,46,60.78,42,0,False
CB-1129,2024-04-01,0.0,92,60.78,42,0,False
CB-1129,2024-04-08,0.0,92,60.78,42,0,False
CB-1129,2024-04-15,0.0,92,60.78,42,0,False
CB-1129,2024-04-22,40.0,52,60.78,42,0,False
CB-1129,2024-04-29,0.0,52,60.78,42,0,False
CB-1129,2024-05-06,0.0,52,60.78,42,0,False
CB-1129,2024-05-13,29.0,23,60.78,42,0,False
CB-1129,2024-05-20,0.0,23,60.78,42,0,False
CB-1129,2024-05-27,0.0,23,60.78,42,0,False
CB-1129,2024-06-03,31.0,38,60.78,42,0,False
CB-1129,2024-06-10,0.0,38,60.78,42,0,False
CB-1129,2024-06-17,25.0,13,60.78,42,0,False
CB-1129,2024-06-24,0.0,58,60.78,42,0,False
CB-1129,2024-07-01,0.0,58,60.78,42,0,False
CB-1129,2024-07-08,34.0,24,60.78,42,0,False
CB-1129,2024-07-15,56.0,14,60.78,42,0,False
CB-1129,2024-07-22,0.0,14,60.78,42,0,False
CB-1129,2024-07-29,0.0,14,60.78,42,0,False
CB-1129,2024-08-05,36.0,0,60.78,42,1,False
CB-1129,2024-08-12,49.0,0,60.78,42,1,False
CB-1129,2024-08-19,0.0,46,60.78,42,0,False
CB-1129,2024-08-26,0.0,92,60.78,42,0,False
CB-1129,2024-09-02,0.0,92,60.78,42,0,False
CB-1129,2024-09-09,15.0,77,60.78,42,0,False
CB-1129,2024-09-16,0.0,77,60.78,42,0,False
CB-1129,2024-09-23,0.0,77,60.78,42,0,False
CB-1129,2024-09-30,49.0,28,60.78,42,0,False
CB-1129,2024-10-07,0.0,28,60.78,42,0,False
CB-1129,2024-10-14,0.0,28,60.78,42,0,False
CB-1129,2024-10-21,0.0,74,60.78,42,0,False
CB-1129,2024-10-28,19.0,55,60.78,42,0,False
CB-1129,2024-11-04,0.0,55,60.78,42,0,False
CB-1129,2024-11-11,0.0,100,60.78,42,0,False
CB-1129,2024-11-18,0.0,100,60.78,42,0,False
CB-1129,2024-11-25,0.0,100,60.78,42,0,False
CB-1129,2024-12-02,30.0,70,60.78,42,0,False
CB-1129,2024-12-09,0.0,70,60.78,42,0,False
CB-1129,2024-12-16,57.0,13,60.78,42,0,False
CB-1129,2024-12-23,0.0,13,60.78,42,0,False
CB-1129,2024-12-30,0.0,13,60.78,42,0,False
CB-1129,2025-01-06,0.0,13,60.78,42,0,False
CB-1129,2025-01-13,59.0,0,60.78,42,0,False
CB-1129,2025-01-20,0.0,0,60.78,42,0,False
CB-1129,2025-01-27,38.0,8,60.78,42,0,False
CB-1129,2025-02-03,0.0,8,60.78,42,0,False
CB-1129,2025-02-10,0.0,8,60.78,42,0,False
CB-1129,2025-02-17,0.0,8,60.78,42,0,False
CB-1129,2025-02-24,0.0,54,60.78,42,0,False
CB-1129,2025-03-03,12.0,42,60.78,42,0,False
CB-1129,2025-03-10,46.0,42,60.78,42,0,False
CB-1129,2025-03-17,0.0,42,60.78,42,0,False
CB-1129,2025-03-24,0.0,42,60.78,42,0,False
CB-1129,2025-03-31,16.0,26,60.78,42,0,False
CB-1129,2025-04-07,0.0,26,60.78,42,0,False
CB-1129,2025-04-14,42.0,0,60.78,42,1,False
CB-1129,2025-04-21,0.0,46,60.78,42,0,False
CB-1129,2025-04-28,0.0,46,60.78,42,0,False
CB-1129,2025-05-05,0.0,46,60.78,42,0,False
CB-1129,2025-05-12,0.0,92,60.78,42,0,False
CB-1129,2025-05-19,54.0,38,60.78,42,0,False
CB-1129,2025-05-26,7.0,31,60.78,42,0,False
CB-1129,2025-06-02,0.0,31,60.78,42,0,False
CB-1129,2025-06-09,30.0,1,60.78,42,0,False
CB-1129,2025-06-16,0.0,1,60.78,42,0,False
CB-1129,2025-06-23,0.0,1,60.78,42,0,False
CB-1129,2025-06-30,0.0,47,60.78,42,0,False
CB-1129,2025-07-07,0.0,92,60.78,42,0,False
CB-1129,2025-07-14,0.0,92,60.78,42,0,False
CB-1129,2025-07-21,50.0,42,60.78,42,0,False
CB-1129,2025-07-28,15.0,27,60.78,42,0,False
CB-1129,2025-08-04,23.0,4,60.78,42,0,False
CB-1129,2025-08-11,0.0,4,60.78,42,0,False
CB-1129,2025-08-18,0.0,4,60.78,42,0,False
CB-1129,2025-08-25,0.0,4,60.78,42,0,False
CB-1129,2025-09-01,0.0,50,60.78,42,0,False
CB-1129,2025-09-08,0.0,96,60.78,42,0,False
CB-1129,2025-09-15,13.0,83,60.78,42,0,False
CB-1129,2025-09-22,0.0,83,60.78,42,0,False
CB-1129,2025-09-29,25.0,58,60.78,42,0,False
CB-1129,2025-10-06,0.0,58,60.78,42,0,False
CB-1129,2025-10-13,0.0,58,60.78,42,0,False
CB-1129,2025-10-20,42.0,16,60.78,42,0,False
CB-1129,2025-10-27,0.0,62,60.78,42,0,False
CB-1129,2025-11-03,0.0,62,60.78,42,0,False
CB-1129,2025-11-10,0.0,62,60.78,42,0,False
CB-1129,2025-11-17,0.0,62,60.78,42,0,False
CB-1129,2025-11-24,0.0,62,60.78,42,0,False
CB-1129,2025-12-01,39.0,69,60.78,42,0,False
CB-1129,2025-12-08,0.0,69,60.78,42,0,False
CB-1129,2025-12-15,30.0,39,60.78,42,0,False
CB-1129,2025-12-22,0.0,39,60.78,42,0,False
CB-1130,2024-01-01,20.0,62,153.12,21,0,False
CB-1130,2024-01-08,27.0,35,153.12,21,0,False
CB-1130,2024-01-15,23.0,12,153.12,21,0,False
CB-1130,2024-01-22,27.0,75,153.12,21,0,False
CB-1130,2024-01-29,23.0,52,153.12,21,0,False
CB-1130,2024-02-05,25.0,27,153.12,21,0,False
CB-1130,2024-02-12,22.0,95,153.12,21,0,False
CB-1130,2024-02-19,33.0,62,153.12,21,0,False
CB-1130,2024-02-26,27.0,35,153.12,21,0,False
CB-1130,2024-03-04,24.0,11,153.12,21,0,False
CB-1130,2024-03-11,24.0,78,153.12,21,0,False
CB-1130,2024-03-18,25.0,53,153.12,21,0,False
CB-1130,2024-03-25,26.0,27,153.12,21,0,False
CB-1130,2024-04-01,25.0,2,153.12,21,0,False
CB-1130,2024-04-08,21.0,71,153.12,21,0,False
CB-1130,2024-04-15,33.0,38,153.12,21,0,False
CB-1130,2024-04-22,33.0,5,153.12,21,0,False
CB-1130,2024-04-29,41.0,54,153.12,21,0,False
CB-1130,2024-05-06,20.0,34,153.12,21,0,False
CB-1130,2024-05-13,31.0,3,153.12,21,0,False
CB-1130,2024-05-20,8.0,85,153.12,21,0,False
CB-1130,2024-05-27,31.0,54,153.12,21,0,False
CB-1130,2024-06-03,12.0,42,153.12,21,0,False
CB-1130,2024-06-10,15.0,27,153.12,21,0,False
CB-1130,2024-06-17,25.0,92,153.12,21,0,False
CB-1130,2024-06-24,17.0,75,153.12,21,0,False
CB-1130,2024-07-01,16.0,59,153.12,21,0,False
CB-1130,2024-07-08,17.0,42,153.12,21,0,False
CB-1130,2024-07-15,25.0,108,153.12,21,0,False
CB-1130,2024-07-22,13.0,95,153.12,21,0,False
CB-1130,2024-07-29,19.0,76,153.12,21,0,False
CB-1130,2024-08-05,16.0,60,153.12,21,0,False
CB-1130,2024-08-12,23.0,37,153.12,21,0,False
CB-1130,2024-08-19,23.0,104,153.12,21,0,False
CB-1130,2024-08-26,6.0,98,153.12,21,0,False
CB-1130,2024-09-02,23.0,75,153.12,21,0,False
CB-1130,2024-09-09,13.0,62,153.12,21,0,False
CB-1130,2024-09-16,18.0,44,153.12,21,0,False
CB-1130,2024-09-23,11.0,123,153.12,21,0,False
CB-1130,2024-09-30,19.0,104,153.12,21,0,False
CB-1130,2024-10-07,31.0,73,153.12,21,0,False
CB-1130,2024-10-14,17.0,56,153.12,21,0,False
CB-1130,2024-10-21,14.0,42,153.12,21,0,False
CB-1130,2024-10-28,16.0,116,153.12,21,0,False
CB-1130,2024-11-04,9.0,107,153.12,21,0,False
CB-1130,2024-11-11,27.0,80,153.12,21,0,False
CB-1130,2024-11-18,21.0,59,153.12,21,0,False
CB-1130,2024-11-25,12.0,47,153.12,21,0,False
CB-1130,2024-12-02,13.0,34,153.12,21,0,False
CB-1130,2024-12-09,21.0,103,153.12,21,0,False
CB-1130,2024-12-16,28.0,75,153.12,21,0,False
CB-1130,2024-12-23,13.0,62,153.12,21,0,False
CB-1130,2024-12-30,31.0,31,153.12,21,0,False
CB-1130,2025-01-06,23.0,99,153.12,21,0,False
CB-1130,2025-01-13,16.0,83,153.12,21,0,False
CB-1130,2025-01-20,21.0,62,153.12,21,0,False
CB-1130,2025-01-27,41.0,21,153.12,21,0,False
CB-1130,2025-02-03,13.0,8,153.12,21,0,False
CB-1130,2025-02-10,20.0,78,153.12,21,0,False
CB-1130,2025-02-17,36.0,42,153.12,21,0,False
CB-1130,2025-02-24,30.0,12,153.12,21,0,False
CB-1130,2025-03-03,20.0,0,153.12,21,1,False
CB-1130,2025-03-10,38.0,52,153.12,21,0,False
CB-1130,2025-03-17,39.0,13,153.12,21,0,False
CB-1130,2025-03-24,32.0,0,153.12,21,1,False
CB-1130,2025-03-31,23.0,67,153.12,21,0,False
CB-1130,2025-04-07,24.0,43,153.12,21,0,False
CB-1130,2025-04-14,32.0,11,153.12,21,0,False
CB-1130,2025-04-21,16.0,85,153.12,21,0,False
CB-1130,2025-04-28,42.0,43,153.12,21,0,False
CB-1130,2025-05-05,45.0,0,153.12,21,1,False
CB-1130,2025-05-12,26.0,0,153.12,21,1,False
CB-1130,2025-05-19,31.0,59,153.12,21,0,False
CB-1130,2025-05-26,38.0,21,153.12,21,0,False
CB-1130,2025-06-02,45.0,0,153.12,21,1,False
CB-1130,2025-06-09,40.0,50,153.12,21,0,False
CB-1130,2025-06-16,10.0,40,153.12,21,0,False
CB-1130,2025-06-23,22.0,18,153.12,21,0,False
CB-1130,2025-06-30,28.0,80,153.12,21,0,False
CB-1130,2025-07-07,19.0,61,153.12,21,0,False
CB-1130,2025-07-14,37.0,24,153.12,21,0,False
CB-1130,2025-07-21,34.0,0,153.12,21,1,False
CB-1130,2025-07-28,15.0,75,153.12,21,0,False
CB-1130,2025-08-04,20.0,55,153.12,21,0,False
CB-1130,2025-08-11,15.0,40,153.12,21,0,False
CB-1130,2025-08-18,18.0,112,153.12,21,0,False
CB-1130,2025-08-25,18.0,94,153.12,21,0,False
CB-1130,2025-09-01,25.0,69,153.12,21,0,False
CB-1130,2025-09-08,13.0,56,153.12,21,0,False
CB-1130,2025-09-15,2.0,54,153.12,21,0,False
CB-1130,2025-09-22,8.0,137,153.12,21,0,False
CB-1130,2025-09-29,12.0,125,153.12,21,0,False
CB-1130,2025-10-06,14.0,111,153.12,21,0,False
CB-1130,2025-10-13,20.0,91,153.12,21,0,False
CB-1130,2025-10-20,12.0,79,153.12,21,0,False
CB-1130,2025-10-27,11.0,68,153.12,21,0,False
CB-1130,2025-11-03,13.0,55,153.12,21,0,False
CB-1130,2025-11-10,12.0,43,153.12,21,0,False
CB-1130,2025-11-17,17.0,116,153.12,21,0,False
CB-1130,2025-11-24,17.0,99,153.12,21,0,False
CB-1130,2025-12-01,27.0,72,153.12,21,0,False
CB-1130,2025-12-08,15.0,57,153.12,21,0,False
CB-1130,2025-12-15,21.0,36,153.12,21,0,False
CB-1130,2025-12-22,20.0,106,153.12,21,0,False
CB-1131,2024-01-01,49.0,56,97.06,14,0,False
CB-1131,2024-01-08,22.0,34,97.06,14,0,False
CB-1131,2024-01-15,38.0,155,97.06,14,0,False
CB-1131,2024-01-22,31.0,124,97.06,14,0,False
CB-1131,2024-01-29,23.0,101,97.06,14,0,False
CB-1131,2024-02-05,41.0,60,97.06,14,0,False
CB-1131,2024-02-12,68.0,0,97.06,14,1,False
CB-1131,2024-02-19,30.0,129,97.06,14,0,False
CB-1131,2024-02-26,42.0,87,97.06,14,0,False
CB-1131,2024-03-04,24.0,63,97.06,14,0,False
CB-1131,2024-03-11,22.0,200,97.06,14,0,False
CB-1131,2024-03-18,33.0,167,97.06,14,0,False
CB-1131,2024-03-25,39.0,128,97.06,14,0,False
CB-1131,2024-04-01,40.0,88,97.06,14,0,False
CB-1131,2024-04-08,43.0,45,97.06,14,0,False
CB-1131,2024-04-15,20.0,184,97.06,14,0,False
CB-1131,2024-04-22,36.0,148,97.06,14,0,False
CB-1131,2024-04-29,54.0,94,97.06,14,0,False
CB-1131,2024-05-06,24.0,70,97.06,14,0,False
CB-1131,2024-05-13,39.0,31,97.06,14,0,False
CB-1131,2024-05-20,49.0,141,97.06,14,0,False
CB-1131,2024-05-27,31.0,110,97.06,14,0,False
CB-1131,2024-06-03,47.0,63,97.06,14,0,False
CB-1131,2024-06-10,19.0,44,97.06,14,0,False
CB-1131,2024-06-17,53.0,150,97.06,14,0,False
CB-1131,2024-06-24,44.0,106,97.06,14,0,False
CB-1131,2024-07-01,39.0,67,97.06,14,0,False
CB-1131,2024-07-08,52.0,15,97.06,14,0,False
CB-1131,2024-07-15,32.0,142,97.06,14,0,False
CB-1131,2024-07-22,28.0,114,97.06,14,0,False
CB-1131,2024-07-29,51.0,63,97.06,14,0,False
CB-1131,2024-08-05,55.0,8,97.06,14,0,False
CB-1131,2024-08-12,25.0,142,97.06,14,0,False
CB-1131,2024-08-19,30.0,112,97.06,14,0,False
CB-1131,2024-08-26,42.0,70,97.06,14,0,False
CB-1131,2024-09-02,30.0,40,97.06,14,0,False
CB-1131,2024-09-09,36.0,163,97.06,14,0,False
CB-1131,2024-09-16,38.0,125,97.06,14,0,False
CB-1131,2024-09-23,24.0,101,97.06,14,0,False
CB-1131,2024-09-30,34.0,67,97.06,14,0,False
CB-1131,2024-10-07,30.0,37,97.06,14,0,False
CB-1131,2024-10-14,17.0,179,97.06,14,0,False
CB-1131,2024-10-21,20.0,159,97.06,14,0,False
CB-1131,2024-10-28,24.0,135,97.06,14,0,False
CB-1131,2024-11-04,42.0,93,97.06,14,0,False
CB-1131,2024-11-11,43.0,50,97.06,14,0,False
CB-1131,2024-11-18,42.0,167,97.06,14,0,False
CB-1131,2024-11-25,40.0,127,97.06,14,0,False
CB-1131,2024-12-02,41.0,86,97.06,14,0,False
CB-1131,2024-12-09,40.0,46,97.06,14,0,False
CB-1131,2024-12-16,43.0,162,97.06,14,0,False
CB-1131,2024-12-23,46.0,116,97.06,14,0,False
CB-1131,2024-12-30,21.0,95,97.06,14,0,False
CB-1131,2025-01-06,30.0,65,97.06,14,0,False
CB-1131,2025-01-13,28.0,37,97.06,14,0,False
CB-1131,2025-01-20,62.0,134,97.06,14,0,False
CB-1131,2025-01-27,72.0,62,97.06,14,0,False
CB-1131,2025-02-03,11.0,51,97.06,14,0,False
CB-1131,2025-02-10,74.0,136,97.06,14,0,False
CB-1131,2025-02-17,50.0,86,97.06,14,0,False
CB-1131,2025-02-24,67.0,19,97.06,14,0,False
CB-1131,2025-03-03,60.0,118,97.06,14,0,False
CB-1131,2025-03-10,77.0,41,97.06,14,0,False
CB-1131,2025-03-17,55.0,0,97.06,14,1,False
CB-1131,2025-03-24,27.0,132,97.06,14,0,False
CB-1131,2025-03-31,50.0,82,97.06,14,0,False
CB-1131,2025-04-07,62.0,20,97.06,14,0,False
CB-1131,2025-04-14,48.0,131,97.06,14,0,False
CB-1131,2025-04-21,64.0,67,97.06,14,0,False
CB-1131,2025-04-28,50.0,17,97.06,14,0,False
CB-1131,2025-05-05,40.0,136,97.06,14,0,False
CB-1131,2025-05-12,31.0,105,97.06,14,0,False
CB-1131,2025-05-19,43.0,62,97.06,14,0,False
CB-1131,2025-05-26,52.0,10,97.06,14,0,False
CB-1131,2025-06-02,15.0,154,97.06,14,0,False
CB-1131,2025-06-09,34.0,120,97.06,14,0,False
CB-1131,2025-06-16,14.0,106,97.06,14,0,False
CB-1131,2025-06-23,35.0,71,97.06,14,0,False
CB-1131,2025-06-30,61.0,10,97.06,14,0,False
CB-1131,2025-07-07,24.0,145,97.06,14,0,False
CB-1131,2025-07-14,51.0,94,97.06,14,0,False
CB-1131,2025-07-21,79.0,15,97.06,14,0,False
CB-1131,2025-07-28,58.0,0,97.06,14,1,False
CB-1131,2025-08-04,39.0,120,97.06,14,0,False
CB-1131,2025-08-11,47.0,73,97.06,14,0,False
CB-1131,2025-08-18,18.0,55,97.06,14,0,False
CB-1131,2025-08-25,16.0,198,97.06,14,0,False
CB-1131,2025-09-01,34.0,164,97.06,14,0,False
CB-1131,2025-09-08,38.0,126,97.06,14,0,False
CB-1131,2025-09-15,46.0,80,97.06,14,0,False
CB-1131,2025-09-22,27.0,53,97.06,14,0,False
CB-1131,2025-09-29,35.0,177,97.06,14,0,False
CB-1131,2025-10-06,35.0,142,97.06,14,0,False
CB-1131,2025-10-13,32.0,110,97.06,14,0,False
CB-1131,2025-10-20,33.0,77,97.06,14,0,False
CB-1131,2025-10-27,24.0,53,97.06,14,0,False
CB-1131,2025-11-03,39.0,173,97.06,14,0,False
CB-1131,2025-11-10,39.0,134,97.06,14,0,False
CB-1131,2025-11-17,32.0,102,97.06,14,0,False
CB-1131,2025-11-24,47.0,55,97.06,14,0,False
CB-1131,2025-12-01,54.0,1,97.06,14,0,False
CB-1131,2025-12-08,51.0,109,97.06,14,0,False
CB-1131,2025-12-15,27.0,82,97.06,14,0,False
CB-1131,2025-12-22,45.0,37,97.06,14,0,False
CB-1132,2024-01-01,34.0,210,53.65,35,0,False
CB-1132,2024-01-08,75.0,135,53.65,35,0,False
CB-1132,2024-01-15,68.0,67,53.65,35,0,False
CB-1132,2024-01-22,77.0,0,53.65,35,1,False
CB-1132,2024-01-29,78.0,0,53.65,35,1,False
CB-1132,2024-02-05,53.0,181,53.65,35,0,False
CB-1132,2024-02-12,51.0,130,53.65,35,0,False
CB-1132,2024-02-19,98.0,266,53.65,35,0,False
CB-1132,2024-02-26,58.0,208,53.65,35,0,False
CB-1132,2024-03-04,33.0,175,53.65,35,0,False
CB-1132,2024-03-11,86.0,89,53.65,35,0,False
CB-1132,2024-03-18,67.0,22,53.65,35,0,False
CB-1132,2024-03-25,99.0,157,53.65,35,0,False
CB-1132,2024-04-01,70.0,87,53.65,35,0,False
CB-1132,2024-04-08,65.0,22,53.65,35,0,False
CB-1132,2024-04-15,99.0,0,53.65,35,1,False
CB-1132,2024-04-22,30.0,204,53.65,35,0,False
CB-1132,2024-04-29,51.0,153,53.65,35,0,False
CB-1132,2024-05-06,44.0,109,53.65,35,0,False
CB-1132,2024-05-13,14.0,329,53.65,35,0,False
CB-1132,2024-05-20,80.0,249,53.65,35,0,False
CB-1132,2024-05-27,49.0,200,53.65,35,0,False
CB-1132,2024-06-03,78.0,122,53.65,35,0,False
CB-1132,2024-06-10,66.0,56,53.65,35,0,False
CB-1132,2024-06-17,69.0,0,53.65,35,1,False
CB-1132,2024-06-24,46.0,188,53.65,35,0,False
CB-1132,2024-07-01,39.0,149,53.65,35,0,False
CB-1132,2024-07-08,54.0,95,53.65,35,0,False
CB-1132,2024-07-15,67.0,262,53.65,35,0,False
CB-1132,2024-07-22,48.0,214,53.65,35,0,False
CB-1132,2024-07-29,36.0,178,53.65,35,0,False
CB-1132,2024-08-05,27.0,151,53.65,35,0,False
CB-1132,2024-08-12,49.0,102,53.65,35,0,False
CB-1132,2024-08-19,36.0,300,53.65,35,0,False
CB-1132,2024-08-26,42.0,258,53.65,35,0,False
CB-1132,2024-09-02,39.0,219,53.65,35,0,False
CB-1132,2024-09-09,35.0,184,53.65,35,0,False
CB-1132,2024-09-16,46.0,138,53.65,35,0,False
CB-1132,2024-09-23,49.0,323,53.65,35,0,False
CB-1132,2024-09-30,70.0,253,53.65,35,0,False
CB-1132,2024-10-07,53.0,200,53.65,35,0,False
CB-1132,2024-10-14,65.0,135,53.65,35,0,False
CB-1132,2024-10-21,30.0,105,53.65,35,0,False
CB-1132,2024-10-28,19.0,86,53.65,35,0,False
CB-1132,2024-11-04,44.0,276,53.65,35,0,False
CB-1132,2024-11-11,59.0,217,53.65,35,0,False
CB-1132,2024-11-18,58.0,159,53.65,35,0,False
CB-1132,2024-11-25,69.0,90,53.65,35,0,False
CB-1132,2024-12-02,6.0,84,53.65,35,0,False
CB-1132,2024-12-09,74.0,244,53.65,35,0,False
CB-1132,2024-12-16,59.0,185,53.65,35,0,False
CB-1132,2024-12-23,25.0,160,53.65,35,0,False
CB-1132,2024-12-30,71.0,89,53.65,35,0,False
CB-1132,2025-01-06,62.0,27,53.65,35,0,False
CB-1132,2025-01-13,69.0,192,53.65,35,0,False
CB-1132,2025-01-20,84.0,108,53.65,35,0,False
CB-1132,2025-01-27,74.0,34,53.65,35,0,False
CB-1132,2025-02-03,32.0,2,53.65,35,0,False
CB-1132,2025-02-10,64.0,172,53.65,35,0,False
CB-1132,2025-02-17,30.0,142,53.65,35,0,False
CB-1132,2025-02-24,86.0,56,53.65,35,0,False
CB-1132,2025-03-03,105.0,185,53.65,35,0,False
CB-1132,2025-03-10,41.0,144,53.65,35,0,False
CB-1132,2025-03-17,55.0,89,53.65,35,0,False
CB-1132,2025-03-24,50.0,39,53.65,35,0,False
CB-1132,2025-03-31,61.0,212,53.65,35,0,False
CB-1132,2025-04-07,84.0,128,53.65,35,0,False
CB-1132,2025-04-14,62.0,66,53.65,35,0,False
CB-1132,2025-04-21,89.0,0,53.65,35,1,False
CB-1132,2025-04-28,99.0,135,53.65,35,0,False
CB-1132,2025-05-05,99.0,36,53.65,35,0,False
CB-1132,2025-05-12,43.0,0,53.65,35,1,False
CB-1132,2025-05-19,103.0,131,53.65,35,0,False
CB-1132,2025-05-26,103.0,28,53.65,35,0,False
CB-1132,2025-06-02,103.0,0,53.65,35,1,False
CB-1132,2025-06-09,61.0,173,53.65,35,0,False
CB-1132,2025-06-16,47.0,126,53.65,35,0,False
CB-1132,2025-06-23,41.0,85,53.65,35,0,False
CB-1132,2025-06-30,37.0,282,53.65,35,0,False
CB-1132,2025-07-07,59.0,223,53.65,35,0,False
CB-1132,2025-07-14,74.0,149,53.65,35,0,False
CB-1132,2025-07-21,80.0,69,53.65,35,0,False
CB-1132,2025-07-28,44.0,25,53.65,35,0,False
CB-1132,2025-08-04,51.0,208,53.65,35,0,False
CB-1132,2025-08-11,49.0,159,53.65,35,0,False
CB-1132,2025-08-18,39.0,120,53.65,35,0,False
CB-1132,2025-08-25,61.0,293,53.65,35,0,False
CB-1132,2025-09-01,54.0,239,53.65,35,0,False
CB-1132,2025-09-08,49.0,190,53.65,35,0,False
CB-1132,2025-09-15,52.0,138,53.65,35,0,False
CB-1132,2025-09-22,56.0,82,53.65,35,0,False
CB-1132,2025-09-29,56.0,260,53.65,35,0,False
CB-1132,2025-10-06,33.0,227,53.65,35,0,False
CB-1132,2025-10-13,62.0,165,53.65,35,0,False
CB-1132,2025-10-20,52.0,113,53.65,35,0,False
CB-1132,2025-10-27,41.0,72,53.65,35,0,False
CB-1132,2025-11-03,54.0,252,53.65,35,0,False
CB-1132,2025-11-10,57.0,195,53.65,35,0,False
CB-1132,2025-11-17,72.0,123,53.65,35,0,False
CB-1132,2025-11-24,34.0,89,53.65,35,0,False
CB-1132,2025-12-01,81.0,242,53.65,35,0,False
CB-1132,2025-12-08,58.0,184,53.65,35,0,False
CB-1132,2025-12-15,49.0,135,53.65,35,0,False
CB-1132,2025-12-22,50.0,85,53.65,35,0,False
CB-1133,2024-01-01,41.0,106,125.83,7,0,False
CB-1133,2024-01-08,58.0,48,125.83,7,0,False
CB-1133,2024-01-15,15.0,183,125.83,7,0,False
CB-1133,2024-01-22,24.0,159,125.83,7,0,False
CB-1133,2024-01-29,47.0,112,125.83,7,0,False
CB-1133,2024-02-05,37.0,75,125.83,7,0,False
CB-1133,2024-02-12,50.0,25,125.83,7,0,False
CB-1133,2024-02-19,38.0,137,125.83,7,0,False
CB-1133,2024-02-26,32.0,105,125.83,7,0,False
CB-1133,2024-03-04,38.0,67,125.83,7,0,False
CB-1133,2024-03-11,7.0,60,125.83,7,0,False
CB-1133,2024-03-18,25.0,35,125.83,7,0,False
CB-1133,2024-03-25,56.0,129,125.83,7,0,False
CB-1133,2024-04-01,60.0,69,125.83,7,0,False
CB-1133,2024-04-08,63.0,6,125.83,7,0,False
CB-1133,2024-04-15,49.0,107,125.83,7,0,False
CB-1133,2024-04-22,9.0,98,125.83,7,0,False
CB-1133,2024-04-29,33.0,65,125.83,7,0,False
CB-1133,2024-05-06,61.0,4,125.83,7,0,False
CB-1133,2024-05-13,64.0,89,125.83,7,0,False
CB-1133,2024-05-20,60.0,29,125.83,7,0,False
CB-1133,2024-05-27,36.0,143,125.83,7,0,False
CB-1133,2024-06-03,21.0,122,125.83,7,0,False
CB-1133,2024-06-10,37.0,85,125.83,7,0,False
CB-1133,2024-06-17,37.0,48,125.83,7,0,False
CB-1133,2024-06-24,56.0,142,125.83,7,0,False
CB-1133,2024-07-01,38.0,104,125.83,7,0,False
CB-1133,2024-07-08,34.0,70,125.83,7,0,False
CB-1133,2024-07-15,34.0,36,125.83,7,0,False
CB-1133,2024-07-22,37.0,149,125.83,7,0,False
CB-1133,2024-07-29,38.0,111,125.83,7,0,False
CB-1133,2024-08-05,23.0,88,125.83,7,0,False
CB-1133,2024-08-12,19.0,69,125.83,7,0,False
CB-1133,2024-08-19,43.0,26,125.83,7,0,False
CB-1133,2024-08-26,12.0,164,125.83,7,0,False
CB-1133,2024-09-02,44.0,120,125.83,7,0,False
CB-1133,2024-09-09,9.0,111,125.83,7,0,False
CB-1133,2024-09-16,22.0,89,125.83,7,0,False
CB-1133,2024-09-23,36.0,53,125.83,7,0,False
CB-1133,2024-09-30,27.0,26,125.83,7,0,False
CB-1133,2024-10-07,15.0,161,125.83,7,0,False
CB-1133,2024-10-14,32.0,129,125.83,7,0,False
CB-1133,2024-10-21,29.0,100,125.83,7,0,False
CB-1133,2024-10-28,26.0,74,125.83,7,0,False
CB-1133,2024-11-04,23.0,51,125.83,7,0,False
CB-1133,2024-11-11,29.0,171,125.83,7,0,False
CB-1133,2024-11-18,24.0,147,125.83,7,0,False
CB-1133,2024-11-25,58.0,89,125.83,7,0,False
CB-1133,2024-12-02,30.0,59,125.83,7,0,False
CB-1133,2024-12-09,29.0,30,125.83,7,0,False
CB-1133,2024-12-16,28.0,152,125.83,7,0,False
CB-1133,2024-12-23,58.0,94,125.83,7,0,False
CB-1133,2024-12-30,16.0,78,125.83,7,0,False
CB-1133,2025-01-06,43.0,35,125.83,7,0,False
CB-1133,2025-01-13,36.0,149,125.83,7,0,False
CB-1133,2025-01-20,20.0,129,125.83,7,0,False
CB-1133,2025-01-27,30.0,99,125.83,7,0,False
CB-1133,2025-02-03,48.0,51,125.83,7,0,False
CB-1133,2025-02-10,31.0,170,125.83,7,0,False
CB-1133,2025-02-17,49.0,121,125.83,7,0,False
CB-1133,2025-02-24,73.0,48,125.83,7,0,False
CB-1133,2025-03-03,49.0,149,125.83,7,0,False
CB-1133,2025-03-10,23.0,126,125.83,7,0,False
CB-1133,2025-03-17,33.0,93,125.83,7,0,False
CB-1133,2025-03-24,43.0,50,125.83,7,0,False
CB-1133,2025-03-31,42.0,157,125.83,7,0,False
CB-1133,2025-04-07,50.0,107,125.83,7,0,False
CB-1133,2025-04-14,53.0,54,125.83,7,0,False
CB-1133,2025-04-21,76.0,0,125.83,7,1,False
CB-1133,2025-04-28,47.0,103,125.83,7,0,False
CB-1133,2025-05-05,28.0,75,125.83,7,0,False
CB-1133,2025-05-12,65.0,10,125.83,7,0,False
CB-1133,2025-05-19,65.0,95,125.83,7,0,False
CB-1133,2025-05-26,48.0,47,125.83,7,0,False
CB-1133,2025-06-02,40.0,156,125.83,7,0,False
CB-1133,2025-06-09,52.0,104,125.83,7,0,False
CB-1133,2025-06-16,38.0,66,125.83,7,0,False
CB-1133,2025-06-23,11.0,55,125.83,7,0,False
CB-1133,2025-06-30,47.0,8,125.83,7,0,False
CB-1133,2025-07-07,50.0,108,125.83,7,0,False
CB-1133,2025-07-14,56.0,52,125.83,7,0,False
CB-1133,2025-07-21,27.0,25,125.83,7,0,False
CB-1133,2025-07-28,38.0,137,125.83,7,0,False
CB-1133,2025-08-04,37.0,100,125.83,7,0,False
CB-1133,2025-08-11,34.0,66,125.83,7,0,False
CB-1133,2025-08-18,34.0,32,125.83,7,0,False
CB-1133,2025-08-25,32.0,150,125.83,7,0,False
CB-1133,2025-09-01,34.0,116,125.83,7,0,False
CB-1133,2025-09-08,39.0,77,125.83,7,0,False
CB-1133,2025-09-15,43.0,34,125.83,7,0,False
CB-1133,2025-09-22,22.0,162,125.83,7,0,False
CB-1133,2025-09-29,28.0,134,125.83,7,0,False
CB-1133,2025-10-06,26.0,108,125.83,7,0,False
CB-1133,2025-10-13,25.0,83,125.83,7,0,False
CB-1133,2025-10-20,14.0,69,125.83,7,0,False
CB-1133,2025-10-27,32.0,37,125.83,7,0,False
CB-1133,2025-11-03,38.0,148,125.83,7,0,False
CB-1133,2025-11-10,31.0,117,125.83,7,0,False
CB-1133,2025-11-17,34.0,83,125.83,7,0,False
CB-1133,2025-11-24,,43,125.83,7,0,False
CB-1133,2025-12-01,54.0,139,125.83,7,0,False
CB-1133,2025-12-08,32.0,107,125.83,7,0,False
CB-1133,2025-12-15,23.0,84,125.83,7,0,False
CB-1133,2025-12-22,39.0,45,125.83,7,0,False
CB-1134,2024-01-01,38.0,0,25.95,14,1,False
CB-1134,2024-01-08,0.0,0,25.95,14,0,False
CB-1134,2024-01-15,0.0,38,25.95,14,0,False
CB-1134,2024-01-22,0.0,38,25.95,14,0,False
CB-1134,2024-01-29,0.0,38,25.95,14,0,False
CB-1134,2024-02-05,0.0,38,25.95,14,0,False
CB-1134,2024-02-12,0.0,38,25.95,14,0,False
CB-1134,2024-02-19,0.0,38,25.95,14,0,False
CB-1134,2024-02-26,0.0,38,25.95,14,0,False
CB-1134,2024-03-04,49.0,0,25.95,14,1,False
CB-1134,2024-03-11,0.0,0,25.95,14,0,False
CB-1134,2024-03-18,0.0,38,25.95,14,0,False
CB-1134,2024-03-25,0.0,38,25.95,14,0,False
CB-1134,2024-04-01,0.0,38,25.95,14,0,False
CB-1134,2024-04-08,0.0,38,25.95,14,0,False
CB-1134,2024-04-15,40.0,0,25.95,14,1,False
CB-1134,2024-04-22,0.0,0,25.95,14,0,False
CB-1134,2024-04-29,14.0,24,25.95,14,0,False
CB-1134,2024-05-06,0.0,24,25.95,14,0,False
CB-1134,2024-05-13,46.0,16,25.95,14,0,False
CB-1134,2024-05-20,0.0,16,25.95,14,0,False
CB-1134,2024-05-27,0.0,54,25.95,14,0,False
CB-1134,2024-06-03,0.0,54,25.95,14,0,False
CB-1134,2024-06-10,49.0,5,25.95,14,0,False
CB-1134,2024-06-17,20.0,0,25.95,14,1,False
CB-1134,2024-06-24,0.0,38,25.95,14,0,False
CB-1134,2024-07-01,0.0,38,25.95,14,0,False
CB-1134,2024-07-08,0.0,38,25.95,14,0,False
CB-1134,2024-07-15,0.0,38,25.95,14,0,False
CB-1134,2024-07-22,14.0,24,25.95,14,0,False
CB-1134,2024-07-29,0.0,24,25.95,14,0,False
CB-1134,2024-08-05,0.0,62,25.95,14,0,False
CB-1134,2024-08-12,0.0,62,25.95,14,0,False
CB-1134,2024-08-19,0.0,62,25.95,14,0,False
CB-1134,2024-08-26,0.0,62,25.95,14,0,False
CB-1134,2024-09-02,39.0,23,25.95,14,0,False
CB-1134,2024-09-09,55.0,0,25.95,14,1,False
CB-1134,2024-09-16,0.0,38,25.95,14,0,False
CB-1134,2024-09-23,0.0,38,25.95,14,0,False
CB-1134,2024-09-30,0.0,38,25.95,14,0,False
CB-1134,2024-10-07,0.0,38,25.95,14,0,False
CB-1134,2024-10-14,38.0,0,25.95,14,0,False
CB-1134,2024-10-21,0.0,0,25.95,14,0,False
CB-1134,2024-10-28,0.0,38,25.95,14,0,False
CB-1134,2024-11-04,59.0,0,25.95,14,1,False
CB-1134,2024-11-11,0.0,0,25.95,14,0,False
CB-1134,2024-11-18,0.0,38,25.95,14,0,False
CB-1134,2024-11-25,0.0,38,25.95,14,0,False
CB-1134,2024-12-02,0.0,38,25.95,14,0,False
CB-1134,2024-12-09,0.0,38,25.95,14,0,False
CB-1134,2024-12-16,51.0,0,25.95,14,1,False
CB-1134,2024-12-23,0.0,0,25.95,14,0,False
CB-1134,2024-12-30,0.0,38,25.95,14,0,False
CB-1134,2025-01-06,0.0,38,25.95,14,0,False
CB-1134,2025-01-13,52.0,0,25.95,14,1,False
CB-1134,2025-01-20,0.0,0,25.95,14,0,False
CB-1134,2025-01-27,0.0,38,25.95,14,0,False
CB-1134,2025-02-03,0.0,38,25.95,14,0,False
CB-1134,2025-02-10,0.0,38,25.95,14,0,False
CB-1134,2025-02-17,0.0,38,25.95,14,0,False
CB-1134,2025-02-24,0.0,38,25.95,14,0,False
CB-1134,2025-03-03,0.0,38,25.95,14,0,False
CB-1134,2025-03-10,0.0,38,25.95,14,0,False
CB-1134,2025-03-17,0.0,38,25.95,14,0,False
CB-1134,2025-03-24,43.0,0,25.95,14,1,False
CB-1134,2025-03-31,0.0,0,25.95,14,0,False
CB-1134,2025-04-07,0.0,38,25.95,14,0,False
CB-1134,2025-04-14,0.0,38,25.95,14,0,False
CB-1134,2025-04-21,0.0,38,25.95,14,0,False
CB-1134,2025-04-28,32.0,6,25.95,14,0,False
CB-1134,2025-05-05,0.0,6,25.95,14,0,False
CB-1134,2025-05-12,0.0,44,25.95,14,0,False
CB-1134,2025-05-19,0.0,44,25.95,14,0,False
CB-1134,2025-05-26,0.0,44,25.95,14,0,False
CB-1134,2025-06-02,15.0,29,25.95,14,0,False
CB-1134,2025-06-09,0.0,29,25.95,14,0,False
CB-1134,2025-06-16,0.0,67,25.95,14,0,False
CB-1134,2025-06-23,0.0,67,25.95,14,0,False
CB-1134,2025-06-30,0.0,67,25.95,14,0,False
CB-1134,2025-07-07,48.0,19,25.95,14,0,False
CB-1134,2025-07-14,0.0,19,25.95,14,0,False
CB-1134,2025-07-21,0.0,58,25.95,14,0,False
CB-1134,2025-07-28,0.0,58,25.95,14,0,False
CB-1134,2025-08-04,0.0,58,25.95,14,0,False
CB-1134,2025-08-11,0.0,58,25.95,14,0,False
CB-1134,2025-08-18,44.0,14,25.95,14,0,False
CB-1134,2025-08-25,0.0,14,25.95,14,0,False
CB-1134,2025-09-01,0.0,52,25.95,14,0,False
CB-1134,2025-09-08,0.0,52,25.95,14,0,False
CB-1134,2025-09-15,0.0,52,25.95,14,0,False
CB-1134,2025-09-22,0.0,52,25.95,14,0,False
CB-1134,2025-09-29,0.0,52,25.95,14,0,False
CB-1134,2025-10-06,0.0,52,25.95,14,0,False
CB-1134,2025-10-13,52.0,0,25.95,14,1,False
CB-1134,2025-10-20,0.0,0,25.95,14,0,False
CB-1134,2025-10-27,0.0,38,25.95,14,0,False
CB-1134,2025-11-03,0.0,38,25.95,14,0,False
CB-1134,2025-11-10,42.0,0,25.95,14,1,False
CB-1134,2025-11-17,30.0,0,25.95,14,1,False
CB-1134,2025-11-24,0.0,38,25.95,14,0,False
CB-1134,2025-12-01,59.0,0,25.95,14,1,False
CB-1134,2025-12-08,0.0,0,25.95,14,0,False
CB-1134,2025-12-15,0.0,38,25.95,14,0,False
CB-1134,2025-12-22,37.0,1,25.95,14,0,False
CB-1135,2024-01-01,21.0,48,131.31,28,0,False
CB-1135,2024-01-08,36.0,12,131.31,28,0,False
CB-1135,2024-01-15,18.0,0,131.31,28,1,False
CB-1135,2024-01-22,44.0,0,131.31,28,1,False
CB-1135,2024-01-29,27.0,121,131.31,28,0,False
CB-1135,2024-02-05,23.0,246,131.31,28,0,False
CB-1135,2024-02-12,42.0,204,131.31,28,0,False
CB-1135,2024-02-19,30.0,174,131.31,28,0,False
CB-1135,2024-02-26,32.0,142,131.31,28,0,False
CB-1135,2024-03-04,44.0,98,131.31,28,0,False
CB-1135,2024-03-11,53.0,45,131.31,28,0,False
CB-1135,2024-03-18,30.0,15,131.31,28,0,False
CB-1135,2024-03-25,28.0,134,131.31,28,0,False
CB-1135,2024-04-01,43.0,91,131.31,28,0,False
CB-1135,2024-04-08,51.0,40,131.31,28,0,False
CB-1135,2024-04-15,64.0,0,131.31,28,1,False
CB-1135,2024-04-22,26.0,122,131.31,28,0,False
CB-1135,2024-04-29,37.0,85,131.31,28,0,False
CB-1135,2024-05-06,59.0,26,131.31,28,0,False
CB-1135,2024-05-13,69.0,105,131.31,28,0,False
CB-1135,2024-05-20,26.0,79,131.31,28,0,False
CB-1135,2024-05-27,29.0,50,131.31,28,0,False
CB-1135,2024-06-03,44.0,6,131.31,28,0,False
CB-1135,2024-06-10,30.0,123,131.31,28,0,False
CB-1135,2024-06-17,27.0,96,131.31,28,0,False
CB-1135,2024-06-24,39.0,57,131.31,28,0,False
CB-1135,2024-07-01,54.0,151,131.31,28,0,False
CB-1135,2024-07-08,18.0,133,131.31,28,0,False
CB-1135,2024-07-15,50.0,83,131.31,28,0,False
CB-1135,2024-07-22,26.0,57,131.31,28,0,False
CB-1135,2024-07-29,35.0,170,131.31,28,0,False
CB-1135,2024-08-05,47.0,123,131.31,28,0,False
CB-1135,2024-08-12,33.0,90,131.31,28,0,False
CB-1135,2024-08-19,26.0,64,131.31,28,0,False
CB-1135,2024-08-26,35.0,29,131.31,28,0,False
CB-1135,2024-09-02,26.0,151,131.31,28,0,False
CB-1135,2024-09-09,33.0,118,131.31,28,0,False
CB-1135,2024-09-16,25.0,93,131.31,28,0,False
CB-1135,2024-09-23,35.0,58,131.31,28,0,False
CB-1135,2024-09-30,14.0,191,131.31,28,0,False
CB-1135,2024-10-07,18.0,173,131.31,28,0,False
CB-1135,2024-10-14,14.0,159,131.31,28,0,False
CB-1135,2024-10-21,27.0,132,131.31,28,0,False
CB-1135,2024-10-28,13.0,119,131.31,28,0,False
CB-1135,2024-11-04,22.0,97,131.31,28,0,False
CB-1135,2024-11-11,18.0,227,131.31,28,0,False
CB-1135,2024-11-18,,181,131.31,28,0,False
CB-1135,2024-11-25,21.0,160,131.31,28,0,False
CB-1135,2024-12-02,18.0,142,131.31,28,0,False
CB-1135,2024-12-09,37.0,105,131.31,28,0,False
CB-1135,2024-12-16,55.0,50,131.31,28,0,False
CB-1135,2024-12-23,35.0,163,131.31,28,0,False
CB-1135,2024-12-30,37.0,126,131.31,28,0,False
CB-1135,2025-01-06,56.0,70,131.31,28,0,False
CB-1135,2025-01-13,52.0,18,131.31,28,0,False
CB-1135,2025-01-20,47.0,0,131.31,28,1,False
CB-1135,2025-01-27,33.0,115,131.31,28,0,False
CB-1135,2025-02-03,50.0,65,131.31,28,0,False
CB-1135,2025-02-10,23.0,42,131.31,28,0,False
CB-1135,2025-02-17,35.0,155,131.31,28,0,False
CB-1135,2025-02-24,69.0,86,131.31,28,0,False
CB-1135,2025-03-03,67.0,19,131.31,28,0,False
CB-1135,2025-03-10,54.0,0,131.31,28,1,False
CB-1135,2025-03-17,15.0,133,131.31,28,0,False
CB-1135,2025-03-24,28.0,105,131.31,28,0,False
CB-1135,2025-03-31,36.0,69,131.31,28,0,False
CB-1135,2025-04-07,45.0,172,131.31,28,0,False
CB-1135,2025-04-14,27.0,145,131.31,28,0,False
CB-1135,2025-04-21,43.0,102,131.31,28,0,False
CB-1135,2025-04-28,76.0,26,131.31,28,0,False
CB-1135,2025-05-05,53.0,0,131.31,28,1,False
CB-1135,2025-05-12,50.0,98,131.31,28,0,False
CB-1135,2025-05-19,29.0,69,131.31,28,0,False
CB-1135,2025-05-26,19.0,50,131.31,28,0,False
CB-1135,2025-06-02,25.0,173,131.31,28,0,False
CB-1135,2025-06-09,18.0,155,131.31,28,0,False
CB-1135,2025-06-16,43.0,112,131.31,28,0,False
CB-1135,2025-06-23,46.0,66,131.31,28,0,False
CB-1135,2025-06-30,26.0,40,131.31,28,0,False
CB-1135,2025-07-07,40.0,147,131.31,28,0,False
CB-1135,2025-07-14,56.0,91,131.31,28,0,False
CB-1135,2025-07-21,61.0,30,131.31,28,0,False
CB-1135,2025-07-28,45.0,0,131.31,28,1,False
CB-1135,2025-08-04,32.0,116,131.31,28,0,False
CB-1135,2025-08-11,42.0,74,131.31,28,0,False
CB-1135,2025-08-18,48.0,26,131.31,28,0,False
CB-1135,2025-08-25,9.0,165,131.31,28,0,False
CB-1135,2025-09-01,47.0,118,131.31,28,0,False
CB-1135,2025-09-08,25.0,93,131.31,28,0,False
CB-1135,2025-09-15,25.0,68,131.31,28,0,False
CB-1135,2025-09-22,27.0,41,131.31,28,0,False
CB-1135,2025-09-29,34.0,154,131.31,28,0,False
CB-1135,2025-10-06,19.0,135,131.31,28,0,False
CB-1135,2025-10-13,28.0,107,131.31,28,0,False
CB-1135,2025-10-20,37.0,70,131.31,28,0,False
CB-1135,2025-10-27,34.0,184,131.31,28,0,False
CB-1135,2025-11-03,37.0,147,131.31,28,0,False
CB-1135,2025-11-10,29.0,118,131.31,28,0,False
CB-1135,2025-11-17,42.0,76,131.31,28,0,False
CB-1135,2025-11-24,48.0,28,131.31,28,0,False
CB-1135,2025-12-01,49.0,127,131.31,28,0,False
CB-1135,2025-12-08,43.0,84,131.31,28,0,False
CB-1135,2025-12-15,52.0,32,131.31,28,0,False
CB-1135,2025-12-22,52.0,0,131.31,28,1,False
CB-1136,2024-01-01,67.0,134,168.63,7,0,False
CB-1136,2024-01-08,65.0,69,168.63,7,0,False
CB-1136,2024-01-15,71.0,299,168.63,7,0,False
CB-1136,2024-01-22,72.0,227,168.63,7,0,False
CB-1136,2024-01-29,80.0,147,168.63,7,0,False
CB-1136,2024-02-05,74.0,73,168.63,7,0,False
CB-1136,2024-02-12,88.0,286,168.63,7,0,False
CB-1136,2024-02-19,73.0,213,168.63,7,0,False
CB-1136,2024-02-26,72.0,141,168.63,7,0,False
CB-1136,2024-03-04,84.0,57,168.63,7,0,False
CB-1136,2024-03-11,80.0,278,168.63,7,0,False
CB-1136,2024-03-18,78.0,200,168.63,7,0,False
CB-1136,2024-03-25,83.0,117,168.63,7,0,False
CB-1136,2024-04-01,82.0,35,168.63,7,0,False
CB-1136,2024-04-08,88.0,249,168.63,7,0,False
CB-1136,2024-04-15,83.0,166,168.63,7,0,False
CB-1136,2024-04-22,83.0,83,168.63,7,0,False
CB-1136,2024-04-29,86.0,298,168.63,7,0,False
CB-1136,2024-05-06,92.0,206,168.63,7,0,False
CB-1136,2024-05-13,94.0,112,168.63,7,0,False
CB-1136,2024-05-20,84.0,28,168.63,7,0,False
CB-1136,2024-05-27,83.0,246,168.63,7,0,False
CB-1136,2024-06-03,79.0,167,168.63,7,0,False
CB-1136,2024-06-10,81.0,86,168.63,7,0,False
CB-1136,2024-06-17,79.0,309,168.63,7,0,False
CB-1136,2024-06-24,82.0,227,168.63,7,0,False
CB-1136,2024-07-01,61.0,166,168.63,7,0,False
CB-1136,2024-07-08,69.0,97,168.63,7,0,False
CB-1136,2024-07-15,70.0,27,168.63,7,0,False
CB-1136,2024-07-22,66.0,262,168.63,7,0,False
CB-1136,2024-07-29,60.0,202,168.63,7,0,False
CB-1136,2024-08-05,56.0,146,168.63,7,0,False
CB-1136,2024-08-12,65.0,81,168.63,7,0,False
CB-1136,2024-08-19,56.0,326,168.63,7,0,False
CB-1136,2024-08-26,50.0,276,168.63,7,0,False
CB-1136,2024-09-02,61.0,215,168.63,7,0,False
CB-1136,2024-09-09,59.0,156,168.63,7,0,False
CB-1136,2024-09-16,56.0,100,168.63,7,0,False
CB-1136,2024-09-23,52.0,48,168.63,7,0,False
CB-1136,2024-09-30,55.0,295,168.63,7,0,False
CB-1136,2024-10-07,61.0,234,168.63,7,0,False
CB-1136,2024-10-14,49.0,185,168.63,7,0,False
CB-1136,2024-10-21,50.0,135,168.63,7,0,False
CB-1136,2024-10-28,55.0,80,168.63,7,0,False
CB-1136,2024-11-04,60.0,321,168.63,7,0,False
CB-1136,2024-11-11,59.0,262,168.63,7,0,False
CB-1136,2024-11-18,66.0,196,168.63,7,0,False
CB-1136,2024-11-25,71.0,125,168.63,7,0,False
CB-1136,2024-12-02,69.0,56,168.63,7,0,False
CB-1136,2024-12-09,72.0,285,168.63,7,0,False
CB-1136,2024-12-16,73.0,212,168.63,7,0,False
CB-1136,2024-12-23,74.0,138,168.63,7,0,False
CB-1136,2024-12-30,69.0,69,168.63,7,0,False
CB-1136,2025-01-06,73.0,298,168.63,7,0,False
CB-1136,2025-01-13,73.0,225,168.63,7,0,False
CB-1136,2025-01-20,83.0,142,168.63,7,0,False
CB-1136,2025-01-27,88.0,54,168.63,7,0,False
CB-1136,2025-02-03,78.0,277,168.63,7,0,False
CB-1136,2025-02-10,91.0,186,168.63,7,0,False
CB-1136,2025-02-17,86.0,100,168.63,7,0,False
CB-1136,2025-02-24,86.0,14,168.63,7,0,False
CB-1136,2025-03-03,91.0,224,168.63,7,0,False
CB-1136,2025-03-10,88.0,136,168.63,7,0,False
CB-1136,2025-03-17,102.0,34,168.63,7,0,False
CB-1136,2025-03-24,97.0,238,168.63,7,0,False
CB-1136,2025-03-31,105.0,133,168.63,7,0,False
CB-1136,2025-04-07,95.0,38,168.63,7,0,False
CB-1136,2025-04-14,95.0,245,168.63,7,0,False
CB-1136,2025-04-21,112.0,133,168.63,7,0,False
CB-1136,2025-04-28,84.0,49,168.63,7,0,False
CB-1136,2025-05-05,106.0,244,168.63,7,0,False
CB-1136,2025-05-12,107.0,137,168.63,7,0,False
CB-1136,2025-05-19,99.0,38,168.63,7,0,False
CB-1136,2025-05-26,89.0,250,168.63,7,0,False
CB-1136,2025-06-02,100.0,150,168.63,7,0,False
CB-1136,2025-06-09,85.0,65,168.63,7,0,False
CB-1136,2025-06-16,81.0,286,168.63,7,0,False
CB-1136,2025-06-23,81.0,205,168.63,7,0,False
CB-1136,2025-06-30,77.0,128,168.63,7,0,False
CB-1136,2025-07-07,73.0,55,168.63,7,0,False
CB-1136,2025-07-14,83.0,273,168.63,7,0,False
CB-1136,2025-07-21,70.0,203,168.63,7,0,False
CB-1136,2025-07-28,72.0,131,168.63,7,0,False
CB-1136,2025-08-04,62.0,69,168.63,7,0,False
CB-1136,2025-08-11,69.0,301,168.63,7,0,False
CB-1136,2025-08-18,61.0,240,168.63,7,0,False
CB-1136,2025-08-25,59.0,181,168.63,7,0,False
CB-1136,2025-09-01,64.0,117,168.63,7,0,False
CB-1136,2025-09-08,69.0,48,168.63,7,0,False
CB-1136,2025-09-15,65.0,285,168.63,7,0,False
CB-1136,2025-09-22,65.0,220,168.63,7,0,False
CB-1136,2025-09-29,62.0,158,168.63,7,0,False
CB-1136,2025-10-06,61.0,97,168.63,7,0,False
CB-1136,2025-10-13,67.0,30,168.63,7,0,False
CB-1136,2025-10-20,61.0,270,168.63,7,0,False
CB-1136,2025-10-27,70.0,200,168.63,7,0,False
CB-1136,2025-11-03,73.0,127,168.63,7,0,False
CB-1136,2025-11-10,64.0,63,168.63,7,0,False
CB-1136,2025-11-17,66.0,298,168.63,7,0,False
CB-1136,2025-11-24,69.0,229,168.63,7,0,False
CB-1136,2025-12-01,66.0,163,168.63,7,0,False
CB-1136,2025-12-08,74.0,89,168.63,7,0,False
CB-1136,2025-12-15,88.0,1,168.63,7,0,False
CB-1136,2025-12-22,76.0,227,168.63,7,0,False
CB-1137,2024-01-01,94.0,163,144.66,42,0,False
CB-1137,2024-01-08,100.0,63,144.66,42,0,False
CB-1137,2024-01-15,124.0,0,144.66,42,1,False
CB-1137,2024-01-22,104.0,0,144.66,42,1,False
CB-1137,2024-01-29,111.0,0,144.66,42,1,False
CB-1137,2024-02-05,107.0,0,144.66,42,1,False
CB-1137,2024-02-12,112.0,342,144.66,42,0,False
CB-1137,2024-02-19,134.0,661,144.66,42,0,False
CB-1137,2024-02-26,128.0,533,144.66,42,0,False
CB-1137,2024-03-04,135.0,398,144.66,42,0,False
CB-1137,2024-03-11,113.0,285,144.66,42,0,False
CB-1137,2024-03-18,134.0,151,144.66,42,0,False
CB-1137,2024-03-25,118.0,33,144.66,42,0,False
CB-1137,2024-04-01,115.0,372,144.66,42,0,False
CB-1137,2024-04-08,132.0,240,144.66,42,0,False
CB-1137,2024-04-15,131.0,109,144.66,42,0,False
CB-1137,2024-04-22,129.0,0,144.66,42,1,False
CB-1137,2024-04-29,135.0,319,144.66,42,0,False
CB-1137,2024-05-06,135.0,184,144.66,42,0,False
CB-1137,2024-05-13,139.0,45,144.66,42,0,False
CB-1137,2024-05-20,111.0,387,144.66,42,0,False
CB-1137,2024-05-27,135.0,252,144.66,42,0,False
CB-1137,2024-06-03,135.0,117,144.66,42,0,False
CB-1137,2024-06-10,112.0,5,144.66,42,0,False
CB-1137,2024-06-17,97.0,362,144.66,42,0,False
CB-1137,2024-06-24,97.0,265,144.66,42,0,False
CB-1137,2024-07-01,102.0,163,144.66,42,0,False
CB-1137,2024-07-08,120.0,43,144.66,42,0,False
CB-1137,2024-07-15,101.0,395,144.66,42,0,False
CB-1137,2024-07-22,93.0,302,144.66,42,0,False
CB-1137,2024-07-29,90.0,212,144.66,42,0,False
CB-1137,2024-08-05,83.0,129,144.66,42,0,False
CB-1137,2024-08-12,96.0,487,144.66,42,0,False
CB-1137,2024-08-19,87.0,400,144.66,42,0,False
CB-1137,2024-08-26,101.0,299,144.66,42,0,False
CB-1137,2024-09-02,89.0,210,144.66,42,0,False
CB-1137,2024-09-09,89.0,574,144.66,42,0,False
CB-1137,2024-09-16,81.0,493,144.66,42,0,False
CB-1137,2024-09-23,75.0,418,144.66,42,0,False
CB-1137,2024-09-30,76.0,342,144.66,42,0,False
CB-1137,2024-10-07,74.0,268,144.66,42,0,False
CB-1137,2024-10-14,89.0,633,144.66,42,0,False
CB-1137,2024-10-21,82.0,551,144.66,42,0,False
CB-1137,2024-10-28,93.0,458,144.66,42,0,False
CB-1137,2024-11-04,89.0,369,144.66,42,0,False
CB-1137,2024-11-11,88.0,281,144.66,42,0,False
CB-1137,2024-11-18,84.0,197,144.66,42,0,False
CB-1137,2024-11-25,98.0,553,144.66,42,0,False
CB-1137,2024-12-02,97.0,456,144.66,42,0,False
CB-1137,2024-12-09,110.0,346,144.66,42,0,False
CB-1137,2024-12-16,100.0,246,144.66,42,0,False
CB-1137,2024-12-23,115.0,131,144.66,42,0,False
CB-1137,2024-12-30,128.0,456,144.66,42,0,False
CB-1137,2025-01-06,119.0,337,144.66,42,0,False
CB-1137,2025-01-13,128.0,209,144.66,42,0,False
CB-1137,2025-01-20,129.0,80,144.66,42,0,False
CB-1137,2025-01-27,146.0,388,144.66,42,0,False
CB-1137,2025-02-03,134.0,254,144.66,42,0,False
CB-1137,2025-02-10,141.0,113,144.66,42,0,False
CB-1137,2025-02-17,136.0,0,144.66,42,1,False
CB-1137,2025-02-24,130.0,324,144.66,42,0,False
CB-1137,2025-03-03,127.0,197,144.66,42,0,False
CB-1137,2025-03-10,157.0,40,144.66,42,0,False
CB-1137,2025-03-17,132.0,0,144.66,42,1,False
CB-1137,2025-03-24,153.0,301,144.66,42,0,False
CB-1137,2025-03-31,150.0,151,144.66,42,0,False
CB-1137,2025-04-07,156.0,0,144.66,42,1,False
CB-1137,2025-04-14,139.0,315,144.66,42,0,False
CB-1137,2025-04-21,135.0,180,144.66,42,0,False
CB-1137,2025-04-28,147.0,33,144.66,42,0,False
CB-1137,2025-05-05,138.0,0,144.66,42,1,False
CB-1137,2025-05-12,126.0,328,144.66,42,0,False
CB-1137,2025-05-19,159.0,169,144.66,42,0,False
CB-1137,2025-05-26,126.0,43,144.66,42,0,False
CB-1137,2025-06-02,122.0,374,144.66,42,0,False
CB-1137,2025-06-09,127.0,247,144.66,42,0,False
CB-1137,2025-06-16,139.0,108,144.66,42,0,False
CB-1137,2025-06-23,101.0,7,144.66,42,0,False
CB-1137,2025-06-30,131.0,330,144.66,42,0,False
CB-1137,2025-07-07,108.0,222,144.66,42,0,False
CB-1137,2025-07-14,115.0,107,144.66,42,0,False
CB-1137,2025-07-21,104.0,3,144.66,42,0,False
CB-1137,2025-07-28,123.0,333,144.66,42,0,False
CB-1137,2025-08-04,105.0,228,144.66,42,0,False
CB-1137,2025-08-11,95.0,133,144.66,42,0,False
CB-1137,2025-08-18,96.0,491,144.66,42,0,False
CB-1137,2025-08-25,97.0,394,144.66,42,0,False
CB-1137,2025-09-01,96.0,298,144.66,42,0,False
CB-1137,2025-09-08,97.0,201,144.66,42,0,False
CB-1137,2025-09-15,92.0,562,144.66,42,0,False
CB-1137,2025-09-22,82.0,480,144.66,42,0,False
CB-1137,2025-09-29,89.0,391,144.66,42,0,False
CB-1137,2025-10-06,97.0,294,144.66,42,0,False
CB-1137,2025-10-13,88.0,206,144.66,42,0,False
CB-1137,2025-10-20,100.0,560,144.66,42,0,False
CB-1137,2025-10-27,97.0,463,144.66,42,0,False
CB-1137,2025-11-03,97.0,366,144.66,42,0,False
CB-1137,2025-11-10,111.0,255,144.66,42,0,False
CB-1137,2025-11-17,89.0,166,144.66,42,0,False
CB-1137,2025-11-24,101.0,519,144.66,42,0,False
CB-1137,2025-12-01,121.0,398,144.66,42,0,False
CB-1137,2025-12-08,131.0,267,144.66,42,0,False
CB-1137,2025-12-15,139.0,128,144.66,42,0,False
CB-1137,2025-12-22,122.0,6,144.66,42,0,False
CB-1138,2024-01-01,89.0,89,141.42,42,0,False
CB-1138,2024-01-08,71.0,18,141.42,42,0,False
CB-1138,2024-01-15,87.0,0,141.42,42,1,False
CB-1138,2024-01-22,79.0,0,141.42,42,1,False
CB-1138,2024-01-29,82.0,0,141.42,42,1,False
CB-1138,2024-02-05,48.0,0,141.42,42,1,False
CB-1138,2024-02-12,65.0,200,141.42,42,0,False
CB-1138,2024-02-19,61.0,403,141.42,42,0,False
CB-1138,2024-02-26,44.0,359,141.42,42,0,False
CB-1138,2024-03-04,33.0,326,141.42,42,0,False
CB-1138,2024-03-11,67.0,259,141.42,42,0,False
CB-1138,2024-03-18,72.0,187,141.42,42,0,False
CB-1138,2024-03-25,82.0,105,141.42,42,0,False
CB-1138,2024-04-01,95.0,274,141.42,42,0,False
CB-1138,2024-04-08,85.0,190,141.42,42,0,False
CB-1138,2024-04-15,72.0,118,141.42,42,0,False
CB-1138,2024-04-22,54.0,64,141.42,42,0,False
CB-1138,2024-04-29,103.0,0,141.42,42,1,False
CB-1138,2024-05-06,75.0,190,141.42,42,0,False
CB-1138,2024-05-13,65.0,124,141.42,42,0,False
CB-1138,2024-05-20,71.0,54,141.42,42,0,False
CB-1138,2024-05-27,55.0,263,141.42,42,0,False
CB-1138,2024-06-03,59.0,204,141.42,42,0,False
CB-1138,2024-06-10,57.0,147,141.42,42,0,False
CB-1138,2024-06-17,62.0,85,141.42,42,0,False
CB-1138,2024-06-24,83.0,266,141.42,42,0,False
CB-1138,2024-07-01,75.0,192,141.42,42,0,False
CB-1138,2024-07-08,99.0,92,141.42,42,0,False
CB-1138,2024-07-15,88.0,4,141.42,42,0,False
CB-1138,2024-07-22,102.0,167,141.42,42,0,False
CB-1138,2024-07-29,70.0,97,141.42,42,0,False
CB-1138,2024-08-05,68.0,29,141.42,42,0,False
CB-1138,2024-08-12,46.0,0,141.42,42,1,False
CB-1138,2024-08-19,70.0,194,141.42,42,0,False
CB-1138,2024-08-26,41.0,154,141.42,42,0,False
CB-1138,2024-09-02,25.0,128,141.42,42,0,False
CB-1138,2024-09-09,79.0,314,141.42,42,0,False
CB-1138,2024-09-16,29.0,285,141.42,42,0,False
CB-1138,2024-09-23,59.0,226,141.42,42,0,False
CB-1138,2024-09-30,35.0,191,141.42,42,0,False
CB-1138,2024-10-07,71.0,384,141.42,42,0,False
CB-1138,2024-10-14,74.0,310,141.42,42,0,False
CB-1138,2024-10-21,62.0,248,141.42,42,0,False
CB-1138,2024-10-28,77.0,172,141.42,42,0,False
CB-1138,2024-11-04,55.0,116,141.42,42,0,False
CB-1138,2024-11-11,100.0,16,141.42,42,0,False
CB-1138,2024-11-18,72.0,209,141.42,42,0,False
CB-1138,2024-11-25,41.0,168,141.42,42,0,False
CB-1138,2024-12-02,63.0,105,141.42,42,0,False
CB-1138,2024-12-09,60.0,45,141.42,42,0,False
CB-1138,2024-12-16,60.0,250,141.42,42,0,False
CB-1138,2024-12-23,28.0,222,141.42,42,0,False
CB-1138,2024-12-30,79.0,142,141.42,42,0,False
CB-1138,2025-01-06,37.0,106,141.42,42,0,False
CB-1138,2025-01-13,9.0,361,141.42,42,0,False
CB-1138,2025-01-20,67.0,294,141.42,42,0,False
CB-1138,2025-01-27,58.0,236,141.42,42,0,False
CB-1138,2025-02-03,56.0,180,141.42,42,0,False
CB-1138,2025-02-10,0.0,444,141.42,42,0,False
CB-1138,2025-02-17,59.0,386,141.42,42,0,False
CB-1138,2025-02-24,80.0,306,141.42,42,0,False
CB-1138,2025-03-03,68.0,238,141.42,42,0,False
CB-1138,2025-03-10,100.0,138,141.42,42,0,False
CB-1138,2025-03-17,132.0,6,141.42,42,0,False
CB-1138,2025-03-24,106.0,0,141.42,42,1,False
CB-1138,2025-03-31,122.0,142,141.42,42,0,False
CB-1138,2025-04-07,125.0,18,141.42,42,0,False
CB-1138,2025-04-14,58.0,0,141.42,42,1,False
CB-1138,2025-04-21,103.0,162,141.42,42,0,False
CB-1138,2025-04-28,119.0,42,141.42,42,0,False
CB-1138,2025-05-05,74.0,0,141.42,42,1,False
CB-1138,2025-05-12,62.0,202,141.42,42,0,False
CB-1138,2025-05-19,101.0,102,141.42,42,0,False
CB-1138,2025-05-26,40.0,62,141.42,42,0,False
CB-1138,2025-06-02,51.0,10,141.42,42,0,False
CB-1138,2025-06-09,61.0,214,141.42,42,0,False
CB-1138,2025-06-16,90.0,124,141.42,42,0,False
CB-1138,2025-06-23,82.0,42,141.42,42,0,False
CB-1138,2025-06-30,100.0,206,141.42,42,0,False
CB-1138,2025-07-07,49.0,158,141.42,42,0,False
CB-1138,2025-07-14,46.0,112,141.42,42,0,False
CB-1138,2025-07-21,80.0,32,141.42,42,0,False
CB-1138,2025-07-28,47.0,249,141.42,42,0,False
CB-1138,2025-08-04,50.0,199,141.42,42,0,False
CB-1138,2025-08-11,22.0,177,141.42,42,0,False
CB-1138,2025-08-18,67.0,110,141.42,42,0,False
CB-1138,2025-08-25,92.0,282,141.42,42,0,False
CB-1138,2025-09-01,37.0,246,141.42,42,0,False
CB-1138,2025-09-08,78.0,168,141.42,42,0,False
CB-1138,2025-09-15,56.0,112,141.42,42,0,False
CB-1138,2025-09-22,22.0,90,141.42,42,0,False
CB-1138,2025-09-29,39.0,315,141.42,42,0,False
CB-1138,2025-10-06,38.0,277,141.42,42,0,False
CB-1138,2025-10-13,51.0,226,141.42,42,0,False
CB-1138,2025-10-20,67.0,159,141.42,42,0,False
CB-1138,2025-10-27,98.0,326,141.42,42,0,False
CB-1138,2025-11-03,30.0,296,141.42,42,0,False
CB-1138,2025-11-10,52.0,244,141.42,42,0,False
CB-1138,2025-11-17,44.0,200,141.42,42,0,False
CB-1138,2025-11-24,37.0,162,141.42,42,0,False
CB-1138,2025-12-01,71.0,92,141.42,42,0,False
CB-1138,2025-12-08,71.0,285,141.42,42,0,False
CB-1138,2025-12-15,27.0,258,141.42,42,0,False
CB-1138,2025-12-22,76.0,182,141.42,42,0,False
CB-1139,2024-01-01,0.0,3,47.48,42,0,False
CB-1139,2024-01-08,0.0,3,47.48,42,0,False
CB-1139,2024-01-15,0.0,3,47.48,42,0,False
CB-1139,2024-01-22,0.0,3,47.48,42,0,False
CB-1139,2024-01-29,0.0,3,47.48,42,0,False
CB-1139,2024-02-05,0.0,3,47.48,42,0,False
CB-1139,2024-02-12,0.0,29,47.48,42,0,False
CB-1139,2024-02-19,0.0,56,47.48,42,0,False
CB-1139,2024-02-26,0.0,56,47.48,42,0,False
CB-1139,2024-03-04,0.0,56,47.48,42,0,False
CB-1139,2024-03-11,0.0,56,47.48,42,0,False
CB-1139,2024-03-18,0.0,56,47.48,42,0,False
CB-1139,2024-03-25,0.0,56,47.48,42,0,False
CB-1139,2024-04-01,0.0,56,47.48,42,0,False
CB-1139,2024-04-08,0.0,56,47.48,42,0,False
CB-1139,2024-04-15,0.0,56,47.48,42,0,False
CB-1139,2024-04-22,52.0,4,47.48,42,0,False
CB-1139,2024-04-29,0.0,4,47.48,42,0,False
CB-1139,2024-05-06,0.0,4,47.48,42,0,False
CB-1139,2024-05-13,0.0,4,47.48,42,0,False
CB-1139,2024-05-20,51.0,0,47.48,42,1,False
CB-1139,2024-05-27,0.0,0,47.48,42,0,False
CB-1139,2024-06-03,57.0,0,47.48,42,1,False
CB-1139,2024-06-10,0.0,27,47.48,42,0,False
CB-1139,2024-06-17,0.0,27,47.48,42,0,False
CB-1139,2024-06-24,0.0,27,47.48,42,0,False
CB-1139,2024-07-01,20.0,33,47.48,42,0,False
CB-1139,2024-07-08,0.0,33,47.48,42,0,False
CB-1139,2024-07-15,0.0,60,47.48,42,0,False
CB-1139,2024-07-22,26.0,34,47.48,42,0,False
CB-1139,2024-07-29,0.0,34,47.48,42,0,False
CB-1139,2024-08-05,0.0,34,47.48,42,0,False
CB-1139,2024-08-12,0.0,34,47.48,42,0,False
CB-1139,2024-08-19,0.0,34,47.48,42,0,False
CB-1139,2024-08-26,15.0,19,47.48,42,0,False
CB-1139,2024-09-02,39.0,7,47.48,42,0,False
CB-1139,2024-09-09,50.0,0,47.48,42,1,False
CB-1139,2024-09-16,0.0,0,47.48,42,0,False
CB-1139,2024-09-23,54.0,0,47.48,42,1,False
CB-1139,2024-09-30,0.0,0,47.48,42,0,False
CB-1139,2024-10-07,57.0,0,47.48,42,1,False
CB-1139,2024-10-14,0.0,27,47.48,42,0,False
CB-1139,2024-10-21,0.0,53,47.48,42,0,False
CB-1139,2024-10-28,0.0,53,47.48,42,0,False
CB-1139,2024-11-04,0.0,53,47.48,42,0,False
CB-1139,2024-11-11,0.0,53,47.48,42,0,False
CB-1139,2024-11-18,0.0,80,47.48,42,0,False
CB-1139,2024-11-25,0.0,80,47.48,42,0,False
CB-1139,2024-12-02,41.0,39,47.48,42,0,False
CB-1139,2024-12-09,0.0,39,47.48,42,0,False
CB-1139,2024-12-16,13.0,26,47.48,42,0,False
CB-1139,2024-12-23,0.0,26,47.48,42,0,False
CB-1139,2024-12-30,0.0,26,47.48,42,0,False
CB-1139,2025-01-06,59.0,0,47.48,42,1,False
CB-1139,2025-01-13,0.0,27,47.48,42,0,False
CB-1139,2025-01-20,0.0,27,47.48,42,0,False
CB-1139,2025-01-27,0.0,53,47.48,42,0,False
CB-1139,2025-02-03,0.0,53,47.48,42,0,False
CB-1139,2025-02-10,0.0,53,47.48,42,0,False
CB-1139,2025-02-17,0.0,80,47.48,42,0,False
CB-1139,2025-02-24,0.0,80,47.48,42,0,False
CB-1139,2025-03-03,33.0,47,47.48,42,0,False
CB-1139,2025-03-10,0.0,47,47.48,42,0,False
CB-1139,2025-03-17,0.0,47,47.48,42,0,False
CB-1139,2025-03-24,0.0,47,47.48,42,0,False
CB-1139,2025-03-31,0.0,47,47.48,42,0,False
CB-1139,2025-04-07,0.0,47,47.48,42,0,False
CB-1139,2025-04-14,0.0,74,47.48,42,0,False
CB-1139,2025-04-21,0.0,74,47.48,42,0,False
CB-1139,2025-04-28,0.0,74,47.48,42,0,False
CB-1139,2025-05-05,0.0,74,47.48,42,0,False
CB-1139,2025-05-12,0.0,74,47.48,42,0,False
CB-1139,2025-05-19,0.0,74,47.48,42,0,False
CB-1139,2025-05-26,0.0,74,47.48,42,0,False
CB-1139,2025-06-02,0.0,74,47.48,42,0,False
CB-1139,2025-06-09,0.0,74,47.48,42,0,False
CB-1139,2025-06-16,0.0,74,47.48,42,0,False
CB-1139,2025-06-23,0.0,74,47.48,42,0,False
CB-1139,2025-06-30,0.0,74,47.48,42,0,False
CB-1139,2025-07-07,0.0,74,47.48,42,0,False
CB-1139,2025-07-14,0.0,74,47.48,42,0,False
CB-1139,2025-07-21,0.0,74,47.48,42,0,False
CB-1139,2025-07-28,0.0,74,47.48,42,0,False
CB-1139,2025-08-04,0.0,74,47.48,42,0,False
CB-1139,2025-08-11,0.0,74,47.48,42,0,False
CB-1139,2025-08-18,0.0,74,47.48,42,0,False
CB-1139,2025-08-25,60.0,14,47.48,42,0,False
CB-1139,2025-09-01,0.0,14,47.48,42,0,False
CB-1139,2025-09-08,0.0,14,47.48,42,0,False
CB-1139,2025-09-15,0.0,14,47.48,42,0,False
CB-1139,2025-09-22,0.0,14,47.48,42,0,False
CB-1139,2025-09-29,0.0,14,47.48,42,0,False
CB-1139,2025-10-06,0.0,41,47.48,42,0,False
CB-1139,2025-10-13,0.0,67,47.48,42,0,False
CB-1139,2025-10-20,0.0,67,47.48,42,0,False
CB-1139,2025-10-27,32.0,35,47.48,42,0,False
CB-1139,2025-11-03,0.0,35,47.48,42,0,False
CB-1139,2025-11-10,0.0,35,47.48,42,0,False
CB-1139,2025-11-17,10.0,25,47.48,42,0,False
CB-1139,2025-11-24,0.0,25,47.48,42,0,False
CB-1139,2025-12-01,0.0,25,47.48,42,0,False
CB-1139,2025-12-08,0.0,52,47.48,42,0,False
CB-1139,2025-12-15,0.0,52,47.48,42,0,False
CB-1139,2025-12-22,0.0,52,47.48,42,0,False
CB-1140,2024-01-01,24.0,93,19.37,42,0,False
CB-1140,2024-01-08,28.0,65,19.37,42,0,False
CB-1140,2024-01-15,4.0,61,19.37,42,0,False
CB-1140,2024-01-22,27.0,34,19.37,42,0,False
CB-1140,2024-01-29,42.0,0,19.37,42,1,False
CB-1140,2024-02-05,41.0,0,19.37,42,1,False
CB-1140,2024-02-12,31.0,87,19.37,42,0,False
CB-1140,2024-02-19,51.0,154,19.37,42,0,False
CB-1140,2024-02-26,28.0,126,19.37,42,0,False
CB-1140,2024-03-04,25.0,101,19.37,42,0,False
CB-1140,2024-03-11,28.0,73,19.37,42,0,False
CB-1140,2024-03-18,21.0,52,19.37,42,0,False
CB-1140,2024-03-25,42.0,10,19.37,42,0,False
CB-1140,2024-04-01,38.0,90,19.37,42,0,False
CB-1140,2024-04-08,42.0,48,19.37,42,0,False
CB-1140,2024-04-15,29.0,19,19.37,42,0,False
CB-1140,2024-04-22,34.0,0,19.37,42,1,False
CB-1140,2024-04-29,8.0,110,19.37,42,0,False
CB-1140,2024-05-06,38.0,72,19.37,42,0,False
CB-1140,2024-05-13,34.0,38,19.37,42,0,False
CB-1140,2024-05-20,20.0,136,19.37,42,0,False
CB-1140,2024-05-27,31.0,105,19.37,42,0,False
CB-1140,2024-06-03,29.0,76,19.37,42,0,False
CB-1140,2024-06-10,50.0,26,19.37,42,0,False
CB-1140,2024-06-17,19.0,7,19.37,42,0,False
CB-1140,2024-06-24,33.0,92,19.37,42,0,False
CB-1140,2024-07-01,18.0,74,19.37,42,0,False
CB-1140,2024-07-08,22.0,52,19.37,42,0,False
CB-1140,2024-07-15,29.0,23,19.37,42,0,False
CB-1140,2024-07-22,24.0,118,19.37,42,0,False
CB-1140,2024-07-29,25.0,93,19.37,42,0,False
CB-1140,2024-08-05,28.0,65,19.37,42,0,False
CB-1140,2024-08-12,20.0,45,19.37,42,0,False
CB-1140,2024-08-19,31.0,132,19.37,42,0,False
CB-1140,2024-08-26,21.0,111,19.37,42,0,False
CB-1140,2024-09-02,22.0,89,19.37,42,0,False
CB-1140,2024-09-09,25.0,64,19.37,42,0,False
CB-1140,2024-09-16,24.0,158,19.37,42,0,False
CB-1140,2024-09-23,27.0,131,19.37,42,0,False
CB-1140,2024-09-30,24.0,107,19.37,42,0,False
CB-1140,2024-10-07,26.0,81,19.37,42,0,False
CB-1140,2024-10-14,20.0,61,19.37,42,0,False
CB-1140,2024-10-21,14.0,165,19.37,42,0,False
CB-1140,2024-10-28,12.0,153,19.37,42,0,False
CB-1140,2024-11-04,10.0,143,19.37,42,0,False
CB-1140,2024-11-11,39.0,104,19.37,42,0,False
CB-1140,2024-11-18,6.0,98,19.37,42,0,False
CB-1140,2024-11-25,36.0,180,19.37,42,0,False
CB-1140,2024-12-02,19.0,161,19.37,42,0,False
CB-1140,2024-12-09,39.0,122,19.37,42,0,False
CB-1140,2024-12-16,6.0,116,19.37,42,0,False
CB-1140,2024-12-23,27.0,89,19.37,42,0,False
CB-1140,2024-12-30,46.0,43,19.37,42,0,False
CB-1140,2025-01-06,39.0,122,19.37,42,0,False
CB-1140,2025-01-13,28.0,94,19.37,42,0,False
CB-1140,2025-01-20,11.0,83,19.37,42,0,False
CB-1140,2025-01-27,18.0,65,19.37,42,0,False
CB-1140,2025-02-03,52.0,13,19.37,42,0,False
CB-1140,2025-02-10,31.0,101,19.37,42,0,False
CB-1140,2025-02-17,35.0,66,19.37,42,0,False
CB-1140,2025-02-24,41.0,25,19.37,42,0,False
CB-1140,2025-03-03,20.0,5,19.37,42,0,False
CB-1140,2025-03-10,43.0,80,19.37,42,0,False
CB-1140,2025-03-17,33.0,47,19.37,42,0,False
CB-1140,2025-03-24,43.0,4,19.37,42,0,False
CB-1140,2025-03-31,31.0,91,19.37,42,0,False
CB-1140,2025-04-07,17.0,74,19.37,42,0,False
CB-1140,2025-04-14,33.0,41,19.37,42,0,False
CB-1140,2025-04-21,47.0,0,19.37,42,1,False
CB-1140,2025-04-28,44.0,74,19.37,42,0,False
CB-1140,2025-05-05,38.0,36,19.37,42,0,False
CB-1140,2025-05-12,49.0,0,19.37,42,1,False
CB-1140,2025-05-19,34.0,0,19.37,42,1,False
CB-1140,2025-05-26,37.0,81,19.37,42,0,False
CB-1140,2025-06-02,29.0,52,19.37,42,0,False
CB-1140,2025-06-09,46.0,6,19.37,42,0,False
CB-1140,2025-06-16,37.0,87,19.37,42,0,False
CB-1140,2025-06-23,26.0,61,19.37,42,0,False
CB-1140,2025-06-30,15.0,46,19.37,42,0,False
CB-1140,2025-07-07,43.0,3,19.37,42,0,False
CB-1140,2025-07-14,22.0,99,19.37,42,0,False
CB-1140,2025-07-21,30.0,69,19.37,42,0,False
CB-1140,2025-07-28,52.0,17,19.37,42,0,False
CB-1140,2025-08-04,35.0,101,19.37,42,0,False
CB-1140,2025-08-11,42.0,59,19.37,42,0,False
CB-1140,2025-08-18,21.0,38,19.37,42,0,False
CB-1140,2025-08-25,35.0,3,19.37,42,0,False
CB-1140,2025-09-01,26.0,0,19.37,42,1,False
CB-1140,2025-09-08,28.0,90,19.37,42,0,False
CB-1140,2025-09-15,42.0,48,19.37,42,0,False
CB-1140,2025-09-22,22.0,144,19.37,42,0,False
CB-1140,2025-09-29,25.0,119,19.37,42,0,False
CB-1140,2025-10-06,17.0,102,19.37,42,0,False
CB-1140,2025-10-13,33.0,69,19.37,42,0,False
CB-1140,2025-10-20,20.0,49,19.37,42,0,False
CB-1140,2025-10-27,35.0,132,19.37,42,0,False
CB-1140,2025-11-03,11.0,121,19.37,42,0,False
CB-1140,2025-11-10,32.0,89,19.37,42,0,False
CB-1140,2025-11-17,21.0,68,19.37,42,0,False
CB-1140,2025-11-24,36.0,32,19.37,42,0,False
CB-1140,2025-12-01,29.0,122,19.37,42,0,False
CB-1140,2025-12-08,25.0,97,19.37,42,0,False
CB-1140,2025-12-15,27.0,70,19.37,42,0,False
CB-1140,2025-12-22,23.0,47,19.37,42,0,False
CB-1141,2024-01-01,29.0,53,102.78,14,0,False
CB-1141,2024-01-08,37.0,16,102.78,14,0,False
CB-1141,2024-01-15,53.0,105,102.78,14,0,False
CB-1141,2024-01-22,35.0,70,102.78,14,0,False
CB-1141,2024-01-29,33.0,37,102.78,14,0,False
CB-1141,2024-02-05,40.0,139,102.78,14,0,False
CB-1141,2024-02-12,10.0,129,102.78,14,0,False
CB-1141,2024-02-19,22.0,107,102.78,14,0,False
CB-1141,2024-02-26,34.0,73,102.78,14,0,False
CB-1141,2024-03-04,30.0,43,102.78,14,0,False
CB-1141,2024-03-11,18.0,167,102.78,14,0,False
CB-1141,2024-03-18,53.0,114,102.78,14,0,False
CB-1141,2024-03-25,44.0,70,102.78,14,0,False
CB-1141,2024-04-01,43.0,27,102.78,14,0,False
CB-1141,2024-04-08,31.0,138,102.78,14,0,False
CB-1141,2024-04-15,42.0,96,102.78,14,0,False
CB-1141,2024-04-22,48.0,48,102.78,14,0,False
CB-1141,2024-04-29,37.0,11,102.78,14,0,False
CB-1141,2024-05-06,46.0,107,102.78,14,0,False
CB-1141,2024-05-13,28.0,79,102.78,14,0,False
CB-1141,2024-05-20,40.0,39,102.78,14,0,False
CB-1141,2024-05-27,53.0,128,102.78,14,0,False
CB-1141,2024-06-03,53.0,75,102.78,14,0,False
CB-1141,2024-06-10,53.0,22,102.78,14,0,False
CB-1141,2024-06-17,39.0,125,102.78,14,0,False
CB-1141,2024-06-24,35.0,90,102.78,14,0,False
CB-1141,2024-07-01,28.0,62,102.78,14,0,False
CB-1141,2024-07-08,12.0,50,102.78,14,0,False
CB-1141,2024-07-15,17.0,174,102.78,14,0,False
CB-1141,2024-07-22,29.0,145,102.78,14,0,False
CB-1141,2024-07-29,29.0,116,102.78,14,0,False
CB-1141,2024-08-05,44.0,72,102.78,14,0,False
CB-1141,2024-08-12,42.0,30,102.78,14,0,False
CB-1141,2024-08-19,21.0,151,102.78,14,0,False
CB-1141,2024-08-26,35.0,116,102.78,14,0,False
CB-1141,2024-09-02,22.0,94,102.78,14,0,False
CB-1141,2024-09-09,33.0,61,102.78,14,0,False
CB-1141,2024-09-16,34.0,27,102.78,14,0,False
CB-1141,2024-09-23,37.0,132,102.78,14,0,False
CB-1141,2024-09-30,22.0,110,102.78,14,0,False
CB-1141,2024-10-07,35.0,75,102.78,14,0,False
CB-1141,2024-10-14,9.0,66,102.78,14,0,False
CB-1141,2024-10-21,39.0,169,102.78,14,0,False
CB-1141,2024-10-28,27.0,142,102.78,14,0,False
CB-1141,2024-11-04,28.0,114,102.78,14,0,False
CB-1141,2024-11-11,8.0,106,102.78,14,0,False
CB-1141,2024-11-18,25.0,81,102.78,14,0,False
CB-1141,2024-11-25,45.0,36,102.78,14,0,False
CB-1141,2024-12-02,27.0,151,102.78,14,0,False
CB-1141,2024-12-09,40.0,111,102.78,14,0,False
CB-1141,2024-12-16,34.0,77,102.78,14,0,False
CB-1141,2024-12-23,47.0,30,102.78,14,0,False
CB-1141,2024-12-30,38.0,134,102.78,14,0,False
CB-1141,2025-01-06,25.0,109,102.78,14,0,False
CB-1141,2025-01-13,39.0,70,102.78,14,0,False
CB-1141,2025-01-20,61.0,9,102.78,14,0,False
CB-1141,2025-01-27,47.0,104,102.78,14,0,False
CB-1141,2025-02-03,40.0,64,102.78,14,0,False
CB-1141,2025-02-10,76.0,0,102.78,14,1,False
CB-1141,2025-02-17,61.0,81,102.78,14,0,False
CB-1141,2025-02-24,56.0,25,102.78,14,0,False
CB-1141,2025-03-03,50.0,117,102.78,14,0,False
CB-1141,2025-03-10,57.0,60,102.78,14,0,False
CB-1141,2025-03-17,58.0,2,102.78,14,0,False
CB-1141,2025-03-24,11.0,133,102.78,14,0,False
CB-1141,2025-03-31,52.0,81,102.78,14,0,False
CB-1141,2025-04-07,43.0,38,102.78,14,0,False
CB-1141,2025-04-14,38.0,142,102.78,14,0,False
CB-1141,2025-04-21,43.0,99,102.78,14,0,False
CB-1141,2025-04-28,21.0,78,102.78,14,0,False
CB-1141,2025-05-05,17.0,61,102.78,14,0,False
CB-1141,2025-05-12,64.0,139,102.78,14,0,False
CB-1141,2025-05-19,51.0,88,102.78,14,0,False
CB-1141,2025-05-26,7.0,81,102.78,14,0,False
CB-1141,2025-06-02,33.0,48,102.78,14,0,False
CB-1141,2025-06-09,54.0,136,102.78,14,0,False
CB-1141,2025-06-16,36.0,100,102.78,14,0,False
CB-1141,2025-06-23,56.0,44,102.78,14,0,False
CB-1141,2025-06-30,52.0,0,102.78,14,1,False
CB-1141,2025-07-07,19.0,123,102.78,14,0,False
CB-1141,2025-07-14,34.0,89,102.78,14,0,False
CB-1141,2025-07-21,29.0,60,102.78,14,0,False
CB-1141,2025-07-28,17.0,43,102.78,14,0,False
CB-1141,2025-08-04,16.0,169,102.78,14,0,False
CB-1141,2025-08-11,23.0,146,102.78,14,0,False
CB-1141,2025-08-18,24.0,122,102.78,14,0,False
CB-1141,2025-08-25,34.0,88,102.78,14,0,False
CB-1141,2025-09-01,41.0,47,102.78,14,0,False
CB-1141,2025-09-08,35.0,12,102.78,14,0,False
CB-1141,2025-09-15,37.0,117,102.78,14,0,False
CB-1141,2025-09-22,26.0,91,102.78,14,0,False
CB-1141,2025-09-29,35.0,56,102.78,14,0,False
CB-1141,2025-10-06,28.0,28,102.78,14,0,False
CB-1141,2025-10-13,25.0,145,102.78,14,0,False
CB-1141,2025-10-20,50.0,95,102.78,14,0,False
CB-1141,2025-10-27,6.0,89,102.78,14,0,False
CB-1141,2025-11-03,11.0,78,102.78,14,0,False
CB-1141,2025-11-10,36.0,42,102.78,14,0,False
CB-1141,2025-11-17,30.0,154,102.78,14,0,False
CB-1141,2025-11-24,17.0,137,102.78,14,0,False
CB-1141,2025-12-01,22.0,115,102.78,14,0,False
CB-1141,2025-12-08,24.0,91,102.78,14,0,False
CB-1141,2025-12-15,49.0,42,102.78,14,0,False
CB-1141,2025-12-22,55.0,0,102.78,14,1,False
CB-1142,2024-01-01,64.0,103,85.21,14,0,False
CB-1142,2024-01-08,26.0,77,85.21,14,0,False
CB-1142,2024-01-15,32.0,309,85.21,14,0,False
CB-1142,2024-01-22,31.0,278,85.21,14,0,False
CB-1142,2024-01-29,94.0,184,85.21,14,0,False
CB-1142,2024-02-05,76.0,108,85.21,14,0,False
CB-1142,2024-02-12,70.0,38,85.21,14,0,False
CB-1142,2024-02-19,75.0,227,85.21,14,0,False
CB-1142,2024-02-26,69.0,158,85.21,14,0,False
CB-1142,2024-03-04,44.0,114,85.21,14,0,False
CB-1142,2024-03-11,86.0,28,85.21,14,0,False
CB-1142,2024-03-18,68.0,224,85.21,14,0,False
CB-1142,2024-03-25,43.0,181,85.21,14,0,False
CB-1142,2024-04-01,89.0,92,85.21,14,0,False
CB-1142,2024-04-08,63.0,29,85.21,14,0,False
CB-1142,2024-04-15,80.0,213,85.21,14,0,False
CB-1142,2024-04-22,70.0,143,85.21,14,0,False
CB-1142,2024-04-29,96.0,47,85.21,14,0,False
CB-1142,2024-05-06,78.0,233,85.21,14,0,False
CB-1142,2024-05-13,49.0,184,85.21,14,0,False
CB-1142,2024-05-20,78.0,106,85.21,14,0,False
CB-1142,2024-05-27,77.0,29,85.21,14,0,False
CB-1142,2024-06-03,80.0,213,85.21,14,0,False
CB-1142,2024-06-10,90.0,123,85.21,14,0,False
CB-1142,2024-06-17,51.0,72,85.21,14,0,False
CB-1142,2024-06-24,77.0,259,85.21,14,0,False
CB-1142,2024-07-01,24.0,235,85.21,14,0,False
CB-1142,2024-07-08,57.0,178,85.21,14,0,False
CB-1142,2024-07-15,52.0,126,85.21,14,0,False
CB-1142,2024-07-22,84.0,42,85.21,14,0,False
CB-1142,2024-07-29,51.0,255,85.21,14,0,False
CB-1142,2024-08-05,64.0,191,85.21,14,0,False
CB-1142,2024-08-12,20.0,171,85.21,14,0,False
CB-1142,2024-08-19,44.0,127,85.21,14,0,False
CB-1142,2024-08-26,35.0,92,85.21,14,0,False
CB-1142,2024-09-02,91.0,265,85.21,14,0,False
CB-1142,2024-09-09,37.0,228,85.21,14,0,False
CB-1142,2024-09-16,49.0,179,85.21,14,0,False
CB-1142,2024-09-23,49.0,130,85.21,14,0,False
CB-1142,2024-09-30,21.0,109,85.21,14,0,False
CB-1142,2024-10-07,39.0,334,85.21,14,0,False
CB-1142,2024-10-14,55.0,279,85.21,14,0,False
CB-1142,2024-10-21,50.0,229,85.21,14,0,False
CB-1142,2024-10-28,10.0,219,85.21,14,0,False
CB-1142,2024-11-04,41.0,178,85.21,14,0,False
CB-1142,2024-11-11,70.0,108,85.21,14,0,False
CB-1142,2024-11-18,64.0,44,85.21,14,0,False
CB-1142,2024-11-25,78.0,230,85.21,14,0,False
CB-1142,2024-12-02,37.0,193,85.21,14,0,False
CB-1142,2024-12-09,85.0,108,85.21,14,0,False
CB-1142,2024-12-16,60.0,48,85.21,14,0,False
CB-1142,2024-12-23,98.0,214,85.21,14,0,False
CB-1142,2024-12-30,65.0,149,85.21,14,0,False
CB-1142,2025-01-06,19.0,130,85.21,14,0,False
CB-1142,2025-01-13,89.0,305,85.21,14,0,False
CB-1142,2025-01-20,60.0,245,85.21,14,0,False
CB-1142,2025-01-27,63.0,182,85.21,14,0,False
CB-1142,2025-02-03,37.0,145,85.21,14,0,False
CB-1142,2025-02-10,120.0,25,85.21,14,0,False
CB-1142,2025-02-17,64.0,225,85.21,14,0,False
CB-1142,2025-02-24,123.0,102,85.21,14,0,False
CB-1142,2025-03-03,69.0,33,85.21,14,0,False
CB-1142,2025-03-10,55.0,242,85.21,14,0,False
CB-1142,2025-03-17,121.0,121,85.21,14,0,False
CB-1142,2025-03-24,81.0,40,85.21,14,0,False
CB-1142,2025-03-31,81.0,223,85.21,14,0,False
CB-1142,2025-04-07,46.0,177,85.21,14,0,False
CB-1142,2025-04-14,70.0,107,85.21,14,0,False
CB-1142,2025-04-21,95.0,12,85.21,14,0,False
CB-1142,2025-04-28,45.0,231,85.21,14,0,False
CB-1142,2025-05-05,66.0,165,85.21,14,0,False
CB-1142,2025-05-12,68.0,97,85.21,14,0,False
CB-1142,2025-05-19,81.0,16,85.21,14,0,False
CB-1142,2025-05-26,118.0,162,85.21,14,0,False
CB-1142,2025-06-02,68.0,94,85.21,14,0,False
CB-1142,2025-06-09,56.0,38,85.21,14,0,False
CB-1142,2025-06-16,142.0,160,85.21,14,0,False
CB-1142,2025-06-23,60.0,100,85.21,14,0,False
CB-1142,2025-06-30,64.0,36,85.21,14,0,False
CB-1142,2025-07-07,58.0,242,85.21,14,0,False
CB-1142,2025-07-14,58.0,184,85.21,14,0,False
CB-1142,2025-07-21,65.0,119,85.21,14,0,False
CB-1142,2025-07-28,81.0,38,85.21,14,0,False
CB-1142,2025-08-04,68.0,234,85.21,14,0,False
CB-1142,2025-08-11,80.0,154,85.21,14,0,False
CB-1142,2025-08-18,77.0,77,85.21,14,0,False
CB-1142,2025-08-25,59.0,282,85.21,14,0,False
CB-1142,2025-09-01,62.0,220,85.21,14,0,False
CB-1142,2025-09-08,74.0,146,85.21,14,0,False
CB-1142,2025-09-15,32.0,114,85.21,14,0,False
CB-1142,2025-09-22,99.0,279,85.21,14,0,False
CB-1142,2025-09-29,43.0,236,85.21,14,0,False
CB-1142,2025-10-06,47.0,189,85.21,14,0,False
CB-1142,2025-10-13,31.0,158,85.21,14,0,False
CB-1142,2025-10-20,32.0,126,85.21,14,0,False
CB-1142,2025-10-27,74.0,52,85.21,14,0,False
CB-1142,2025-11-03,101.0,215,85.21,14,0,False
CB-1142,2025-11-10,46.0,169,85.21,14,0,False
CB-1142,2025-11-17,67.0,102,85.21,14,0,False
CB-1142,2025-11-24,66.0,36,85.21,14,0,False
CB-1142,2025-12-01,86.0,214,85.21,14,0,False
CB-1142,2025-12-08,116.0,98,85.21,14,0,False
CB-1142,2025-12-15,104.0,0,85.21,14,1,False
CB-1142,2025-12-22,64.0,200,85.21,14,0,False
CB-1143,2024-01-01,32.0,128,144.37,35,0,False
CB-1143,2024-01-08,21.0,107,144.37,35,0,False
CB-1143,2024-01-15,25.0,82,144.37,35,0,False
CB-1143,2024-01-22,50.0,32,144.37,35,0,False
CB-1143,2024-01-29,53.0,0,144.37,35,1,False
CB-1143,2024-02-05,35.0,112,144.37,35,0,False
CB-1143,2024-02-12,42.0,70,144.37,35,0,False
CB-1143,2024-02-19,56.0,14,144.37,35,0,False
CB-1143,2024-02-26,16.0,145,144.37,35,0,False
CB-1143,2024-03-04,34.0,111,144.37,35,0,False
CB-1143,2024-03-11,70.0,41,144.37,35,0,False
CB-1143,2024-03-18,46.0,0,144.37,35,1,False
CB-1143,2024-03-25,25.0,122,144.37,35,0,False
CB-1143,2024-04-01,44.0,78,144.37,35,0,False
CB-1143,2024-04-08,57.0,21,144.37,35,0,False
CB-1143,2024-04-15,5.0,163,144.37,35,0,False
CB-1143,2024-04-22,44.0,119,144.37,35,0,False
CB-1143,2024-04-29,36.0,83,144.37,35,0,False
CB-1143,2024-05-06,17.0,66,144.37,35,0,False
CB-1143,2024-05-13,42.0,172,144.37,35,0,False
CB-1143,2024-05-20,38.0,134,144.37,35,0,False
CB-1143,2024-05-27,39.0,95,144.37,35,0,False
CB-1143,2024-06-03,34.0,61,144.37,35,0,False
CB-1143,2024-06-10,24.0,37,144.37,35,0,False
CB-1143,2024-06-17,18.0,166,144.37,35,0,False
CB-1143,2024-06-24,27.0,139,144.37,35,0,False
CB-1143,2024-07-01,45.0,94,144.37,35,0,False
CB-1143,2024-07-08,36.0,58,144.37,35,0,False
CB-1143,2024-07-15,32.0,173,144.37,35,0,False
CB-1143,2024-07-22,20.0,153,144.37,35,0,False
CB-1143,2024-07-29,27.0,126,144.37,35,0,False
CB-1143,2024-08-05,38.0,88,144.37,35,0,False
CB-1143,2024-08-12,34.0,54,144.37,35,0,False
CB-1143,2024-08-19,24.0,177,144.37,35,0,False
CB-1143,2024-08-26,2.0,175,144.37,35,0,False
CB-1143,2024-09-02,21.0,154,144.37,35,0,False
CB-1143,2024-09-09,23.0,131,144.37,35,0,False
CB-1143,2024-09-16,18.0,113,144.37,35,0,False
CB-1143,2024-09-23,23.0,237,144.37,35,0,False
CB-1143,2024-09-30,34.0,203,144.37,35,0,False
CB-1143,2024-10-07,27.0,176,144.37,35,0,False
CB-1143,2024-10-14,37.0,139,144.37,35,0,False
CB-1143,2024-10-21,13.0,126,144.37,35,0,False
CB-1143,2024-10-28,25.0,101,144.37,35,0,False
CB-1143,2024-11-04,9.0,92,144.37,35,0,False
CB-1143,2024-11-11,25.0,215,144.37,35,0,False
CB-1143,2024-11-18,19.0,196,144.37,35,0,False
CB-1143,2024-11-25,45.0,151,144.37,35,0,False
CB-1143,2024-12-02,37.0,114,144.37,35,0,False
CB-1143,2024-12-09,45.0,69,144.37,35,0,False
CB-1143,2024-12-16,29.0,40,144.37,35,0,False
CB-1143,2024-12-23,23.0,164,144.37,35,0,False
CB-1143,2024-12-30,23.0,141,144.37,35,0,False
CB-1143,2025-01-06,41.0,100,144.37,35,0,False
CB-1143,2025-01-13,64.0,36,144.37,35,0,False
CB-1143,2025-01-20,46.0,137,144.37,35,0,False
CB-1143,2025-01-27,36.0,101,144.37,35,0,False
CB-1143,2025-02-03,40.0,61,144.37,35,0,False
CB-1143,2025-02-10,43.0,18,144.37,35,0,False
CB-1143,2025-02-17,76.0,89,144.37,35,0,False
CB-1143,2025-02-24,64.0,25,144.37,35,0,False
CB-1143,2025-03-03,50.0,0,144.37,35,1,False
CB-1143,2025-03-10,48.0,0,144.37,35,1,False
CB-1143,2025-03-17,52.0,95,144.37,35,0,False
CB-1143,2025-03-24,55.0,40,144.37,35,0,False
CB-1143,2025-03-31,40.0,147,144.37,35,0,False
CB-1143,2025-04-07,33.0,114,144.37,35,0,False
CB-1143,2025-04-14,64.0,50,144.37,35,0,False
CB-1143,2025-04-21,47.0,3,144.37,35,0,False
CB-1143,2025-04-28,62.0,89,144.37,35,0,False
CB-1143,2025-05-05,73.0,16,144.37,35,0,False
CB-1143,2025-05-12,54.0,0,144.37,35,1,False
CB-1143,2025-05-19,50.0,97,144.37,35,0,False
CB-1143,2025-05-26,93.0,4,144.37,35,0,False
CB-1143,2025-06-02,46.0,0,144.37,35,1,False
CB-1143,2025-06-09,26.0,121,144.37,35,0,False
CB-1143,2025-06-16,37.0,84,144.37,35,0,False
CB-1143,2025-06-23,62.0,22,144.37,35,0,False
CB-1143,2025-06-30,21.0,148,144.37,35,0,False
CB-1143,2025-07-07,28.0,120,144.37,35,0,False
CB-1143,2025-07-14,51.0,69,144.37,35,0,False
CB-1143,2025-07-21,32.0,37,144.37,35,0,False
CB-1143,2025-07-28,33.0,152,144.37,35,0,False
CB-1143,2025-08-04,46.0,106,144.37,35,0,False
CB-1143,2025-08-11,25.0,81,144.37,35,0,False
CB-1143,2025-08-18,16.0,65,144.37,35,0,False
CB-1143,2025-08-25,16.0,196,144.37,35,0,False
CB-1143,2025-09-01,37.0,159,144.37,35,0,False
CB-1143,2025-09-08,33.0,126,144.37,35,0,False
CB-1143,2025-09-15,23.0,103,144.37,35,0,False
CB-1143,2025-09-22,18.0,85,144.37,35,0,False
CB-1143,2025-09-29,27.0,205,144.37,35,0,False
CB-1143,2025-10-06,42.0,163,144.37,35,0,False
CB-1143,2025-10-13,21.0,142,144.37,35,0,False
CB-1143,2025-10-20,24.0,118,144.37,35,0,False
CB-1143,2025-10-27,18.0,100,144.37,35,0,False
CB-1143,2025-11-03,28.0,72,144.37,35,0,False
CB-1143,2025-11-10,37.0,182,144.37,35,0,False
CB-1143,2025-11-17,59.0,123,144.37,35,0,False
CB-1143,2025-11-24,37.0,86,144.37,35,0,False
CB-1143,2025-12-01,,51,144.37,35,0,False
CB-1143,2025-12-08,48.0,3,144.37,35,0,False
CB-1143,2025-12-15,48.0,102,144.37,35,0,False
CB-1143,2025-12-22,32.0,70,144.37,35,0,False
CB-1144,2024-01-01,30.0,95,108.93,35,0,False
CB-1144,2024-01-08,34.0,61,108.93,35,0,False
CB-1144,2024-01-15,33.0,28,108.93,35,0,False
CB-1144,2024-01-22,46.0,0,108.93,35,1,False
CB-1144,2024-01-29,25.0,0,108.93,35,1,False
CB-1144,2024-02-05,41.0,84,108.93,35,0,False
CB-1144,2024-02-12,35.0,49,108.93,35,0,False
CB-1144,2024-02-19,45.0,130,108.93,35,0,False
CB-1144,2024-02-26,31.0,99,108.93,35,0,False
CB-1144,2024-03-04,30.0,69,108.93,35,0,False
CB-1144,2024-03-11,44.0,25,108.93,35,0,False
CB-1144,2024-03-18,40.0,0,108.93,35,1,False
CB-1144,2024-03-25,25.0,100,108.93,35,0,False
CB-1144,2024-04-01,52.0,48,108.93,35,0,False
CB-1144,2024-04-08,45.0,3,108.93,35,0,False
CB-1144,2024-04-15,35.0,94,108.93,35,0,False
CB-1144,2024-04-22,30.0,64,108.93,35,0,False
CB-1144,2024-04-29,40.0,24,108.93,35,0,False
CB-1144,2024-05-06,43.0,0,108.93,35,1,False
CB-1144,2024-05-13,15.0,110,108.93,35,0,False
CB-1144,2024-05-20,38.0,72,108.93,35,0,False
CB-1144,2024-05-27,41.0,31,108.93,35,0,False
CB-1144,2024-06-03,6.0,151,108.93,35,0,False
CB-1144,2024-06-10,34.0,117,108.93,35,0,False
CB-1144,2024-06-17,39.0,78,108.93,35,0,False
CB-1144,2024-06-24,36.0,42,108.93,35,0,False
CB-1144,2024-07-01,38.0,129,108.93,35,0,False
CB-1144,2024-07-08,25.0,104,108.93,35,0,False
CB-1144,2024-07-15,18.0,86,108.93,35,0,False
CB-1144,2024-07-22,10.0,76,108.93,35,0,False
CB-1144,2024-07-29,36.0,40,108.93,35,0,False
CB-1144,2024-08-05,32.0,134,108.93,35,0,False
CB-1144,2024-08-12,35.0,99,108.93,35,0,False
CB-1144,2024-08-19,18.0,81,108.93,35,0,False
CB-1144,2024-08-26,30.0,51,108.93,35,0,False
CB-1144,2024-09-02,11.0,165,108.93,35,0,False
CB-1144,2024-09-09,16.0,149,108.93,35,0,False
CB-1144,2024-09-16,24.0,125,108.93,35,0,False
CB-1144,2024-09-23,28.0,97,108.93,35,0,False
CB-1144,2024-09-30,36.0,61,108.93,35,0,False
CB-1144,2024-10-07,21.0,166,108.93,35,0,False
CB-1144,2024-10-14,16.0,150,108.93,35,0,False
CB-1144,2024-10-21,16.0,134,108.93,35,0,False
CB-1144,2024-10-28,18.0,116,108.93,35,0,False
CB-1144,2024-11-04,43.0,73,108.93,35,0,False
CB-1144,2024-11-11,32.0,166,108.93,35,0,False
CB-1144,2024-11-18,36.0,130,108.93,35,0,False
CB-1144,2024-11-25,24.0,106,108.93,35,0,False
CB-1144,2024-12-02,27.0,79,108.93,35,0,False
CB-1144,2024-12-09,35.0,44,108.93,35,0,False
CB-1144,2024-12-16,24.0,146,108.93,35,0,False
CB-1144,2024-12-23,27.0,119,108.93,35,0,False
CB-1144,2024-12-30,24.0,95,108.93,35,0,False
CB-1144,2025-01-06,27.0,68,108.93,35,0,False
CB-1144,2025-01-13,34.0,34,108.93,35,0,False
CB-1144,2025-01-20,24.0,135,108.93,35,0,False
CB-1144,2025-01-27,39.0,96,108.93,35,0,False
CB-1144,2025-02-03,40.0,56,108.93,35,0,False
CB-1144,2025-02-10,35.0,21,108.93,35,0,False
CB-1144,2025-02-17,27.0,120,108.93,35,0,False
CB-1144,2025-02-24,40.0,80,108.93,35,0,False
CB-1144,2025-03-03,32.0,48,108.93,35,0,False
CB-1144,2025-03-10,40.0,8,108.93,35,0,False
CB-1144,2025-03-17,55.0,78,108.93,35,0,False
CB-1144,2025-03-24,22.0,56,108.93,35,0,False
CB-1144,2025-03-31,71.0,0,108.93,35,1,False
CB-1144,2025-04-07,39.0,0,108.93,35,1,False
CB-1144,2025-04-14,46.0,79,108.93,35,0,False
CB-1144,2025-04-21,29.0,50,108.93,35,0,False
CB-1144,2025-04-28,55.0,0,108.93,35,1,False
CB-1144,2025-05-05,37.0,88,108.93,35,0,False
CB-1144,2025-05-12,33.0,55,108.93,35,0,False
CB-1144,2025-05-19,30.0,25,108.93,35,0,False
CB-1144,2025-05-26,34.0,0,108.93,35,1,False
CB-1144,2025-06-02,42.0,83,108.93,35,0,False
CB-1144,2025-06-09,38.0,45,108.93,35,0,False
CB-1144,2025-06-16,34.0,11,108.93,35,0,False
CB-1144,2025-06-23,25.0,112,108.93,35,0,False
CB-1144,2025-06-30,24.0,88,108.93,35,0,False
CB-1144,2025-07-07,27.0,61,108.93,35,0,False
CB-1144,2025-07-14,36.0,25,108.93,35,0,False
CB-1144,2025-07-21,37.0,113,108.93,35,0,False
CB-1144,2025-07-28,38.0,75,108.93,35,0,False
CB-1144,2025-08-04,29.0,46,108.93,35,0,False
CB-1144,2025-08-11,32.0,14,108.93,35,0,False
CB-1144,2025-08-18,26.0,114,108.93,35,0,False
CB-1144,2025-08-25,10.0,104,108.93,35,0,False
CB-1144,2025-09-01,24.0,80,108.93,35,0,False
CB-1144,2025-09-08,22.0,58,108.93,35,0,False
CB-1144,2025-09-15,16.0,167,108.93,35,0,False
CB-1144,2025-09-22,20.0,147,108.93,35,0,False
CB-1144,2025-09-29,27.0,120,108.93,35,0,False
CB-1144,2025-10-06,15.0,105,108.93,35,0,False
CB-1144,2025-10-13,19.0,86,108.93,35,0,False
CB-1144,2025-10-20,40.0,46,108.93,35,0,False
CB-1144,2025-10-27,12.0,160,108.93,35,0,False
CB-1144,2025-11-03,25.0,135,108.93,35,0,False
CB-1144,2025-11-10,17.0,118,108.93,35,0,False
CB-1144,2025-11-17,21.0,97,108.93,35,0,False
CB-1144,2025-11-24,28.0,69,108.93,35,0,False
CB-1144,2025-12-01,20.0,174,108.93,35,0,False
CB-1144,2025-12-08,38.0,136,108.93,35,0,False
CB-1144,2025-12-15,48.0,88,108.93,35,0,False
CB-1144,2025-12-22,44.0,44,108.93,35,0,False
CB-1145,2024-01-01,0.0,21,23.29,42,0,False
CB-1145,2024-01-08,22.0,0,23.29,42,1,False
CB-1145,2024-01-15,0.0,0,23.29,42,0,False
CB-1145,2024-01-22,0.0,0,23.29,42,0,False
CB-1145,2024-01-29,39.0,0,23.29,42,1,False
CB-1145,2024-02-05,0.0,0,23.29,42,0,False
CB-1145,2024-02-12,0.0,20,23.29,42,0,False
CB-1145,2024-02-19,0.0,41,23.29,42,0,False
CB-1145,2024-02-26,0.0,61,23.29,42,0,False
CB-1145,2024-03-04,0.0,61,23.29,42,0,False
CB-1145,2024-03-11,48.0,13,23.29,42,0,False
CB-1145,2024-03-18,23.0,0,23.29,42,1,False
CB-1145,2024-03-25,0.0,0,23.29,42,0,False
CB-1145,2024-04-01,0.0,0,23.29,42,0,False
CB-1145,2024-04-08,47.0,0,23.29,42,1,False
CB-1145,2024-04-15,0.0,0,23.29,42,0,False
CB-1145,2024-04-22,0.0,20,23.29,42,0,False
CB-1145,2024-04-29,0.0,41,23.29,42,0,False
CB-1145,2024-05-06,0.0,61,23.29,42,0,False
CB-1145,2024-05-13,6.0,55,23.29,42,0,False
CB-1145,2024-05-20,0.0,55,23.29,42,0,False
CB-1145,2024-05-27,0.0,55,23.29,42,0,False
CB-1145,2024-06-03,0.0,55,23.29,42,0,False
CB-1145,2024-06-10,0.0,55,23.29,42,0,False
CB-1145,2024-06-17,0.0,55,23.29,42,0,False
CB-1145,2024-06-24,0.0,55,23.29,42,0,False
CB-1145,2024-07-01,0.0,55,23.29,42,0,False
CB-1145,2024-07-08,0.0,55,23.29,42,0,False
CB-1145,2024-07-15,0.0,55,23.29,42,0,False
CB-1145,2024-07-22,0.0,55,23.29,42,0,False
CB-1145,2024-07-29,0.0,55,23.29,42,0,False
CB-1145,2024-08-05,0.0,55,23.29,42,0,False
CB-1145,2024-08-12,0.0,55,23.29,42,0,False
CB-1145,2024-08-19,0.0,55,23.29,42,0,False
CB-1145,2024-08-26,0.0,55,23.29,42,0,False
CB-1145,2024-09-02,5.0,50,23.29,42,0,False
CB-1145,2024-09-09,14.0,36,23.29,42,0,False
CB-1145,2024-09-16,0.0,36,23.29,42,0,False
CB-1145,2024-09-23,0.0,36,23.29,42,0,False
CB-1145,2024-09-30,0.0,36,23.29,42,0,False
CB-1145,2024-10-07,0.0,36,23.29,42,0,False
CB-1145,2024-10-14,0.0,36,23.29,42,0,False
CB-1145,2024-10-21,0.0,57,23.29,42,0,False
CB-1145,2024-10-28,0.0,57,23.29,42,0,False
CB-1145,2024-11-04,13.0,44,23.29,42,0,False
CB-1145,2024-11-11,0.0,44,23.29,42,0,False
CB-1145,2024-11-18,24.0,20,23.29,42,0,False
CB-1145,2024-11-25,0.0,20,23.29,42,0,False
CB-1145,2024-12-02,0.0,20,23.29,42,0,False
CB-1145,2024-12-09,0.0,20,23.29,42,0,False
CB-1145,2024-12-16,0.0,20,23.29,42,0,False
CB-1145,2024-12-23,0.0,20,23.29,42,0,False
CB-1145,2024-12-30,0.0,40,23.29,42,0,False
CB-1145,2025-01-06,52.0,8,23.29,42,0,False
CB-1145,2025-01-13,0.0,8,23.29,42,0,False
CB-1145,2025-01-20,0.0,8,23.29,42,0,False
CB-1145,2025-01-27,0.0,8,23.29,42,0,False
CB-1145,2025-02-03,0.0,8,23.29,42,0,False
CB-1145,2025-02-10,0.0,8,23.29,42,0,False
CB-1145,2025-02-17,0.0,29,23.29,42,0,False
CB-1145,2025-02-24,0.0,49,23.29,42,0,False
CB-1145,2025-03-03,0.0,49,23.29,42,0,False
CB-1145,2025-03-10,0.0,49,23.29,42,0,False
CB-1145,2025-03-17,0.0,49,23.29,42,0,False
CB-1145,2025-03-24,0.0,49,23.29,42,0,False
CB-1145,2025-03-31,0.0,49,23.29,42,0,False
CB-1145,2025-04-07,0.0,49,23.29,42,0,False
CB-1145,2025-04-14,0.0,49,23.29,42,0,False
CB-1145,2025-04-21,14.0,35,23.29,42,0,False
CB-1145,2025-04-28,0.0,35,23.29,42,0,False
CB-1145,2025-05-05,0.0,35,23.29,42,0,False
CB-1145,2025-05-12,0.0,35,23.29,42,0,False
CB-1145,2025-05-19,0.0,35,23.29,42,0,False
CB-1145,2025-05-26,0.0,35,23.29,42,0,False
CB-1145,2025-06-02,0.0,55,23.29,42,0,False
CB-1145,2025-06-09,0.0,55,23.29,42,0,False
CB-1145,2025-06-16,0.0,55,23.29,42,0,False
CB-1145,2025-06-23,0.0,55,23.29,42,0,False
CB-1145,2025-06-30,0.0,55,23.29,42,0,False
CB-1145,2025-07-07,0.0,55,23.29,42,0,False
CB-1145,2025-07-14,35.0,20,23.29,42,0,False
CB-1145,2025-07-21,0.0,20,23.29,42,0,False
CB-1145,2025-07-28,0.0,20,23.29,42,0,False
CB-1145,2025-08-04,0.0,20,23.29,42,0,False
CB-1145,2025-08-11,59.0,0,23.29,42,1,False
CB-1145,2025-08-18,7.0,0,23.29,42,1,False
CB-1145,2025-08-25,0.0,20,23.29,42,0,False
CB-1145,2025-09-01,0.0,41,23.29,42,0,False
CB-1145,2025-09-08,0.0,41,23.29,42,0,False
CB-1145,2025-09-15,0.0,41,23.29,42,0,False
CB-1145,2025-09-22,0.0,61,23.29,42,0,False
CB-1145,2025-09-29,8.0,53,23.29,42,0,False
CB-1145,2025-10-06,0.0,53,23.29,42,0,False
CB-1145,2025-10-13,0.0,53,23.29,42,0,False
CB-1145,2025-10-20,31.0,22,23.29,42,0,False
CB-1145,2025-10-27,0.0,22,23.29,42,0,False
CB-1145,2025-11-03,0.0,22,23.29,42,0,False
CB-1145,2025-11-10,0.0,22,23.29,42,0,False
CB-1145,2025-11-17,0.0,22,23.29,42,0,False
CB-1145,2025-11-24,0.0,22,23.29,42,0,False
CB-1145,2025-12-01,0.0,43,23.29,42,0,False
CB-1145,2025-12-08,0.0,43,23.29,42,0,False
CB-1145,2025-12-15,57.0,0,23.29,42,1,False
CB-1145,2025-12-22,0.0,0,23.29,42,0,False
CB-1146,2024-01-01,91.0,271,119.27,7,0,False
CB-1146,2024-01-08,88.0,183,119.27,7,0,False
CB-1146,2024-01-15,93.0,90,119.27,7,0,False
CB-1146,2024-01-22,107.0,366,119.27,7,0,False
CB-1146,2024-01-29,95.0,271,119.27,7,0,False
CB-1146,2024-02-05,91.0,180,119.27,7,0,False
CB-1146,2024-02-12,106.0,74,119.27,7,0,False
CB-1146,2024-02-19,94.0,362,119.27,7,0,False
CB-1146,2024-02-26,103.0,259,119.27,7,0,False
CB-1146,2024-03-04,101.0,158,119.27,7,0,False
CB-1146,2024-03-11,102.0,56,119.27,7,0,False
CB-1146,2024-03-18,107.0,332,119.27,7,0,False
CB-1146,2024-03-25,117.0,215,119.27,7,0,False
CB-1146,2024-04-01,120.0,95,119.27,7,0,False
CB-1146,2024-04-08,118.0,359,119.27,7,0,False
CB-1146,2024-04-15,113.0,246,119.27,7,0,False
CB-1146,2024-04-22,107.0,139,119.27,7,0,False
CB-1146,2024-04-29,88.0,51,119.27,7,0,False
CB-1146,2024-05-06,111.0,323,119.27,7,0,False
CB-1146,2024-05-13,87.0,236,119.27,7,0,False
CB-1146,2024-05-20,88.0,148,119.27,7,0,False
CB-1146,2024-05-27,101.0,47,119.27,7,0,False
CB-1146,2024-06-03,103.0,327,119.27,7,0,False
CB-1146,2024-06-10,95.0,232,119.27,7,0,False
CB-1146,2024-06-17,108.0,124,119.27,7,0,False
CB-1146,2024-06-24,97.0,27,119.27,7,0,False
CB-1146,2024-07-01,89.0,320,119.27,7,0,False
CB-1146,2024-07-08,98.0,222,119.27,7,0,False
CB-1146,2024-07-15,97.0,125,119.27,7,0,False
CB-1146,2024-07-22,87.0,38,119.27,7,0,False
CB-1146,2024-07-29,76.0,345,119.27,7,0,False
CB-1146,2024-08-05,75.0,270,119.27,7,0,False
CB-1146,2024-08-12,68.0,202,119.27,7,0,False
CB-1146,2024-08-19,75.0,127,119.27,7,0,False
CB-1146,2024-08-26,67.0,60,119.27,7,0,False
CB-1146,2024-09-02,70.0,372,119.27,7,0,False
CB-1146,2024-09-09,73.0,299,119.27,7,0,False
CB-1146,2024-09-16,59.0,240,119.27,7,0,False
CB-1146,2024-09-23,63.0,177,119.27,7,0,False
CB-1146,2024-09-30,67.0,110,119.27,7,0,False
CB-1146,2024-10-07,70.0,423,119.27,7,0,False
CB-1146,2024-10-14,68.0,355,119.27,7,0,False
CB-1146,2024-10-21,71.0,284,119.27,7,0,False
CB-1146,2024-10-28,69.0,215,119.27,7,0,False
CB-1146,2024-11-04,66.0,149,119.27,7,0,False
CB-1146,2024-11-11,74.0,75,119.27,7,0,False
CB-1146,2024-11-18,78.0,379,119.27,7,0,False
CB-1146,2024-11-25,80.0,299,119.27,7,0,False
CB-1146,2024-12-02,85.0,214,119.27,7,0,False
CB-1146,2024-12-09,90.0,124,119.27,7,0,False
CB-1146,2024-12-16,95.0,29,119.27,7,0,False
CB-1146,2024-12-23,89.0,323,119.27,7,0,False
CB-1146,2024-12-30,84.0,239,119.27,7,0,False
CB-1146,2025-01-06,110.0,129,119.27,7,0,False
CB-1146,2025-01-13,106.0,23,119.27,7,0,False
CB-1146,2025-01-20,98.0,308,119.27,7,0,False
CB-1146,2025-01-27,111.0,197,119.27,7,0,False
CB-1146,2025-02-03,121.0,76,119.27,7,0,False
CB-1146,2025-02-10,130.0,328,119.27,7,0,False
CB-1146,2025-02-17,118.0,210,119.27,7,0,False
CB-1146,2025-02-24,128.0,82,119.27,7,0,False
CB-1146,2025-03-03,108.0,357,119.27,7,0,False
CB-1146,2025-03-10,121.0,236,119.27,7,0,False
CB-1146,2025-03-17,119.0,117,119.27,7,0,False
CB-1146,2025-03-24,127.0,0,119.27,7,1,False
CB-1146,2025-03-31,140.0,243,119.27,7,0,False
CB-1146,2025-04-07,126.0,117,119.27,7,0,False
CB-1146,2025-04-14,114.0,3,119.27,7,0,False
CB-1146,2025-04-21,111.0,274,119.27,7,0,False
CB-1146,2025-04-28,138.0,136,119.27,7,0,False
CB-1146,2025-05-05,126.0,10,119.27,7,0,False
CB-1146,2025-05-12,123.0,270,119.27,7,0,False
CB-1146,2025-05-19,114.0,156,119.27,7,0,False
CB-1146,2025-05-26,118.0,38,119.27,7,0,False
CB-1146,2025-06-02,104.0,316,119.27,7,0,False
CB-1146,2025-06-09,114.0,202,119.27,7,0,False
CB-1146,2025-06-16,97.0,105,119.27,7,0,False
CB-1146,2025-06-23,102.0,386,119.27,7,0,False
CB-1146,2025-06-30,97.0,289,119.27,7,0,False
CB-1146,2025-07-07,73.0,216,119.27,7,0,False
CB-1146,2025-07-14,94.0,122,119.27,7,0,False
CB-1146,2025-07-21,87.0,35,119.27,7,0,False
CB-1146,2025-07-28,89.0,328,119.27,7,0,False
CB-1146,2025-08-04,88.0,240,119.27,7,0,False
CB-1146,2025-08-11,98.0,142,119.27,7,0,False
CB-1146,2025-08-18,86.0,56,119.27,7,0,False
CB-1146,2025-08-25,84.0,355,119.27,7,0,False
CB-1146,2025-09-01,84.0,271,119.27,7,0,False
CB-1146,2025-09-08,85.0,186,119.27,7,0,False
CB-1146,2025-09-15,82.0,104,119.27,7,0,False
CB-1146,2025-09-22,80.0,407,119.27,7,0,False
CB-1146,2025-09-29,83.0,324,119.27,7,0,False
CB-1146,2025-10-06,64.0,260,119.27,7,0,False
CB-1146,2025-10-13,93.0,167,119.27,7,0,False
CB-1146,2025-10-20,91.0,76,119.27,7,0,False
CB-1146,2025-10-27,84.0,374,119.27,7,0,False
CB-1146,2025-11-03,74.0,300,119.27,7,0,False
CB-1146,2025-11-10,94.0,206,119.27,7,0,False
CB-1146,2025-11-17,84.0,122,119.27,7,0,False
CB-1146,2025-11-24,95.0,27,119.27,7,0,False
CB-1146,2025-12-01,85.0,325,119.27,7,0,False
CB-1146,2025-12-08,115.0,210,119.27,7,0,False
CB-1146,2025-12-15,89.0,121,119.27,7,0,False
CB-1146,2025-12-22,105.0,16,119.27,7,0,False
CB-1147,2024-01-01,39.0,128,121.64,42,0,False
CB-1147,2024-01-08,45.0,83,121.64,42,0,False
CB-1147,2024-01-15,41.0,42,121.64,42,0,False
CB-1147,2024-01-22,48.0,0,121.64,42,1,False
CB-1147,2024-01-29,42.0,0,121.64,42,1,False
CB-1147,2024-02-05,45.0,0,121.64,42,1,False
CB-1147,2024-02-12,47.0,137,121.64,42,0,False
CB-1147,2024-02-19,51.0,270,121.64,42,0,False
CB-1147,2024-02-26,51.0,219,121.64,42,0,False
CB-1147,2024-03-04,53.0,166,121.64,42,0,False
CB-1147,2024-03-11,52.0,114,121.64,42,0,False
CB-1147,2024-03-18,54.0,60,121.64,42,0,False
CB-1147,2024-03-25,48.0,12,121.64,42,0,False
CB-1147,2024-04-01,54.0,142,121.64,42,0,False
CB-1147,2024-04-08,59.0,83,121.64,42,0,False
CB-1147,2024-04-15,45.0,38,121.64,42,0,False
CB-1147,2024-04-22,54.0,0,121.64,42,1,False
CB-1147,2024-04-29,54.0,130,121.64,42,0,False
CB-1147,2024-05-06,57.0,73,121.64,42,0,False
CB-1147,2024-05-13,53.0,20,121.64,42,0,False
CB-1147,2024-05-20,50.0,154,121.64,42,0,False
CB-1147,2024-05-27,50.0,104,121.64,42,0,False
CB-1147,2024-06-03,45.0,59,121.64,42,0,False
CB-1147,2024-06-10,45.0,14,121.64,42,0,False
CB-1147,2024-06-17,40.0,158,121.64,42,0,False
CB-1147,2024-06-24,49.0,109,121.64,42,0,False
CB-1147,2024-07-01,44.0,65,121.64,42,0,False
CB-1147,2024-07-08,39.0,26,121.64,42,0,False
CB-1147,2024-07-15,41.0,169,121.64,42,0,False
CB-1147,2024-07-22,43.0,126,121.64,42,0,False
CB-1147,2024-07-29,41.0,85,121.64,42,0,False
CB-1147,2024-08-05,34.0,51,121.64,42,0,False
CB-1147,2024-08-12,27.0,208,121.64,42,0,False
CB-1147,2024-08-19,37.0,171,121.64,42,0,False
CB-1147,2024-08-26,32.0,139,121.64,42,0,False
CB-1147,2024-09-02,36.0,103,121.64,42,0,False
CB-1147,2024-09-09,36.0,251,121.64,42,0,False
CB-1147,2024-09-16,36.0,215,121.64,42,0,False
CB-1147,2024-09-23,38.0,177,121.64,42,0,False
CB-1147,2024-09-30,36.0,141,121.64,42,0,False
CB-1147,2024-10-07,38.0,103,121.64,42,0,False
CB-1147,2024-10-14,37.0,66,121.64,42,0,False
CB-1147,2024-10-21,38.0,212,121.64,42,0,False
CB-1147,2024-10-28,35.0,177,121.64,42,0,False
CB-1147,2024-11-04,32.0,145,121.64,42,0,False
CB-1147,2024-11-11,44.0,101,121.64,42,0,False
CB-1147,2024-11-18,38.0,63,121.64,42,0,False
CB-1147,2024-11-25,42.0,205,121.64,42,0,False
CB-1147,2024-12-02,38.0,167,121.64,42,0,False
CB-1147,2024-12-09,44.0,123,121.64,42,0,False
CB-1147,2024-12-16,34.0,89,121.64,42,0,False
CB-1147,2024-12-23,43.0,46,121.64,42,0,False
CB-1147,2024-12-30,45.0,185,121.64,42,0,False
CB-1147,2025-01-06,49.0,136,121.64,42,0,False
CB-1147,2025-01-13,53.0,83,121.64,42,0,False
CB-1147,2025-01-20,45.0,38,121.64,42,0,False
CB-1147,2025-01-27,54.0,168,121.64,42,0,False
CB-1147,2025-02-03,58.0,110,121.64,42,0,False
CB-1147,2025-02-10,64.0,46,121.64,42,0,False
CB-1147,2025-02-17,58.0,0,121.64,42,1,False
CB-1147,2025-02-24,54.0,130,121.64,42,0,False
CB-1147,2025-03-03,51.0,79,121.64,42,0,False
CB-1147,2025-03-10,66.0,13,121.64,42,0,False
CB-1147,2025-03-17,61.0,0,121.64,42,1,False
CB-1147,2025-03-24,58.0,126,121.64,42,0,False
CB-1147,2025-03-31,51.0,75,121.64,42,0,False
CB-1147,2025-04-07,54.0,21,121.64,42,0,False
CB-1147,2025-04-14,61.0,144,121.64,42,0,False
CB-1147,2025-04-21,60.0,84,121.64,42,0,False
CB-1147,2025-04-28,49.0,35,121.64,42,0,False
CB-1147,2025-05-05,60.0,0,121.64,42,1,False
CB-1147,2025-05-12,49.0,135,121.64,42,0,False
CB-1147,2025-05-19,61.0,74,121.64,42,0,False
CB-1147,2025-05-26,55.0,19,121.64,42,0,False
CB-1147,2025-06-02,51.0,152,121.64,42,0,False
CB-1147,2025-06-09,56.0,96,121.64,42,0,False
CB-1147,2025-06-16,52.0,44,121.64,42,0,False
CB-1147,2025-06-23,55.0,0,121.64,42,1,False
CB-1147,2025-06-30,48.0,136,121.64,42,0,False
CB-1147,2025-07-07,47.0,89,121.64,42,0,False
CB-1147,2025-07-14,44.0,45,121.64,42,0,False
CB-1147,2025-07-21,45.0,184,121.64,42,0,False
CB-1147,2025-07-28,49.0,135,121.64,42,0,False
CB-1147,2025-08-04,40.0,95,121.64,42,0,False
CB-1147,2025-08-11,43.0,52,121.64,42,0,False
CB-1147,2025-08-18,37.0,199,121.64,42,0,False
CB-1147,2025-08-25,32.0,167,121.64,42,0,False
CB-1147,2025-09-01,39.0,128,121.64,42,0,False
CB-1147,2025-09-08,39.0,89,121.64,42,0,False
CB-1147,2025-09-15,37.0,236,121.64,42,0,False
CB-1147,2025-09-22,33.0,203,121.64,42,0,False
CB-1147,2025-09-29,38.0,165,121.64,42,0,False
CB-1147,2025-10-06,38.0,127,121.64,42,0,False
CB-1147,2025-10-13,35.0,92,121.64,42,0,False
CB-1147,2025-10-20,34.0,242,121.64,42,0,False
CB-1147,2025-10-27,38.0,204,121.64,42,0,False
CB-1147,2025-11-03,42.0,162,121.64,42,0,False
CB-1147,2025-11-10,42.0,120,121.64,42,0,False
CB-1147,2025-11-17,39.0,81,121.64,42,0,False
CB-1147,2025-11-24,44.0,221,121.64,42,0,False
CB-1147,2025-12-01,48.0,173,121.64,42,0,False
CB-1147,2025-12-08,42.0,131,121.64,42,0,False
CB-1147,2025-12-15,48.0,83,121.64,42,0,False
CB-1147,2025-12-22,54.0,29,121.64,42,0,False
CB-1148,2024-01-01,53.0,105,161.96,35,0,False
CB-1148,2024-01-08,47.0,58,161.96,35,0,False
CB-1148,2024-01-15,48.0,10,161.96,35,0,False
CB-1148,2024-01-22,55.0,0,161.96,35,1,False
CB-1148,2024-01-29,52.0,0,161.96,35,1,False
CB-1148,2024-02-05,44.0,168,161.96,35,0,False
CB-1148,2024-02-12,55.0,325,161.96,35,0,False
CB-1148,2024-02-19,58.0,267,161.96,35,0,False
CB-1148,2024-02-26,61.0,206,161.96,35,0,False
CB-1148,2024-03-04,54.0,152,161.96,35,0,False
CB-1148,2024-03-11,58.0,94,161.96,35,0,False
CB-1148,2024-03-18,64.0,30,161.96,35,0,False
CB-1148,2024-03-25,60.0,182,161.96,35,0,False
CB-1148,2024-04-01,53.0,129,161.96,35,0,False
CB-1148,2024-04-08,66.0,63,161.96,35,0,False
CB-1148,2024-04-15,59.0,4,161.96,35,0,False
CB-1148,2024-04-22,65.0,151,161.96,35,0,False
CB-1148,2024-04-29,53.0,98,161.96,35,0,False
CB-1148,2024-05-06,58.0,40,161.96,35,0,False
CB-1148,2024-05-13,60.0,0,161.96,35,1,False
CB-1148,2024-05-20,57.0,155,161.96,35,0,False
CB-1148,2024-05-27,51.0,104,161.96,35,0,False
CB-1148,2024-06-03,44.0,60,161.96,35,0,False
CB-1148,2024-06-10,60.0,212,161.96,35,0,False
CB-1148,2024-06-17,53.0,159,161.96,35,0,False
CB-1148,2024-06-24,56.0,103,161.96,35,0,False
CB-1148,2024-07-01,53.0,50,161.96,35,0,False
CB-1148,2024-07-08,51.0,211,161.96,35,0,False
CB-1148,2024-07-15,46.0,165,161.96,35,0,False
CB-1148,2024-07-22,47.0,118,161.96,35,0,False
CB-1148,2024-07-29,49.0,69,161.96,35,0,False
CB-1148,2024-08-05,43.0,238,161.96,35,0,False
CB-1148,2024-08-12,48.0,190,161.96,35,0,False
CB-1148,2024-08-19,36.0,154,161.96,35,0,False
CB-1148,2024-08-26,35.0,119,161.96,35,0,False
CB-1148,2024-09-02,43.0,76,161.96,35,0,False
CB-1148,2024-09-09,36.0,253,161.96,35,0,False
CB-1148,2024-09-16,45.0,208,161.96,35,0,False
CB-1148,2024-09-23,42.0,166,161.96,35,0,False
CB-1148,2024-09-30,43.0,123,161.96,35,0,False
CB-1148,2024-10-07,41.0,82,161.96,35,0,False
CB-1148,2024-10-14,36.0,258,161.96,35,0,False
CB-1148,2024-10-21,34.0,224,161.96,35,0,False
CB-1148,2024-10-28,45.0,179,161.96,35,0,False
CB-1148,2024-11-04,36.0,143,161.96,35,0,False
CB-1148,2024-11-11,48.0,95,161.96,35,0,False
CB-1148,2024-11-18,46.0,261,161.96,35,0,False
CB-1148,2024-11-25,44.0,217,161.96,35,0,False
CB-1148,2024-12-02,48.0,169,161.96,35,0,False
CB-1148,2024-12-09,49.0,120,161.96,35,0,False
CB-1148,2024-12-16,49.0,71,161.96,35,0,False
CB-1148,2024-12-23,57.0,226,161.96,35,0,False
CB-1148,2024-12-30,59.0,167,161.96,35,0,False
CB-1148,2025-01-06,55.0,112,161.96,35,0,False
CB-1148,2025-01-13,53.0,59,161.96,35,0,False
CB-1148,2025-01-20,64.0,0,161.96,35,1,False
CB-1148,2025-01-27,50.0,162,161.96,35,0,False
CB-1148,2025-02-03,63.0,99,161.96,35,0,False
CB-1148,2025-02-10,66.0,33,161.96,35,0,False
CB-1148,2025-02-17,59.0,186,161.96,35,0,False
CB-1148,2025-02-24,70.0,116,161.96,35,0,False
CB-1148,2025-03-03,65.0,51,161.96,35,0,False
CB-1148,2025-03-10,64.0,0,161.96,35,1,False
CB-1148,2025-03-17,72.0,140,161.96,35,0,False
CB-1148,2025-03-24,62.0,78,161.96,35,0,False
CB-1148,2025-03-31,72.0,6,161.96,35,0,False
CB-1148,2025-04-07,57.0,161,161.96,35,0,False
CB-1148,2025-04-14,69.0,92,161.96,35,0,False
CB-1148,2025-04-21,68.0,24,161.96,35,0,False
CB-1148,2025-04-28,64.0,0,161.96,35,1,False
CB-1148,2025-05-05,68.0,144,161.96,35,0,False
CB-1148,2025-05-12,65.0,79,161.96,35,0,False
CB-1148,2025-05-19,70.0,9,161.96,35,0,False
CB-1148,2025-05-26,66.0,155,161.96,35,0,False
CB-1148,2025-06-02,64.0,91,161.96,35,0,False
CB-1148,2025-06-09,62.0,29,161.96,35,0,False
CB-1148,2025-06-16,57.0,0,161.96,35,1,False
CB-1148,2025-06-23,56.0,156,161.96,35,0,False
CB-1148,2025-06-30,57.0,99,161.96,35,0,False
CB-1148,2025-07-07,53.0,46,161.96,35,0,False
CB-1148,2025-07-14,57.0,201,161.96,35,0,False
CB-1148,2025-07-21,51.0,150,161.96,35,0,False
CB-1148,2025-07-28,51.0,99,161.96,35,0,False
CB-1148,2025-08-04,43.0,56,161.96,35,0,False
CB-1148,2025-08-11,51.0,217,161.96,35,0,False
CB-1148,2025-08-18,44.0,173,161.96,35,0,False
CB-1148,2025-08-25,41.0,132,161.96,35,0,False
CB-1148,2025-09-01,50.0,82,161.96,35,0,False
CB-1148,2025-09-08,46.0,248,161.96,35,0,False
CB-1148,2025-09-15,47.0,201,161.96,35,0,False
CB-1148,2025-09-22,44.0,157,161.96,35,0,False
CB-1148,2025-09-29,43.0,114,161.96,35,0,False
CB-1148,2025-10-06,42.0,72,161.96,35,0,False
CB-1148,2025-10-13,46.0,239,161.96,35,0,False
CB-1148,2025-10-20,48.0,191,161.96,35,0,False
CB-1148,2025-10-27,45.0,146,161.96,35,0,False
CB-1148,2025-11-03,54.0,92,161.96,35,0,False
CB-1148,2025-11-10,46.0,46,161.96,35,0,False
CB-1148,2025-11-17,43.0,215,161.96,35,0,False
CB-1148,2025-11-24,43.0,172,161.96,35,0,False
CB-1148,2025-12-01,45.0,127,161.96,35,0,False
CB-1148,2025-12-08,51.0,76,161.96,35,0,False
CB-1148,2025-12-15,54.0,234,161.96,35,0,False
CB-1148,2025-12-22,60.0,174,161.96,35,0,False
CB-1149,2024-01-01,26.0,11,67.14,28,0,False
CB-1149,2024-01-08,0.0,11,67.14,28,0,False
CB-1149,2024-01-15,0.0,11,67.14,28,0,False
CB-1149,2024-01-22,0.0,11,67.14,28,0,False
CB-1149,2024-01-29,51.0,0,67.14,28,1,False
CB-1149,2024-02-05,0.0,33,67.14,28,0,False
CB-1149,2024-02-12,0.0,33,67.14,28,0,False
CB-1149,2024-02-19,0.0,33,67.14,28,0,False
CB-1149,2024-02-26,36.0,29,67.14,28,0,False
CB-1149,2024-03-04,0.0,29,67.14,28,0,False
CB-1149,2024-03-11,0.0,29,67.14,28,0,False
CB-1149,2024-03-18,0.0,29,67.14,28,0,False
CB-1149,2024-03-25,20.0,42,67.14,28,0,False
CB-1149,2024-04-01,0.0,42,67.14,28,0,False
CB-1149,2024-04-08,0.0,42,67.14,28,0,False
CB-1149,2024-04-15,5.0,37,67.14,28,0,False
CB-1149,2024-04-22,0.0,69,67.14,28,0,False
CB-1149,2024-04-29,0.0,69,67.14,28,0,False
CB-1149,2024-05-06,0.0,69,67.14,28,0,False
CB-1149,2024-05-13,39.0,30,67.14,28,0,False
CB-1149,2024-05-20,0.0,30,67.14,28,0,False
CB-1149,2024-05-27,0.0,30,67.14,28,0,False
CB-1149,2024-06-03,0.0,30,67.14,28,0,False
CB-1149,2024-06-10,0.0,63,67.14,28,0,False
CB-1149,2024-06-17,0.0,63,67.14,28,0,False
CB-1149,2024-06-24,0.0,63,67.14,28,0,False
CB-1149,2024-07-01,16.0,47,67.14,28,0,False
CB-1149,2024-07-08,47.0,0,67.14,28,1,False
CB-1149,2024-07-15,55.0,0,67.14,28,1,False
CB-1149,2024-07-22,38.0,0,67.14,28,1,False
CB-1149,2024-07-29,0.0,33,67.14,28,0,False
CB-1149,2024-08-05,0.0,65,67.14,28,0,False
CB-1149,2024-08-12,0.0,65,67.14,28,0,False
CB-1149,2024-08-19,0.0,65,67.14,28,0,False
CB-1149,2024-08-26,0.0,65,67.14,28,0,False
CB-1149,2024-09-02,0.0,65,67.14,28,0,False
CB-1149,2024-09-09,0.0,65,67.14,28,0,False
CB-1149,2024-09-16,0.0,65,67.14,28,0,False
CB-1149,2024-09-23,0.0,65,67.14,28,0,False
CB-1149,2024-09-30,0.0,65,67.14,28,0,False
CB-1149,2024-10-07,0.0,65,67.14,28,0,False
CB-1149,2024-10-14,0.0,65,67.14,28,0,False
CB-1149,2024-10-21,0.0,65,67.14,28,0,False
CB-1149,2024-10-28,0.0,65,67.14,28,0,False
CB-1149,2024-11-04,0.0,65,67.14,28,0,False
CB-1149,2024-11-11,8.0,57,67.14,28,0,False
CB-1149,2024-11-18,0.0,57,67.14,28,0,False
CB-1149,2024-11-25,0.0,57,67.14,28,0,False
CB-1149,2024-12-02,0.0,57,67.14,28,0,False
CB-1149,2024-12-09,0.0,57,67.14,28,0,False
CB-1149,2024-12-16,0.0,57,67.14,28,0,False
CB-1149,2024-12-23,0.0,57,67.14,28,0,False
CB-1149,2024-12-30,0.0,57,67.14,28,0,False
CB-1149,2025-01-06,37.0,20,67.14,28,0,False
CB-1149,2025-01-13,0.0,20,67.14,28,0,False
CB-1149,2025-01-20,51.0,0,67.14,28,1,False
CB-1149,2025-01-27,0.0,0,67.14,28,0,False
CB-1149,2025-02-03,52.0,0,67.14,28,1,False
CB-1149,2025-02-10,0.0,0,67.14,28,0,False
CB-1149,2025-02-17,0.0,33,67.14,28,0,False
CB-1149,2025-02-24,0.0,33,67.14,28,0,False
CB-1149,2025-03-03,0.0,65,67.14,28,0,False
CB-1149,2025-03-10,0.0,65,67.14,28,0,False
CB-1149,2025-03-17,0.0,65,67.14,28,0,False
CB-1149,2025-03-24,0.0,65,67.14,28,0,False
CB-1149,2025-03-31,0.0,65,67.14,28,0,False
CB-1149,2025-04-07,0.0,65,67.14,28,0,False
CB-1149,2025-04-14,0.0,65,67.14,28,0,False
CB-1149,2025-04-21,0.0,65,67.14,28,0,False
CB-1149,2025-04-28,18.0,47,67.14,28,0,False
CB-1149,2025-05-05,0.0,47,67.14,28,0,False
CB-1149,2025-05-12,0.0,47,67.14,28,0,False
CB-1149,2025-05-19,48.0,0,67.14,28,1,False
CB-1149,2025-05-26,35.0,0,67.14,28,1,False
CB-1149,2025-06-02,0.0,0,67.14,28,0,False
CB-1149,2025-06-09,0.0,0,67.14,28,0,False
CB-1149,2025-06-16,0.0,33,67.14,28,0,False
CB-1149,2025-06-23,54.0,11,67.14,28,0,False
CB-1149,2025-06-30,0.0,11,67.14,28,0,False
CB-1149,2025-07-07,0.0,11,67.14,28,0,False
CB-1149,2025-07-14,37.0,0,67.14,28,1,False
CB-1149,2025-07-21,0.0,33,67.14,28,0,False
CB-1149,2025-07-28,0.0,65,67.14,28,0,False
CB-1149,2025-08-04,0.0,65,67.14,28,0,False
CB-1149,2025-08-11,0.0,65,67.14,28,0,False
CB-1149,2025-08-18,0.0,65,67.14,28,0,False
CB-1149,2025-08-25,0.0,65,67.14,28,0,False
CB-1149,2025-09-01,0.0,65,67.14,28,0,False
CB-1149,2025-09-08,0.0,65,67.14,28,0,False
CB-1149,2025-09-15,0.0,65,67.14,28,0,False
CB-1149,2025-09-22,53.0,12,67.14,28,0,False
CB-1149,2025-09-29,18.0,0,67.14,28,1,False
CB-1149,2025-10-06,0.0,0,67.14,28,0,False
CB-1149,2025-10-13,0.0,0,67.14,28,0,False
CB-1149,2025-10-20,0.0,33,67.14,28,0,False
CB-1149,2025-10-27,0.0,65,67.14,28,0,False
CB-1149,2025-11-03,0.0,65,67.14,28,0,False
CB-1149,2025-11-10,0.0,65,67.14,28,0,False
CB-1149,2025-11-17,0.0,65,67.14,28,0,False
CB-1149,2025-11-24,0.0,65,67.14,28,0,False
CB-1149,2025-12-01,0.0,65,67.14,28,0,False
CB-1149,2025-12-08,57.0,8,67.14,28,0,False
CB-1149,2025-12-15,20.0,0,67.14,28,1,False
CB-1149,2025-12-22,0.0,0,67.14,28,0,False
CB-1150,2024-01-01,85.0,134,30.48,14,0,False
CB-1150,2024-01-08,75.0,59,30.48,14,0,False
CB-1150,2024-01-15,94.0,357,30.48,14,0,False
CB-1150,2024-01-22,95.0,262,30.48,14,0,False
CB-1150,2024-01-29,94.0,168,30.48,14,0,False
CB-1150,2024-02-05,92.0,76,30.48,14,0,False
CB-1150,2024-02-12,102.0,365,30.48,14,0,False
CB-1150,2024-02-19,100.0,265,30.48,14,0,False
CB-1150,2024-02-26,105.0,160,30.48,14,0,False
CB-1150,2024-03-04,125.0,35,30.48,14,0,False
CB-1150,2024-03-11,111.0,316,30.48,14,0,False
CB-1150,2024-03-18,115.0,201,30.48,14,0,False
CB-1150,2024-03-25,107.0,94,30.48,14,0,False
CB-1150,2024-04-01,104.0,381,30.48,14,0,False
CB-1150,2024-04-08,111.0,270,30.48,14,0,False
CB-1150,2024-04-15,133.0,137,30.48,14,0,False
CB-1150,2024-04-22,108.0,29,30.48,14,0,False
CB-1150,2024-04-29,113.0,308,30.48,14,0,False
CB-1150,2024-05-06,101.0,207,30.48,14,0,False
CB-1150,2024-05-13,84.0,123,30.48,14,0,False
CB-1150,2024-05-20,99.0,415,30.48,14,0,False
CB-1150,2024-05-27,123.0,292,30.48,14,0,False
CB-1150,2024-06-03,106.0,186,30.48,14,0,False
CB-1150,2024-06-10,112.0,74,30.48,14,0,False
CB-1150,2024-06-17,94.0,372,30.48,14,0,False
CB-1150,2024-06-24,77.0,295,30.48,14,0,False
CB-1150,2024-07-01,84.0,211,30.48,14,0,False
CB-1150,2024-07-08,92.0,119,30.48,14,0,False
CB-1150,2024-07-15,88.0,422,30.48,14,0,False
CB-1150,2024-07-22,84.0,338,30.48,14,0,False
CB-1150,2024-07-29,78.0,260,30.48,14,0,False
CB-1150,2024-08-05,86.0,174,30.48,14,0,False
CB-1150,2024-08-12,75.0,99,30.48,14,0,False
CB-1150,2024-08-19,78.0,412,30.48,14,0,False
CB-1150,2024-08-26,75.0,337,30.48,14,0,False
CB-1150,2024-09-02,71.0,266,30.48,14,0,False
CB-1150,2024-09-09,67.0,199,30.48,14,0,False
CB-1150,2024-09-16,69.0,130,30.48,14,0,False
CB-1150,2024-09-23,82.0,440,30.48,14,0,False
CB-1150,2024-09-30,77.0,363,30.48,14,0,False
CB-1150,2024-10-07,77.0,286,30.48,14,0,False
CB-1150,2024-10-14,67.0,219,30.48,14,0,False
CB-1150,2024-10-21,65.0,154,30.48,14,0,False
CB-1150,2024-10-28,81.0,73,30.48,14,0,False
CB-1150,2024-11-04,82.0,382,30.48,14,0,False
CB-1150,2024-11-11,79.0,303,30.48,14,0,False
CB-1150,2024-11-18,78.0,225,30.48,14,0,False
CB-1150,2024-11-25,73.0,152,30.48,14,0,False
CB-1150,2024-12-02,91.0,61,30.48,14,0,False
CB-1150,2024-12-09,97.0,356,30.48,14,0,False
CB-1150,2024-12-16,86.0,270,30.48,14,0,False
CB-1150,2024-12-23,89.0,181,30.48,14,0,False
CB-1150,2024-12-30,107.0,74,30.48,14,0,False
CB-1150,2025-01-06,95.0,370,30.48,14,0,False
CB-1150,2025-01-13,119.0,251,30.48,14,0,False
CB-1150,2025-01-20,106.0,145,30.48,14,0,False
CB-1150,2025-01-27,106.0,39,30.48,14,0,False
CB-1150,2025-02-03,113.0,318,30.48,14,0,False
CB-1150,2025-02-10,112.0,206,30.48,14,0,False
CB-1150,2025-02-17,128.0,78,30.48,14,0,False
CB-1150,2025-02-24,128.0,341,30.48,14,0,False
CB-1150,2025-03-03,132.0,209,30.48,14,0,False
CB-1150,2025-03-10,125.0,84,30.48,14,0,False
CB-1150,2025-03-17,120.0,356,30.48,14,0,False
CB-1150,2025-03-24,125.0,231,30.48,14,0,False
CB-1150,2025-03-31,121.0,110,30.48,14,0,False
CB-1150,2025-04-07,140.0,0,30.48,14,1,False
CB-1150,2025-04-14,135.0,256,30.48,14,0,False
CB-1150,2025-04-21,124.0,132,30.48,14,0,False
CB-1150,2025-04-28,114.0,18,30.48,14,0,False
CB-1150,2025-05-05,137.0,273,30.48,14,0,False
CB-1150,2025-05-12,122.0,151,30.48,14,0,False
CB-1150,2025-05-19,117.0,34,30.48,14,0,False
CB-1150,2025-05-26,131.0,294,30.48,14,0,False
CB-1150,2025-06-02,109.0,185,30.48,14,0,False
CB-1150,2025-06-09,109.0,76,30.48,14,0,False
CB-1150,2025-06-16,107.0,361,30.48,14,0,False
CB-1150,2025-06-23,95.0,266,30.48,14,0,False
CB-1150,2025-06-30,106.0,160,30.48,14,0,False
CB-1150,2025-07-07,94.0,66,30.48,14,0,False
CB-1150,2025-07-14,93.0,364,30.48,14,0,False
CB-1150,2025-07-21,89.0,275,30.48,14,0,False
CB-1150,2025-07-28,88.0,187,30.48,14,0,False
CB-1150,2025-08-04,83.0,104,30.48,14,0,False
CB-1150,2025-08-11,89.0,407,30.48,14,0,False
CB-1150,2025-08-18,84.0,323,30.48,14,0,False
CB-1150,2025-08-25,84.0,239,30.48,14,0,False
CB-1150,2025-09-01,97.0,142,30.48,14,0,False
CB-1150,2025-09-08,80.0,62,30.48,14,0,False
CB-1150,2025-09-15,84.0,369,30.48,14,0,False
CB-1150,2025-09-22,84.0,285,30.48,14,0,False
CB-1150,2025-09-29,79.0,206,30.48,14,0,False
CB-1150,2025-10-06,82.0,124,30.48,14,0,False
CB-1150,2025-10-13,81.0,435,30.48,14,0,False
CB-1150,2025-10-20,83.0,352,30.48,14,0,False
CB-1150,2025-10-27,79.0,273,30.48,14,0,False
CB-1150,2025-11-03,82.0,191,30.48,14,0,False
CB-1150,2025-11-10,87.0,104,30.48,14,0,False
CB-1150,2025-11-17,75.0,420,30.48,14,0,False
CB-1150,2025-11-24,103.0,317,30.48,14,0,False
CB-1150,2025-12-01,112.0,205,30.48,14,0,False
CB-1150,2025-12-08,100.0,105,30.48,14,0,False
CB-1150,2025-12-15,107.0,390,30.48,14,0,False
CB-1150,2025-12-22,114.0,276,30.48,14,0,False
CB-1151,2024-01-01,84.0,311,80.23,7,0,False
CB-1151,2024-01-08,106.0,205,80.23,7,0,False
CB-1151,2024-01-15,91.0,114,80.23,7,0,False
CB-1151,2024-01-22,102.0,407,80.23,7,0,False
CB-1151,2024-01-29,97.0,310,80.23,7,0,False
CB-1151,2024-02-05,118.0,192,80.23,7,0,False
CB-1151,2024-02-12,99.0,93,80.23,7,0,False
CB-1151,2024-02-19,115.0,372,80.23,7,0,False
CB-1151,2024-02-26,112.0,260,80.23,7,0,False
CB-1151,2024-03-04,112.0,148,80.23,7,0,False
CB-1151,2024-03-11,112.0,36,80.23,7,0,False
CB-1151,2024-03-18,105.0,326,80.23,7,0,False
CB-1151,2024-03-25,89.0,237,80.23,7,0,False
CB-1151,2024-04-01,122.0,115,80.23,7,0,False
CB-1151,2024-04-08,108.0,401,80.23,7,0,False
CB-1151,2024-04-15,123.0,278,80.23,7,0,False
CB-1151,2024-04-22,115.0,163,80.23,7,0,False
CB-1151,2024-04-29,122.0,41,80.23,7,0,False
CB-1151,2024-05-06,117.0,318,80.23,7,0,False
CB-1151,2024-05-13,87.0,231,80.23,7,0,False
CB-1151,2024-05-20,112.0,119,80.23,7,0,False
CB-1151,2024-05-27,102.0,17,80.23,7,0,False
CB-1151,2024-06-03,112.0,300,80.23,7,0,False
CB-1151,2024-06-10,105.0,195,80.23,7,0,False
CB-1151,2024-06-17,103.0,92,80.23,7,0,False
CB-1151,2024-06-24,93.0,393,80.23,7,0,False
CB-1151,2024-07-01,86.0,307,80.23,7,0,False
CB-1151,2024-07-08,87.0,220,80.23,7,0,False
CB-1151,2024-07-15,75.0,145,80.23,7,0,False
CB-1151,2024-07-22,81.0,64,80.23,7,0,False
CB-1151,2024-07-29,73.0,385,80.23,7,0,False
CB-1151,2024-08-05,71.0,314,80.23,7,0,False
CB-1151,2024-08-12,79.0,235,80.23,7,0,False
CB-1151,2024-08-19,80.0,155,80.23,7,0,False
CB-1151,2024-08-26,75.0,80,80.23,7,0,False
CB-1151,2024-09-02,71.0,404,80.23,7,0,False
CB-1151,2024-09-09,67.0,337,80.23,7,0,False
CB-1151,2024-09-16,70.0,267,80.23,7,0,False
CB-1151,2024-09-23,67.0,200,80.23,7,0,False
CB-1151,2024-09-30,71.0,129,80.23,7,0,False
CB-1151,2024-10-07,63.0,66,80.23,7,0,False
CB-1151,2024-10-14,77.0,383,80.23,7,0,False
CB-1151,2024-10-21,70.0,313,80.23,7,0,False
CB-1151,2024-10-28,77.0,236,80.23,7,0,False
CB-1151,2024-11-04,82.0,154,80.23,7,0,False
CB-1151,2024-11-11,81.0,73,80.23,7,0,False
CB-1151,2024-11-18,86.0,382,80.23,7,0,False
CB-1151,2024-11-25,70.0,312,80.23,7,0,False
CB-1151,2024-12-02,83.0,229,80.23,7,0,False
CB-1151,2024-12-09,97.0,132,80.23,7,0,False
CB-1151,2024-12-16,96.0,36,80.23,7,0,False
CB-1151,2024-12-23,109.0,321,80.23,7,0,False
CB-1151,2024-12-30,112.0,209,80.23,7,0,False
CB-1151,2025-01-06,104.0,105,80.23,7,0,False
CB-1151,2025-01-13,103.0,396,80.23,7,0,False
CB-1151,2025-01-20,100.0,296,80.23,7,0,False
CB-1151,2025-01-27,107.0,189,80.23,7,0,False
CB-1151,2025-02-03,110.0,79,80.23,7,0,False
CB-1151,2025-02-10,111.0,363,80.23,7,0,False
CB-1151,2025-02-17,110.0,253,80.23,7,0,False
CB-1151,2025-02-24,125.0,128,80.23,7,0,False
CB-1151,2025-03-03,139.0,0,80.23,7,1,False
CB-1151,2025-03-10,133.0,261,80.23,7,0,False
CB-1151,2025-03-17,122.0,139,80.23,7,0,False
CB-1151,2025-03-24,136.0,3,80.23,7,0,False
CB-1151,2025-03-31,130.0,268,80.23,7,0,False
CB-1151,2025-04-07,126.0,142,80.23,7,0,False
CB-1151,2025-04-14,125.0,17,80.23,7,0,False
CB-1151,2025-04-21,124.0,287,80.23,7,0,False
CB-1151,2025-04-28,131.0,156,80.23,7,0,False
CB-1151,2025-05-05,125.0,31,80.23,7,0,False
CB-1151,2025-05-12,115.0,311,80.23,7,0,False
CB-1151,2025-05-19,112.0,199,80.23,7,0,False
CB-1151,2025-05-26,120.0,79,80.23,7,0,False
CB-1151,2025-06-02,119.0,354,80.23,7,0,False
CB-1151,2025-06-09,110.0,244,80.23,7,0,False
CB-1151,2025-06-16,100.0,144,80.23,7,0,False
CB-1151,2025-06-23,,26,80.23,7,0,False
CB-1151,2025-06-30,113.0,307,80.23,7,0,False
CB-1151,2025-07-07,85.0,222,80.23,7,0,False
CB-1151,2025-07-14,109.0,113,80.23,7,0,False
CB-1151,2025-07-21,94.0,414,80.23,7,0,False
CB-1151,2025-07-28,94.0,320,80.23,7,0,False
CB-1151,2025-08-04,98.0,222,80.23,7,0,False
CB-1151,2025-08-11,100.0,122,80.23,7,0,False
CB-1151,2025-08-18,93.0,29,80.23,7,0,False
CB-1151,2025-08-25,86.0,337,80.23,7,0,False
CB-1151,2025-09-01,73.0,264,80.23,7,0,False
CB-1151,2025-09-08,68.0,196,80.23,7,0,False
CB-1151,2025-09-15,86.0,110,80.23,7,0,False
CB-1151,2025-09-22,89.0,415,80.23,7,0,False
CB-1151,2025-09-29,75.0,340,80.23,7,0,False
CB-1151,2025-10-06,79.0,261,80.23,7,0,False
CB-1151,2025-10-13,78.0,183,80.23,7,0,False
CB-1151,2025-10-20,79.0,104,80.23,7,0,False
CB-1151,2025-10-27,91.0,408,80.23,7,0,False
CB-1151,2025-11-03,87.0,321,80.23,7,0,False
CB-1151,2025-11-10,86.0,235,80.23,7,0,False
CB-1151,2025-11-17,110.0,125,80.23,7,0,False
CB-1151,2025-11-24,82.0,43,80.23,7,0,False
CB-1151,2025-12-01,100.0,337,80.23,7,0,False
CB-1151,2025-12-08,91.0,246,80.23,7,0,False
CB-1151,2025-12-15,101.0,145,80.23,7,0,False
CB-1151,2025-12-22,107.0,38,80.23,7,0,False
CB-1152,2024-01-01,72.0,100,132.02,42,0,False
CB-1152,2024-01-08,74.0,26,132.02,42,0,False
CB-1152,2024-01-15,72.0,0,132.02,42,1,False
CB-1152,2024-01-22,85.0,0,132.02,42,1,False
CB-1152,2024-01-29,85.0,0,132.02,42,1,False
CB-1152,2024-02-05,88.0,0,132.02,42,1,False
CB-1152,2024-02-12,87.0,248,132.02,42,0,False
CB-1152,2024-02-19,88.0,494,132.02,42,0,False
CB-1152,2024-02-26,99.0,395,132.02,42,0,False
CB-1152,2024-03-04,100.0,295,132.02,42,0,False
CB-1152,2024-03-11,104.0,191,132.02,42,0,False
CB-1152,2024-03-18,97.0,94,132.02,42,0,False
CB-1152,2024-03-25,105.0,0,132.02,42,1,False
CB-1152,2024-04-01,92.0,242,132.02,42,0,False
CB-1152,2024-04-08,94.0,148,132.02,42,0,False
CB-1152,2024-04-15,104.0,44,132.02,42,0,False
CB-1152,2024-04-22,101.0,0,132.02,42,1,False
CB-1152,2024-04-29,92.0,242,132.02,42,0,False
CB-1152,2024-05-06,85.0,158,132.02,42,0,False
CB-1152,2024-05-13,90.0,68,132.02,42,0,False
CB-1152,2024-05-20,85.0,317,132.02,42,0,False
CB-1152,2024-05-27,101.0,216,132.02,42,0,False
CB-1152,2024-06-03,92.0,124,132.02,42,0,False
CB-1152,2024-06-10,80.0,44,132.02,42,0,False
CB-1152,2024-06-17,76.0,302,132.02,42,0,False
CB-1152,2024-06-24,76.0,226,132.02,42,0,False
CB-1152,2024-07-01,75.0,152,132.02,42,0,False
CB-1152,2024-07-08,75.0,76,132.02,42,0,False
CB-1152,2024-07-15,81.0,330,132.02,42,0,False
CB-1152,2024-07-22,66.0,264,132.02,42,0,False
CB-1152,2024-07-29,83.0,181,132.02,42,0,False
CB-1152,2024-08-05,63.0,118,132.02,42,0,False
CB-1152,2024-08-12,59.0,394,132.02,42,0,False
CB-1152,2024-08-19,74.0,320,132.02,42,0,False
CB-1152,2024-08-26,70.0,250,132.02,42,0,False
CB-1152,2024-09-02,62.0,188,132.02,42,0,False
CB-1152,2024-09-09,63.0,459,132.02,42,0,False
CB-1152,2024-09-16,63.0,396,132.02,42,0,False
CB-1152,2024-09-23,61.0,335,132.02,42,0,False
CB-1152,2024-09-30,54.0,281,132.02,42,0,False
CB-1152,2024-10-07,49.0,232,132.02,42,0,False
CB-1152,2024-10-14,57.0,175,132.02,42,0,False
CB-1152,2024-10-21,71.0,438,132.02,42,0,False
CB-1152,2024-10-28,73.0,366,132.02,42,0,False
CB-1152,2024-11-04,64.0,302,132.02,42,0,False
CB-1152,2024-11-11,62.0,240,132.02,42,0,False
CB-1152,2024-11-18,70.0,170,132.02,42,0,False
CB-1152,2024-11-25,73.0,431,132.02,42,0,False
CB-1152,2024-12-02,76.0,355,132.02,42,0,False
CB-1152,2024-12-09,60.0,295,132.02,42,0,False
CB-1152,2024-12-16,98.0,197,132.02,42,0,False
CB-1152,2024-12-23,88.0,109,132.02,42,0,False
CB-1152,2024-12-30,82.0,362,132.02,42,0,False
CB-1152,2025-01-06,81.0,280,132.02,42,0,False
CB-1152,2025-01-13,96.0,184,132.02,42,0,False
CB-1152,2025-01-20,95.0,90,132.02,42,0,False
CB-1152,2025-01-27,95.0,0,132.02,42,1,False
CB-1152,2025-02-03,100.0,234,132.02,42,0,False
CB-1152,2025-02-10,98.0,136,132.02,42,0,False
CB-1152,2025-02-17,104.0,32,132.02,42,0,False
CB-1152,2025-02-24,108.0,0,132.02,42,1,False
CB-1152,2025-03-03,107.0,228,132.02,42,0,False
CB-1152,2025-03-10,108.0,120,132.02,42,0,False
CB-1152,2025-03-17,118.0,2,132.02,42,0,False
CB-1152,2025-03-24,93.0,243,132.02,42,0,False
CB-1152,2025-03-31,100.0,143,132.02,42,0,False
CB-1152,2025-04-07,107.0,36,132.02,42,0,False
CB-1152,2025-04-14,101.0,0,132.02,42,1,False
CB-1152,2025-04-21,103.0,232,132.02,42,0,False
CB-1152,2025-04-28,116.0,116,132.02,42,0,False
CB-1152,2025-05-05,103.0,12,132.02,42,0,False
CB-1152,2025-05-12,88.0,259,132.02,42,0,False
CB-1152,2025-05-19,98.0,161,132.02,42,0,False
CB-1152,2025-05-26,100.0,61,132.02,42,0,False
CB-1152,2025-06-02,98.0,0,132.02,42,1,False
CB-1152,2025-06-09,100.0,234,132.02,42,0,False
CB-1152,2025-06-16,97.0,138,132.02,42,0,False
CB-1152,2025-06-23,90.0,48,132.02,42,0,False
CB-1152,2025-06-30,80.0,302,132.02,42,0,False
CB-1152,2025-07-07,83.0,219,132.02,42,0,False
CB-1152,2025-07-14,79.0,140,132.02,42,0,False
CB-1152,2025-07-21,79.0,61,132.02,42,0,False
CB-1152,2025-07-28,83.0,312,132.02,42,0,False
CB-1152,2025-08-04,79.0,234,132.02,42,0,False
CB-1152,2025-08-11,79.0,154,132.02,42,0,False
CB-1152,2025-08-18,70.0,84,132.02,42,0,False
CB-1152,2025-08-25,80.0,339,132.02,42,0,False
CB-1152,2025-09-01,74.0,265,132.02,42,0,False
CB-1152,2025-09-08,70.0,195,132.02,42,0,False
CB-1152,2025-09-15,72.0,123,132.02,42,0,False
CB-1152,2025-09-22,64.0,394,132.02,42,0,False
CB-1152,2025-09-29,56.0,338,132.02,42,0,False
CB-1152,2025-10-06,65.0,272,132.02,42,0,False
CB-1152,2025-10-13,73.0,200,132.02,42,0,False
CB-1152,2025-10-20,70.0,130,132.02,42,0,False
CB-1152,2025-10-27,70.0,394,132.02,42,0,False
CB-1152,2025-11-03,68.0,326,132.02,42,0,False
CB-1152,2025-11-10,63.0,263,132.02,42,0,False
CB-1152,2025-11-17,85.0,178,132.02,42,0,False
CB-1152,2025-11-24,78.0,100,132.02,42,0,False
CB-1152,2025-12-01,79.0,356,132.02,42,0,False
CB-1152,2025-12-08,80.0,276,132.02,42,0,False
CB-1152,2025-12-15,96.0,180,132.02,42,0,False
CB-1152,2025-12-22,96.0,84,132.02,42,0,False
CB-1153,2024-01-01,36.0,83,141.0,42,0,False
CB-1153,2024-01-08,31.0,52,141.0,42,0,False
CB-1153,2024-01-15,36.0,16,141.0,42,0,False
CB-1153,2024-01-22,30.0,0,141.0,42,1,False
CB-1153,2024-01-29,23.0,0,141.0,42,1,False
CB-1153,2024-02-05,56.0,0,141.0,42,1,False
CB-1153,2024-02-12,41.0,129,141.0,42,0,False
CB-1153,2024-02-19,56.0,243,141.0,42,0,False
CB-1153,2024-02-26,51.0,192,141.0,42,0,False
CB-1153,2024-03-04,57.0,135,141.0,42,0,False
CB-1153,2024-03-11,14.0,121,141.0,42,0,False
CB-1153,2024-03-18,34.0,87,141.0,42,0,False
CB-1153,2024-03-25,59.0,28,141.0,42,0,False
CB-1153,2024-04-01,27.0,170,141.0,42,0,False
CB-1153,2024-04-08,55.0,115,141.0,42,0,False
CB-1153,2024-04-15,25.0,90,141.0,42,0,False
CB-1153,2024-04-22,49.0,41,141.0,42,0,False
CB-1153,2024-04-29,76.0,135,141.0,42,0,False
CB-1153,2024-05-06,61.0,74,141.0,42,0,False
CB-1153,2024-05-13,17.0,57,141.0,42,0,False
CB-1153,2024-05-20,60.0,0,141.0,42,1,False
CB-1153,2024-05-27,75.0,95,141.0,42,0,False
CB-1153,2024-06-03,88.0,7,141.0,42,0,False
CB-1153,2024-06-10,51.0,0,141.0,42,1,False
CB-1153,2024-06-17,22.0,148,141.0,42,0,False
CB-1153,2024-06-24,48.0,100,141.0,42,0,False
CB-1153,2024-07-01,63.0,37,141.0,42,0,False
CB-1153,2024-07-08,37.0,170,141.0,42,0,False
CB-1153,2024-07-15,52.0,118,141.0,42,0,False
CB-1153,2024-07-22,26.0,92,141.0,42,0,False
CB-1153,2024-07-29,41.0,51,141.0,42,0,False
CB-1153,2024-08-05,5.0,215,141.0,42,0,False
CB-1153,2024-08-12,23.0,192,141.0,42,0,False
CB-1153,2024-08-19,33.0,159,141.0,42,0,False
CB-1153,2024-08-26,29.0,130,141.0,42,0,False
CB-1153,2024-09-02,18.0,282,141.0,42,0,False
CB-1153,2024-09-09,26.0,256,141.0,42,0,False
CB-1153,2024-09-16,35.0,221,141.0,42,0,False
CB-1153,2024-09-23,30.0,191,141.0,42,0,False
CB-1153,2024-09-30,32.0,159,141.0,42,0,False
CB-1153,2024-10-07,39.0,120,141.0,42,0,False
CB-1153,2024-10-14,28.0,92,141.0,42,0,False
CB-1153,2024-10-21,47.0,215,141.0,42,0,False
CB-1153,2024-10-28,21.0,194,141.0,42,0,False
CB-1153,2024-11-04,56.0,138,141.0,42,0,False
CB-1153,2024-11-11,48.0,90,141.0,42,0,False
CB-1153,2024-11-18,31.0,59,141.0,42,0,False
CB-1153,2024-11-25,33.0,196,141.0,42,0,False
CB-1153,2024-12-02,40.0,156,141.0,42,0,False
CB-1153,2024-12-09,47.0,109,141.0,42,0,False
CB-1153,2024-12-16,56.0,53,141.0,42,0,False
CB-1153,2024-12-23,22.0,201,141.0,42,0,False
CB-1153,2024-12-30,49.0,152,141.0,42,0,False
CB-1153,2025-01-06,11.0,141,141.0,42,0,False
CB-1153,2025-01-13,43.0,98,141.0,42,0,False
CB-1153,2025-01-20,71.0,27,141.0,42,0,False
CB-1153,2025-01-27,24.0,172,141.0,42,0,False
CB-1153,2025-02-03,22.0,150,141.0,42,0,False
CB-1153,2025-02-10,55.0,95,141.0,42,0,False
CB-1153,2025-02-17,77.0,18,141.0,42,0,False
CB-1153,2025-02-24,59.0,129,141.0,42,0,False
CB-1153,2025-03-03,18.0,111,141.0,42,0,False
CB-1153,2025-03-10,22.0,89,141.0,42,0,False
CB-1153,2025-03-17,56.0,33,141.0,42,0,False
CB-1153,2025-03-24,32.0,171,141.0,42,0,False
CB-1153,2025-03-31,58.0,113,141.0,42,0,False
CB-1153,2025-04-07,59.0,54,141.0,42,0,False
CB-1153,2025-04-14,46.0,8,141.0,42,0,False
CB-1153,2025-04-21,90.0,88,141.0,42,0,False
CB-1153,2025-04-28,66.0,22,141.0,42,0,False
CB-1153,2025-05-05,77.0,0,141.0,42,1,False
CB-1153,2025-05-12,70.0,0,141.0,42,1,False
CB-1153,2025-05-19,49.0,121,141.0,42,0,False
CB-1153,2025-05-26,48.0,73,141.0,42,0,False
CB-1153,2025-06-02,45.0,198,141.0,42,0,False
CB-1153,2025-06-09,61.0,137,141.0,42,0,False
CB-1153,2025-06-16,37.0,100,141.0,42,0,False
CB-1153,2025-06-23,75.0,25,141.0,42,0,False
CB-1153,2025-06-30,34.0,0,141.0,42,1,False
CB-1153,2025-07-07,47.0,123,141.0,42,0,False
CB-1153,2025-07-14,39.0,84,141.0,42,0,False
CB-1153,2025-07-21,35.0,49,141.0,42,0,False
CB-1153,2025-07-28,71.0,148,141.0,42,0,False
CB-1153,2025-08-04,33.0,115,141.0,42,0,False
CB-1153,2025-08-11,34.0,81,141.0,42,0,False
CB-1153,2025-08-18,29.0,52,141.0,42,0,False
CB-1153,2025-08-25,37.0,184,141.0,42,0,False
CB-1153,2025-09-01,35.0,149,141.0,42,0,False
CB-1153,2025-09-08,22.0,127,141.0,42,0,False
CB-1153,2025-09-15,30.0,97,141.0,42,0,False
CB-1153,2025-09-22,42.0,225,141.0,42,0,False
CB-1153,2025-09-29,48.0,177,141.0,42,0,False
CB-1153,2025-10-06,35.0,142,141.0,42,0,False
CB-1153,2025-10-13,36.0,106,141.0,42,0,False
CB-1153,2025-10-20,31.0,75,141.0,42,0,False
CB-1153,2025-10-27,30.0,215,141.0,42,0,False
CB-1153,2025-11-03,25.0,190,141.0,42,0,False
CB-1153,2025-11-10,17.0,173,141.0,42,0,False
CB-1153,2025-11-17,30.0,143,141.0,42,0,False
CB-1153,2025-11-24,54.0,89,141.0,42,0,False
CB-1153,2025-12-01,36.0,223,141.0,42,0,False
CB-1153,2025-12-08,38.0,185,141.0,42,0,False
CB-1153,2025-12-15,39.0,146,141.0,42,0,False
CB-1153,2025-12-22,66.0,80,141.0,42,0,False
CB-1154,2024-01-01,53.0,147,69.3,42,0,False
CB-1154,2024-01-08,88.0,59,69.3,42,0,False
CB-1154,2024-01-15,81.0,0,69.3,42,1,False
CB-1154,2024-01-22,88.0,0,69.3,42,1,False
CB-1154,2024-01-29,96.0,0,69.3,42,1,False
CB-1154,2024-02-05,92.0,0,69.3,42,1,False
CB-1154,2024-02-12,118.0,244,69.3,42,0,False
CB-1154,2024-02-19,93.0,514,69.3,42,0,False
CB-1154,2024-02-26,155.0,359,69.3,42,0,False
CB-1154,2024-03-04,99.0,260,69.3,42,0,False
CB-1154,2024-03-11,40.0,220,69.3,42,0,False
CB-1154,2024-03-18,122.0,98,69.3,42,0,False
CB-1154,2024-03-25,114.0,0,69.3,42,1,False
CB-1154,2024-04-01,102.0,260,69.3,42,0,False
CB-1154,2024-04-08,92.0,168,69.3,42,0,False
CB-1154,2024-04-15,26.0,142,69.3,42,0,False
CB-1154,2024-04-22,32.0,110,69.3,42,0,False
CB-1154,2024-04-29,157.0,316,69.3,42,0,False
CB-1154,2024-05-06,78.0,238,69.3,42,0,False
CB-1154,2024-05-13,130.0,108,69.3,42,0,False
CB-1154,2024-05-20,42.0,428,69.3,42,0,False
CB-1154,2024-05-27,59.0,369,69.3,42,0,False
CB-1154,2024-06-03,114.0,255,69.3,42,0,False
CB-1154,2024-06-10,87.0,168,69.3,42,0,False
CB-1154,2024-06-17,104.0,64,69.3,42,0,False
CB-1154,2024-06-24,85.0,341,69.3,42,0,False
CB-1154,2024-07-01,77.0,264,69.3,42,0,False
CB-1154,2024-07-08,62.0,202,69.3,42,0,False
CB-1154,2024-07-15,46.0,156,69.3,42,0,False
CB-1154,2024-07-22,114.0,405,69.3,42,0,False
CB-1154,2024-07-29,115.0,290,69.3,42,0,False
CB-1154,2024-08-05,46.0,244,69.3,42,0,False
CB-1154,2024-08-12,43.0,201,69.3,42,0,False
CB-1154,2024-08-19,60.0,503,69.3,42,0,False
CB-1154,2024-08-26,75.0,428,69.3,42,0,False
CB-1154,2024-09-02,62.0,366,69.3,42,0,False
CB-1154,2024-09-09,77.0,289,69.3,42,0,False
CB-1154,2024-09-16,64.0,225,69.3,42,0,False
CB-1154,2024-09-23,62.0,525,69.3,42,0,False
CB-1154,2024-09-30,119.0,406,69.3,42,0,False
CB-1154,2024-10-07,53.0,353,69.3,42,0,False
CB-1154,2024-10-14,103.0,250,69.3,42,0,False
CB-1154,2024-10-21,100.0,150,69.3,42,0,False
CB-1154,2024-10-28,79.0,71,69.3,42,0,False
CB-1154,2024-11-04,22.0,411,69.3,42,0,False
CB-1154,2024-11-11,71.0,340,69.3,42,0,False
CB-1154,2024-11-18,60.0,280,69.3,42,0,False
CB-1154,2024-11-25,75.0,205,69.3,42,0,False
CB-1154,2024-12-02,49.0,519,69.3,42,0,False
CB-1154,2024-12-09,101.0,418,69.3,42,0,False
CB-1154,2024-12-16,111.0,307,69.3,42,0,False
CB-1154,2024-12-23,120.0,187,69.3,42,0,False
CB-1154,2024-12-30,76.0,111,69.3,42,0,False
CB-1154,2025-01-06,57.0,416,69.3,42,0,False
CB-1154,2025-01-13,106.0,310,69.3,42,0,False
CB-1154,2025-01-20,156.0,154,69.3,42,0,False
CB-1154,2025-01-27,102.0,52,69.3,42,0,False
CB-1154,2025-02-03,118.0,296,69.3,42,0,False
CB-1154,2025-02-10,96.0,200,69.3,42,0,False
CB-1154,2025-02-17,88.0,112,69.3,42,0,False
CB-1154,2025-02-24,133.0,0,69.3,42,1,False
CB-1154,2025-03-03,106.0,256,69.3,42,0,False
CB-1154,2025-03-10,127.0,129,69.3,42,0,False
CB-1154,2025-03-17,132.0,0,69.3,42,1,False
CB-1154,2025-03-24,127.0,235,69.3,42,0,False
CB-1154,2025-03-31,136.0,99,69.3,42,0,False
CB-1154,2025-04-07,80.0,19,69.3,42,0,False
CB-1154,2025-04-14,77.0,0,69.3,42,1,False
CB-1154,2025-04-21,111.0,251,69.3,42,0,False
CB-1154,2025-04-28,111.0,140,69.3,42,0,False
CB-1154,2025-05-05,90.0,50,69.3,42,0,False
CB-1154,2025-05-12,118.0,295,69.3,42,0,False
CB-1154,2025-05-19,142.0,153,69.3,42,0,False
CB-1154,2025-05-26,149.0,4,69.3,42,0,False
CB-1154,2025-06-02,154.0,0,69.3,42,1,False
CB-1154,2025-06-09,55.0,307,69.3,42,0,False
CB-1154,2025-06-16,58.0,249,69.3,42,0,False
CB-1154,2025-06-23,86.0,163,69.3,42,0,False
CB-1154,2025-06-30,96.0,430,69.3,42,0,False
CB-1154,2025-07-07,83.0,347,69.3,42,0,False
CB-1154,2025-07-14,71.0,276,69.3,42,0,False
CB-1154,2025-07-21,76.0,200,69.3,42,0,False
CB-1154,2025-07-28,97.0,103,69.3,42,0,False
CB-1154,2025-08-04,43.0,422,69.3,42,0,False
CB-1154,2025-08-11,143.0,279,69.3,42,0,False
CB-1154,2025-08-18,78.0,201,69.3,42,0,False
CB-1154,2025-08-25,103.0,98,69.3,42,0,False
CB-1154,2025-09-01,59.0,401,69.3,42,0,False
CB-1154,2025-09-08,88.0,313,69.3,42,0,False
CB-1154,2025-09-15,75.0,238,69.3,42,0,False
CB-1154,2025-09-22,94.0,144,69.3,42,0,False
CB-1154,2025-09-29,67.0,440,69.3,42,0,False
CB-1154,2025-10-06,111.0,329,69.3,42,0,False
CB-1154,2025-10-13,35.0,294,69.3,42,0,False
CB-1154,2025-10-20,98.0,196,69.3,42,0,False
CB-1154,2025-10-27,78.0,118,69.3,42,0,False
CB-1154,2025-11-03,50.0,430,69.3,42,0,False
CB-1154,2025-11-10,133.0,297,69.3,42,0,False
CB-1154,2025-11-17,134.0,163,69.3,42,0,False
CB-1154,2025-11-24,23.0,140,69.3,42,0,False
CB-1154,2025-12-01,92.0,410,69.3,42,0,False
CB-1154,2025-12-08,111.0,299,69.3,42,0,False
CB-1154,2025-12-15,106.0,193,69.3,42,0,False
CB-1154,2025-12-22,146.0,47,69.3,42,0,False
CB-1155,2024-01-01,0.0,8,171.34,7,0,False
CB-1155,2024-01-08,0.0,43,171.34,7,0,False
CB-1155,2024-01-15,9.0,34,171.34,7,0,False
CB-1155,2024-01-22,0.0,34,171.34,7,0,False
CB-1155,2024-01-29,0.0,34,171.34,7,0,False
CB-1155,2024-02-05,0.0,34,171.34,7,0,False
CB-1155,2024-02-12,0.0,34,171.34,7,0,False
CB-1155,2024-02-19,0.0,34,171.34,7,0,False
CB-1155,2024-02-26,0.0,34,171.34,7,0,False
CB-1155,2024-03-04,0.0,34,171.34,7,0,False
CB-1155,2024-03-11,42.0,0,171.34,7,1,False
CB-1155,2024-03-18,0.0,34,171.34,7,0,False
CB-1155,2024-03-25,0.0,34,171.34,7,0,False
CB-1155,2024-04-01,0.0,34,171.34,7,0,False
CB-1155,2024-04-08,36.0,0,171.34,7,1,False
CB-1155,2024-04-15,0.0,34,171.34,7,0,False
CB-1155,2024-04-22,59.0,0,171.34,7,1,False
CB-1155,2024-04-29,55.0,0,171.34,7,1,False
CB-1155,2024-05-06,0.0,34,171.34,7,0,False
CB-1155,2024-05-13,35.0,0,171.34,7,1,False
CB-1155,2024-05-20,0.0,34,171.34,7,0,False
CB-1155,2024-05-27,0.0,34,171.34,7,0,False
CB-1155,2024-06-03,0.0,34,171.34,7,0,False
CB-1155,2024-06-10,56.0,0,171.34,7,1,False
CB-1155,2024-06-17,0.0,34,171.34,7,0,False
CB-1155,2024-06-24,54.0,0,171.34,7,1,False
CB-1155,2024-07-01,10.0,24,171.34,7,0,False
CB-1155,2024-07-08,0.0,59,171.34,7,0,False
CB-1155,2024-07-15,0.0,59,171.34,7,0,False
CB-1155,2024-07-22,0.0,59,171.34,7,0,False
CB-1155,2024-07-29,0.0,59,171.34,7,0,False
CB-1155,2024-08-05,59.0,0,171.34,7,1,False
CB-1155,2024-08-12,12.0,22,171.34,7,0,False
CB-1155,2024-08-19,9.0,48,171.34,7,0,False
CB-1155,2024-08-26,0.0,48,171.34,7,0,False
CB-1155,2024-09-02,0.0,48,171.34,7,0,False
CB-1155,2024-09-09,0.0,48,171.34,7,0,False
CB-1155,2024-09-16,0.0,48,171.34,7,0,False
CB-1155,2024-09-23,53.0,0,171.34,7,1,False
CB-1155,2024-09-30,0.0,34,171.34,7,0,False
CB-1155,2024-10-07,0.0,34,171.34,7,0,False
CB-1155,2024-10-14,0.0,34,171.34,7,0,False
CB-1155,2024-10-21,33.0,1,171.34,7,0,False
CB-1155,2024-10-28,0.0,36,171.34,7,0,False
CB-1155,2024-11-04,44.0,0,171.34,7,1,False
CB-1155,2024-11-11,0.0,34,171.34,7,0,False
CB-1155,2024-11-18,0.0,34,171.34,7,0,False
CB-1155,2024-11-25,0.0,34,171.34,7,0,False
CB-1155,2024-12-02,0.0,34,171.34,7,0,False
CB-1155,2024-12-09,0.0,34,171.34,7,0,False
CB-1155,2024-12-16,0.0,34,171.34,7,0,False
CB-1155,2024-12-23,0.0,34,171.34,7,0,False
CB-1155,2024-12-30,59.0,0,171.34,7,1,False
CB-1155,2025-01-06,0.0,34,171.34,7,0,False
CB-1155,2025-01-13,0.0,34,171.34,7,0,False
CB-1155,2025-01-20,0.0,34,171.34,7,0,False
CB-1155,2025-01-27,0.0,34,171.34,7,0,False
CB-1155,2025-02-03,0.0,34,171.34,7,0,False
CB-1155,2025-02-10,17.0,17,171.34,7,0,False
CB-1155,2025-02-17,0.0,52,171.34,7,0,False
CB-1155,2025-02-24,0.0,52,171.34,7,0,False
CB-1155,2025-03-03,0.0,52,171.34,7,0,False
CB-1155,2025-03-10,0.0,52,171.34,7,0,False
CB-1155,2025-03-17,0.0,52,171.34,7,0,False
CB-1155,2025-03-24,0.0,52,171.34,7,0,False
CB-1155,2025-03-31,0.0,52,171.34,7,0,False
CB-1155,2025-04-07,0.0,52,171.34,7,0,False
CB-1155,2025-04-14,18.0,34,171.34,7,0,False
CB-1155,2025-04-21,0.0,34,171.34,7,0,False
CB-1155,2025-04-28,0.0,34,171.34,7,0,False
CB-1155,2025-05-05,0.0,34,171.34,7,0,False
CB-1155,2025-05-12,0.0,34,171.34,7,0,False
CB-1155,2025-05-19,0.0,34,171.34,7,0,False
CB-1155,2025-05-26,26.0,8,171.34,7,0,False
CB-1155,2025-06-02,41.0,1,171.34,7,0,False
CB-1155,2025-06-09,30.0,5,171.34,7,0,False
CB-1155,2025-06-16,0.0,40,171.34,7,0,False
CB-1155,2025-06-23,0.0,40,171.34,7,0,False
CB-1155,2025-06-30,0.0,40,171.34,7,0,False
CB-1155,2025-07-07,0.0,40,171.34,7,0,False
CB-1155,2025-07-14,0.0,40,171.34,7,0,False
CB-1155,2025-07-21,0.0,40,171.34,7,0,False
CB-1155,2025-07-28,8.0,32,171.34,7,0,False
CB-1155,2025-08-04,13.0,19,171.34,7,0,False
CB-1155,2025-08-11,0.0,53,171.34,7,0,False
CB-1155,2025-08-18,0.0,53,171.34,7,0,False
CB-1155,2025-08-25,0.0,53,171.34,7,0,False
CB-1155,2025-09-01,0.0,53,171.34,7,0,False
CB-1155,2025-09-08,0.0,53,171.34,7,0,False
CB-1155,2025-09-15,33.0,20,171.34,7,0,False
CB-1155,2025-09-22,0.0,54,171.34,7,0,False
CB-1155,2025-09-29,19.0,35,171.34,7,0,False
CB-1155,2025-10-06,0.0,35,171.34,7,0,False
CB-1155,2025-10-13,0.0,35,171.34,7,0,False
CB-1155,2025-10-20,0.0,35,171.34,7,0,False
CB-1155,2025-10-27,15.0,20,171.34,7,0,False
CB-1155,2025-11-03,0.0,55,171.34,7,0,False
CB-1155,2025-11-10,0.0,55,171.34,7,0,False
CB-1155,2025-11-17,22.0,33,171.34,7,0,False
CB-1155,2025-11-24,0.0,33,171.34,7,0,False
CB-1155,2025-12-01,0.0,33,171.34,7,0,False
CB-1155,2025-12-08,0.0,33,171.34,7,0,False
CB-1155,2025-12-15,0.0,33,171.34,7,0,False
CB-1155,2025-12-22,0.0,33,171.34,7,0,False
CB-1156,2024-01-01,44.0,87,153.47,35,0,False
CB-1156,2024-01-08,50.0,37,153.47,35,0,False
CB-1156,2024-01-15,47.0,0,153.47,35,1,False
CB-1156,2024-01-22,47.0,0,153.47,35,1,False
CB-1156,2024-01-29,61.0,0,153.47,35,1,False
CB-1156,2024-02-05,50.0,160,153.47,35,0,False
CB-1156,2024-02-12,50.0,320,153.47,35,0,False
CB-1156,2024-02-19,57.0,263,153.47,35,0,False
CB-1156,2024-02-26,59.0,204,153.47,35,0,False
CB-1156,2024-03-04,61.0,143,153.47,35,0,False
CB-1156,2024-03-11,68.0,75,153.47,35,0,False
CB-1156,2024-03-18,56.0,19,153.47,35,0,False
CB-1156,2024-03-25,57.0,172,153.47,35,0,False
CB-1156,2024-04-01,68.0,104,153.47,35,0,False
CB-1156,2024-04-08,65.0,39,153.47,35,0,False
CB-1156,2024-04-15,64.0,0,153.47,35,1,False
CB-1156,2024-04-22,57.0,153,153.47,35,0,False
CB-1156,2024-04-29,65.0,88,153.47,35,0,False
CB-1156,2024-05-06,63.0,25,153.47,35,0,False
CB-1156,2024-05-13,59.0,176,153.47,35,0,False
CB-1156,2024-05-20,54.0,122,153.47,35,0,False
CB-1156,2024-05-27,57.0,65,153.47,35,0,False
CB-1156,2024-06-03,62.0,3,153.47,35,0,False
CB-1156,2024-06-10,49.0,164,153.47,35,0,False
CB-1156,2024-06-17,49.0,115,153.47,35,0,False
CB-1156,2024-06-24,49.0,66,153.47,35,0,False
CB-1156,2024-07-01,48.0,18,153.47,35,0,False
CB-1156,2024-07-08,48.0,180,153.47,35,0,False
CB-1156,2024-07-15,51.0,129,153.47,35,0,False
CB-1156,2024-07-22,47.0,82,153.47,35,0,False
CB-1156,2024-07-29,45.0,37,153.47,35,0,False
CB-1156,2024-08-05,44.0,203,153.47,35,0,False
CB-1156,2024-08-12,44.0,159,153.47,35,0,False
CB-1156,2024-08-19,36.0,123,153.47,35,0,False
CB-1156,2024-08-26,44.0,79,153.47,35,0,False
CB-1156,2024-09-02,37.0,252,153.47,35,0,False
CB-1156,2024-09-09,38.0,214,153.47,35,0,False
CB-1156,2024-09-16,40.0,174,153.47,35,0,False
CB-1156,2024-09-23,38.0,136,153.47,35,0,False
CB-1156,2024-09-30,40.0,96,153.47,35,0,False
CB-1156,2024-10-07,39.0,267,153.47,35,0,False
CB-1156,2024-10-14,38.0,229,153.47,35,0,False
CB-1156,2024-10-21,44.0,185,153.47,35,0,False
CB-1156,2024-10-28,43.0,142,153.47,35,0,False
CB-1156,2024-11-04,42.0,100,153.47,35,0,False
CB-1156,2024-11-11,45.0,265,153.47,35,0,False
CB-1156,2024-11-18,41.0,224,153.47,35,0,False
CB-1156,2024-11-25,53.0,171,153.47,35,0,False
CB-1156,2024-12-02,42.0,129,153.47,35,0,False
CB-1156,2024-12-09,48.0,81,153.47,35,0,False
CB-1156,2024-12-16,48.0,243,153.47,35,0,False
CB-1156,2024-12-23,50.0,193,153.47,35,0,False
CB-1156,2024-12-30,51.0,142,153.47,35,0,False
CB-1156,2025-01-06,51.0,91,153.47,35,0,False
CB-1156,2025-01-13,61.0,30,153.47,35,0,False
CB-1156,2025-01-20,52.0,188,153.47,35,0,False
CB-1156,2025-01-27,64.0,124,153.47,35,0,False
CB-1156,2025-02-03,64.0,60,153.47,35,0,False
CB-1156,2025-02-10,60.0,0,153.47,35,1,False
CB-1156,2025-02-17,66.0,144,153.47,35,0,False
CB-1156,2025-02-24,64.0,80,153.47,35,0,False
CB-1156,2025-03-03,60.0,20,153.47,35,0,False
CB-1156,2025-03-10,61.0,169,153.47,35,0,False
CB-1156,2025-03-17,71.0,98,153.47,35,0,False
CB-1156,2025-03-24,71.0,27,153.47,35,0,False
CB-1156,2025-03-31,69.0,0,153.47,35,1,False
CB-1156,2025-04-07,66.0,144,153.47,35,0,False
CB-1156,2025-04-14,67.0,77,153.47,35,0,False
CB-1156,2025-04-21,66.0,11,153.47,35,0,False
CB-1156,2025-04-28,57.0,164,153.47,35,0,False
CB-1156,2025-05-05,66.0,98,153.47,35,0,False
CB-1156,2025-05-12,68.0,30,153.47,35,0,False
CB-1156,2025-05-19,65.0,0,153.47,35,1,False
CB-1156,2025-05-26,72.0,138,153.47,35,0,False
CB-1156,2025-06-02,57.0,81,153.47,35,0,False
CB-1156,2025-06-09,57.0,24,153.47,35,0,False
CB-1156,2025-06-16,59.0,175,153.47,35,0,False
CB-1156,2025-06-23,58.0,117,153.47,35,0,False
CB-1156,2025-06-30,47.0,70,153.47,35,0,False
CB-1156,2025-07-07,57.0,13,153.47,35,0,False
CB-1156,2025-07-14,54.0,169,153.47,35,0,False
CB-1156,2025-07-21,42.0,127,153.47,35,0,False
CB-1156,2025-07-28,49.0,78,153.47,35,0,False
CB-1156,2025-08-04,45.0,33,153.47,35,0,False
CB-1156,2025-08-11,45.0,198,153.47,35,0,False
CB-1156,2025-08-18,41.0,157,153.47,35,0,False
CB-1156,2025-08-25,47.0,110,153.47,35,0,False
CB-1156,2025-09-01,50.0,60,153.47,35,0,False
CB-1156,2025-09-08,45.0,225,153.47,35,0,False
CB-1156,2025-09-15,36.0,189,153.47,35,0,False
CB-1156,2025-09-22,44.0,145,153.47,35,0,False
CB-1156,2025-09-29,42.0,103,153.47,35,0,False
CB-1156,2025-10-06,39.0,274,153.47,35,0,False
CB-1156,2025-10-13,45.0,229,153.47,35,0,False
CB-1156,2025-10-20,47.0,182,153.47,35,0,False
CB-1156,2025-10-27,43.0,139,153.47,35,0,False
CB-1156,2025-11-03,40.0,99,153.47,35,0,False
CB-1156,2025-11-10,40.0,59,153.47,35,0,False
CB-1156,2025-11-17,46.0,223,153.47,35,0,False
CB-1156,2025-11-24,49.0,174,153.47,35,0,False
CB-1156,2025-12-01,49.0,125,153.47,35,0,False
CB-1156,2025-12-08,50.0,75,153.47,35,0,False
CB-1156,2025-12-15,58.0,227,153.47,35,0,False
CB-1156,2025-12-22,,168,153.47,35,0,False
CB-1157,2024-01-01,24.0,44,106.92,7,0,False
CB-1157,2024-01-08,20.0,163,106.92,7,0,False
CB-1157,2024-01-15,27.0,136,106.92,7,0,False
CB-1157,2024-01-22,27.0,109,106.92,7,0,False
CB-1157,2024-01-29,10.0,99,106.92,7,0,False
CB-1157,2024-02-05,29.0,70,106.92,7,0,False
CB-1157,2024-02-12,51.0,19,106.92,7,0,False
CB-1157,2024-02-19,48.0,109,106.92,7,0,False
CB-1157,2024-02-26,45.0,64,106.92,7,0,False
CB-1157,2024-03-04,41.0,23,106.92,7,0,False
CB-1157,2024-03-11,59.0,103,106.92,7,0,False
CB-1157,2024-03-18,25.0,78,106.92,7,0,False
CB-1157,2024-03-25,26.0,52,106.92,7,0,False
CB-1157,2024-04-01,56.0,0,106.92,7,1,False
CB-1157,2024-04-08,40.0,99,106.92,7,0,False
CB-1157,2024-04-15,31.0,68,106.92,7,0,False
CB-1157,2024-04-22,47.0,21,106.92,7,0,False
CB-1157,2024-04-29,33.0,126,106.92,7,0,False
CB-1157,2024-05-06,28.0,98,106.92,7,0,False
CB-1157,2024-05-13,27.0,71,106.92,7,0,False
CB-1157,2024-05-20,42.0,29,106.92,7,0,False
CB-1157,2024-05-27,40.0,128,106.92,7,0,False
CB-1157,2024-06-03,56.0,72,106.92,7,0,False
CB-1157,2024-06-10,32.0,40,106.92,7,0,False
CB-1157,2024-06-17,31.0,147,106.92,7,0,False
CB-1157,2024-06-24,51.0,96,106.92,7,0,False
CB-1157,2024-07-01,44.0,52,106.92,7,0,False
CB-1157,2024-07-08,34.0,18,106.92,7,0,False
CB-1157,2024-07-15,14.0,143,106.92,7,0,False
CB-1157,2024-07-22,22.0,121,106.92,7,0,False
CB-1157,2024-07-29,19.0,102,106.92,7,0,False
CB-1157,2024-08-05,29.0,73,106.92,7,0,False
CB-1157,2024-08-12,23.0,50,106.92,7,0,False
CB-1157,2024-08-19,43.0,7,106.92,7,0,False
CB-1157,2024-08-26,12.0,133,106.92,7,0,False
CB-1157,2024-09-02,16.0,117,106.92,7,0,False
CB-1157,2024-09-09,28.0,89,106.92,7,0,False
CB-1157,2024-09-16,30.0,59,106.92,7,0,False
CB-1157,2024-09-23,2.0,57,106.92,7,0,False
CB-1157,2024-09-30,10.0,47,106.92,7,0,False
CB-1157,2024-10-07,23.0,163,106.92,7,0,False
CB-1157,2024-10-14,38.0,125,106.92,7,0,False
CB-1157,2024-10-21,44.0,81,106.92,7,0,False
CB-1157,2024-10-28,23.0,58,106.92,7,0,False
CB-1157,2024-11-04,26.0,32,106.92,7,0,False
CB-1157,2024-11-11,20.0,150,106.92,7,0,False
CB-1157,2024-11-18,35.0,115,106.92,7,0,False
CB-1157,2024-11-25,46.0,69,106.92,7,0,False
CB-1157,2024-12-02,44.0,25,106.92,7,0,False
CB-1157,2024-12-09,31.0,133,106.92,7,0,False
CB-1157,2024-12-16,23.0,110,106.92,7,0,False
CB-1157,2024-12-23,34.0,76,106.92,7,0,False
CB-1157,2024-12-30,52.0,24,106.92,7,0,False
CB-1157,2025-01-06,31.0,131,106.92,7,0,False
CB-1157,2025-01-13,14.0,117,106.92,7,0,False
CB-1157,2025-01-20,34.0,83,106.92,7,0,False
CB-1157,2025-01-27,36.0,47,106.92,7,0,False
CB-1157,2025-02-03,15.0,171,106.92,7,0,False
CB-1157,2025-02-10,45.0,126,106.92,7,0,False
CB-1157,2025-02-17,50.0,76,106.92,7,0,False
CB-1157,2025-02-24,71.0,5,106.92,7,0,False
CB-1157,2025-03-03,23.0,120,106.92,7,0,False
CB-1157,2025-03-10,55.0,65,106.92,7,0,False
CB-1157,2025-03-17,60.0,5,106.92,7,0,False
CB-1157,2025-03-24,53.0,91,106.92,7,0,False
CB-1157,2025-03-31,29.0,62,106.92,7,0,False
CB-1157,2025-04-07,28.0,34,106.92,7,0,False
CB-1157,2025-04-14,47.0,126,106.92,7,0,False
CB-1157,2025-04-21,46.0,80,106.92,7,0,False
CB-1157,2025-04-28,36.0,44,106.92,7,0,False
CB-1157,2025-05-05,64.0,118,106.92,7,0,False
CB-1157,2025-05-12,37.0,81,106.92,7,0,False
CB-1157,2025-05-19,14.0,67,106.92,7,0,False
CB-1157,2025-05-26,39.0,28,106.92,7,0,False
CB-1157,2025-06-02,48.0,119,106.92,7,0,False
CB-1157,2025-06-09,45.0,74,106.92,7,0,False
CB-1157,2025-06-16,44.0,30,106.92,7,0,False
CB-1157,2025-06-23,58.0,110,106.92,7,0,False
CB-1157,2025-06-30,23.0,87,106.92,7,0,False
CB-1157,2025-07-07,31.0,56,106.92,7,0,False
CB-1157,2025-07-14,54.0,2,106.92,7,0,False
CB-1157,2025-07-21,11.0,130,106.92,7,0,False
CB-1157,2025-07-28,32.0,98,106.92,7,0,False
CB-1157,2025-08-04,46.0,52,106.92,7,0,False
CB-1157,2025-08-11,45.0,7,106.92,7,0,False
CB-1157,2025-08-18,38.0,107,106.92,7,0,False
CB-1157,2025-08-25,37.0,70,106.92,7,0,False
CB-1157,2025-09-01,19.0,51,106.92,7,0,False
CB-1157,2025-09-08,43.0,8,106.92,7,0,False
CB-1157,2025-09-15,17.0,130,106.92,7,0,False
CB-1157,2025-09-22,17.0,113,106.92,7,0,False
CB-1157,2025-09-29,32.0,81,106.92,7,0,False
CB-1157,2025-10-06,24.0,57,106.92,7,0,False
CB-1157,2025-10-13,31.0,26,106.92,7,0,False
CB-1157,2025-10-20,34.0,130,106.92,7,0,False
CB-1157,2025-10-27,48.0,82,106.92,7,0,False
CB-1157,2025-11-03,35.0,47,106.92,7,0,False
CB-1157,2025-11-10,25.0,161,106.92,7,0,False
CB-1157,2025-11-17,40.0,121,106.92,7,0,False
CB-1157,2025-11-24,24.0,97,106.92,7,0,False
CB-1157,2025-12-01,45.0,52,106.92,7,0,False
CB-1157,2025-12-08,36.0,16,106.92,7,0,False
CB-1157,2025-12-15,42.0,112,106.92,7,0,False
CB-1157,2025-12-22,14.0,98,106.92,7,0,False
CB-1158,2024-01-01,44.0,85,4.68,7,0,False
CB-1158,2024-01-08,17.0,68,4.68,7,0,False
CB-1158,2024-01-15,36.0,32,4.68,7,0,False
CB-1158,2024-01-22,23.0,137,4.68,7,0,False
CB-1158,2024-01-29,28.0,109,4.68,7,0,False
CB-1158,2024-02-05,31.0,78,4.68,7,0,False
CB-1158,2024-02-12,51.0,27,4.68,7,0,False
CB-1158,2024-02-19,40.0,114,4.68,7,0,False
CB-1158,2024-02-26,38.0,76,4.68,7,0,False
CB-1158,2024-03-04,49.0,27,4.68,7,0,False
CB-1158,2024-03-11,27.0,128,4.68,7,0,False
CB-1158,2024-03-18,48.0,80,4.68,7,0,False
CB-1158,2024-03-25,46.0,34,4.68,7,0,False
CB-1158,2024-04-01,46.0,115,4.68,7,0,False
CB-1158,2024-04-08,33.0,82,4.68,7,0,False
CB-1158,2024-04-15,30.0,52,4.68,7,0,False
CB-1158,2024-04-22,24.0,28,4.68,7,0,False
CB-1158,2024-04-29,25.0,131,4.68,7,0,False
CB-1158,2024-05-06,23.0,108,4.68,7,0,False
CB-1158,2024-05-13,38.0,70,4.68,7,0,False
CB-1158,2024-05-20,31.0,39,4.68,7,0,False
CB-1158,2024-05-27,38.0,128,4.68,7,0,False
CB-1158,2024-06-03,37.0,91,4.68,7,0,False
CB-1158,2024-06-10,20.0,71,4.68,7,0,False
CB-1158,2024-06-17,19.0,52,4.68,7,0,False
CB-1158,2024-06-24,27.0,25,4.68,7,0,False
CB-1158,2024-07-01,21.0,132,4.68,7,0,False
CB-1158,2024-07-08,19.0,113,4.68,7,0,False
CB-1158,2024-07-15,44.0,69,4.68,7,0,False
CB-1158,2024-07-22,12.0,57,4.68,7,0,False
CB-1158,2024-07-29,44.0,13,4.68,7,0,False
CB-1158,2024-08-05,28.0,113,4.68,7,0,False
CB-1158,2024-08-12,33.0,80,4.68,7,0,False
CB-1158,2024-08-19,31.0,49,4.68,7,0,False
CB-1158,2024-08-26,28.0,21,4.68,7,0,False
CB-1158,2024-09-02,36.0,112,4.68,7,0,False
CB-1158,2024-09-09,14.0,98,4.68,7,0,False
CB-1158,2024-09-16,21.0,77,4.68,7,0,False
CB-1158,2024-09-23,16.0,61,4.68,7,0,False
CB-1158,2024-09-30,9.0,52,4.68,7,0,False
CB-1158,2024-10-07,17.0,35,4.68,7,0,False
CB-1158,2024-10-14,38.0,125,4.68,7,0,False
CB-1158,2024-10-21,22.0,103,4.68,7,0,False
CB-1158,2024-10-28,40.0,63,4.68,7,0,False
CB-1158,2024-11-04,41.0,22,4.68,7,0,False
CB-1158,2024-11-11,50.0,99,4.68,7,0,False
CB-1158,2024-11-18,42.0,57,4.68,7,0,False
CB-1158,2024-11-25,48.0,9,4.68,7,0,False
CB-1158,2024-12-02,30.0,107,4.68,7,0,False
CB-1158,2024-12-09,30.0,77,4.68,7,0,False
CB-1158,2024-12-16,32.0,45,4.68,7,0,False
CB-1158,2024-12-23,30.0,15,4.68,7,0,False
CB-1158,2024-12-30,32.0,110,4.68,7,0,False
CB-1158,2025-01-06,40.0,70,4.68,7,0,False
CB-1158,2025-01-13,27.0,43,4.68,7,0,False
CB-1158,2025-01-20,17.0,26,4.68,7,0,False
CB-1158,2025-01-27,39.0,115,4.68,7,0,False
CB-1158,2025-02-03,27.0,88,4.68,7,0,False
CB-1158,2025-02-10,29.0,59,4.68,7,0,False
CB-1158,2025-02-17,35.0,24,4.68,7,0,False
CB-1158,2025-02-24,33.0,119,4.68,7,0,False
CB-1158,2025-03-03,53.0,66,4.68,7,0,False
CB-1158,2025-03-10,36.0,30,4.68,7,0,False
CB-1158,2025-03-17,55.0,102,4.68,7,0,False
CB-1158,2025-03-24,42.0,60,4.68,7,0,False
CB-1158,2025-03-31,38.0,22,4.68,7,0,False
CB-1158,2025-04-07,42.0,108,4.68,7,0,False
CB-1158,2025-04-14,22.0,86,4.68,7,0,False
CB-1158,2025-04-21,44.0,42,4.68,7,0,False
CB-1158,2025-04-28,50.0,119,4.68,7,0,False
CB-1158,2025-05-05,52.0,67,4.68,7,0,False
CB-1158,2025-05-12,20.0,47,4.68,7,0,False
CB-1158,2025-05-19,18.0,29,4.68,7,0,False
CB-1158,2025-05-26,30.0,127,4.68,7,0,False
CB-1158,2025-06-02,53.0,74,4.68,7,0,False
CB-1158,2025-06-09,38.0,36,4.68,7,0,False
CB-1158,2025-06-16,25.0,139,4.68,7,0,False
CB-1158,2025-06-23,16.0,123,4.68,7,0,False
CB-1158,2025-06-30,25.0,98,4.68,7,0,False
CB-1158,2025-07-07,23.0,75,4.68,7,0,False
CB-1158,2025-07-14,41.0,34,4.68,7,0,False
CB-1158,2025-07-21,40.0,121,4.68,7,0,False
CB-1158,2025-07-28,18.0,103,4.68,7,0,False
CB-1158,2025-08-04,36.0,67,4.68,7,0,False
CB-1158,2025-08-11,34.0,33,4.68,7,0,False
CB-1158,2025-08-18,16.0,145,4.68,7,0,False
CB-1158,2025-08-25,25.0,120,4.68,7,0,False
CB-1158,2025-09-01,29.0,91,4.68,7,0,False
CB-1158,2025-09-08,27.0,64,4.68,7,0,False
CB-1158,2025-09-15,10.0,54,4.68,7,0,False
CB-1158,2025-09-22,26.0,28,4.68,7,0,False
CB-1158,2025-09-29,31.0,124,4.68,7,0,False
CB-1158,2025-10-06,39.0,85,4.68,7,0,False
CB-1158,2025-10-13,19.0,66,4.68,7,0,False
CB-1158,2025-10-20,21.0,45,4.68,7,0,False
CB-1158,2025-10-27,24.0,21,4.68,7,0,False
CB-1158,2025-11-03,29.0,120,4.68,7,0,False
CB-1158,2025-11-10,28.0,92,4.68,7,0,False
CB-1158,2025-11-17,34.0,58,4.68,7,0,False
CB-1158,2025-11-24,18.0,40,4.68,7,0,False
CB-1158,2025-12-01,34.0,133,4.68,7,0,False
CB-1158,2025-12-08,23.0,110,4.68,7,0,False
CB-1158,2025-12-15,30.0,80,4.68,7,0,False
CB-1158,2025-12-22,53.0,27,4.68,7,0,False
CB-1159,2024-01-01,25.0,154,54.93,35,0,False
CB-1159,2024-01-08,49.0,105,54.93,35,0,False
CB-1159,2024-01-15,66.0,39,54.93,35,0,False
CB-1159,2024-01-22,52.0,0,54.93,35,1,False
CB-1159,2024-01-29,49.0,0,54.93,35,1,False
CB-1159,2024-02-05,76.0,148,54.93,35,0,False
CB-1159,2024-02-12,59.0,89,54.93,35,0,False
CB-1159,2024-02-19,70.0,244,54.93,35,0,False
CB-1159,2024-02-26,69.0,175,54.93,35,0,False
CB-1159,2024-03-04,0.0,175,54.93,35,0,False
CB-1159,2024-03-11,55.0,120,54.93,35,0,False
CB-1159,2024-03-18,36.0,84,54.93,35,0,False
CB-1159,2024-03-25,41.0,267,54.93,35,0,False
CB-1159,2024-04-01,88.0,179,54.93,35,0,False
CB-1159,2024-04-08,51.0,128,54.93,35,0,False
CB-1159,2024-04-15,97.0,31,54.93,35,0,False
CB-1159,2024-04-22,29.0,2,54.93,35,0,False
CB-1159,2024-04-29,36.0,190,54.93,35,0,False
CB-1159,2024-05-06,72.0,118,54.93,35,0,False
CB-1159,2024-05-13,49.0,69,54.93,35,0,False
CB-1159,2024-05-20,61.0,233,54.93,35,0,False
CB-1159,2024-05-27,52.0,181,54.93,35,0,False
CB-1159,2024-06-03,50.0,131,54.93,35,0,False
CB-1159,2024-06-10,46.0,85,54.93,35,0,False
CB-1159,2024-06-17,54.0,255,54.93,35,0,False
CB-1159,2024-06-24,60.0,195,54.93,35,0,False
CB-1159,2024-07-01,75.0,120,54.93,35,0,False
CB-1159,2024-07-08,43.0,77,54.93,35,0,False
CB-1159,2024-07-15,39.0,38,54.93,35,0,False
CB-1159,2024-07-22,36.0,226,54.93,35,0,False
CB-1159,2024-07-29,65.0,161,54.93,35,0,False
CB-1159,2024-08-05,52.0,109,54.93,35,0,False
CB-1159,2024-08-12,14.0,95,54.93,35,0,False
CB-1159,2024-08-19,13.0,307,54.93,35,0,False
CB-1159,2024-08-26,28.0,279,54.93,35,0,False
CB-1159,2024-09-02,41.0,238,54.93,35,0,False
CB-1159,2024-09-09,37.0,201,54.93,35,0,False
CB-1159,2024-09-16,44.0,157,54.93,35,0,False
CB-1159,2024-09-23,35.0,122,54.93,35,0,False
CB-1159,2024-09-30,55.0,291,54.93,35,0,False
CB-1159,2024-10-07,47.0,244,54.93,35,0,False
CB-1159,2024-10-14,39.0,205,54.93,35,0,False
CB-1159,2024-10-21,53.0,152,54.93,35,0,False
CB-1159,2024-10-28,16.0,136,54.93,35,0,False
CB-1159,2024-11-04,39.0,321,54.93,35,0,False
CB-1159,2024-11-11,43.0,278,54.93,35,0,False
CB-1159,2024-11-18,51.0,227,54.93,35,0,False
CB-1159,2024-11-25,17.0,210,54.93,35,0,False
CB-1159,2024-12-02,41.0,169,54.93,35,0,False
CB-1159,2024-12-09,53.0,116,54.93,35,0,False
CB-1159,2024-12-16,56.0,285,54.93,35,0,False
CB-1159,2024-12-23,70.0,215,54.93,35,0,False
CB-1159,2024-12-30,64.0,151,54.93,35,0,False
CB-1159,2025-01-06,51.0,100,54.93,35,0,False
CB-1159,2025-01-13,67.0,33,54.93,35,0,False
CB-1159,2025-01-20,52.0,205,54.93,35,0,False
CB-1159,2025-01-27,60.0,145,54.93,35,0,False
CB-1159,2025-02-03,75.0,70,54.93,35,0,False
CB-1159,2025-02-10,59.0,11,54.93,35,0,False
CB-1159,2025-02-17,69.0,166,54.93,35,0,False
CB-1159,2025-02-24,83.0,83,54.93,35,0,False
CB-1159,2025-03-03,79.0,4,54.93,35,0,False
CB-1159,2025-03-10,92.0,137,54.93,35,0,False
CB-1159,2025-03-17,118.0,19,54.93,35,0,False
CB-1159,2025-03-24,81.0,0,54.93,35,1,False
CB-1159,2025-03-31,55.0,0,54.93,35,1,False
CB-1159,2025-04-07,77.0,147,54.93,35,0,False
CB-1159,2025-04-14,76.0,71,54.93,35,0,False
CB-1159,2025-04-21,79.0,217,54.93,35,0,False
CB-1159,2025-04-28,98.0,119,54.93,35,0,False
CB-1159,2025-05-05,26.0,93,54.93,35,0,False
CB-1159,2025-05-12,96.0,0,54.93,35,1,False
CB-1159,2025-05-19,102.0,122,54.93,35,0,False
CB-1159,2025-05-26,73.0,49,54.93,35,0,False
CB-1159,2025-06-02,72.0,0,54.93,35,1,False
CB-1159,2025-06-09,53.0,0,54.93,35,1,False
CB-1159,2025-06-16,57.0,167,54.93,35,0,False
CB-1159,2025-06-23,69.0,98,54.93,35,0,False
CB-1159,2025-06-30,66.0,257,54.93,35,0,False
CB-1159,2025-07-07,66.0,191,54.93,35,0,False
CB-1159,2025-07-14,62.0,129,54.93,35,0,False
CB-1159,2025-07-21,65.0,64,54.93,35,0,False
CB-1159,2025-07-28,61.0,3,54.93,35,0,False
CB-1159,2025-08-04,30.0,197,54.93,35,0,False
CB-1159,2025-08-11,59.0,138,54.93,35,0,False
CB-1159,2025-08-18,73.0,65,54.93,35,0,False
CB-1159,2025-08-25,43.0,246,54.93,35,0,False
CB-1159,2025-09-01,65.0,181,54.93,35,0,False
CB-1159,2025-09-08,29.0,152,54.93,35,0,False
CB-1159,2025-09-15,41.0,111,54.93,35,0,False
CB-1159,2025-09-22,32.0,304,54.93,35,0,False
CB-1159,2025-09-29,61.0,243,54.93,35,0,False
CB-1159,2025-10-06,66.0,177,54.93,35,0,False
CB-1159,2025-10-13,41.0,136,54.93,35,0,False
CB-1159,2025-10-20,60.0,76,54.93,35,0,False
CB-1159,2025-10-27,68.0,8,54.93,35,0,False
CB-1159,2025-11-03,44.0,188,54.93,35,0,False
CB-1159,2025-11-10,48.0,140,54.93,35,0,False
CB-1159,2025-11-17,59.0,81,54.93,35,0,False
CB-1159,2025-11-24,34.0,47,54.93,35,0,False
CB-1159,2025-12-01,52.0,219,54.93,35,0,False
CB-1159,2025-12-08,90.0,129,54.93,35,0,False
CB-1159,2025-12-15,44.0,85,54.93,35,0,False
CB-1159,2025-12-22,71.0,14,54.93,35,0,False
CB-1160,2024-01-01,55.0,216,81.01,35,0,False
CB-1160,2024-01-08,84.0,132,81.01,35,0,False
CB-1160,2024-01-15,64.0,68,81.01,35,0,False
CB-1160,2024-01-22,69.0,0,81.01,35,1,False
CB-1160,2024-01-29,89.0,0,81.01,35,1,False
CB-1160,2024-02-05,53.0,163,81.01,35,0,False
CB-1160,2024-02-12,38.0,125,81.01,35,0,False
CB-1160,2024-02-19,99.0,241,81.01,35,0,False
CB-1160,2024-02-26,65.0,176,81.01,35,0,False
CB-1160,2024-03-04,83.0,93,81.01,35,0,False
CB-1160,2024-03-11,47.0,46,81.01,35,0,False
CB-1160,2024-03-18,73.0,0,81.01,35,1,False
CB-1160,2024-03-25,40.0,176,81.01,35,0,False
CB-1160,2024-04-01,67.0,109,81.01,35,0,False
CB-1160,2024-04-08,51.0,58,81.01,35,0,False
CB-1160,2024-04-15,45.0,228,81.01,35,0,False
CB-1160,2024-04-22,58.0,170,81.01,35,0,False
CB-1160,2024-04-29,13.0,157,81.01,35,0,False
CB-1160,2024-05-06,38.0,119,81.01,35,0,False
CB-1160,2024-05-13,80.0,255,81.01,35,0,False
CB-1160,2024-05-20,70.0,185,81.01,35,0,False
CB-1160,2024-05-27,38.0,147,81.01,35,0,False
CB-1160,2024-06-03,71.0,76,81.01,35,0,False
CB-1160,2024-06-10,40.0,36,81.01,35,0,False
CB-1160,2024-06-17,71.0,180,81.01,35,0,False
CB-1160,2024-06-24,53.0,127,81.01,35,0,False
CB-1160,2024-07-01,48.0,79,81.01,35,0,False
CB-1160,2024-07-08,51.0,28,81.01,35,0,False
CB-1160,2024-07-15,97.0,147,81.01,35,0,False
CB-1160,2024-07-22,36.0,111,81.01,35,0,False
CB-1160,2024-07-29,52.0,59,81.01,35,0,False
CB-1160,2024-08-05,60.0,0,81.01,35,1,False
CB-1160,2024-08-12,30.0,186,81.01,35,0,False
CB-1160,2024-08-19,20.0,166,81.01,35,0,False
CB-1160,2024-08-26,34.0,132,81.01,35,0,False
CB-1160,2024-09-02,54.0,293,81.01,35,0,False
CB-1160,2024-09-09,37.0,256,81.01,35,0,False
CB-1160,2024-09-16,39.0,217,81.01,35,0,False
CB-1160,2024-09-23,55.0,162,81.01,35,0,False
CB-1160,2024-09-30,30.0,132,81.01,35,0,False
CB-1160,2024-10-07,41.0,91,81.01,35,0,False
CB-1160,2024-10-14,20.0,287,81.01,35,0,False
CB-1160,2024-10-21,48.0,239,81.01,35,0,False
CB-1160,2024-10-28,47.0,192,81.01,35,0,False
CB-1160,2024-11-04,57.0,135,81.01,35,0,False
CB-1160,2024-11-11,27.0,108,81.01,35,0,False
CB-1160,2024-11-18,44.0,279,81.01,35,0,False
CB-1160,2024-11-25,27.0,252,81.01,35,0,False
CB-1160,2024-12-02,46.0,206,81.01,35,0,False
CB-1160,2024-12-09,79.0,127,81.01,35,0,False
CB-1160,2024-12-16,48.0,79,81.01,35,0,False
CB-1160,2024-12-23,29.0,266,81.01,35,0,False
CB-1160,2024-12-30,44.0,222,81.01,35,0,False
CB-1160,2025-01-06,26.0,196,81.01,35,0,False
CB-1160,2025-01-13,33.0,163,81.01,35,0,False
CB-1160,2025-01-20,77.0,86,81.01,35,0,False
CB-1160,2025-01-27,32.0,269,81.01,35,0,False
CB-1160,2025-02-03,73.0,196,81.01,35,0,False
CB-1160,2025-02-10,68.0,128,81.01,35,0,False
CB-1160,2025-02-17,56.0,72,81.01,35,0,False
CB-1160,2025-02-24,76.0,0,81.01,35,1,False
CB-1160,2025-03-03,48.0,168,81.01,35,0,False
CB-1160,2025-03-10,93.0,75,81.01,35,0,False
CB-1160,2025-03-17,55.0,20,81.01,35,0,False
CB-1160,2025-03-24,63.0,0,81.01,35,1,False
CB-1160,2025-03-31,61.0,155,81.01,35,0,False
CB-1160,2025-04-07,91.0,64,81.01,35,0,False
CB-1160,2025-04-14,87.0,0,81.01,35,1,False
CB-1160,2025-04-21,6.0,210,81.01,35,0,False
CB-1160,2025-04-28,79.0,131,81.01,35,0,False
CB-1160,2025-05-05,28.0,103,81.01,35,0,False
CB-1160,2025-05-12,62.0,256,81.01,35,0,False
CB-1160,2025-05-19,67.0,189,81.01,35,0,False
CB-1160,2025-05-26,60.0,129,81.01,35,0,False
CB-1160,2025-06-02,79.0,50,81.01,35,0,False
CB-1160,2025-06-09,82.0,0,81.01,35,1,False
CB-1160,2025-06-16,47.0,169,81.01,35,0,False
CB-1160,2025-06-23,45.0,124,81.01,35,0,False
CB-1160,2025-06-30,60.0,64,81.01,35,0,False
CB-1160,2025-07-07,27.0,252,81.01,35,0,False
CB-1160,2025-07-14,48.0,204,81.01,35,0,False
CB-1160,2025-07-21,82.0,122,81.01,35,0,False
CB-1160,2025-07-28,25.0,97,81.01,35,0,False
CB-1160,2025-08-04,46.0,267,81.01,35,0,False
CB-1160,2025-08-11,41.0,226,81.01,35,0,False
CB-1160,2025-08-18,85.0,141,81.01,35,0,False
CB-1160,2025-08-25,40.0,101,81.01,35,0,False
CB-1160,2025-09-01,40.0,61,81.01,35,0,False
CB-1160,2025-09-08,30.0,246,81.01,35,0,False
CB-1160,2025-09-15,47.0,199,81.01,35,0,False
CB-1160,2025-09-22,51.0,148,81.01,35,0,False
CB-1160,2025-09-29,32.0,116,81.01,35,0,False
CB-1160,2025-10-06,63.0,269,81.01,35,0,False
CB-1160,2025-10-13,52.0,217,81.01,35,0,False
CB-1160,2025-10-20,62.0,155,81.01,35,0,False
CB-1160,2025-10-27,43.0,112,81.01,35,0,False
CB-1160,2025-11-03,54.0,58,81.01,35,0,False
CB-1160,2025-11-10,47.0,226,81.01,35,0,False
CB-1160,2025-11-17,79.0,147,81.01,35,0,False
CB-1160,2025-11-24,56.0,91,81.01,35,0,False
CB-1160,2025-12-01,56.0,35,81.01,35,0,False
CB-1160,2025-12-08,49.0,202,81.01,35,0,False
CB-1160,2025-12-15,49.0,153,81.01,35,0,False
CB-1160,2025-12-22,67.0,86,81.01,35,0,False
CB-1161,2024-01-01,95.0,303,141.18,28,0,False
CB-1161,2024-01-08,98.0,205,141.18,28,0,False
CB-1161,2024-01-15,103.0,102,141.18,28,0,False
CB-1161,2024-01-22,89.0,13,141.18,28,0,False
CB-1161,2024-01-29,98.0,333,141.18,28,0,False
CB-1161,2024-02-05,96.0,237,141.18,28,0,False
CB-1161,2024-02-12,111.0,126,141.18,28,0,False
CB-1161,2024-02-19,105.0,440,141.18,28,0,False
CB-1161,2024-02-26,111.0,329,141.18,28,0,False
CB-1161,2024-03-04,106.0,223,141.18,28,0,False
CB-1161,2024-03-11,115.0,108,141.18,28,0,False
CB-1161,2024-03-18,109.0,0,141.18,28,1,False
CB-1161,2024-03-25,128.0,291,141.18,28,0,False
CB-1161,2024-04-01,125.0,166,141.18,28,0,False
CB-1161,2024-04-08,122.0,44,141.18,28,0,False
CB-1161,2024-04-15,118.0,344,141.18,28,0,False
CB-1161,2024-04-22,100.0,244,141.18,28,0,False
CB-1161,2024-04-29,115.0,129,141.18,28,0,False
CB-1161,2024-05-06,111.0,18,141.18,28,0,False
CB-1161,2024-05-13,119.0,318,141.18,28,0,False
CB-1161,2024-05-20,120.0,198,141.18,28,0,False
CB-1161,2024-05-27,115.0,83,141.18,28,0,False
CB-1161,2024-06-03,121.0,0,141.18,28,1,False
CB-1161,2024-06-10,103.0,316,141.18,28,0,False
CB-1161,2024-06-17,100.0,216,141.18,28,0,False
CB-1161,2024-06-24,111.0,105,141.18,28,0,False
CB-1161,2024-07-01,101.0,422,141.18,28,0,False
CB-1161,2024-07-08,95.0,327,141.18,28,0,False
CB-1161,2024-07-15,108.0,219,141.18,28,0,False
CB-1161,2024-07-22,96.0,123,141.18,28,0,False
CB-1161,2024-07-29,88.0,454,141.18,28,0,False
CB-1161,2024-08-05,82.0,372,141.18,28,0,False
CB-1161,2024-08-12,93.0,279,141.18,28,0,False
CB-1161,2024-08-19,84.0,195,141.18,28,0,False
CB-1161,2024-08-26,81.0,114,141.18,28,0,False
CB-1161,2024-09-02,84.0,448,141.18,28,0,False
CB-1161,2024-09-09,84.0,364,141.18,28,0,False
CB-1161,2024-09-16,81.0,283,141.18,28,0,False
CB-1161,2024-09-23,82.0,201,141.18,28,0,False
CB-1161,2024-09-30,80.0,121,141.18,28,0,False
CB-1161,2024-10-07,81.0,459,141.18,28,0,False
CB-1161,2024-10-14,74.0,385,141.18,28,0,False
CB-1161,2024-10-21,91.0,294,141.18,28,0,False
CB-1161,2024-10-28,73.0,221,141.18,28,0,False
CB-1161,2024-11-04,85.0,136,141.18,28,0,False
CB-1161,2024-11-11,76.0,478,141.18,28,0,False
CB-1161,2024-11-18,86.0,392,141.18,28,0,False
CB-1161,2024-11-25,86.0,306,141.18,28,0,False
CB-1161,2024-12-02,94.0,212,141.18,28,0,False
CB-1161,2024-12-09,98.0,114,141.18,28,0,False
CB-1161,2024-12-16,91.0,442,141.18,28,0,False
CB-1161,2024-12-23,102.0,340,141.18,28,0,False
CB-1161,2024-12-30,118.0,222,141.18,28,0,False
CB-1161,2025-01-06,98.0,124,141.18,28,0,False
CB-1161,2025-01-13,105.0,19,141.18,28,0,False
CB-1161,2025-01-20,124.0,313,141.18,28,0,False
CB-1161,2025-01-27,120.0,193,141.18,28,0,False
CB-1161,2025-02-03,124.0,69,141.18,28,0,False
CB-1161,2025-02-10,135.0,0,141.18,28,1,False
CB-1161,2025-02-17,119.0,300,141.18,28,0,False
CB-1161,2025-02-24,124.0,176,141.18,28,0,False
CB-1161,2025-03-03,125.0,51,141.18,28,0,False
CB-1161,2025-03-10,130.0,339,141.18,28,0,False
CB-1161,2025-03-17,149.0,190,141.18,28,0,False
CB-1161,2025-03-24,117.0,73,141.18,28,0,False
CB-1161,2025-03-31,123.0,0,141.18,28,1,False
CB-1161,2025-04-07,121.0,298,141.18,28,0,False
CB-1161,2025-04-14,151.0,147,141.18,28,0,False
CB-1161,2025-04-21,128.0,19,141.18,28,0,False
CB-1161,2025-04-28,130.0,307,141.18,28,0,False
CB-1161,2025-05-05,115.0,192,141.18,28,0,False
CB-1161,2025-05-12,128.0,64,141.18,28,0,False
CB-1161,2025-05-19,138.0,0,141.18,28,1,False
CB-1161,2025-05-26,129.0,290,141.18,28,0,False
CB-1161,2025-06-02,123.0,167,141.18,28,0,False
CB-1161,2025-06-09,106.0,61,141.18,28,0,False
CB-1161,2025-06-16,115.0,364,141.18,28,0,False
CB-1161,2025-06-23,116.0,248,141.18,28,0,False
CB-1161,2025-06-30,103.0,145,141.18,28,0,False
CB-1161,2025-07-07,114.0,31,141.18,28,0,False
CB-1161,2025-07-14,113.0,337,141.18,28,0,False
CB-1161,2025-07-21,98.0,239,141.18,28,0,False
CB-1161,2025-07-28,105.0,134,141.18,28,0,False
CB-1161,2025-08-04,96.0,38,141.18,28,0,False
CB-1161,2025-08-11,103.0,353,141.18,28,0,False
CB-1161,2025-08-18,107.0,246,141.18,28,0,False
CB-1161,2025-08-25,82.0,164,141.18,28,0,False
CB-1161,2025-09-01,94.0,70,141.18,28,0,False
CB-1161,2025-09-08,97.0,392,141.18,28,0,False
CB-1161,2025-09-15,80.0,312,141.18,28,0,False
CB-1161,2025-09-22,82.0,230,141.18,28,0,False
CB-1161,2025-09-29,82.0,148,141.18,28,0,False
CB-1161,2025-10-06,86.0,480,141.18,28,0,False
CB-1161,2025-10-13,85.0,395,141.18,28,0,False
CB-1161,2025-10-20,87.0,308,141.18,28,0,False
CB-1161,2025-10-27,96.0,212,141.18,28,0,False
CB-1161,2025-11-03,78.0,134,141.18,28,0,False
CB-1161,2025-11-10,87.0,466,141.18,28,0,False
CB-1161,2025-11-17,102.0,364,141.18,28,0,False
CB-1161,2025-11-24,105.0,259,141.18,28,0,False
CB-1161,2025-12-01,95.0,164,141.18,28,0,False
CB-1161,2025-12-08,112.0,52,141.18,28,0,False
CB-1161,2025-12-15,122.0,348,141.18,28,0,False
CB-1161,2025-12-22,114.0,234,141.18,28,0,False
CB-1162,2024-01-01,123.0,296,179.47,42,0,False
CB-1162,2024-01-08,104.0,192,179.47,42,0,False
CB-1162,2024-01-15,116.0,76,179.47,42,0,False
CB-1162,2024-01-22,129.0,0,179.47,42,1,False
CB-1162,2024-01-29,123.0,0,179.47,42,1,False
CB-1162,2024-02-05,108.0,0,179.47,42,1,False
CB-1162,2024-02-12,133.0,353,179.47,42,0,False
CB-1162,2024-02-19,121.0,718,179.47,42,0,False
CB-1162,2024-02-26,120.0,598,179.47,42,0,False
CB-1162,2024-03-04,117.0,481,179.47,42,0,False
CB-1162,2024-03-11,150.0,331,179.47,42,0,False
CB-1162,2024-03-18,129.0,202,179.47,42,0,False
CB-1162,2024-03-25,143.0,59,179.47,42,0,False
CB-1162,2024-04-01,146.0,399,179.47,42,0,False
CB-1162,2024-04-08,142.0,257,179.47,42,0,False
CB-1162,2024-04-15,143.0,114,179.47,42,0,False
CB-1162,2024-04-22,143.0,0,179.47,42,1,False
CB-1162,2024-04-29,140.0,346,179.47,42,0,False
CB-1162,2024-05-06,128.0,218,179.47,42,0,False
CB-1162,2024-05-13,126.0,92,179.47,42,0,False
CB-1162,2024-05-20,132.0,446,179.47,42,0,False
CB-1162,2024-05-27,129.0,317,179.47,42,0,False
CB-1162,2024-06-03,132.0,185,179.47,42,0,False
CB-1162,2024-06-10,136.0,49,179.47,42,0,False
CB-1162,2024-06-17,125.0,410,179.47,42,0,False
CB-1162,2024-06-24,111.0,299,179.47,42,0,False
CB-1162,2024-07-01,95.0,204,179.47,42,0,False
CB-1162,2024-07-08,105.0,99,179.47,42,0,False
CB-1162,2024-07-15,97.0,489,179.47,42,0,False
CB-1162,2024-07-22,100.0,389,179.47,42,0,False
CB-1162,2024-07-29,105.0,284,179.47,42,0,False
CB-1162,2024-08-05,101.0,183,179.47,42,0,False
CB-1162,2024-08-12,112.0,557,179.47,42,0,False
CB-1162,2024-08-19,99.0,458,179.47,42,0,False
CB-1162,2024-08-26,108.0,350,179.47,42,0,False
CB-1162,2024-09-02,97.0,253,179.47,42,0,False
CB-1162,2024-09-09,98.0,155,179.47,42,0,False
CB-1162,2024-09-16,87.0,554,179.47,42,0,False
CB-1162,2024-09-23,82.0,472,179.47,42,0,False
CB-1162,2024-09-30,86.0,386,179.47,42,0,False
CB-1162,2024-10-07,90.0,296,179.47,42,0,False
CB-1162,2024-10-14,86.0,696,179.47,42,0,False
CB-1162,2024-10-21,84.0,612,179.47,42,0,False
CB-1162,2024-10-28,97.0,515,179.47,42,0,False
CB-1162,2024-11-04,88.0,427,179.47,42,0,False
CB-1162,2024-11-11,86.0,341,179.47,42,0,False
CB-1162,2024-11-18,92.0,249,179.47,42,0,False
CB-1162,2024-11-25,102.0,633,179.47,42,0,False
CB-1162,2024-12-02,99.0,534,179.47,42,0,False
CB-1162,2024-12-09,109.0,425,179.47,42,0,False
CB-1162,2024-12-16,120.0,305,179.47,42,0,False
CB-1162,2024-12-23,124.0,181,179.47,42,0,False
CB-1162,2024-12-30,116.0,551,179.47,42,0,False
CB-1162,2025-01-06,113.0,438,179.47,42,0,False
CB-1162,2025-01-13,124.0,314,179.47,42,0,False
CB-1162,2025-01-20,141.0,173,179.47,42,0,False
CB-1162,2025-01-27,148.0,25,179.47,42,0,False
CB-1162,2025-02-03,145.0,367,179.47,42,0,False
CB-1162,2025-02-10,159.0,208,179.47,42,0,False
CB-1162,2025-02-17,168.0,40,179.47,42,0,False
CB-1162,2025-02-24,145.0,0,179.47,42,1,False
CB-1162,2025-03-03,171.0,315,179.47,42,0,False
CB-1162,2025-03-10,151.0,164,179.47,42,0,False
CB-1162,2025-03-17,169.0,0,179.47,42,1,False
CB-1162,2025-03-24,166.0,320,179.47,42,0,False
CB-1162,2025-03-31,133.0,187,179.47,42,0,False
CB-1162,2025-04-07,146.0,41,179.47,42,0,False
CB-1162,2025-04-14,142.0,0,179.47,42,1,False
CB-1162,2025-04-21,134.0,352,179.47,42,0,False
CB-1162,2025-04-28,166.0,186,179.47,42,0,False
CB-1162,2025-05-05,179.0,7,179.47,42,0,False
CB-1162,2025-05-12,148.0,345,179.47,42,0,False
CB-1162,2025-05-19,159.0,186,179.47,42,0,False
CB-1162,2025-05-26,164.0,22,179.47,42,0,False
CB-1162,2025-06-02,146.0,0,179.47,42,1,False
CB-1162,2025-06-09,140.0,346,179.47,42,0,False
CB-1162,2025-06-16,134.0,212,179.47,42,0,False
CB-1162,2025-06-23,139.0,73,179.47,42,0,False
CB-1162,2025-06-30,139.0,420,179.47,42,0,False
CB-1162,2025-07-07,131.0,289,179.47,42,0,False
CB-1162,2025-07-14,127.0,162,179.47,42,0,False
CB-1162,2025-07-21,118.0,44,179.47,42,0,False
CB-1162,2025-07-28,101.0,429,179.47,42,0,False
CB-1162,2025-08-04,120.0,309,179.47,42,0,False
CB-1162,2025-08-11,98.0,211,179.47,42,0,False
CB-1162,2025-08-18,112.0,99,179.47,42,0,False
CB-1162,2025-08-25,111.0,475,179.47,42,0,False
CB-1162,2025-09-01,93.0,382,179.47,42,0,False
CB-1162,2025-09-08,96.0,286,179.47,42,0,False
CB-1162,2025-09-15,117.0,169,179.47,42,0,False
CB-1162,2025-09-22,99.0,556,179.47,42,0,False
CB-1162,2025-09-29,90.0,466,179.47,42,0,False
CB-1162,2025-10-06,107.0,359,179.47,42,0,False
CB-1162,2025-10-13,95.0,264,179.47,42,0,False
CB-1162,2025-10-20,87.0,177,179.47,42,0,False
CB-1162,2025-10-27,109.0,554,179.47,42,0,False
CB-1162,2025-11-03,99.0,455,179.47,42,0,False
CB-1162,2025-11-10,112.0,343,179.47,42,0,False
CB-1162,2025-11-17,105.0,238,179.47,42,0,False
CB-1162,2025-11-24,123.0,601,179.47,42,0,False
CB-1162,2025-12-01,122.0,479,179.47,42,0,False
CB-1162,2025-12-08,98.0,381,179.47,42,0,False
CB-1162,2025-12-15,132.0,249,179.47,42,0,False
CB-1162,2025-12-22,129.0,120,179.47,42,0,False
CB-1163,2024-01-01,0.0,14,151.05,35,0,False
CB-1163,2024-01-08,0.0,14,151.05,35,0,False
CB-1163,2024-01-15,0.0,14,151.05,35,0,False
CB-1163,2024-01-22,21.0,0,151.05,35,1,False
CB-1163,2024-01-29,0.0,0,151.05,35,0,False
CB-1163,2024-02-05,0.0,44,151.05,35,0,False
CB-1163,2024-02-12,0.0,88,151.05,35,0,False
CB-1163,2024-02-19,17.0,71,151.05,35,0,False
CB-1163,2024-02-26,34.0,37,151.05,35,0,False
CB-1163,2024-03-04,24.0,13,151.05,35,0,False
CB-1163,2024-03-11,0.0,13,151.05,35,0,False
CB-1163,2024-03-18,0.0,13,151.05,35,0,False
CB-1163,2024-03-25,0.0,57,151.05,35,0,False
CB-1163,2024-04-01,25.0,32,151.05,35,0,False
CB-1163,2024-04-08,0.0,76,151.05,35,0,False
CB-1163,2024-04-15,29.0,47,151.05,35,0,False
CB-1163,2024-04-22,0.0,47,151.05,35,0,False
CB-1163,2024-04-29,55.0,0,151.05,35,1,False
CB-1163,2024-05-06,15.0,0,151.05,35,1,False
CB-1163,2024-05-13,56.0,0,151.05,35,1,False
CB-1163,2024-05-20,0.0,44,151.05,35,0,False
CB-1163,2024-05-27,0.0,44,151.05,35,0,False
CB-1163,2024-06-03,0.0,88,151.05,35,0,False
CB-1163,2024-06-10,0.0,88,151.05,35,0,False
CB-1163,2024-06-17,0.0,88,151.05,35,0,False
CB-1163,2024-06-24,0.0,88,151.05,35,0,False
CB-1163,2024-07-01,0.0,88,151.05,35,0,False
CB-1163,2024-07-08,0.0,88,151.05,35,0,False
CB-1163,2024-07-15,0.0,88,151.05,35,0,False
CB-1163,2024-07-22,53.0,35,151.05,35,0,False
CB-1163,2024-07-29,60.0,0,151.05,35,1,False
CB-1163,2024-08-05,0.0,0,151.05,35,0,False
CB-1163,2024-08-12,22.0,0,151.05,35,1,False
CB-1163,2024-08-19,0.0,0,151.05,35,0,False
CB-1163,2024-08-26,0.0,44,151.05,35,0,False
CB-1163,2024-09-02,0.0,88,151.05,35,0,False
CB-1163,2024-09-09,0.0,88,151.05,35,0,False
CB-1163,2024-09-16,35.0,53,151.05,35,0,False
CB-1163,2024-09-23,0.0,53,151.05,35,0,False
CB-1163,2024-09-30,0.0,53,151.05,35,0,False
CB-1163,2024-10-07,0.0,53,151.05,35,0,False
CB-1163,2024-10-14,0.0,53,151.05,35,0,False
CB-1163,2024-10-21,42.0,55,151.05,35,0,False
CB-1163,2024-10-28,0.0,55,151.05,35,0,False
CB-1163,2024-11-04,0.0,55,151.05,35,0,False
CB-1163,2024-11-11,43.0,12,151.05,35,0,False
CB-1163,2024-11-18,0.0,12,151.05,35,0,False
CB-1163,2024-11-25,14.0,42,151.05,35,0,False
CB-1163,2024-12-02,0.0,42,151.05,35,0,False
CB-1163,2024-12-09,32.0,10,151.05,35,0,False
CB-1163,2024-12-16,0.0,55,151.05,35,0,False
CB-1163,2024-12-23,0.0,55,151.05,35,0,False
CB-1163,2024-12-30,0.0,55,151.05,35,0,False
CB-1163,2025-01-06,0.0,55,151.05,35,0,False
CB-1163,2025-01-13,30.0,69,151.05,35,0,False
CB-1163,2025-01-20,10.0,59,151.05,35,0,False
CB-1163,2025-01-27,38.0,21,151.05,35,0,False
CB-1163,2025-02-03,13.0,8,151.05,35,0,False
CB-1163,2025-02-10,0.0,8,151.05,35,0,False
CB-1163,2025-02-17,44.0,8,151.05,35,0,False
CB-1163,2025-02-24,0.0,8,151.05,35,0,False
CB-1163,2025-03-03,0.0,52,151.05,35,0,False
CB-1163,2025-03-10,5.0,47,151.05,35,0,False
CB-1163,2025-03-17,0.0,47,151.05,35,0,False
CB-1163,2025-03-24,0.0,91,151.05,35,0,False
CB-1163,2025-03-31,24.0,67,151.05,35,0,False
CB-1163,2025-04-07,0.0,67,151.05,35,0,False
CB-1163,2025-04-14,35.0,32,151.05,35,0,False
CB-1163,2025-04-21,0.0,32,151.05,35,0,False
CB-1163,2025-04-28,0.0,32,151.05,35,0,False
CB-1163,2025-05-05,0.0,76,151.05,35,0,False
CB-1163,2025-05-12,0.0,76,151.05,35,0,False
CB-1163,2025-05-19,0.0,76,151.05,35,0,False
CB-1163,2025-05-26,0.0,76,151.05,35,0,False
CB-1163,2025-06-02,0.0,76,151.05,35,0,False
CB-1163,2025-06-09,0.0,76,151.05,35,0,False
CB-1163,2025-06-16,0.0,76,151.05,35,0,False
CB-1163,2025-06-23,59.0,17,151.05,35,0,False
CB-1163,2025-06-30,0.0,17,151.05,35,0,False
CB-1163,2025-07-07,36.0,0,151.05,35,1,False
CB-1163,2025-07-14,0.0,0,151.05,35,0,False
CB-1163,2025-07-21,0.0,0,151.05,35,0,False
CB-1163,2025-07-28,0.0,44,151.05,35,0,False
CB-1163,2025-08-04,42.0,46,151.05,35,0,False
CB-1163,2025-08-11,42.0,4,151.05,35,0,False
CB-1163,2025-08-18,0.0,4,151.05,35,0,False
CB-1163,2025-08-25,0.0,4,151.05,35,0,False
CB-1163,2025-09-01,32.0,0,151.05,35,1,False
CB-1163,2025-09-08,0.0,44,151.05,35,0,False
CB-1163,2025-09-15,15.0,73,151.05,35,0,False
CB-1163,2025-09-22,52.0,21,151.05,35,0,False
CB-1163,2025-09-29,0.0,21,151.05,35,0,False
CB-1163,2025-10-06,0.0,21,151.05,35,0,False
CB-1163,2025-10-13,0.0,21,151.05,35,0,False
CB-1163,2025-10-20,,21,151.05,35,0,False
CB-1163,2025-10-27,0.0,65,151.05,35,0,False
CB-1163,2025-11-03,16.0,93,151.05,35,0,False
CB-1163,2025-11-10,51.0,42,151.05,35,0,False
CB-1163,2025-11-17,0.0,42,151.05,35,0,False
CB-1163,2025-11-24,0.0,42,151.05,35,0,False
CB-1163,2025-12-01,0.0,42,151.05,35,0,False
CB-1163,2025-12-08,0.0,42,151.05,35,0,False
CB-1163,2025-12-15,0.0,87,151.05,35,0,False
CB-1163,2025-12-22,0.0,87,151.05,35,0,False
CB-1164,2024-01-01,46.0,132,179.84,14,0,False
CB-1164,2024-01-08,48.0,84,179.84,14,0,False
CB-1164,2024-01-15,46.0,38,179.84,14,0,False
CB-1164,2024-01-22,55.0,200,179.84,14,0,False
CB-1164,2024-01-29,52.0,148,179.84,14,0,False
CB-1164,2024-02-05,52.0,96,179.84,14,0,False
CB-1164,2024-02-12,53.0,43,179.84,14,0,False
CB-1164,2024-02-19,61.0,198,179.84,14,0,False
CB-1164,2024-02-26,54.0,144,179.84,14,0,False
CB-1164,2024-03-04,55.0,89,179.84,14,0,False
CB-1164,2024-03-11,65.0,24,179.84,14,0,False
CB-1164,2024-03-18,61.0,180,179.84,14,0,False
CB-1164,2024-03-25,67.0,113,179.84,14,0,False
CB-1164,2024-04-01,60.0,53,179.84,14,0,False
CB-1164,2024-04-08,62.0,208,179.84,14,0,False
CB-1164,2024-04-15,63.0,145,179.84,14,0,False
CB-1164,2024-04-22,69.0,76,179.84,14,0,False
CB-1164,2024-04-29,68.0,8,179.84,14,0,False
CB-1164,2024-05-06,66.0,159,179.84,14,0,False
CB-1164,2024-05-13,57.0,102,179.84,14,0,False
CB-1164,2024-05-20,54.0,48,179.84,14,0,False
CB-1164,2024-05-27,61.0,203,179.84,14,0,False
CB-1164,2024-06-03,63.0,140,179.84,14,0,False
CB-1164,2024-06-10,61.0,79,179.84,14,0,False
CB-1164,2024-06-17,54.0,25,179.84,14,0,False
CB-1164,2024-06-24,56.0,186,179.84,14,0,False
CB-1164,2024-07-01,54.0,132,179.84,14,0,False
CB-1164,2024-07-08,50.0,82,179.84,14,0,False
CB-1164,2024-07-15,49.0,33,179.84,14,0,False
CB-1164,2024-07-22,47.0,203,179.84,14,0,False
CB-1164,2024-07-29,43.0,160,179.84,14,0,False
CB-1164,2024-08-05,42.0,118,179.84,14,0,False
CB-1164,2024-08-12,41.0,77,179.84,14,0,False
CB-1164,2024-08-19,37.0,40,179.84,14,0,False
CB-1164,2024-08-26,42.0,215,179.84,14,0,False
CB-1164,2024-09-02,41.0,174,179.84,14,0,False
CB-1164,2024-09-09,43.0,131,179.84,14,0,False
CB-1164,2024-09-16,44.0,87,179.84,14,0,False
CB-1164,2024-09-23,44.0,43,179.84,14,0,False
CB-1164,2024-09-30,44.0,215,179.84,14,0,False
CB-1164,2024-10-07,37.0,178,179.84,14,0,False
CB-1164,2024-10-14,36.0,142,179.84,14,0,False
CB-1164,2024-10-21,44.0,98,179.84,14,0,False
CB-1164,2024-10-28,46.0,52,179.84,14,0,False
CB-1164,2024-11-04,48.0,221,179.84,14,0,False
CB-1164,2024-11-11,45.0,176,179.84,14,0,False
CB-1164,2024-11-18,38.0,138,179.84,14,0,False
CB-1164,2024-11-25,47.0,91,179.84,14,0,False
CB-1164,2024-12-02,50.0,41,179.84,14,0,False
CB-1164,2024-12-09,54.0,204,179.84,14,0,False
CB-1164,2024-12-16,57.0,147,179.84,14,0,False
CB-1164,2024-12-23,56.0,91,179.84,14,0,False
CB-1164,2024-12-30,52.0,39,179.84,14,0,False
CB-1164,2025-01-06,52.0,204,179.84,14,0,False
CB-1164,2025-01-13,60.0,144,179.84,14,0,False
CB-1164,2025-01-20,56.0,88,179.84,14,0,False
CB-1164,2025-01-27,68.0,20,179.84,14,0,False
CB-1164,2025-02-03,54.0,183,179.84,14,0,False
CB-1164,2025-02-10,67.0,116,179.84,14,0,False
CB-1164,2025-02-17,67.0,49,179.84,14,0,False
CB-1164,2025-02-24,66.0,199,179.84,14,0,False
CB-1164,2025-03-03,63.0,136,179.84,14,0,False
CB-1164,2025-03-10,57.0,79,179.84,14,0,False
CB-1164,2025-03-17,66.0,13,179.84,14,0,False
CB-1164,2025-03-24,67.0,163,179.84,14,0,False
CB-1164,2025-03-31,76.0,87,179.84,14,0,False
CB-1164,2025-04-07,66.0,21,179.84,14,0,False
CB-1164,2025-04-14,72.0,166,179.84,14,0,False
CB-1164,2025-04-21,62.0,104,179.84,14,0,False
CB-1164,2025-04-28,72.0,32,179.84,14,0,False
CB-1164,2025-05-05,56.0,193,179.84,14,0,False
CB-1164,2025-05-12,79.0,114,179.84,14,0,False
CB-1164,2025-05-19,65.0,49,179.84,14,0,False
CB-1164,2025-05-26,50.0,215,179.84,14,0,False
CB-1164,2025-06-02,60.0,155,179.84,14,0,False
CB-1164,2025-06-09,58.0,97,179.84,14,0,False
CB-1164,2025-06-16,57.0,40,179.84,14,0,False
CB-1164,2025-06-23,57.0,200,179.84,14,0,False
CB-1164,2025-06-30,54.0,146,179.84,14,0,False
CB-1164,2025-07-07,52.0,94,179.84,14,0,False
CB-1164,2025-07-14,49.0,45,179.84,14,0,False
CB-1164,2025-07-21,56.0,206,179.84,14,0,False
CB-1164,2025-07-28,56.0,150,179.84,14,0,False
CB-1164,2025-08-04,49.0,101,179.84,14,0,False
CB-1164,2025-08-11,48.0,53,179.84,14,0,False
CB-1164,2025-08-18,43.0,227,179.84,14,0,False
CB-1164,2025-08-25,47.0,180,179.84,14,0,False
CB-1164,2025-09-01,46.0,134,179.84,14,0,False
CB-1164,2025-09-08,44.0,90,179.84,14,0,False
CB-1164,2025-09-15,46.0,44,179.84,14,0,False
CB-1164,2025-09-22,45.0,215,179.84,14,0,False
CB-1164,2025-09-29,41.0,174,179.84,14,0,False
CB-1164,2025-10-06,49.0,125,179.84,14,0,False
CB-1164,2025-10-13,44.0,81,179.84,14,0,False
CB-1164,2025-10-20,52.0,29,179.84,14,0,False
CB-1164,2025-10-27,48.0,198,179.84,14,0,False
CB-1164,2025-11-03,55.0,143,179.84,14,0,False
CB-1164,2025-11-10,53.0,90,179.84,14,0,False
CB-1164,2025-11-17,51.0,39,179.84,14,0,False
CB-1164,2025-11-24,49.0,207,179.84,14,0,False
CB-1164,2025-12-01,50.0,157,179.84,14,0,False
CB-1164,2025-12-08,57.0,100,179.84,14,0,False
CB-1164,2025-12-15,57.0,43,179.84,14,0,False
CB-1164,2025-12-22,56.0,204,179.84,14,0,False
CB-1165,2024-01-01,94.0,165,18.55,7,0,False
CB-1165,2024-01-08,49.0,116,18.55,7,0,False
CB-1165,2024-01-15,105.0,11,18.55,7,0,False
CB-1165,2024-01-22,94.0,253,18.55,7,0,False
CB-1165,2024-01-29,116.0,137,18.55,7,0,False
CB-1165,2024-02-05,113.0,24,18.55,7,0,False
CB-1165,2024-02-12,83.0,276,18.55,7,0,False
CB-1165,2024-02-19,83.0,193,18.55,7,0,False
CB-1165,2024-02-26,145.0,48,18.55,7,0,False
CB-1165,2024-03-04,82.0,302,18.55,7,0,False
CB-1165,2024-03-11,116.0,186,18.55,7,0,False
CB-1165,2024-03-18,80.0,106,18.55,7,0,False
CB-1165,2024-03-25,33.0,409,18.55,7,0,False
CB-1165,2024-04-01,54.0,355,18.55,7,0,False
CB-1165,2024-04-08,107.0,248,18.55,7,0,False
CB-1165,2024-04-15,117.0,131,18.55,7,0,False
CB-1165,2024-04-22,107.0,24,18.55,7,0,False
CB-1165,2024-04-29,130.0,230,18.55,7,0,False
CB-1165,2024-05-06,104.0,126,18.55,7,0,False
CB-1165,2024-05-13,66.0,60,18.55,7,0,False
CB-1165,2024-05-20,108.0,287,18.55,7,0,False
CB-1165,2024-05-27,93.0,194,18.55,7,0,False
CB-1165,2024-06-03,68.0,126,18.55,7,0,False
CB-1165,2024-06-10,98.0,28,18.55,7,0,False
CB-1165,2024-06-17,84.0,280,18.55,7,0,False
CB-1165,2024-06-24,63.0,217,18.55,7,0,False
CB-1165,2024-07-01,73.0,144,18.55,7,0,False
CB-1165,2024-07-08,113.0,31,18.55,7,0,False
CB-1165,2024-07-15,109.0,258,18.55,7,0,False
CB-1165,2024-07-22,76.0,182,18.55,7,0,False
CB-1165,2024-07-29,70.0,112,18.55,7,0,False
CB-1165,2024-08-05,34.0,414,18.55,7,0,False
CB-1165,2024-08-12,105.0,309,18.55,7,0,False
CB-1165,2024-08-19,87.0,222,18.55,7,0,False
CB-1165,2024-08-26,79.0,143,18.55,7,0,False
CB-1165,2024-09-02,13.0,130,18.55,7,0,False
CB-1165,2024-09-09,62.0,68,18.55,7,0,False
CB-1165,2024-09-16,57.0,346,18.55,7,0,False
CB-1165,2024-09-23,74.0,272,18.55,7,0,False
CB-1165,2024-09-30,50.0,222,18.55,7,0,False
CB-1165,2024-10-07,55.0,167,18.55,7,0,False
CB-1165,2024-10-14,74.0,93,18.55,7,0,False
CB-1165,2024-10-21,45.0,384,18.55,7,0,False
CB-1165,2024-10-28,50.0,334,18.55,7,0,False
CB-1165,2024-11-04,68.0,266,18.55,7,0,False
CB-1165,2024-11-11,97.0,169,18.55,7,0,False
CB-1165,2024-11-18,87.0,82,18.55,7,0,False
CB-1165,2024-11-25,96.0,322,18.55,7,0,False
CB-1165,2024-12-02,74.0,248,18.55,7,0,False
CB-1165,2024-12-09,113.0,135,18.55,7,0,False
CB-1165,2024-12-16,30.0,105,18.55,7,0,False
CB-1165,2024-12-23,136.0,304,18.55,7,0,False
CB-1165,2024-12-30,144.0,160,18.55,7,0,False
CB-1165,2025-01-06,98.0,62,18.55,7,0,False
CB-1165,2025-01-13,113.0,285,18.55,7,0,False
CB-1165,2025-01-20,89.0,196,18.55,7,0,False
CB-1165,2025-01-27,86.0,110,18.55,7,0,False
CB-1165,2025-02-03,75.0,371,18.55,7,0,False
CB-1165,2025-02-10,95.0,276,18.55,7,0,False
CB-1165,2025-02-17,118.0,158,18.55,7,0,False
CB-1165,2025-02-24,116.0,42,18.55,7,0,False
CB-1165,2025-03-03,174.0,204,18.55,7,0,False
CB-1165,2025-03-10,107.0,97,18.55,7,0,False
CB-1165,2025-03-17,50.0,382,18.55,7,0,False
CB-1165,2025-03-24,166.0,216,18.55,7,0,False
CB-1165,2025-03-31,61.0,155,18.55,7,0,False
CB-1165,2025-04-07,85.0,70,18.55,7,0,False
CB-1165,2025-04-14,116.0,290,18.55,7,0,False
CB-1165,2025-04-21,120.0,170,18.55,7,0,False
CB-1165,2025-04-28,51.0,119,18.55,7,0,False
CB-1165,2025-05-05,76.0,43,18.55,7,0,False
CB-1165,2025-05-12,49.0,330,18.55,7,0,False
CB-1165,2025-05-19,122.0,208,18.55,7,0,False
CB-1165,2025-05-26,139.0,69,18.55,7,0,False
CB-1165,2025-06-02,55.0,350,18.55,7,0,False
CB-1165,2025-06-09,127.0,223,18.55,7,0,False
CB-1165,2025-06-16,122.0,101,18.55,7,0,False
CB-1165,2025-06-23,69.0,367,18.55,7,0,False
CB-1165,2025-06-30,27.0,340,18.55,7,0,False
CB-1165,2025-07-07,53.0,287,18.55,7,0,False
CB-1165,2025-07-14,65.0,222,18.55,7,0,False
CB-1165,2025-07-21,123.0,99,18.55,7,0,False
CB-1165,2025-07-28,74.0,361,18.55,7,0,False
CB-1165,2025-08-04,49.0,312,18.55,7,0,False
CB-1165,2025-08-11,77.0,235,18.55,7,0,False
CB-1165,2025-08-18,39.0,196,18.55,7,0,False
CB-1165,2025-08-25,83.0,113,18.55,7,0,False
CB-1165,2025-09-01,45.0,404,18.55,7,0,False
CB-1165,2025-09-08,48.0,356,18.55,7,0,False
CB-1165,2025-09-15,76.0,280,18.55,7,0,False
CB-1165,2025-09-22,108.0,172,18.55,7,0,False
CB-1165,2025-09-29,118.0,54,18.55,7,0,False
CB-1165,2025-10-06,43.0,347,18.55,7,0,False
CB-1165,2025-10-13,54.0,293,18.55,7,0,False
CB-1165,2025-10-20,81.0,212,18.55,7,0,False
CB-1165,2025-10-27,99.0,113,18.55,7,0,False
CB-1165,2025-11-03,17.0,431,18.55,7,0,False
CB-1165,2025-11-10,76.0,355,18.55,7,0,False
CB-1165,2025-11-17,63.0,292,18.55,7,0,False
CB-1165,2025-11-24,25.0,267,18.55,7,0,False
CB-1165,2025-12-01,43.0,224,18.55,7,0,False
CB-1165,2025-12-08,67.0,157,18.55,7,0,False
CB-1165,2025-12-15,88.0,69,18.55,7,0,False
CB-1165,2025-12-22,120.0,285,18.55,7,0,False
CB-1166,2024-01-01,23.0,0,7.65,28,1,False
CB-1166,2024-01-08,0.0,0,7.65,28,0,False
CB-1166,2024-01-15,0.0,0,7.65,28,0,False
CB-1166,2024-01-22,0.0,0,7.65,28,0,False
CB-1166,2024-01-29,0.0,27,7.65,28,0,False
CB-1166,2024-02-05,0.0,54,7.65,28,0,False
CB-1166,2024-02-12,0.0,54,7.65,28,0,False
CB-1166,2024-02-19,0.0,54,7.65,28,0,False
CB-1166,2024-02-26,56.0,0,7.65,28,1,False
CB-1166,2024-03-04,0.0,0,7.65,28,0,False
CB-1166,2024-03-11,0.0,0,7.65,28,0,False
CB-1166,2024-03-18,0.0,0,7.65,28,0,False
CB-1166,2024-03-25,8.0,19,7.65,28,0,False
CB-1166,2024-04-01,46.0,0,7.65,28,0,False
CB-1166,2024-04-08,0.0,0,7.65,28,0,False
CB-1166,2024-04-15,5.0,0,7.65,28,1,False
CB-1166,2024-04-22,27.0,0,7.65,28,1,False
CB-1166,2024-04-29,0.0,27,7.65,28,0,False
CB-1166,2024-05-06,0.0,54,7.65,28,0,False
CB-1166,2024-05-13,0.0,54,7.65,28,0,False
CB-1166,2024-05-20,0.0,54,7.65,28,0,False
CB-1166,2024-05-27,0.0,54,7.65,28,0,False
CB-1166,2024-06-03,0.0,54,7.65,28,0,False
CB-1166,2024-06-10,0.0,54,7.65,28,0,False
CB-1166,2024-06-17,0.0,54,7.65,28,0,False
CB-1166,2024-06-24,0.0,54,7.65,28,0,False
CB-1166,2024-07-01,0.0,54,7.65,28,0,False
CB-1166,2024-07-08,0.0,54,7.65,28,0,False
CB-1166,2024-07-15,7.0,47,7.65,28,0,False
CB-1166,2024-07-22,0.0,47,7.65,28,0,False
CB-1166,2024-07-29,0.0,47,7.65,28,0,False
CB-1166,2024-08-05,14.0,33,7.65,28,0,False
CB-1166,2024-08-12,0.0,33,7.65,28,0,False
CB-1166,2024-08-19,0.0,33,7.65,28,0,False
CB-1166,2024-08-26,0.0,33,7.65,28,0,False
CB-1166,2024-09-02,0.0,61,7.65,28,0,False
CB-1166,2024-09-09,0.0,61,7.65,28,0,False
CB-1166,2024-09-16,0.0,61,7.65,28,0,False
CB-1166,2024-09-23,0.0,61,7.65,28,0,False
CB-1166,2024-09-30,0.0,61,7.65,28,0,False
CB-1166,2024-10-07,0.0,61,7.65,28,0,False
CB-1166,2024-10-14,0.0,61,7.65,28,0,False
CB-1166,2024-10-21,0.0,61,7.65,28,0,False
CB-1166,2024-10-28,0.0,61,7.65,28,0,False
CB-1166,2024-11-04,40.0,21,7.65,28,0,False
CB-1166,2024-11-11,0.0,21,7.65,28,0,False
CB-1166,2024-11-18,50.0,0,7.65,28,1,False
CB-1166,2024-11-25,0.0,0,7.65,28,0,False
CB-1166,2024-12-02,0.0,27,7.65,28,0,False
CB-1166,2024-12-09,0.0,27,7.65,28,0,False
CB-1166,2024-12-16,33.0,21,7.65,28,0,False
CB-1166,2024-12-23,38.0,0,7.65,28,1,False
CB-1166,2024-12-30,0.0,0,7.65,28,0,False
CB-1166,2025-01-06,0.0,0,7.65,28,0,False
CB-1166,2025-01-13,0.0,27,7.65,28,0,False
CB-1166,2025-01-20,0.0,54,7.65,28,0,False
CB-1166,2025-01-27,0.0,54,7.65,28,0,False
CB-1166,2025-02-03,0.0,54,7.65,28,0,False
CB-1166,2025-02-10,55.0,0,7.65,28,1,False
CB-1166,2025-02-17,17.0,0,7.65,28,1,False
CB-1166,2025-02-24,0.0,0,7.65,28,0,False
CB-1166,2025-03-03,0.0,0,7.65,28,0,False
CB-1166,2025-03-10,0.0,27,7.65,28,0,False
CB-1166,2025-03-17,0.0,54,7.65,28,0,False
CB-1166,2025-03-24,0.0,54,7.65,28,0,False
CB-1166,2025-03-31,0.0,54,7.65,28,0,False
CB-1166,2025-04-07,49.0,5,7.65,28,0,False
CB-1166,2025-04-14,0.0,5,7.65,28,0,False
CB-1166,2025-04-21,0.0,5,7.65,28,0,False
CB-1166,2025-04-28,0.0,5,7.65,28,0,False
CB-1166,2025-05-05,0.0,33,7.65,28,0,False
CB-1166,2025-05-12,0.0,60,7.65,28,0,False
CB-1166,2025-05-19,0.0,60,7.65,28,0,False
CB-1166,2025-05-26,0.0,60,7.65,28,0,False
CB-1166,2025-06-02,0.0,60,7.65,28,0,False
CB-1166,2025-06-09,0.0,60,7.65,28,0,False
CB-1166,2025-06-16,0.0,60,7.65,28,0,False
CB-1166,2025-06-23,50.0,10,7.65,28,0,False
CB-1166,2025-06-30,0.0,10,7.65,28,0,False
CB-1166,2025-07-07,0.0,10,7.65,28,0,False
CB-1166,2025-07-14,44.0,0,7.65,28,1,False
CB-1166,2025-07-21,0.0,27,7.65,28,0,False
CB-1166,2025-07-28,0.0,54,7.65,28,0,False
CB-1166,2025-08-04,18.0,36,7.65,28,0,False
CB-1166,2025-08-11,48.0,0,7.65,28,1,False
CB-1166,2025-08-18,0.0,0,7.65,28,0,False
CB-1166,2025-08-25,0.0,0,7.65,28,0,False
CB-1166,2025-09-01,0.0,27,7.65,28,0,False
CB-1166,2025-09-08,0.0,54,7.65,28,0,False
CB-1166,2025-09-15,0.0,54,7.65,28,0,False
CB-1166,2025-09-22,53.0,1,7.65,28,0,False
CB-1166,2025-09-29,0.0,1,7.65,28,0,False
CB-1166,2025-10-06,0.0,1,7.65,28,0,False
CB-1166,2025-10-13,0.0,1,7.65,28,0,False
CB-1166,2025-10-20,0.0,29,7.65,28,0,False
CB-1166,2025-10-27,0.0,56,7.65,28,0,False
CB-1166,2025-11-03,0.0,56,7.65,28,0,False
CB-1166,2025-11-10,0.0,56,7.65,28,0,False
CB-1166,2025-11-17,0.0,56,7.65,28,0,False
CB-1166,2025-11-24,0.0,56,7.65,28,0,False
CB-1166,2025-12-01,0.0,56,7.65,28,0,False
CB-1166,2025-12-08,0.0,56,7.65,28,0,False
CB-1166,2025-12-15,0.0,56,7.65,28,0,False
CB-1166,2025-12-22,0.0,56,7.65,28,0,False
CB-1167,2024-01-01,47.0,117,140.38,21,0,False
CB-1167,2024-01-08,46.0,71,140.38,21,0,False
CB-1167,2024-01-15,41.0,30,140.38,21,0,False
CB-1167,2024-01-22,47.0,178,140.38,21,0,False
CB-1167,2024-01-29,48.0,130,140.38,21,0,False
CB-1167,2024-02-05,49.0,81,140.38,21,0,False
CB-1167,2024-02-12,53.0,28,140.38,21,0,False
CB-1167,2024-02-19,55.0,168,140.38,21,0,False
CB-1167,2024-02-26,55.0,113,140.38,21,0,False
CB-1167,2024-03-04,55.0,58,140.38,21,0,False
CB-1167,2024-03-11,55.0,3,140.38,21,0,False
CB-1167,2024-03-18,45.0,153,140.38,21,0,False
CB-1167,2024-03-25,59.0,94,140.38,21,0,False
CB-1167,2024-04-01,58.0,36,140.38,21,0,False
CB-1167,2024-04-08,51.0,180,140.38,21,0,False
CB-1167,2024-04-15,57.0,123,140.38,21,0,False
CB-1167,2024-04-22,58.0,65,140.38,21,0,False
CB-1167,2024-04-29,60.0,5,140.38,21,0,False
CB-1167,2024-05-06,56.0,144,140.38,21,0,False
CB-1167,2024-05-13,55.0,89,140.38,21,0,False
CB-1167,2024-05-20,57.0,32,140.38,21,0,False
CB-1167,2024-05-27,50.0,177,140.38,21,0,False
CB-1167,2024-06-03,52.0,125,140.38,21,0,False
CB-1167,2024-06-10,47.0,78,140.38,21,0,False
CB-1167,2024-06-17,53.0,25,140.38,21,0,False
CB-1167,2024-06-24,41.0,179,140.38,21,0,False
CB-1167,2024-07-01,49.0,130,140.38,21,0,False
CB-1167,2024-07-08,45.0,85,140.38,21,0,False
CB-1167,2024-07-15,47.0,38,140.38,21,0,False
CB-1167,2024-07-22,39.0,194,140.38,21,0,False
CB-1167,2024-07-29,41.0,153,140.38,21,0,False
CB-1167,2024-08-05,40.0,113,140.38,21,0,False
CB-1167,2024-08-12,40.0,73,140.38,21,0,False
CB-1167,2024-08-19,35.0,233,140.38,21,0,False
CB-1167,2024-08-26,39.0,194,140.38,21,0,False
CB-1167,2024-09-02,31.0,163,140.38,21,0,False
CB-1167,2024-09-09,34.0,129,140.38,21,0,False
CB-1167,2024-09-16,31.0,98,140.38,21,0,False
CB-1167,2024-09-23,38.0,60,140.38,21,0,False
CB-1167,2024-09-30,37.0,218,140.38,21,0,False
CB-1167,2024-10-07,37.0,181,140.38,21,0,False
CB-1167,2024-10-14,40.0,141,140.38,21,0,False
CB-1167,2024-10-21,35.0,106,140.38,21,0,False
CB-1167,2024-10-28,39.0,67,140.38,21,0,False
CB-1167,2024-11-04,38.0,224,140.38,21,0,False
CB-1167,2024-11-11,39.0,185,140.38,21,0,False
CB-1167,2024-11-18,44.0,141,140.38,21,0,False
CB-1167,2024-11-25,48.0,93,140.38,21,0,False
CB-1167,2024-12-02,41.0,52,140.38,21,0,False
CB-1167,2024-12-09,47.0,200,140.38,21,0,False
CB-1167,2024-12-16,47.0,153,140.38,21,0,False
CB-1167,2024-12-23,48.0,105,140.38,21,0,False
CB-1167,2024-12-30,50.0,55,140.38,21,0,False
CB-1167,2025-01-06,49.0,201,140.38,21,0,False
CB-1167,2025-01-13,37.0,164,140.38,21,0,False
CB-1167,2025-01-20,60.0,104,140.38,21,0,False
CB-1167,2025-01-27,52.0,52,140.38,21,0,False
CB-1167,2025-02-03,55.0,0,140.38,21,1,False
CB-1167,2025-02-10,56.0,139,140.38,21,0,False
CB-1167,2025-02-17,55.0,84,140.38,21,0,False
CB-1167,2025-02-24,61.0,23,140.38,21,0,False
CB-1167,2025-03-03,60.0,158,140.38,21,0,False
CB-1167,2025-03-10,58.0,100,140.38,21,0,False
CB-1167,2025-03-17,63.0,37,140.38,21,0,False
CB-1167,2025-03-24,62.0,0,140.38,21,1,False
CB-1167,2025-03-31,67.0,128,140.38,21,0,False
CB-1167,2025-04-07,56.0,72,140.38,21,0,False
CB-1167,2025-04-14,,14,140.38,21,0,False
CB-1167,2025-04-21,66.0,143,140.38,21,0,False
CB-1167,2025-04-28,58.0,85,140.38,21,0,False
CB-1167,2025-05-05,56.0,29,140.38,21,0,False
CB-1167,2025-05-12,57.0,167,140.38,21,0,False
CB-1167,2025-05-19,59.0,108,140.38,21,0,False
CB-1167,2025-05-26,58.0,50,140.38,21,0,False
CB-1167,2025-06-02,56.0,0,140.38,21,1,False
CB-1167,2025-06-09,51.0,144,140.38,21,0,False
CB-1167,2025-06-16,58.0,86,140.38,21,0,False
CB-1167,2025-06-23,58.0,28,140.38,21,0,False
CB-1167,2025-06-30,44.0,179,140.38,21,0,False
CB-1167,2025-07-07,44.0,135,140.38,21,0,False
CB-1167,2025-07-14,52.0,83,140.38,21,0,False
CB-1167,2025-07-21,53.0,30,140.38,21,0,False
CB-1167,2025-07-28,38.0,187,140.38,21,0,False
CB-1167,2025-08-04,47.0,140,140.38,21,0,False
CB-1167,2025-08-11,49.0,91,140.38,21,0,False
CB-1167,2025-08-18,39.0,52,140.38,21,0,False
CB-1167,2025-08-25,47.0,200,140.38,21,0,False
CB-1167,2025-09-01,40.0,160,140.38,21,0,False
CB-1167,2025-09-08,41.0,119,140.38,21,0,False
CB-1167,2025-09-15,37.0,82,140.38,21,0,False
CB-1167,2025-09-22,43.0,39,140.38,21,0,False
CB-1167,2025-09-29,42.0,192,140.38,21,0,False
CB-1167,2025-10-06,45.0,147,140.38,21,0,False
CB-1167,2025-10-13,45.0,102,140.38,21,0,False
CB-1167,2025-10-20,41.0,61,140.38,21,0,False
CB-1167,2025-10-27,52.0,204,140.38,21,0,False
CB-1167,2025-11-03,47.0,157,140.38,21,0,False
CB-1167,2025-11-10,45.0,112,140.38,21,0,False
CB-1167,2025-11-17,41.0,71,140.38,21,0,False
CB-1167,2025-11-24,40.0,31,140.38,21,0,False
CB-1167,2025-12-01,42.0,184,140.38,21,0,False
CB-1167,2025-12-08,45.0,139,140.38,21,0,False
CB-1167,2025-12-15,56.0,83,140.38,21,0,False
CB-1167,2025-12-22,54.0,29,140.38,21,0,False
CB-1168,2024-01-01,50.0,166,164.14,7,0,False
CB-1168,2024-01-08,56.0,110,164.14,7,0,False
CB-1168,2024-01-15,51.0,59,164.14,7,0,False
CB-1168,2024-01-22,58.0,231,164.14,7,0,False
CB-1168,2024-01-29,59.0,172,164.14,7,0,False
CB-1168,2024-02-05,55.0,117,164.14,7,0,False
CB-1168,2024-02-12,68.0,49,164.14,7,0,False
CB-1168,2024-02-19,60.0,220,164.14,7,0,False
CB-1168,2024-02-26,58.0,162,164.14,7,0,False
CB-1168,2024-03-04,68.0,94,164.14,7,0,False
CB-1168,2024-03-11,65.0,29,164.14,7,0,False
CB-1168,2024-03-18,67.0,192,164.14,7,0,False
CB-1168,2024-03-25,60.0,132,164.14,7,0,False
CB-1168,2024-04-01,70.0,62,164.14,7,0,False
CB-1168,2024-04-08,78.0,215,164.14,7,0,False
CB-1168,2024-04-15,59.0,156,164.14,7,0,False
CB-1168,2024-04-22,68.0,88,164.14,7,0,False
CB-1168,2024-04-29,61.0,27,164.14,7,0,False
CB-1168,2024-05-06,78.0,179,164.14,7,0,False
CB-1168,2024-05-13,70.0,109,164.14,7,0,False
CB-1168,2024-05-20,64.0,45,164.14,7,0,False
CB-1168,2024-05-27,55.0,221,164.14,7,0,False
CB-1168,2024-06-03,56.0,165,164.14,7,0,False
CB-1168,2024-06-10,62.0,103,164.14,7,0,False
CB-1168,2024-06-17,51.0,52,164.14,7,0,False
CB-1168,2024-06-24,50.0,232,164.14,7,0,False
CB-1168,2024-07-01,55.0,177,164.14,7,0,False
CB-1168,2024-07-08,54.0,123,164.14,7,0,False
CB-1168,2024-07-15,53.0,70,164.14,7,0,False
CB-1168,2024-07-22,48.0,22,164.14,7,0,False
CB-1168,2024-07-29,52.0,201,164.14,7,0,False
CB-1168,2024-08-05,44.0,157,164.14,7,0,False
CB-1168,2024-08-12,48.0,109,164.14,7,0,False
CB-1168,2024-08-19,46.0,63,164.14,7,0,False
CB-1168,2024-08-26,46.0,247,164.14,7,0,False
CB-1168,2024-09-02,47.0,200,164.14,7,0,False
CB-1168,2024-09-09,41.0,159,164.14,7,0,False
CB-1168,2024-09-16,40.0,119,164.14,7,0,False
CB-1168,2024-09-23,36.0,83,164.14,7,0,False
CB-1168,2024-09-30,35.0,48,164.14,7,0,False
CB-1168,2024-10-07,42.0,237,164.14,7,0,False
CB-1168,2024-10-14,42.0,195,164.14,7,0,False
CB-1168,2024-10-21,40.0,155,164.14,7,0,False
CB-1168,2024-10-28,41.0,114,164.14,7,0,False
CB-1168,2024-11-04,51.0,63,164.14,7,0,False
CB-1168,2024-11-11,50.0,243,164.14,7,0,False
CB-1168,2024-11-18,43.0,200,164.14,7,0,False
CB-1168,2024-11-25,47.0,153,164.14,7,0,False
CB-1168,2024-12-02,52.0,101,164.14,7,0,False
CB-1168,2024-12-09,50.0,51,164.14,7,0,False
CB-1168,2024-12-16,51.0,231,164.14,7,0,False
CB-1168,2024-12-23,54.0,177,164.14,7,0,False
CB-1168,2024-12-30,63.0,114,164.14,7,0,False
CB-1168,2025-01-06,65.0,49,164.14,7,0,False
CB-1168,2025-01-13,58.0,222,164.14,7,0,False
CB-1168,2025-01-20,66.0,156,164.14,7,0,False
CB-1168,2025-01-27,65.0,91,164.14,7,0,False
CB-1168,2025-02-03,61.0,30,164.14,7,0,False
CB-1168,2025-02-10,67.0,193,164.14,7,0,False
CB-1168,2025-02-17,63.0,130,164.14,7,0,False
CB-1168,2025-02-24,78.0,52,164.14,7,0,False
CB-1168,2025-03-03,81.0,202,164.14,7,0,False
CB-1168,2025-03-10,71.0,131,164.14,7,0,False
CB-1168,2025-03-17,70.0,61,164.14,7,0,False
CB-1168,2025-03-24,80.0,211,164.14,7,0,False
CB-1168,2025-03-31,82.0,129,164.14,7,0,False
CB-1168,2025-04-07,68.0,61,164.14,7,0,False
CB-1168,2025-04-14,73.0,219,164.14,7,0,False
CB-1168,2025-04-21,74.0,145,164.14,7,0,False
CB-1168,2025-04-28,69.0,76,164.14,7,0,False
CB-1168,2025-05-05,75.0,1,164.14,7,0,False
CB-1168,2025-05-12,68.0,163,164.14,7,0,False
CB-1168,2025-05-19,67.0,96,164.14,7,0,False
CB-1168,2025-05-26,69.0,27,164.14,7,0,False
CB-1168,2025-06-02,60.0,198,164.14,7,0,False
CB-1168,2025-06-09,55.0,143,164.14,7,0,False
CB-1168,2025-06-16,69.0,74,164.14,7,0,False
CB-1168,2025-06-23,59.0,15,164.14,7,0,False
CB-1168,2025-06-30,,173,164.14,7,0,False
CB-1168,2025-07-07,69.0,104,164.14,7,0,False
CB-1168,2025-07-14,55.0,49,164.14,7,0,False
CB-1168,2025-07-21,67.0,213,164.14,7,0,False
CB-1168,2025-07-28,59.0,154,164.14,7,0,False
CB-1168,2025-08-04,50.0,104,164.14,7,0,False
CB-1168,2025-08-11,41.0,63,164.14,7,0,False
CB-1168,2025-08-18,53.0,240,164.14,7,0,False
CB-1168,2025-08-25,50.0,190,164.14,7,0,False
CB-1168,2025-09-01,50.0,140,164.14,7,0,False
CB-1168,2025-09-08,47.0,93,164.14,7,0,False
CB-1168,2025-09-15,43.0,50,164.14,7,0,False
CB-1168,2025-09-22,46.0,235,164.14,7,0,False
CB-1168,2025-09-29,50.0,185,164.14,7,0,False
CB-1168,2025-10-06,46.0,139,164.14,7,0,False
CB-1168,2025-10-13,46.0,93,164.14,7,0,False
CB-1168,2025-10-20,43.0,50,164.14,7,0,False
CB-1168,2025-10-27,50.0,230,164.14,7,0,False
CB-1168,2025-11-03,46.0,184,164.14,7,0,False
CB-1168,2025-11-10,55.0,129,164.14,7,0,False
CB-1168,2025-11-17,50.0,79,164.14,7,0,False
CB-1168,2025-11-24,53.0,26,164.14,7,0,False
CB-1168,2025-12-01,66.0,191,164.14,7,0,False
CB-1168,2025-12-08,57.0,134,164.14,7,0,False
CB-1168,2025-12-15,58.0,76,164.14,7,0,False
CB-1168,2025-12-22,65.0,11,164.14,7,0,False
CB-1169,2024-01-01,64.0,84,3.46,42,0,False
CB-1169,2024-01-08,58.0,26,3.46,42,0,False
CB-1169,2024-01-15,0.0,26,3.46,42,0,False
CB-1169,2024-01-22,47.0,0,3.46,42,1,False
CB-1169,2024-01-29,30.0,0,3.46,42,1,False
CB-1169,2024-02-05,76.0,0,3.46,42,1,False
CB-1169,2024-02-12,77.0,143,3.46,42,0,False
CB-1169,2024-02-19,65.0,298,3.46,42,0,False
CB-1169,2024-02-26,34.0,264,3.46,42,0,False
CB-1169,2024-03-04,90.0,174,3.46,42,0,False
CB-1169,2024-03-11,54.0,120,3.46,42,0,False
CB-1169,2024-03-18,99.0,21,3.46,42,0,False
CB-1169,2024-03-25,67.0,0,3.46,42,1,False
CB-1169,2024-04-01,72.0,148,3.46,42,0,False
CB-1169,2024-04-08,51.0,97,3.46,42,0,False
CB-1169,2024-04-15,91.0,6,3.46,42,0,False
CB-1169,2024-04-22,74.0,152,3.46,42,0,False
CB-1169,2024-04-29,91.0,61,3.46,42,0,False
CB-1169,2024-05-06,63.0,0,3.46,42,1,False
CB-1169,2024-05-13,58.0,0,3.46,42,1,False
CB-1169,2024-05-20,70.0,150,3.46,42,0,False
CB-1169,2024-05-27,86.0,64,3.46,42,0,False
CB-1169,2024-06-03,76.0,0,3.46,42,1,False
CB-1169,2024-06-10,57.0,163,3.46,42,0,False
CB-1169,2024-06-17,19.0,144,3.46,42,0,False
CB-1169,2024-06-24,67.0,77,3.46,42,0,False
CB-1169,2024-07-01,25.0,52,3.46,42,0,False
CB-1169,2024-07-08,50.0,222,3.46,42,0,False
CB-1169,2024-07-15,46.0,176,3.46,42,0,False
CB-1169,2024-07-22,23.0,153,3.46,42,0,False
CB-1169,2024-07-29,51.0,102,3.46,42,0,False
CB-1169,2024-08-05,77.0,245,3.46,42,0,False
CB-1169,2024-08-12,38.0,207,3.46,42,0,False
CB-1169,2024-08-19,53.0,154,3.46,42,0,False
CB-1169,2024-08-26,75.0,79,3.46,42,0,False
CB-1169,2024-09-02,52.0,27,3.46,42,0,False
CB-1169,2024-09-09,31.0,216,3.46,42,0,False
CB-1169,2024-09-16,42.0,174,3.46,42,0,False
CB-1169,2024-09-23,46.0,128,3.46,42,0,False
CB-1169,2024-09-30,59.0,69,3.46,42,0,False
CB-1169,2024-10-07,56.0,232,3.46,42,0,False
CB-1169,2024-10-14,1.0,231,3.46,42,0,False
CB-1169,2024-10-21,28.0,203,3.46,42,0,False
CB-1169,2024-10-28,40.0,163,3.46,42,0,False
CB-1169,2024-11-04,27.0,356,3.46,42,0,False
CB-1169,2024-11-11,0.0,356,3.46,42,0,False
CB-1169,2024-11-18,33.0,323,3.46,42,0,False
CB-1169,2024-11-25,45.0,278,3.46,42,0,False
CB-1169,2024-12-02,38.0,240,3.46,42,0,False
CB-1169,2024-12-09,32.0,208,3.46,42,0,False
CB-1169,2024-12-16,51.0,157,3.46,42,0,False
CB-1169,2024-12-23,58.0,99,3.46,42,0,False
CB-1169,2024-12-30,45.0,274,3.46,42,0,False
CB-1169,2025-01-06,82.0,192,3.46,42,0,False
CB-1169,2025-01-13,58.0,134,3.46,42,0,False
CB-1169,2025-01-20,41.0,93,3.46,42,0,False
CB-1169,2025-01-27,37.0,56,3.46,42,0,False
CB-1169,2025-02-03,57.0,219,3.46,42,0,False
CB-1169,2025-02-10,88.0,131,3.46,42,0,False
CB-1169,2025-02-17,46.0,85,3.46,42,0,False
CB-1169,2025-02-24,79.0,6,3.46,42,0,False
CB-1169,2025-03-03,69.0,157,3.46,42,0,False
CB-1169,2025-03-10,115.0,42,3.46,42,0,False
CB-1169,2025-03-17,78.0,0,3.46,42,1,False
CB-1169,2025-03-24,52.0,0,3.46,42,1,False
CB-1169,2025-03-31,87.0,133,3.46,42,0,False
CB-1169,2025-04-07,88.0,45,3.46,42,0,False
CB-1169,2025-04-14,59.0,0,3.46,42,1,False
CB-1169,2025-04-21,41.0,179,3.46,42,0,False
CB-1169,2025-04-28,81.0,98,3.46,42,0,False
CB-1169,2025-05-05,69.0,29,3.46,42,0,False
CB-1169,2025-05-12,31.0,0,3.46,42,1,False
CB-1169,2025-05-19,71.0,149,3.46,42,0,False
CB-1169,2025-05-26,50.0,99,3.46,42,0,False
CB-1169,2025-06-02,29.0,70,3.46,42,0,False
CB-1169,2025-06-09,54.0,236,3.46,42,0,False
CB-1169,2025-06-16,87.0,149,3.46,42,0,False
CB-1169,2025-06-23,83.0,66,3.46,42,0,False
CB-1169,2025-06-30,75.0,0,3.46,42,1,False
CB-1169,2025-07-07,60.0,160,3.46,42,0,False
CB-1169,2025-07-14,65.0,95,3.46,42,0,False
CB-1169,2025-07-21,54.0,41,3.46,42,0,False
CB-1169,2025-07-28,31.0,10,3.46,42,0,False
CB-1169,2025-08-04,34.0,196,3.46,42,0,False
CB-1169,2025-08-11,38.0,158,3.46,42,0,False
CB-1169,2025-08-18,70.0,88,3.46,42,0,False
CB-1169,2025-08-25,63.0,245,3.46,42,0,False
CB-1169,2025-09-01,28.0,217,3.46,42,0,False
CB-1169,2025-09-08,45.0,172,3.46,42,0,False
CB-1169,2025-09-15,38.0,134,3.46,42,0,False
CB-1169,2025-09-22,41.0,93,3.46,42,0,False
CB-1169,2025-09-29,35.0,278,3.46,42,0,False
CB-1169,2025-10-06,65.0,213,3.46,42,0,False
CB-1169,2025-10-13,44.0,169,3.46,42,0,False
CB-1169,2025-10-20,48.0,121,3.46,42,0,False
CB-1169,2025-10-27,49.0,72,3.46,42,0,False
CB-1169,2025-11-03,30.0,261,3.46,42,0,False
CB-1169,2025-11-10,50.0,211,3.46,42,0,False
CB-1169,2025-11-17,68.0,143,3.46,42,0,False
CB-1169,2025-11-24,77.0,66,3.46,42,0,False
CB-1169,2025-12-01,31.0,255,3.46,42,0,False
CB-1169,2025-12-08,25.0,230,3.46,42,0,False
CB-1169,2025-12-15,57.0,173,3.46,42,0,False
CB-1169,2025-12-22,80.0,93,3.46,42,0,False
CB-1170,2024-01-01,95.0,172,110.05,7,0,False
CB-1170,2024-01-08,97.0,75,110.05,7,0,False
CB-1170,2024-01-15,85.0,394,110.05,7,0,False
CB-1170,2024-01-22,93.0,301,110.05,7,0,False
CB-1170,2024-01-29,83.0,218,110.05,7,0,False
CB-1170,2024-02-05,102.0,116,110.05,7,0,False
CB-1170,2024-02-12,87.0,434,110.05,7,0,False
CB-1170,2024-02-19,119.0,315,110.05,7,0,False
CB-1170,2024-02-26,123.0,192,110.05,7,0,False
CB-1170,2024-03-04,112.0,80,110.05,7,0,False
CB-1170,2024-03-11,99.0,386,110.05,7,0,False
CB-1170,2024-03-18,117.0,269,110.05,7,0,False
CB-1170,2024-03-25,131.0,138,110.05,7,0,False
CB-1170,2024-04-01,119.0,19,110.05,7,0,False
CB-1170,2024-04-08,126.0,297,110.05,7,0,False
CB-1170,2024-04-15,110.0,187,110.05,7,0,False
CB-1170,2024-04-22,106.0,81,110.05,7,0,False
CB-1170,2024-04-29,113.0,373,110.05,7,0,False
CB-1170,2024-05-06,95.0,278,110.05,7,0,False
CB-1170,2024-05-13,131.0,147,110.05,7,0,False
CB-1170,2024-05-20,110.0,37,110.05,7,0,False
CB-1170,2024-05-27,114.0,328,110.05,7,0,False
CB-1170,2024-06-03,101.0,227,110.05,7,0,False
CB-1170,2024-06-10,90.0,137,110.05,7,0,False
CB-1170,2024-06-17,111.0,26,110.05,7,0,False
CB-1170,2024-06-24,89.0,341,110.05,7,0,False
CB-1170,2024-07-01,97.0,244,110.05,7,0,False
CB-1170,2024-07-08,95.0,149,110.05,7,0,False
CB-1170,2024-07-15,90.0,59,110.05,7,0,False
CB-1170,2024-07-22,82.0,382,110.05,7,0,False
CB-1170,2024-07-29,84.0,298,110.05,7,0,False
CB-1170,2024-08-05,76.0,222,110.05,7,0,False
CB-1170,2024-08-12,85.0,137,110.05,7,0,False
CB-1170,2024-08-19,82.0,55,110.05,7,0,False
CB-1170,2024-08-26,77.0,382,110.05,7,0,False
CB-1170,2024-09-02,72.0,310,110.05,7,0,False
CB-1170,2024-09-09,87.0,223,110.05,7,0,False
CB-1170,2024-09-16,,157,110.05,7,0,False
CB-1170,2024-09-23,64.0,93,110.05,7,0,False
CB-1170,2024-09-30,73.0,425,110.05,7,0,False
CB-1170,2024-10-07,72.0,353,110.05,7,0,False
CB-1170,2024-10-14,81.0,272,110.05,7,0,False
CB-1170,2024-10-21,79.0,193,110.05,7,0,False
CB-1170,2024-10-28,77.0,116,110.05,7,0,False
CB-1170,2024-11-04,82.0,439,110.05,7,0,False
CB-1170,2024-11-11,84.0,355,110.05,7,0,False
CB-1170,2024-11-18,97.0,258,110.05,7,0,False
CB-1170,2024-11-25,87.0,171,110.05,7,0,False
CB-1170,2024-12-02,83.0,88,110.05,7,0,False
CB-1170,2024-12-09,93.0,399,110.05,7,0,False
CB-1170,2024-12-16,74.0,325,110.05,7,0,False
CB-1170,2024-12-23,97.0,228,110.05,7,0,False
CB-1170,2024-12-30,109.0,119,110.05,7,0,False
CB-1170,2025-01-06,109.0,415,110.05,7,0,False
CB-1170,2025-01-13,110.0,305,110.05,7,0,False
CB-1170,2025-01-20,116.0,189,110.05,7,0,False
CB-1170,2025-01-27,123.0,66,110.05,7,0,False
CB-1170,2025-02-03,129.0,342,110.05,7,0,False
CB-1170,2025-02-10,123.0,219,110.05,7,0,False
CB-1170,2025-02-17,118.0,101,110.05,7,0,False
CB-1170,2025-02-24,101.0,404,110.05,7,0,False
CB-1170,2025-03-03,135.0,269,110.05,7,0,False
CB-1170,2025-03-10,132.0,137,110.05,7,0,False
CB-1170,2025-03-17,130.0,7,110.05,7,0,False
CB-1170,2025-03-24,122.0,290,110.05,7,0,False
CB-1170,2025-03-31,139.0,151,110.05,7,0,False
CB-1170,2025-04-07,127.0,24,110.05,7,0,False
CB-1170,2025-04-14,129.0,300,110.05,7,0,False
CB-1170,2025-04-21,128.0,172,110.05,7,0,False
CB-1170,2025-04-28,132.0,40,110.05,7,0,False
CB-1170,2025-05-05,115.0,329,110.05,7,0,False
CB-1170,2025-05-12,130.0,199,110.05,7,0,False
CB-1170,2025-05-19,115.0,84,110.05,7,0,False
CB-1170,2025-05-26,114.0,375,110.05,7,0,False
CB-1170,2025-06-02,126.0,249,110.05,7,0,False
CB-1170,2025-06-09,106.0,143,110.05,7,0,False
CB-1170,2025-06-16,120.0,23,110.05,7,0,False
CB-1170,2025-06-23,110.0,318,110.05,7,0,False
CB-1170,2025-06-30,92.0,226,110.05,7,0,False
CB-1170,2025-07-07,115.0,111,110.05,7,0,False
CB-1170,2025-07-14,103.0,412,110.05,7,0,False
CB-1170,2025-07-21,101.0,311,110.05,7,0,False
CB-1170,2025-07-28,102.0,209,110.05,7,0,False
CB-1170,2025-08-04,103.0,106,110.05,7,0,False
CB-1170,2025-08-11,91.0,420,110.05,7,0,False
CB-1170,2025-08-18,92.0,328,110.05,7,0,False
CB-1170,2025-08-25,88.0,240,110.05,7,0,False
CB-1170,2025-09-01,82.0,158,110.05,7,0,False
CB-1170,2025-09-08,73.0,85,110.05,7,0,False
CB-1170,2025-09-15,84.0,406,110.05,7,0,False
CB-1170,2025-09-22,91.0,315,110.05,7,0,False
CB-1170,2025-09-29,86.0,229,110.05,7,0,False
CB-1170,2025-10-06,75.0,154,110.05,7,0,False
CB-1170,2025-10-13,90.0,64,110.05,7,0,False
CB-1170,2025-10-20,82.0,386,110.05,7,0,False
CB-1170,2025-10-27,71.0,315,110.05,7,0,False
CB-1170,2025-11-03,95.0,220,110.05,7,0,False
CB-1170,2025-11-10,83.0,137,110.05,7,0,False
CB-1170,2025-11-17,106.0,31,110.05,7,0,False
CB-1170,2025-11-24,104.0,332,110.05,7,0,False
CB-1170,2025-12-01,97.0,235,110.05,7,0,False
CB-1170,2025-12-08,105.0,130,110.05,7,0,False
CB-1170,2025-12-15,125.0,5,110.05,7,0,False
CB-1170,2025-12-22,117.0,293,110.05,7,0,False
CB-1171,2024-01-01,0.0,39,153.27,42,0,False
CB-1171,2024-01-08,44.0,0,153.27,42,1,False
CB-1171,2024-01-15,21.0,0,153.27,42,1,False
CB-1171,2024-01-22,0.0,0,153.27,42,0,False
CB-1171,2024-01-29,0.0,0,153.27,42,0,False
CB-1171,2024-02-05,0.0,0,153.27,42,0,False
CB-1171,2024-02-12,0.0,41,153.27,42,0,False
CB-1171,2024-02-19,8.0,73,153.27,42,0,False
CB-1171,2024-02-26,0.0,73,153.27,42,0,False
CB-1171,2024-03-04,37.0,36,153.27,42,0,False
CB-1171,2024-03-11,0.0,36,153.27,42,0,False
CB-1171,2024-03-18,26.0,10,153.27,42,0,False
CB-1171,2024-03-25,0.0,10,153.27,42,0,False
CB-1171,2024-04-01,0.0,51,153.27,42,0,False
CB-1171,2024-04-08,0.0,51,153.27,42,0,False
CB-1171,2024-04-15,0.0,51,153.27,42,0,False
CB-1171,2024-04-22,49.0,2,153.27,42,0,False
CB-1171,2024-04-29,0.0,43,153.27,42,0,False
CB-1171,2024-05-06,0.0,43,153.27,42,0,False
CB-1171,2024-05-13,0.0,43,153.27,42,0,False
CB-1171,2024-05-20,0.0,43,153.27,42,0,False
CB-1171,2024-05-27,20.0,23,153.27,42,0,False
CB-1171,2024-06-03,0.0,63,153.27,42,0,False
CB-1171,2024-06-10,0.0,63,153.27,42,0,False
CB-1171,2024-06-17,0.0,63,153.27,42,0,False
CB-1171,2024-06-24,0.0,63,153.27,42,0,False
CB-1171,2024-07-01,0.0,63,153.27,42,0,False
CB-1171,2024-07-08,0.0,104,153.27,42,0,False
CB-1171,2024-07-15,0.0,104,153.27,42,0,False
CB-1171,2024-07-22,0.0,104,153.27,42,0,False
CB-1171,2024-07-29,0.0,104,153.27,42,0,False
CB-1171,2024-08-05,0.0,104,153.27,42,0,False
CB-1171,2024-08-12,0.0,104,153.27,42,0,False
CB-1171,2024-08-19,0.0,104,153.27,42,0,False
CB-1171,2024-08-26,0.0,104,153.27,42,0,False
CB-1171,2024-09-02,16.0,88,153.27,42,0,False
CB-1171,2024-09-09,0.0,88,153.27,42,0,False
CB-1171,2024-09-16,0.0,88,153.27,42,0,False
CB-1171,2024-09-23,0.0,88,153.27,42,0,False
CB-1171,2024-09-30,8.0,80,153.27,42,0,False
CB-1171,2024-10-07,0.0,80,153.27,42,0,False
CB-1171,2024-10-14,0.0,80,153.27,42,0,False
CB-1171,2024-10-21,0.0,80,153.27,42,0,False
CB-1171,2024-10-28,0.0,80,153.27,42,0,False
CB-1171,2024-11-04,0.0,80,153.27,42,0,False
CB-1171,2024-11-11,0.0,80,153.27,42,0,False
CB-1171,2024-11-18,56.0,24,153.27,42,0,False
CB-1171,2024-11-25,0.0,24,153.27,42,0,False
CB-1171,2024-12-02,0.0,24,153.27,42,0,False
CB-1171,2024-12-09,0.0,24,153.27,42,0,False
CB-1171,2024-12-16,0.0,24,153.27,42,0,False
CB-1171,2024-12-23,11.0,13,153.27,42,0,False
CB-1171,2024-12-30,0.0,54,153.27,42,0,False
CB-1171,2025-01-06,0.0,95,153.27,42,0,False
CB-1171,2025-01-13,0.0,95,153.27,42,0,False
CB-1171,2025-01-20,40.0,55,153.27,42,0,False
CB-1171,2025-01-27,22.0,33,153.27,42,0,False
CB-1171,2025-02-03,32.0,1,153.27,42,0,False
CB-1171,2025-02-10,10.0,0,153.27,42,1,False
CB-1171,2025-02-17,41.0,0,153.27,42,1,False
CB-1171,2025-02-24,13.0,0,153.27,42,1,False
CB-1171,2025-03-03,0.0,41,153.27,42,0,False
CB-1171,2025-03-10,0.0,81,153.27,42,0,False
CB-1171,2025-03-17,0.0,81,153.27,42,0,False
CB-1171,2025-03-24,0.0,81,153.27,42,0,False
CB-1171,2025-03-31,0.0,81,153.27,42,0,False
CB-1171,2025-04-07,0.0,81,153.27,42,0,False
CB-1171,2025-04-14,0.0,81,153.27,42,0,False
CB-1171,2025-04-21,0.0,81,153.27,42,0,False
CB-1171,2025-04-28,21.0,60,153.27,42,0,False
CB-1171,2025-05-05,27.0,33,153.27,42,0,False
CB-1171,2025-05-12,0.0,33,153.27,42,0,False
CB-1171,2025-05-19,35.0,0,153.27,42,1,False
CB-1171,2025-05-26,0.0,0,153.27,42,0,False
CB-1171,2025-06-02,0.0,0,153.27,42,0,False
CB-1171,2025-06-09,58.0,0,153.27,42,1,False
CB-1171,2025-06-16,8.0,33,153.27,42,0,False
CB-1171,2025-06-23,0.0,33,153.27,42,0,False
CB-1171,2025-06-30,50.0,0,153.27,42,1,False
CB-1171,2025-07-07,50.0,0,153.27,42,1,False
CB-1171,2025-07-14,56.0,0,153.27,42,1,False
CB-1171,2025-07-21,57.0,0,153.27,42,1,False
CB-1171,2025-07-28,53.0,0,153.27,42,1,False
CB-1171,2025-08-04,0.0,0,153.27,42,0,False
CB-1171,2025-08-11,0.0,0,153.27,42,0,False
CB-1171,2025-08-18,39.0,0,153.27,42,1,False
CB-1171,2025-08-25,0.0,0,153.27,42,0,False
CB-1171,2025-09-01,0.0,41,153.27,42,0,False
CB-1171,2025-09-08,0.0,81,153.27,42,0,False
CB-1171,2025-09-15,0.0,81,153.27,42,0,False
CB-1171,2025-09-22,0.0,81,153.27,42,0,False
CB-1171,2025-09-29,0.0,81,153.27,42,0,False
CB-1171,2025-10-06,12.0,69,153.27,42,0,False
CB-1171,2025-10-13,0.0,69,153.27,42,0,False
CB-1171,2025-10-20,0.0,69,153.27,42,0,False
CB-1171,2025-10-27,0.0,69,153.27,42,0,False
CB-1171,2025-11-03,24.0,45,153.27,42,0,False
CB-1171,2025-11-10,0.0,45,153.27,42,0,False
CB-1171,2025-11-17,0.0,86,153.27,42,0,False
CB-1171,2025-11-24,0.0,86,153.27,42,0,False
CB-1171,2025-12-01,24.0,62,153.27,42,0,False
CB-1171,2025-12-08,41.0,21,153.27,42,0,False
CB-1171,2025-12-15,0.0,21,153.27,42,0,False
CB-1171,2025-12-22,23.0,0,153.27,42,1,False
CB-1172,2024-01-01,113.0,319,144.67,14,0,False
CB-1172,2024-01-08,106.0,213,144.67,14,0,False
CB-1172,2024-01-15,100.0,113,144.67,14,0,False
CB-1172,2024-01-22,93.0,496,144.67,14,0,False
CB-1172,2024-01-29,128.0,368,144.67,14,0,False
CB-1172,2024-02-05,114.0,254,144.67,14,0,False
CB-1172,2024-02-12,113.0,141,144.67,14,0,False
CB-1172,2024-02-19,135.0,483,144.67,14,0,False
CB-1172,2024-02-26,139.0,344,144.67,14,0,False
CB-1172,2024-03-04,124.0,220,144.67,14,0,False
CB-1172,2024-03-11,144.0,76,144.67,14,0,False
CB-1172,2024-03-18,158.0,394,144.67,14,0,False
CB-1172,2024-03-25,151.0,243,144.67,14,0,False
CB-1172,2024-04-01,150.0,93,144.67,14,0,False
CB-1172,2024-04-08,141.0,428,144.67,14,0,False
CB-1172,2024-04-15,132.0,296,144.67,14,0,False
CB-1172,2024-04-22,136.0,160,144.67,14,0,False
CB-1172,2024-04-29,140.0,20,144.67,14,0,False
CB-1172,2024-05-06,120.0,377,144.67,14,0,False
CB-1172,2024-05-13,124.0,253,144.67,14,0,False
CB-1172,2024-05-20,115.0,138,144.67,14,0,False
CB-1172,2024-05-27,130.0,484,144.67,14,0,False
CB-1172,2024-06-03,126.0,358,144.67,14,0,False
CB-1172,2024-06-10,116.0,242,144.67,14,0,False
CB-1172,2024-06-17,127.0,115,144.67,14,0,False
CB-1172,2024-06-24,106.0,485,144.67,14,0,False
CB-1172,2024-07-01,107.0,378,144.67,14,0,False
CB-1172,2024-07-08,117.0,261,144.67,14,0,False
CB-1172,2024-07-15,115.0,146,144.67,14,0,False
CB-1172,2024-07-22,97.0,49,144.67,14,0,False
CB-1172,2024-07-29,103.0,422,144.67,14,0,False
CB-1172,2024-08-05,92.0,330,144.67,14,0,False
CB-1172,2024-08-12,94.0,236,144.67,14,0,False
CB-1172,2024-08-19,94.0,142,144.67,14,0,False
CB-1172,2024-08-26,96.0,523,144.67,14,0,False
CB-1172,2024-09-02,92.0,431,144.67,14,0,False
CB-1172,2024-09-09,91.0,340,144.67,14,0,False
CB-1172,2024-09-16,80.0,260,144.67,14,0,False
CB-1172,2024-09-23,90.0,170,144.67,14,0,False
CB-1172,2024-09-30,91.0,555,144.67,14,0,False
CB-1172,2024-10-07,93.0,462,144.67,14,0,False
CB-1172,2024-10-14,84.0,378,144.67,14,0,False
CB-1172,2024-10-21,96.0,282,144.67,14,0,False
CB-1172,2024-10-28,82.0,200,144.67,14,0,False
CB-1172,2024-11-04,90.0,110,144.67,14,0,False
CB-1172,2024-11-11,94.0,492,144.67,14,0,False
CB-1172,2024-11-18,89.0,403,144.67,14,0,False
CB-1172,2024-11-25,99.0,304,144.67,14,0,False
CB-1172,2024-12-02,107.0,197,144.67,14,0,False
CB-1172,2024-12-09,93.0,104,144.67,14,0,False
CB-1172,2024-12-16,109.0,472,144.67,14,0,False
CB-1172,2024-12-23,100.0,372,144.67,14,0,False
CB-1172,2024-12-30,140.0,232,144.67,14,0,False
CB-1172,2025-01-06,126.0,106,144.67,14,0,False
CB-1172,2025-01-13,129.0,453,144.67,14,0,False
CB-1172,2025-01-20,134.0,319,144.67,14,0,False
CB-1172,2025-01-27,142.0,177,144.67,14,0,False
CB-1172,2025-02-03,149.0,28,144.67,14,0,False
CB-1172,2025-02-10,124.0,380,144.67,14,0,False
CB-1172,2025-02-17,160.0,220,144.67,14,0,False
CB-1172,2025-02-24,162.0,58,144.67,14,0,False
CB-1172,2025-03-03,149.0,386,144.67,14,0,False
CB-1172,2025-03-10,150.0,236,144.67,14,0,False
CB-1172,2025-03-17,115.0,121,144.67,14,0,False
CB-1172,2025-03-24,138.0,459,144.67,14,0,False
CB-1172,2025-03-31,161.0,298,144.67,14,0,False
CB-1172,2025-04-07,169.0,129,144.67,14,0,False
CB-1172,2025-04-14,163.0,0,144.67,14,1,False
CB-1172,2025-04-21,152.0,324,144.67,14,0,False
CB-1172,2025-04-28,175.0,149,144.67,14,0,False
CB-1172,2025-05-05,162.0,0,144.67,14,1,False
CB-1172,2025-05-12,144.0,332,144.67,14,0,False
CB-1172,2025-05-19,172.0,160,144.67,14,0,False
CB-1172,2025-05-26,131.0,29,144.67,14,0,False
CB-1172,2025-06-02,124.0,382,144.67,14,0,False
CB-1172,2025-06-09,133.0,249,144.67,14,0,False
CB-1172,2025-06-16,126.0,123,144.67,14,0,False
CB-1172,2025-06-23,127.0,472,144.67,14,0,False
CB-1172,2025-06-30,135.0,337,144.67,14,0,False
CB-1172,2025-07-07,123.0,214,144.67,14,0,False
CB-1172,2025-07-14,120.0,94,144.67,14,0,False
CB-1172,2025-07-21,117.0,453,144.67,14,0,False
CB-1172,2025-07-28,92.0,361,144.67,14,0,False
CB-1172,2025-08-04,97.0,264,144.67,14,0,False
CB-1172,2025-08-11,104.0,160,144.67,14,0,False
CB-1172,2025-08-18,98.0,62,144.67,14,0,False
CB-1172,2025-08-25,101.0,438,144.67,14,0,False
CB-1172,2025-09-01,112.0,326,144.67,14,0,False
CB-1172,2025-09-08,99.0,227,144.67,14,0,False
CB-1172,2025-09-15,88.0,139,144.67,14,0,False
CB-1172,2025-09-22,92.0,523,144.67,14,0,False
CB-1172,2025-09-29,111.0,412,144.67,14,0,False
CB-1172,2025-10-06,110.0,302,144.67,14,0,False
CB-1172,2025-10-13,104.0,198,144.67,14,0,False
CB-1172,2025-10-20,88.0,110,144.67,14,0,False
CB-1172,2025-10-27,105.0,481,144.67,14,0,False
CB-1172,2025-11-03,108.0,373,144.67,14,0,False
CB-1172,2025-11-10,107.0,266,144.67,14,0,False
CB-1172,2025-11-17,105.0,161,144.67,14,0,False
CB-1172,2025-11-24,110.0,51,144.67,14,0,False
CB-1172,2025-12-01,111.0,416,144.67,14,0,False
CB-1172,2025-12-08,110.0,306,144.67,14,0,False
CB-1172,2025-12-15,139.0,167,144.67,14,0,False
CB-1172,2025-12-22,139.0,28,144.67,14,0,False
CB-1173,2024-01-01,0.0,11,126.42,7,0,False
CB-1173,2024-01-08,0.0,60,126.42,7,0,False
CB-1173,2024-01-15,0.0,60,126.42,7,0,False
CB-1173,2024-01-22,5.0,55,126.42,7,0,False
CB-1173,2024-01-29,30.0,25,126.42,7,0,False
CB-1173,2024-02-05,0.0,74,126.42,7,0,False
CB-1173,2024-02-12,0.0,74,126.42,7,0,False
CB-1173,2024-02-19,0.0,74,126.42,7,0,False
CB-1173,2024-02-26,0.0,74,126.42,7,0,False
CB-1173,2024-03-04,17.0,57,126.42,7,0,False
CB-1173,2024-03-11,0.0,57,126.42,7,0,False
CB-1173,2024-03-18,0.0,57,126.42,7,0,False
CB-1173,2024-03-25,13.0,44,126.42,7,0,False
CB-1173,2024-04-01,0.0,44,126.42,7,0,False
CB-1173,2024-04-08,41.0,3,126.42,7,0,False
CB-1173,2024-04-15,9.0,42,126.42,7,0,False
CB-1173,2024-04-22,0.0,42,126.42,7,0,False
CB-1173,2024-04-29,0.0,42,126.42,7,0,False
CB-1173,2024-05-06,0.0,42,126.42,7,0,False
CB-1173,2024-05-13,59.0,0,126.42,7,1,False
CB-1173,2024-05-20,0.0,49,126.42,7,0,False
CB-1173,2024-05-27,0.0,49,126.42,7,0,False
CB-1173,2024-06-03,27.0,22,126.42,7,0,False
CB-1173,2024-06-10,47.0,23,126.42,7,0,False
CB-1173,2024-06-17,0.0,72,126.42,7,0,False
CB-1173,2024-06-24,0.0,72,126.42,7,0,False
CB-1173,2024-07-01,15.0,57,126.42,7,0,False
CB-1173,2024-07-08,52.0,5,126.42,7,0,False
CB-1173,2024-07-15,11.0,42,126.42,7,0,False
CB-1173,2024-07-22,0.0,42,126.42,7,0,False
CB-1173,2024-07-29,59.0,0,126.42,7,1,False
CB-1173,2024-08-05,56.0,0,126.42,7,1,False
CB-1173,2024-08-12,0.0,49,126.42,7,0,False
CB-1173,2024-08-19,0.0,49,126.42,7,0,False
CB-1173,2024-08-26,0.0,49,126.42,7,0,False
CB-1173,2024-09-02,0.0,49,126.42,7,0,False
CB-1173,2024-09-09,0.0,49,126.42,7,0,False
CB-1173,2024-09-16,55.0,0,126.42,7,1,False
CB-1173,2024-09-23,0.0,49,126.42,7,0,False
CB-1173,2024-09-30,0.0,49,126.42,7,0,False
CB-1173,2024-10-07,0.0,49,126.42,7,0,False
CB-1173,2024-10-14,0.0,49,126.42,7,0,False
CB-1173,2024-10-21,0.0,49,126.42,7,0,False
CB-1173,2024-10-28,0.0,49,126.42,7,0,False
CB-1173,2024-11-04,28.0,21,126.42,7,0,False
CB-1173,2024-11-11,52.0,17,126.42,7,0,False
CB-1173,2024-11-18,58.0,8,126.42,7,0,False
CB-1173,2024-11-25,0.0,56,126.42,7,0,False
CB-1173,2024-12-02,0.0,56,126.42,7,0,False
CB-1173,2024-12-09,0.0,56,126.42,7,0,False
CB-1173,2024-12-16,36.0,20,126.42,7,0,False
CB-1173,2024-12-23,11.0,58,126.42,7,0,False
CB-1173,2024-12-30,0.0,58,126.42,7,0,False
CB-1173,2025-01-06,0.0,58,126.42,7,0,False
CB-1173,2025-01-13,0.0,58,126.42,7,0,False
CB-1173,2025-01-20,46.0,12,126.42,7,0,False
CB-1173,2025-01-27,5.0,55,126.42,7,0,False
CB-1173,2025-02-03,37.0,18,126.42,7,0,False
CB-1173,2025-02-10,0.0,67,126.42,7,0,False
CB-1173,2025-02-17,5.0,62,126.42,7,0,False
CB-1173,2025-02-24,0.0,62,126.42,7,0,False
CB-1173,2025-03-03,0.0,62,126.42,7,0,False
CB-1173,2025-03-10,46.0,16,126.42,7,0,False
CB-1173,2025-03-17,0.0,64,126.42,7,0,False
CB-1173,2025-03-24,0.0,64,126.42,7,0,False
CB-1173,2025-03-31,56.0,8,126.42,7,0,False
CB-1173,2025-04-07,0.0,57,126.42,7,0,False
CB-1173,2025-04-14,0.0,57,126.42,7,0,False
CB-1173,2025-04-21,0.0,57,126.42,7,0,False
CB-1173,2025-04-28,0.0,57,126.42,7,0,False
CB-1173,2025-05-05,0.0,57,126.42,7,0,False
CB-1173,2025-05-12,0.0,57,126.42,7,0,False
CB-1173,2025-05-19,47.0,10,126.42,7,0,False
CB-1173,2025-05-26,53.0,5,126.42,7,0,False
CB-1173,2025-06-02,0.0,54,126.42,7,0,False
CB-1173,2025-06-09,28.0,26,126.42,7,0,False
CB-1173,2025-06-16,0.0,74,126.42,7,0,False
CB-1173,2025-06-23,0.0,74,126.42,7,0,False
CB-1173,2025-06-30,0.0,74,126.42,7,0,False
CB-1173,2025-07-07,15.0,59,126.42,7,0,False
CB-1173,2025-07-14,0.0,59,126.42,7,0,False
CB-1173,2025-07-21,0.0,59,126.42,7,0,False
CB-1173,2025-07-28,0.0,59,126.42,7,0,False
CB-1173,2025-08-04,0.0,59,126.42,7,0,False
CB-1173,2025-08-11,0.0,59,126.42,7,0,False
CB-1173,2025-08-18,,59,126.42,7,0,False
CB-1173,2025-08-25,0.0,59,126.42,7,0,False
CB-1173,2025-09-01,0.0,59,126.42,7,0,False
CB-1173,2025-09-08,0.0,59,126.42,7,0,False
CB-1173,2025-09-15,0.0,59,126.42,7,0,False
CB-1173,2025-09-22,46.0,13,126.42,7,0,False
CB-1173,2025-09-29,46.0,16,126.42,7,0,False
CB-1173,2025-10-06,0.0,65,126.42,7,0,False
CB-1173,2025-10-13,0.0,65,126.42,7,0,False
CB-1173,2025-10-20,51.0,14,126.42,7,0,False
CB-1173,2025-10-27,31.0,31,126.42,7,0,False
CB-1173,2025-11-03,0.0,80,126.42,7,0,False
CB-1173,2025-11-10,0.0,80,126.42,7,0,False
CB-1173,2025-11-17,43.0,37,126.42,7,0,False
CB-1173,2025-11-24,0.0,37,126.42,7,0,False
CB-1173,2025-12-01,0.0,37,126.42,7,0,False
CB-1173,2025-12-08,0.0,37,126.42,7,0,False
CB-1173,2025-12-15,0.0,37,126.42,7,0,False
CB-1173,2025-12-22,0.0,37,126.42,7,0,False
CB-1174,2024-01-01,0.0,17,9.63,35,0,False
CB-1174,2024-01-08,0.0,17,9.63,35,0,False
CB-1174,2024-01-15,55.0,0,9.63,35,1,False
CB-1174,2024-01-22,0.0,0,9.63,35,0,False
CB-1174,2024-01-29,0.0,0,9.63,35,0,False
CB-1174,2024-02-05,0.0,33,9.63,35,0,False
CB-1174,2024-02-12,0.0,66,9.63,35,0,False
CB-1174,2024-02-19,0.0,66,9.63,35,0,False
CB-1174,2024-02-26,40.0,26,9.63,35,0,False
CB-1174,2024-03-04,0.0,26,9.63,35,0,False
CB-1174,2024-03-11,0.0,26,9.63,35,0,False
CB-1174,2024-03-18,55.0,0,9.63,35,1,False
CB-1174,2024-03-25,0.0,0,9.63,35,0,False
CB-1174,2024-04-01,0.0,33,9.63,35,0,False
CB-1174,2024-04-08,0.0,33,9.63,35,0,False
CB-1174,2024-04-15,0.0,33,9.63,35,0,False
CB-1174,2024-04-22,0.0,66,9.63,35,0,False
CB-1174,2024-04-29,0.0,66,9.63,35,0,False
CB-1174,2024-05-06,48.0,18,9.63,35,0,False
CB-1174,2024-05-13,0.0,18,9.63,35,0,False
CB-1174,2024-05-20,0.0,18,9.63,35,0,False
CB-1174,2024-05-27,0.0,18,9.63,35,0,False
CB-1174,2024-06-03,0.0,18,9.63,35,0,False
CB-1174,2024-06-10,0.0,51,9.63,35,0,False
CB-1174,2024-06-17,0.0,85,9.63,35,0,False
CB-1174,2024-06-24,0.0,85,9.63,35,0,False
CB-1174,2024-07-01,0.0,85,9.63,35,0,False
CB-1174,2024-07-08,51.0,34,9.63,35,0,False
CB-1174,2024-07-15,0.0,34,9.63,35,0,False
CB-1174,2024-07-22,0.0,34,9.63,35,0,False
CB-1174,2024-07-29,39.0,0,9.63,35,1,False
CB-1174,2024-08-05,0.0,0,9.63,35,0,False
CB-1174,2024-08-12,0.0,33,9.63,35,0,False
CB-1174,2024-08-19,0.0,33,9.63,35,0,False
CB-1174,2024-08-26,0.0,33,9.63,35,0,False
CB-1174,2024-09-02,0.0,66,9.63,35,0,False
CB-1174,2024-09-09,11.0,55,9.63,35,0,False
CB-1174,2024-09-16,0.0,55,9.63,35,0,False
CB-1174,2024-09-23,0.0,55,9.63,35,0,False
CB-1174,2024-09-30,16.0,39,9.63,35,0,False
CB-1174,2024-10-07,0.0,39,9.63,35,0,False
CB-1174,2024-10-14,28.0,44,9.63,35,0,False
CB-1174,2024-10-21,0.0,44,9.63,35,0,False
CB-1174,2024-10-28,0.0,44,9.63,35,0,False
CB-1174,2024-11-04,0.0,44,9.63,35,0,False
CB-1174,2024-11-11,5.0,39,9.63,35,0,False
CB-1174,2024-11-18,46.0,27,9.63,35,0,False
CB-1174,2024-11-25,0.0,27,9.63,35,0,False
CB-1174,2024-12-02,56.0,0,9.63,35,1,False
CB-1174,2024-12-09,0.0,0,9.63,35,0,False
CB-1174,2024-12-16,20.0,0,9.63,35,1,False
CB-1174,2024-12-23,0.0,33,9.63,35,0,False
CB-1174,2024-12-30,0.0,33,9.63,35,0,False
CB-1174,2025-01-06,0.0,66,9.63,35,0,False
CB-1174,2025-01-13,48.0,18,9.63,35,0,False
CB-1174,2025-01-20,24.0,0,9.63,35,1,False
CB-1174,2025-01-27,0.0,0,9.63,35,0,False
CB-1174,2025-02-03,0.0,0,9.63,35,0,False
CB-1174,2025-02-10,16.0,0,9.63,35,1,False
CB-1174,2025-02-17,0.0,33,9.63,35,0,False
CB-1174,2025-02-24,23.0,43,9.63,35,0,False
CB-1174,2025-03-03,11.0,32,9.63,35,0,False
CB-1174,2025-03-10,0.0,32,9.63,35,0,False
CB-1174,2025-03-17,34.0,0,9.63,35,1,False
CB-1174,2025-03-24,0.0,0,9.63,35,0,False
CB-1174,2025-03-31,40.0,0,9.63,35,1,False
CB-1174,2025-04-07,0.0,0,9.63,35,0,False
CB-1174,2025-04-14,0.0,0,9.63,35,0,False
CB-1174,2025-04-21,0.0,33,9.63,35,0,False
CB-1174,2025-04-28,0.0,33,9.63,35,0,False
CB-1174,2025-05-05,0.0,66,9.63,35,0,False
CB-1174,2025-05-12,0.0,66,9.63,35,0,False
CB-1174,2025-05-19,0.0,66,9.63,35,0,False
CB-1174,2025-05-26,0.0,66,9.63,35,0,False
CB-1174,2025-06-02,9.0,57,9.63,35,0,False
CB-1174,2025-06-09,21.0,36,9.63,35,0,False
CB-1174,2025-06-16,0.0,36,9.63,35,0,False
CB-1174,2025-06-23,0.0,36,9.63,35,0,False
CB-1174,2025-06-30,57.0,0,9.63,35,1,False
CB-1174,2025-07-07,0.0,0,9.63,35,0,False
CB-1174,2025-07-14,0.0,33,9.63,35,0,False
CB-1174,2025-07-21,0.0,33,9.63,35,0,False
CB-1174,2025-07-28,0.0,33,9.63,35,0,False
CB-1174,2025-08-04,0.0,66,9.63,35,0,False
CB-1174,2025-08-11,18.0,48,9.63,35,0,False
CB-1174,2025-08-18,0.0,48,9.63,35,0,False
CB-1174,2025-08-25,7.0,41,9.63,35,0,False
CB-1174,2025-09-01,0.0,41,9.63,35,0,False
CB-1174,2025-09-08,0.0,41,9.63,35,0,False
CB-1174,2025-09-15,0.0,74,9.63,35,0,False
CB-1174,2025-09-22,0.0,74,9.63,35,0,False
CB-1174,2025-09-29,0.0,74,9.63,35,0,False
CB-1174,2025-10-06,0.0,74,9.63,35,0,False
CB-1174,2025-10-13,0.0,74,9.63,35,0,False
CB-1174,2025-10-20,0.0,74,9.63,35,0,False
CB-1174,2025-10-27,20.0,54,9.63,35,0,False
CB-1174,2025-11-03,0.0,54,9.63,35,0,False
CB-1174,2025-11-10,0.0,54,9.63,35,0,False
CB-1174,2025-11-17,0.0,54,9.63,35,0,False
CB-1174,2025-11-24,0.0,54,9.63,35,0,False
CB-1174,2025-12-01,0.0,88,9.63,35,0,False
CB-1174,2025-12-08,38.0,50,9.63,35,0,False
CB-1174,2025-12-15,0.0,50,9.63,35,0,False
CB-1174,2025-12-22,0.0,50,9.63,35,0,False
CB-1175,2024-01-01,60.0,175,92.05,7,0,False
CB-1175,2024-01-08,60.0,115,92.05,7,0,False
CB-1175,2024-01-15,69.0,46,92.05,7,0,False
CB-1175,2024-01-22,64.0,249,92.05,7,0,False
CB-1175,2024-01-29,65.0,184,92.05,7,0,False
CB-1175,2024-02-05,69.0,115,92.05,7,0,False
CB-1175,2024-02-12,65.0,50,92.05,7,0,False
CB-1175,2024-02-19,66.0,252,92.05,7,0,False
CB-1175,2024-02-26,71.0,181,92.05,7,0,False
CB-1175,2024-03-04,67.0,114,92.05,7,0,False
CB-1175,2024-03-11,72.0,42,92.05,7,0,False
CB-1175,2024-03-18,86.0,224,92.05,7,0,False
CB-1175,2024-03-25,81.0,143,92.05,7,0,False
CB-1175,2024-04-01,77.0,66,92.05,7,0,False
CB-1175,2024-04-08,84.0,249,92.05,7,0,False
CB-1175,2024-04-15,70.0,179,92.05,7,0,False
CB-1175,2024-04-22,89.0,90,92.05,7,0,False
CB-1175,2024-04-29,71.0,19,92.05,7,0,False
CB-1175,2024-05-06,85.0,202,92.05,7,0,False
CB-1175,2024-05-13,84.0,118,92.05,7,0,False
CB-1175,2024-05-20,61.0,57,92.05,7,0,False
CB-1175,2024-05-27,78.0,246,92.05,7,0,False
CB-1175,2024-06-03,67.0,179,92.05,7,0,False
CB-1175,2024-06-10,64.0,115,92.05,7,0,False
CB-1175,2024-06-17,68.0,47,92.05,7,0,False
CB-1175,2024-06-24,58.0,257,92.05,7,0,False
CB-1175,2024-07-01,64.0,193,92.05,7,0,False
CB-1175,2024-07-08,55.0,138,92.05,7,0,False
CB-1175,2024-07-15,59.0,79,92.05,7,0,False
CB-1175,2024-07-22,63.0,283,92.05,7,0,False
CB-1175,2024-07-29,57.0,226,92.05,7,0,False
CB-1175,2024-08-05,52.0,174,92.05,7,0,False
CB-1175,2024-08-12,54.0,120,92.05,7,0,False
CB-1175,2024-08-19,45.0,75,92.05,7,0,False
CB-1175,2024-08-26,47.0,296,92.05,7,0,False
CB-1175,2024-09-02,47.0,249,92.05,7,0,False
CB-1175,2024-09-09,51.0,198,92.05,7,0,False
CB-1175,2024-09-16,50.0,148,92.05,7,0,False
CB-1175,2024-09-23,50.0,98,92.05,7,0,False
CB-1175,2024-09-30,48.0,50,92.05,7,0,False
CB-1175,2024-10-07,45.0,272,92.05,7,0,False
CB-1175,2024-10-14,54.0,218,92.05,7,0,False
CB-1175,2024-10-21,46.0,172,92.05,7,0,False
CB-1175,2024-10-28,52.0,120,92.05,7,0,False
CB-1175,2024-11-04,51.0,69,92.05,7,0,False
CB-1175,2024-11-11,55.0,282,92.05,7,0,False
CB-1175,2024-11-18,51.0,231,92.05,7,0,False
CB-1175,2024-11-25,60.0,171,92.05,7,0,False
CB-1175,2024-12-02,64.0,107,92.05,7,0,False
CB-1175,2024-12-09,64.0,43,92.05,7,0,False
CB-1175,2024-12-16,62.0,248,92.05,7,0,False
CB-1175,2024-12-23,61.0,187,92.05,7,0,False
CB-1175,2024-12-30,80.0,107,92.05,7,0,False
CB-1175,2025-01-06,62.0,45,92.05,7,0,False
CB-1175,2025-01-13,75.0,238,92.05,7,0,False
CB-1175,2025-01-20,74.0,164,92.05,7,0,False
CB-1175,2025-01-27,73.0,91,92.05,7,0,False
CB-1175,2025-02-03,77.0,14,92.05,7,0,False
CB-1175,2025-02-10,74.0,207,92.05,7,0,False
CB-1175,2025-02-17,82.0,125,92.05,7,0,False
CB-1175,2025-02-24,82.0,43,92.05,7,0,False
CB-1175,2025-03-03,99.0,212,92.05,7,0,False
CB-1175,2025-03-10,90.0,122,92.05,7,0,False
CB-1175,2025-03-17,87.0,35,92.05,7,0,False
CB-1175,2025-03-24,88.0,215,92.05,7,0,False
CB-1175,2025-03-31,97.0,118,92.05,7,0,False
CB-1175,2025-04-07,78.0,40,92.05,7,0,False
CB-1175,2025-04-14,83.0,224,92.05,7,0,False
CB-1175,2025-04-21,71.0,153,92.05,7,0,False
CB-1175,2025-04-28,87.0,66,92.05,7,0,False
CB-1175,2025-05-05,88.0,246,92.05,7,0,False
CB-1175,2025-05-12,75.0,171,92.05,7,0,False
CB-1175,2025-05-19,89.0,82,92.05,7,0,False
CB-1175,2025-05-26,74.0,8,92.05,7,0,False
CB-1175,2025-06-02,75.0,200,92.05,7,0,False
CB-1175,2025-06-09,76.0,124,92.05,7,0,False
CB-1175,2025-06-16,82.0,42,92.05,7,0,False
CB-1175,2025-06-23,66.0,244,92.05,7,0,False
CB-1175,2025-06-30,71.0,173,92.05,7,0,False
CB-1175,2025-07-07,71.0,102,92.05,7,0,False
CB-1175,2025-07-14,68.0,34,92.05,7,0,False
CB-1175,2025-07-21,67.0,234,92.05,7,0,False
CB-1175,2025-07-28,65.0,169,92.05,7,0,False
CB-1175,2025-08-04,57.0,112,92.05,7,0,False
CB-1175,2025-08-11,66.0,46,92.05,7,0,False
CB-1175,2025-08-18,57.0,257,92.05,7,0,False
CB-1175,2025-08-25,55.0,202,92.05,7,0,False
CB-1175,2025-09-01,61.0,141,92.05,7,0,False
CB-1175,2025-09-08,51.0,90,92.05,7,0,False
CB-1175,2025-09-15,55.0,35,92.05,7,0,False
CB-1175,2025-09-22,50.0,252,92.05,7,0,False
CB-1175,2025-09-29,64.0,188,92.05,7,0,False
CB-1175,2025-10-06,64.0,124,92.05,7,0,False
CB-1175,2025-10-13,54.0,70,92.05,7,0,False
CB-1175,2025-10-20,57.0,281,92.05,7,0,False
CB-1175,2025-10-27,56.0,225,92.05,7,0,False
CB-1175,2025-11-03,55.0,170,92.05,7,0,False
CB-1175,2025-11-10,59.0,111,92.05,7,0,False
CB-1175,2025-11-17,60.0,51,92.05,7,0,False
CB-1175,2025-11-24,54.0,264,92.05,7,0,False
CB-1175,2025-12-01,65.0,199,92.05,7,0,False
CB-1175,2025-12-08,66.0,133,92.05,7,0,False
CB-1175,2025-12-15,70.0,63,92.05,7,0,False
CB-1175,2025-12-22,70.0,261,92.05,7,0,False
CB-1176,2024-01-01,56.0,185,114.33,7,0,False
CB-1176,2024-01-08,72.0,113,114.33,7,0,False
CB-1176,2024-01-15,59.0,54,114.33,7,0,False
CB-1176,2024-01-22,48.0,237,114.33,7,0,False
CB-1176,2024-01-29,64.0,173,114.33,7,0,False
CB-1176,2024-02-05,17.0,156,114.33,7,0,False
CB-1176,2024-02-12,96.0,60,114.33,7,0,False
CB-1176,2024-02-19,62.0,230,114.33,7,0,False
CB-1176,2024-02-26,102.0,128,114.33,7,0,False
CB-1176,2024-03-04,41.0,87,114.33,7,0,False
CB-1176,2024-03-11,36.0,51,114.33,7,0,False
CB-1176,2024-03-18,68.0,215,114.33,7,0,False
CB-1176,2024-03-25,68.0,147,114.33,7,0,False
CB-1176,2024-04-01,68.0,79,114.33,7,0,False
CB-1176,2024-04-08,65.0,245,114.33,7,0,False
CB-1176,2024-04-15,47.0,198,114.33,7,0,False
CB-1176,2024-04-22,29.0,169,114.33,7,0,False
CB-1176,2024-04-29,66.0,103,114.33,7,0,False
CB-1176,2024-05-06,33.0,70,114.33,7,0,False
CB-1176,2024-05-13,30.0,272,114.33,7,0,False
CB-1176,2024-05-20,50.0,222,114.33,7,0,False
CB-1176,2024-05-27,65.0,157,114.33,7,0,False
CB-1176,2024-06-03,94.0,63,114.33,7,0,False
CB-1176,2024-06-10,73.0,222,114.33,7,0,False
CB-1176,2024-06-17,79.0,143,114.33,7,0,False
CB-1176,2024-06-24,63.0,80,114.33,7,0,False
CB-1176,2024-07-01,56.0,255,114.33,7,0,False
CB-1176,2024-07-08,91.0,164,114.33,7,0,False
CB-1176,2024-07-15,25.0,139,114.33,7,0,False
CB-1176,2024-07-22,39.0,100,114.33,7,0,False
CB-1176,2024-07-29,39.0,61,114.33,7,0,False
CB-1176,2024-08-05,57.0,236,114.33,7,0,False
CB-1176,2024-08-12,28.0,208,114.33,7,0,False
CB-1176,2024-08-19,52.0,156,114.33,7,0,False
CB-1176,2024-08-26,49.0,107,114.33,7,0,False
CB-1176,2024-09-02,51.0,56,114.33,7,0,False
CB-1176,2024-09-09,50.0,238,114.33,7,0,False
CB-1176,2024-09-16,60.0,178,114.33,7,0,False
CB-1176,2024-09-23,38.0,140,114.33,7,0,False
CB-1176,2024-09-30,46.0,94,114.33,7,0,False
CB-1176,2024-10-07,29.0,65,114.33,7,0,False
CB-1176,2024-10-14,26.0,270,114.33,7,0,False
CB-1176,2024-10-21,64.0,206,114.33,7,0,False
CB-1176,2024-10-28,29.0,177,114.33,7,0,False
CB-1176,2024-11-04,51.0,126,114.33,7,0,False
CB-1176,2024-11-11,50.0,76,114.33,7,0,False
CB-1176,2024-11-18,62.0,246,114.33,7,0,False
CB-1176,2024-11-25,19.0,227,114.33,7,0,False
CB-1176,2024-12-02,61.0,166,114.33,7,0,False
CB-1176,2024-12-09,47.0,119,114.33,7,0,False
CB-1176,2024-12-16,39.0,80,114.33,7,0,False
CB-1176,2024-12-23,47.0,33,114.33,7,0,False
CB-1176,2024-12-30,72.0,193,114.33,7,0,False
CB-1176,2025-01-06,69.0,124,114.33,7,0,False
CB-1176,2025-01-13,54.0,70,114.33,7,0,False
CB-1176,2025-01-20,35.0,266,114.33,7,0,False
CB-1176,2025-01-27,37.0,229,114.33,7,0,False
CB-1176,2025-02-03,77.0,152,114.33,7,0,False
CB-1176,2025-02-10,35.0,117,114.33,7,0,False
CB-1176,2025-02-17,61.0,56,114.33,7,0,False
CB-1176,2025-02-24,126.0,162,114.33,7,0,False
CB-1176,2025-03-03,77.0,85,114.33,7,0,False
CB-1176,2025-03-10,84.0,1,114.33,7,0,False
CB-1176,2025-03-17,42.0,190,114.33,7,0,False
CB-1176,2025-03-24,39.0,151,114.33,7,0,False
CB-1176,2025-03-31,87.0,64,114.33,7,0,False
CB-1176,2025-04-07,62.0,234,114.33,7,0,False
CB-1176,2025-04-14,96.0,138,114.33,7,0,False
CB-1176,2025-04-21,71.0,67,114.33,7,0,False
CB-1176,2025-04-28,151.0,148,114.33,7,0,False
CB-1176,2025-05-05,56.0,92,114.33,7,0,False
CB-1176,2025-05-12,75.0,17,114.33,7,0,False
CB-1176,2025-05-19,47.0,201,114.33,7,0,False
CB-1176,2025-05-26,89.0,112,114.33,7,0,False
CB-1176,2025-06-02,74.0,38,114.33,7,0,False
CB-1176,2025-06-09,42.0,228,114.33,7,0,False
CB-1176,2025-06-16,55.0,173,114.33,7,0,False
CB-1176,2025-06-23,87.0,86,114.33,7,0,False
CB-1176,2025-06-30,83.0,3,114.33,7,0,False
CB-1176,2025-07-07,29.0,206,114.33,7,0,False
CB-1176,2025-07-14,46.0,160,114.33,7,0,False
CB-1176,2025-07-21,86.0,74,114.33,7,0,False
CB-1176,2025-07-28,49.0,256,114.33,7,0,False
CB-1176,2025-08-04,53.0,203,114.33,7,0,False
CB-1176,2025-08-11,66.0,137,114.33,7,0,False
CB-1176,2025-08-18,26.0,111,114.33,7,0,False
CB-1176,2025-08-25,32.0,79,114.33,7,0,False
CB-1176,2025-09-01,41.0,270,114.33,7,0,False
CB-1176,2025-09-08,64.0,206,114.33,7,0,False
CB-1176,2025-09-15,60.0,146,114.33,7,0,False
CB-1176,2025-09-22,56.0,90,114.33,7,0,False
CB-1176,2025-09-29,43.0,47,114.33,7,0,False
CB-1176,2025-10-06,62.0,217,114.33,7,0,False
CB-1176,2025-10-13,43.0,174,114.33,7,0,False
CB-1176,2025-10-20,55.0,119,114.33,7,0,False
CB-1176,2025-10-27,61.0,58,114.33,7,0,False
CB-1176,2025-11-03,75.0,214,114.33,7,0,False
CB-1176,2025-11-10,48.0,166,114.33,7,0,False
CB-1176,2025-11-17,44.0,122,114.33,7,0,False
CB-1176,2025-11-24,75.0,47,114.33,7,0,False
CB-1176,2025-12-01,79.0,200,114.33,7,0,False
CB-1176,2025-12-08,45.0,155,114.33,7,0,False
CB-1176,2025-12-15,36.0,119,114.33,7,0,False
CB-1176,2025-12-22,84.0,35,114.33,7,0,False
CB-1177,2024-01-01,0.0,24,132.9,21,0,False
CB-1177,2024-01-08,0.0,24,132.9,21,0,False
CB-1177,2024-01-15,0.0,24,132.9,21,0,False
CB-1177,2024-01-22,40.0,7,132.9,21,0,False
CB-1177,2024-01-29,46.0,0,132.9,21,1,False
CB-1177,2024-02-05,0.0,0,132.9,21,0,False
CB-1177,2024-02-12,0.0,23,132.9,21,0,False
CB-1177,2024-02-19,0.0,46,132.9,21,0,False
CB-1177,2024-02-26,0.0,46,132.9,21,0,False
CB-1177,2024-03-04,0.0,46,132.9,21,0,False
CB-1177,2024-03-11,0.0,46,132.9,21,0,False
CB-1177,2024-03-18,0.0,46,132.9,21,0,False
CB-1177,2024-03-25,38.0,8,132.9,21,0,False
CB-1177,2024-04-01,0.0,8,132.9,21,0,False
CB-1177,2024-04-08,0.0,8,132.9,21,0,False
CB-1177,2024-04-15,0.0,31,132.9,21,0,False
CB-1177,2024-04-22,0.0,31,132.9,21,0,False
CB-1177,2024-04-29,31.0,0,132.9,21,1,False
CB-1177,2024-05-06,0.0,0,132.9,21,0,False
CB-1177,2024-05-13,0.0,0,132.9,21,0,False
CB-1177,2024-05-20,22.0,1,132.9,21,0,False
CB-1177,2024-05-27,0.0,24,132.9,21,0,False
CB-1177,2024-06-03,26.0,0,132.9,21,1,False
CB-1177,2024-06-10,31.0,0,132.9,21,1,False
CB-1177,2024-06-17,11.0,0,132.9,21,1,False
CB-1177,2024-06-24,0.0,23,132.9,21,0,False
CB-1177,2024-07-01,14.0,32,132.9,21,0,False
CB-1177,2024-07-08,0.0,32,132.9,21,0,False
CB-1177,2024-07-15,7.0,25,132.9,21,0,False
CB-1177,2024-07-22,0.0,25,132.9,21,0,False
CB-1177,2024-07-29,0.0,25,132.9,21,0,False
CB-1177,2024-08-05,0.0,48,132.9,21,0,False
CB-1177,2024-08-12,0.0,48,132.9,21,0,False
CB-1177,2024-08-19,0.0,48,132.9,21,0,False
CB-1177,2024-08-26,0.0,48,132.9,21,0,False
CB-1177,2024-09-02,0.0,48,132.9,21,0,False
CB-1177,2024-09-09,0.0,48,132.9,21,0,False
CB-1177,2024-09-16,0.0,48,132.9,21,0,False
CB-1177,2024-09-23,0.0,48,132.9,21,0,False
CB-1177,2024-09-30,0.0,48,132.9,21,0,False
CB-1177,2024-10-07,0.0,48,132.9,21,0,False
CB-1177,2024-10-14,55.0,0,132.9,21,1,False
CB-1177,2024-10-21,0.0,0,132.9,21,0,False
CB-1177,2024-10-28,0.0,0,132.9,21,0,False
CB-1177,2024-11-04,0.0,23,132.9,21,0,False
CB-1177,2024-11-11,0.0,46,132.9,21,0,False
CB-1177,2024-11-18,57.0,0,132.9,21,1,False
CB-1177,2024-11-25,0.0,0,132.9,21,0,False
CB-1177,2024-12-02,0.0,0,132.9,21,0,False
CB-1177,2024-12-09,0.0,23,132.9,21,0,False
CB-1177,2024-12-16,0.0,46,132.9,21,0,False
CB-1177,2024-12-23,0.0,46,132.9,21,0,False
CB-1177,2024-12-30,0.0,46,132.9,21,0,False
CB-1177,2025-01-06,0.0,46,132.9,21,0,False
CB-1177,2025-01-13,0.0,46,132.9,21,0,False
CB-1177,2025-01-20,0.0,46,132.9,21,0,False
CB-1177,2025-01-27,0.0,46,132.9,21,0,False
CB-1177,2025-02-03,0.0,46,132.9,21,0,False
CB-1177,2025-02-10,0.0,46,132.9,21,0,False
CB-1177,2025-02-17,0.0,46,132.9,21,0,False
CB-1177,2025-02-24,0.0,46,132.9,21,0,False
CB-1177,2025-03-03,0.0,46,132.9,21,0,False
CB-1177,2025-03-10,9.0,37,132.9,21,0,False
CB-1177,2025-03-17,0.0,37,132.9,21,0,False
CB-1177,2025-03-24,0.0,37,132.9,21,0,False
CB-1177,2025-03-31,0.0,37,132.9,21,0,False
CB-1177,2025-04-07,0.0,37,132.9,21,0,False
CB-1177,2025-04-14,0.0,37,132.9,21,0,False
CB-1177,2025-04-21,0.0,37,132.9,21,0,False
CB-1177,2025-04-28,0.0,37,132.9,21,0,False
CB-1177,2025-05-05,0.0,37,132.9,21,0,False
CB-1177,2025-05-12,0.0,37,132.9,21,0,False
CB-1177,2025-05-19,0.0,37,132.9,21,0,False
CB-1177,2025-05-26,14.0,23,132.9,21,0,False
CB-1177,2025-06-02,0.0,23,132.9,21,0,False
CB-1177,2025-06-09,0.0,23,132.9,21,0,False
CB-1177,2025-06-16,0.0,46,132.9,21,0,False
CB-1177,2025-06-23,0.0,46,132.9,21,0,False
CB-1177,2025-06-30,0.0,46,132.9,21,0,False
CB-1177,2025-07-07,0.0,46,132.9,21,0,False
CB-1177,2025-07-14,50.0,0,132.9,21,1,False
CB-1177,2025-07-21,0.0,0,132.9,21,0,False
CB-1177,2025-07-28,0.0,0,132.9,21,0,False
CB-1177,2025-08-04,16.0,7,132.9,21,0,False
CB-1177,2025-08-11,0.0,30,132.9,21,0,False
CB-1177,2025-08-18,0.0,30,132.9,21,0,False
CB-1177,2025-08-25,0.0,53,132.9,21,0,False
CB-1177,2025-09-01,0.0,53,132.9,21,0,False
CB-1177,2025-09-08,0.0,53,132.9,21,0,False
CB-1177,2025-09-15,0.0,53,132.9,21,0,False
CB-1177,2025-09-22,0.0,53,132.9,21,0,False
CB-1177,2025-09-29,42.0,11,132.9,21,0,False
CB-1177,2025-10-06,0.0,11,132.9,21,0,False
CB-1177,2025-10-13,0.0,11,132.9,21,0,False
CB-1177,2025-10-20,0.0,34,132.9,21,0,False
CB-1177,2025-10-27,0.0,34,132.9,21,0,False
CB-1177,2025-11-03,0.0,34,132.9,21,0,False
CB-1177,2025-11-10,0.0,34,132.9,21,0,False
CB-1177,2025-11-17,0.0,34,132.9,21,0,False
CB-1177,2025-11-24,0.0,34,132.9,21,0,False
CB-1177,2025-12-01,0.0,34,132.9,21,0,False
CB-1177,2025-12-08,0.0,34,132.9,21,0,False
CB-1177,2025-12-15,0.0,34,132.9,21,0,False
CB-1177,2025-12-22,60.0,0,132.9,21,1,False
CB-1178,2024-01-01,80.0,271,50.56,7,0,False
CB-1178,2024-01-08,86.0,185,50.56,7,0,False
CB-1178,2024-01-15,89.0,96,50.56,7,0,False
CB-1178,2024-01-22,79.0,390,50.56,7,0,False
CB-1178,2024-01-29,90.0,300,50.56,7,0,False
CB-1178,2024-02-05,86.0,214,50.56,7,0,False
CB-1178,2024-02-12,,120,50.56,7,0,False
CB-1178,2024-02-19,93.0,27,50.56,7,0,False
CB-1178,2024-02-26,110.0,289,50.56,7,0,False
CB-1178,2024-03-04,111.0,178,50.56,7,0,False
CB-1178,2024-03-11,109.0,69,50.56,7,0,False
CB-1178,2024-03-18,95.0,347,50.56,7,0,False
CB-1178,2024-03-25,105.0,242,50.56,7,0,False
CB-1178,2024-04-01,95.0,147,50.56,7,0,False
CB-1178,2024-04-08,105.0,42,50.56,7,0,False
CB-1178,2024-04-15,112.0,302,50.56,7,0,False
CB-1178,2024-04-22,114.0,188,50.56,7,0,False
CB-1178,2024-04-29,109.0,79,50.56,7,0,False
CB-1178,2024-05-06,114.0,338,50.56,7,0,False
CB-1178,2024-05-13,105.0,233,50.56,7,0,False
CB-1178,2024-05-20,,134,50.56,7,0,False
CB-1178,2024-05-27,106.0,28,50.56,7,0,False
CB-1178,2024-06-03,104.0,296,50.56,7,0,False
CB-1178,2024-06-10,91.0,205,50.56,7,0,False
CB-1178,2024-06-17,96.0,109,50.56,7,0,False
CB-1178,2024-06-24,88.0,394,50.56,7,0,False
CB-1178,2024-07-01,74.0,320,50.56,7,0,False
CB-1178,2024-07-08,88.0,232,50.56,7,0,False
CB-1178,2024-07-15,74.0,158,50.56,7,0,False
CB-1178,2024-07-22,83.0,75,50.56,7,0,False
CB-1178,2024-07-29,69.0,378,50.56,7,0,False
CB-1178,2024-08-05,72.0,306,50.56,7,0,False
CB-1178,2024-08-12,72.0,234,50.56,7,0,False
CB-1178,2024-08-19,80.0,154,50.56,7,0,False
CB-1178,2024-08-26,68.0,86,50.56,7,0,False
CB-1178,2024-09-02,64.0,395,50.56,7,0,False
CB-1178,2024-09-09,71.0,324,50.56,7,0,False
CB-1178,2024-09-16,67.0,257,50.56,7,0,False
CB-1178,2024-09-23,72.0,185,50.56,7,0,False
CB-1178,2024-09-30,62.0,123,50.56,7,0,False
CB-1178,2024-10-07,69.0,54,50.56,7,0,False
CB-1178,2024-10-14,83.0,344,50.56,7,0,False
CB-1178,2024-10-21,69.0,275,50.56,7,0,False
CB-1178,2024-10-28,72.0,203,50.56,7,0,False
CB-1178,2024-11-04,63.0,140,50.56,7,0,False
CB-1178,2024-11-11,70.0,70,50.56,7,0,False
CB-1178,2024-11-18,80.0,362,50.56,7,0,False
CB-1178,2024-11-25,77.0,285,50.56,7,0,False
CB-1178,2024-12-02,86.0,199,50.56,7,0,False
CB-1178,2024-12-09,87.0,112,50.56,7,0,False
CB-1178,2024-12-16,78.0,34,50.56,7,0,False
CB-1178,2024-12-23,98.0,309,50.56,7,0,False
CB-1178,2024-12-30,84.0,225,50.56,7,0,False
CB-1178,2025-01-06,90.0,135,50.56,7,0,False
CB-1178,2025-01-13,101.0,34,50.56,7,0,False
CB-1178,2025-01-20,115.0,291,50.56,7,0,False
CB-1178,2025-01-27,97.0,194,50.56,7,0,False
CB-1178,2025-02-03,109.0,85,50.56,7,0,False
CB-1178,2025-02-10,112.0,346,50.56,7,0,False
CB-1178,2025-02-17,118.0,228,50.56,7,0,False
CB-1178,2025-02-24,125.0,103,50.56,7,0,False
CB-1178,2025-03-03,112.0,363,50.56,7,0,False
CB-1178,2025-03-10,127.0,236,50.56,7,0,False
CB-1178,2025-03-17,131.0,105,50.56,7,0,False
CB-1178,2025-03-24,137.0,341,50.56,7,0,False
CB-1178,2025-03-31,125.0,216,50.56,7,0,False
CB-1178,2025-04-07,122.0,94,50.56,7,0,False
CB-1178,2025-04-14,115.0,351,50.56,7,0,False
CB-1178,2025-04-21,105.0,246,50.56,7,0,False
CB-1178,2025-04-28,116.0,130,50.56,7,0,False
CB-1178,2025-05-05,118.0,12,50.56,7,0,False
CB-1178,2025-05-12,114.0,271,50.56,7,0,False
CB-1178,2025-05-19,119.0,152,50.56,7,0,False
CB-1178,2025-05-26,98.0,54,50.56,7,0,False
CB-1178,2025-06-02,108.0,318,50.56,7,0,False
CB-1178,2025-06-09,124.0,194,50.56,7,0,False
CB-1178,2025-06-16,112.0,82,50.56,7,0,False
CB-1178,2025-06-23,106.0,349,50.56,7,0,False
CB-1178,2025-06-30,102.0,247,50.56,7,0,False
CB-1178,2025-07-07,93.0,154,50.56,7,0,False
CB-1178,2025-07-14,80.0,74,50.56,7,0,False
CB-1178,2025-07-21,94.0,352,50.56,7,0,False
CB-1178,2025-07-28,71.0,281,50.56,7,0,False
CB-1178,2025-08-04,83.0,198,50.56,7,0,False
CB-1178,2025-08-11,83.0,115,50.56,7,0,False
CB-1178,2025-08-18,78.0,37,50.56,7,0,False
CB-1178,2025-08-25,93.0,317,50.56,7,0,False
CB-1178,2025-09-01,90.0,227,50.56,7,0,False
CB-1178,2025-09-08,84.0,143,50.56,7,0,False
CB-1178,2025-09-15,71.0,72,50.56,7,0,False
CB-1178,2025-09-22,88.0,357,50.56,7,0,False
CB-1178,2025-09-29,80.0,277,50.56,7,0,False
CB-1178,2025-10-06,71.0,206,50.56,7,0,False
CB-1178,2025-10-13,77.0,129,50.56,7,0,False
CB-1178,2025-10-20,84.0,45,50.56,7,0,False
CB-1178,2025-10-27,76.0,341,50.56,7,0,False
CB-1178,2025-11-03,82.0,259,50.56,7,0,False
CB-1178,2025-11-10,85.0,174,50.56,7,0,False
CB-1178,2025-11-17,78.0,96,50.56,7,0,False
CB-1178,2025-11-24,86.0,383,50.56,7,0,False
CB-1178,2025-12-01,84.0,299,50.56,7,0,False
CB-1178,2025-12-08,101.0,198,50.56,7,0,False
CB-1178,2025-12-15,90.0,108,50.56,7,0,False
CB-1178,2025-12-22,103.0,377,50.56,7,0,False
CB-1179,2024-01-01,28.0,148,111.05,28,0,False
CB-1179,2024-01-08,45.0,103,111.05,28,0,False
CB-1179,2024-01-15,55.0,48,111.05,28,0,False
CB-1179,2024-01-22,60.0,0,111.05,28,1,False
CB-1179,2024-01-29,21.0,193,111.05,28,0,False
CB-1179,2024-02-05,52.0,141,111.05,28,0,False
CB-1179,2024-02-12,42.0,99,111.05,28,0,False
CB-1179,2024-02-19,69.0,244,111.05,28,0,False
CB-1179,2024-02-26,54.0,190,111.05,28,0,False
CB-1179,2024-03-04,58.0,132,111.05,28,0,False
CB-1179,2024-03-11,45.0,87,111.05,28,0,False
CB-1179,2024-03-18,99.0,0,111.05,28,1,False
CB-1179,2024-03-25,34.0,180,111.05,28,0,False
CB-1179,2024-04-01,53.0,127,111.05,28,0,False
CB-1179,2024-04-08,65.0,62,111.05,28,0,False
CB-1179,2024-04-15,57.0,219,111.05,28,0,False
CB-1179,2024-04-22,45.0,174,111.05,28,0,False
CB-1179,2024-04-29,22.0,152,111.05,28,0,False
CB-1179,2024-05-06,46.0,106,111.05,28,0,False
CB-1179,2024-05-13,40.0,281,111.05,28,0,False
CB-1179,2024-05-20,94.0,187,111.05,28,0,False
CB-1179,2024-05-27,104.0,83,111.05,28,0,False
CB-1179,2024-06-03,56.0,27,111.05,28,0,False
CB-1179,2024-06-10,28.0,0,111.05,28,1,False
CB-1179,2024-06-17,68.0,146,111.05,28,0,False
CB-1179,2024-06-24,35.0,111,111.05,28,0,False
CB-1179,2024-07-01,41.0,70,111.05,28,0,False
CB-1179,2024-07-08,39.0,245,111.05,28,0,False
CB-1179,2024-07-15,40.0,205,111.05,28,0,False
CB-1179,2024-07-22,41.0,164,111.05,28,0,False
CB-1179,2024-07-29,25.0,139,111.05,28,0,False
CB-1179,2024-08-05,34.0,105,111.05,28,0,False
CB-1179,2024-08-12,59.0,261,111.05,28,0,False
CB-1179,2024-08-19,42.0,219,111.05,28,0,False
CB-1179,2024-08-26,43.0,176,111.05,28,0,False
CB-1179,2024-09-02,9.0,167,111.05,28,0,False
CB-1179,2024-09-09,54.0,113,111.05,28,0,False
CB-1179,2024-09-16,30.0,297,111.05,28,0,False
CB-1179,2024-09-23,55.0,242,111.05,28,0,False
CB-1179,2024-09-30,42.0,200,111.05,28,0,False
CB-1179,2024-10-07,32.0,168,111.05,28,0,False
CB-1179,2024-10-14,17.0,151,111.05,28,0,False
CB-1179,2024-10-21,72.0,79,111.05,28,0,False
CB-1179,2024-10-28,53.0,240,111.05,28,0,False
CB-1179,2024-11-04,55.0,185,111.05,28,0,False
CB-1179,2024-11-11,71.0,114,111.05,28,0,False
CB-1179,2024-11-18,48.0,66,111.05,28,0,False
CB-1179,2024-11-25,68.0,0,111.05,28,1,False
CB-1179,2024-12-02,40.0,174,111.05,28,0,False
CB-1179,2024-12-09,62.0,112,111.05,28,0,False
CB-1179,2024-12-16,40.0,72,111.05,28,0,False
CB-1179,2024-12-23,43.0,243,111.05,28,0,False
CB-1179,2024-12-30,56.0,187,111.05,28,0,False
CB-1179,2025-01-06,31.0,156,111.05,28,0,False
CB-1179,2025-01-13,65.0,91,111.05,28,0,False
CB-1179,2025-01-20,53.0,38,111.05,28,0,False
CB-1179,2025-01-27,19.0,234,111.05,28,0,False
CB-1179,2025-02-03,53.0,181,111.05,28,0,False
CB-1179,2025-02-10,57.0,124,111.05,28,0,False
CB-1179,2025-02-17,85.0,39,111.05,28,0,False
CB-1179,2025-02-24,73.0,180,111.05,28,0,False
CB-1179,2025-03-03,102.0,78,111.05,28,0,False
CB-1179,2025-03-10,81.0,0,111.05,28,1,False
CB-1179,2025-03-17,56.0,0,111.05,28,1,False
CB-1179,2025-03-24,68.0,146,111.05,28,0,False
CB-1179,2025-03-31,61.0,85,111.05,28,0,False
CB-1179,2025-04-07,82.0,217,111.05,28,0,False
CB-1179,2025-04-14,71.0,146,111.05,28,0,False
CB-1179,2025-04-21,54.0,92,111.05,28,0,False
CB-1179,2025-04-28,69.0,23,111.05,28,0,False
CB-1179,2025-05-05,79.0,159,111.05,28,0,False
CB-1179,2025-05-12,44.0,115,111.05,28,0,False
CB-1179,2025-05-19,74.0,41,111.05,28,0,False
CB-1179,2025-05-26,29.0,12,111.05,28,0,False
CB-1179,2025-06-02,88.0,138,111.05,28,0,False
CB-1179,2025-06-09,74.0,64,111.05,28,0,False
CB-1179,2025-06-16,95.0,0,111.05,28,1,False
CB-1179,2025-06-23,36.0,178,111.05,28,0,False
CB-1179,2025-06-30,80.0,98,111.05,28,0,False
CB-1179,2025-07-07,74.0,24,111.05,28,0,False
CB-1179,2025-07-14,51.0,187,111.05,28,0,False
CB-1179,2025-07-21,46.0,141,111.05,28,0,False
CB-1179,2025-07-28,32.0,109,111.05,28,0,False
CB-1179,2025-08-04,26.0,83,111.05,28,0,False
CB-1179,2025-08-11,36.0,262,111.05,28,0,False
CB-1179,2025-08-18,27.0,235,111.05,28,0,False
CB-1179,2025-08-25,72.0,163,111.05,28,0,False
CB-1179,2025-09-01,22.0,141,111.05,28,0,False
CB-1179,2025-09-08,47.0,94,111.05,28,0,False
CB-1179,2025-09-15,51.0,43,111.05,28,0,False
CB-1179,2025-09-22,50.0,207,111.05,28,0,False
CB-1179,2025-09-29,51.0,156,111.05,28,0,False
CB-1179,2025-10-06,59.0,97,111.05,28,0,False
CB-1179,2025-10-13,38.0,59,111.05,28,0,False
CB-1179,2025-10-20,47.0,226,111.05,28,0,False
CB-1179,2025-10-27,42.0,184,111.05,28,0,False
CB-1179,2025-11-03,69.0,115,111.05,28,0,False
CB-1179,2025-11-10,84.0,31,111.05,28,0,False
CB-1179,2025-11-17,29.0,216,111.05,28,0,False
CB-1179,2025-11-24,15.0,201,111.05,28,0,False
CB-1179,2025-12-01,64.0,137,111.05,28,0,False
CB-1179,2025-12-08,76.0,61,111.05,28,0,False
CB-1179,2025-12-15,96.0,179,111.05,28,0,False
CB-1179,2025-12-22,74.0,105,111.05,28,0,False
CB-1180,2024-01-01,89.0,142,111.89,42,0,False
CB-1180,2024-01-08,88.0,54,111.89,42,0,False
CB-1180,2024-01-15,76.0,0,111.89,42,1,False
CB-1180,2024-01-22,87.0,0,111.89,42,1,False
CB-1180,2024-01-29,92.0,0,111.89,42,1,False
CB-1180,2024-02-05,91.0,0,111.89,42,1,False
CB-1180,2024-02-12,94.0,265,111.89,42,0,False
CB-1180,2024-02-19,108.0,517,111.89,42,0,False
CB-1180,2024-02-26,92.0,425,111.89,42,0,False
CB-1180,2024-03-04,105.0,320,111.89,42,0,False
CB-1180,2024-03-11,103.0,217,111.89,42,0,False
CB-1180,2024-03-18,94.0,123,111.89,42,0,False
CB-1180,2024-03-25,93.0,30,111.89,42,0,False
CB-1180,2024-04-01,89.0,300,111.89,42,0,False
CB-1180,2024-04-08,107.0,193,111.89,42,0,False
CB-1180,2024-04-15,102.0,91,111.89,42,0,False
CB-1180,2024-04-22,95.0,0,111.89,42,1,False
CB-1180,2024-04-29,86.0,273,111.89,42,0,False
CB-1180,2024-05-06,103.0,170,111.89,42,0,False
CB-1180,2024-05-13,97.0,73,111.89,42,0,False
CB-1180,2024-05-20,92.0,341,111.89,42,0,False
CB-1180,2024-05-27,88.0,253,111.89,42,0,False
CB-1180,2024-06-03,92.0,161,111.89,42,0,False
CB-1180,2024-06-10,95.0,66,111.89,42,0,False
CB-1180,2024-06-17,87.0,338,111.89,42,0,False
CB-1180,2024-06-24,79.0,259,111.89,42,0,False
CB-1180,2024-07-01,84.0,175,111.89,42,0,False
CB-1180,2024-07-08,89.0,86,111.89,42,0,False
CB-1180,2024-07-15,80.0,366,111.89,42,0,False
CB-1180,2024-07-22,78.0,288,111.89,42,0,False
CB-1180,2024-07-29,73.0,215,111.89,42,0,False
CB-1180,2024-08-05,68.0,147,111.89,42,0,False
CB-1180,2024-08-12,66.0,440,111.89,42,0,False
CB-1180,2024-08-19,61.0,379,111.89,42,0,False
CB-1180,2024-08-26,75.0,304,111.89,42,0,False
CB-1180,2024-09-02,70.0,234,111.89,42,0,False
CB-1180,2024-09-09,67.0,167,111.89,42,0,False
CB-1180,2024-09-16,67.0,459,111.89,42,0,False
CB-1180,2024-09-23,67.0,392,111.89,42,0,False
CB-1180,2024-09-30,62.0,330,111.89,42,0,False
CB-1180,2024-10-07,64.0,266,111.89,42,0,False
CB-1180,2024-10-14,64.0,202,111.89,42,0,False
CB-1180,2024-10-21,81.0,481,111.89,42,0,False
CB-1180,2024-10-28,74.0,407,111.89,42,0,False
CB-1180,2024-11-04,71.0,336,111.89,42,0,False
CB-1180,2024-11-11,80.0,256,111.89,42,0,False
CB-1180,2024-11-18,81.0,175,111.89,42,0,False
CB-1180,2024-11-25,68.0,107,111.89,42,0,False
CB-1180,2024-12-02,77.0,389,111.89,42,0,False
CB-1180,2024-12-09,81.0,308,111.89,42,0,False
CB-1180,2024-12-16,88.0,220,111.89,42,0,False
CB-1180,2024-12-23,85.0,135,111.89,42,0,False
CB-1180,2024-12-30,89.0,405,111.89,42,0,False
CB-1180,2025-01-06,89.0,316,111.89,42,0,False
CB-1180,2025-01-13,104.0,212,111.89,42,0,False
CB-1180,2025-01-20,87.0,125,111.89,42,0,False
CB-1180,2025-01-27,98.0,27,111.89,42,0,False
CB-1180,2025-02-03,88.0,299,111.89,42,0,False
CB-1180,2025-02-10,97.0,202,111.89,42,0,False
CB-1180,2025-02-17,111.0,91,111.89,42,0,False
CB-1180,2025-02-24,113.0,0,111.89,42,1,False
CB-1180,2025-03-03,109.0,250,111.89,42,0,False
CB-1180,2025-03-10,123.0,127,111.89,42,0,False
CB-1180,2025-03-17,127.0,0,111.89,42,0,False
CB-1180,2025-03-24,114.0,0,111.89,42,1,False
CB-1180,2025-03-31,118.0,241,111.89,42,0,False
CB-1180,2025-04-07,111.0,130,111.89,42,0,False
CB-1180,2025-04-14,121.0,9,111.89,42,0,False
CB-1180,2025-04-21,104.0,265,111.89,42,0,False
CB-1180,2025-04-28,130.0,135,111.89,42,0,False
CB-1180,2025-05-05,123.0,12,111.89,42,0,False
CB-1180,2025-05-12,100.0,0,111.89,42,1,False
CB-1180,2025-05-19,102.0,257,111.89,42,0,False
CB-1180,2025-05-26,111.0,146,111.89,42,0,False
CB-1180,2025-06-02,102.0,44,111.89,42,0,False
CB-1180,2025-06-09,107.0,297,111.89,42,0,False
CB-1180,2025-06-16,97.0,200,111.89,42,0,False
CB-1180,2025-06-23,109.0,91,111.89,42,0,False
CB-1180,2025-06-30,95.0,0,111.89,42,1,False
CB-1180,2025-07-07,110.0,249,111.89,42,0,False
CB-1180,2025-07-14,94.0,155,111.89,42,0,False
CB-1180,2025-07-21,78.0,77,111.89,42,0,False
CB-1180,2025-07-28,99.0,0,111.89,42,1,False
CB-1180,2025-08-04,89.0,270,111.89,42,0,False
CB-1180,2025-08-11,83.0,187,111.89,42,0,False
CB-1180,2025-08-18,82.0,105,111.89,42,0,False
CB-1180,2025-08-25,69.0,396,111.89,42,0,False
CB-1180,2025-09-01,64.0,332,111.89,42,0,False
CB-1180,2025-09-08,74.0,258,111.89,42,0,False
CB-1180,2025-09-15,82.0,176,111.89,42,0,False
CB-1180,2025-09-22,75.0,460,111.89,42,0,False
CB-1180,2025-09-29,83.0,377,111.89,42,0,False
CB-1180,2025-10-06,81.0,296,111.89,42,0,False
CB-1180,2025-10-13,74.0,222,111.89,42,0,False
CB-1180,2025-10-20,82.0,140,111.89,42,0,False
CB-1180,2025-10-27,86.0,414,111.89,42,0,False
CB-1180,2025-11-03,78.0,336,111.89,42,0,False
CB-1180,2025-11-10,79.0,257,111.89,42,0,False
CB-1180,2025-11-17,83.0,174,111.89,42,0,False
CB-1180,2025-11-24,69.0,105,111.89,42,0,False
CB-1180,2025-12-01,90.0,374,111.89,42,0,False
CB-1180,2025-12-08,96.0,278,111.89,42,0,False
CB-1180,2025-12-15,95.0,183,111.89,42,0,False
CB-1180,2025-12-22,99.0,84,111.89,42,0,False
CB-1181,2024-01-01,78.0,95,128.45,14,0,False
CB-1181,2024-01-08,69.0,26,128.45,14,0,False
CB-1181,2024-01-15,70.0,263,128.45,14,0,False
CB-1181,2024-01-22,84.0,179,128.45,14,0,False
CB-1181,2024-01-29,84.0,95,128.45,14,0,False
CB-1181,2024-02-05,81.0,14,128.45,14,0,False
CB-1181,2024-02-12,87.0,233,128.45,14,0,False
CB-1181,2024-02-19,76.0,157,128.45,14,0,False
CB-1181,2024-02-26,84.0,73,128.45,14,0,False
CB-1181,2024-03-04,95.0,285,128.45,14,0,False
CB-1181,2024-03-11,82.0,203,128.45,14,0,False
CB-1181,2024-03-18,81.0,122,128.45,14,0,False
CB-1181,2024-03-25,89.0,33,128.45,14,0,False
CB-1181,2024-04-01,90.0,250,128.45,14,0,False
CB-1181,2024-04-08,94.0,156,128.45,14,0,False
CB-1181,2024-04-15,79.0,77,128.45,14,0,False
CB-1181,2024-04-22,70.0,314,128.45,14,0,False
CB-1181,2024-04-29,94.0,220,128.45,14,0,False
CB-1181,2024-05-06,79.0,141,128.45,14,0,False
CB-1181,2024-05-13,82.0,59,128.45,14,0,False
CB-1181,2024-05-20,70.0,295,128.45,14,0,False
CB-1181,2024-05-27,90.0,205,128.45,14,0,False
CB-1181,2024-06-03,83.0,122,128.45,14,0,False
CB-1181,2024-06-10,81.0,41,128.45,14,0,False
CB-1181,2024-06-17,79.0,269,128.45,14,0,False
CB-1181,2024-06-24,63.0,206,128.45,14,0,False
CB-1181,2024-07-01,68.0,138,128.45,14,0,False
CB-1181,2024-07-08,69.0,69,128.45,14,0,False
CB-1181,2024-07-15,65.0,311,128.45,14,0,False
CB-1181,2024-07-22,66.0,245,128.45,14,0,False
CB-1181,2024-07-29,67.0,178,128.45,14,0,False
CB-1181,2024-08-05,69.0,109,128.45,14,0,False
CB-1181,2024-08-12,55.0,54,128.45,14,0,False
CB-1181,2024-08-19,61.0,300,128.45,14,0,False
CB-1181,2024-08-26,63.0,237,128.45,14,0,False
CB-1181,2024-09-02,54.0,183,128.45,14,0,False
CB-1181,2024-09-09,57.0,126,128.45,14,0,False
CB-1181,2024-09-16,59.0,67,128.45,14,0,False
CB-1181,2024-09-23,57.0,317,128.45,14,0,False
CB-1181,2024-09-30,60.0,257,128.45,14,0,False
CB-1181,2024-10-07,57.0,200,128.45,14,0,False
CB-1181,2024-10-14,56.0,144,128.45,14,0,False
CB-1181,2024-10-21,53.0,91,128.45,14,0,False
CB-1181,2024-10-28,61.0,336,128.45,14,0,False
CB-1181,2024-11-04,61.0,275,128.45,14,0,False
CB-1181,2024-11-11,57.0,218,128.45,14,0,False
CB-1181,2024-11-18,67.0,151,128.45,14,0,False
CB-1181,2024-11-25,73.0,78,128.45,14,0,False
CB-1181,2024-12-02,65.0,320,128.45,14,0,False
CB-1181,2024-12-09,66.0,254,128.45,14,0,False
CB-1181,2024-12-16,68.0,186,128.45,14,0,False
CB-1181,2024-12-23,65.0,121,128.45,14,0,False
CB-1181,2024-12-30,90.0,31,128.45,14,0,False
CB-1181,2025-01-06,78.0,260,128.45,14,0,False
CB-1181,2025-01-13,77.0,183,128.45,14,0,False
CB-1181,2025-01-20,78.0,105,128.45,14,0,False
CB-1181,2025-01-27,85.0,20,128.45,14,0,False
CB-1181,2025-02-03,85.0,242,128.45,14,0,False
CB-1181,2025-02-10,103.0,139,128.45,14,0,False
CB-1181,2025-02-17,85.0,54,128.45,14,0,False
CB-1181,2025-02-24,84.0,276,128.45,14,0,False
CB-1181,2025-03-03,101.0,175,128.45,14,0,False
CB-1181,2025-03-10,97.0,78,128.45,14,0,False
CB-1181,2025-03-17,97.0,0,128.45,14,1,False
CB-1181,2025-03-24,104.0,203,128.45,14,0,False
CB-1181,2025-03-31,101.0,102,128.45,14,0,False
CB-1181,2025-04-07,100.0,2,128.45,14,0,False
CB-1181,2025-04-14,89.0,220,128.45,14,0,False
CB-1181,2025-04-21,86.0,134,128.45,14,0,False
CB-1181,2025-04-28,93.0,41,128.45,14,0,False
CB-1181,2025-05-05,89.0,258,128.45,14,0,False
CB-1181,2025-05-12,98.0,160,128.45,14,0,False
CB-1181,2025-05-19,81.0,79,128.45,14,0,False
CB-1181,2025-05-26,90.0,296,128.45,14,0,False
CB-1181,2025-06-02,90.0,206,128.45,14,0,False
CB-1181,2025-06-09,89.0,117,128.45,14,0,False
CB-1181,2025-06-16,90.0,27,128.45,14,0,False
CB-1181,2025-06-23,82.0,252,128.45,14,0,False
CB-1181,2025-06-30,78.0,174,128.45,14,0,False
CB-1181,2025-07-07,88.0,86,128.45,14,0,False
CB-1181,2025-07-14,76.0,10,128.45,14,0,False
CB-1181,2025-07-21,84.0,233,128.45,14,0,False
CB-1181,2025-07-28,72.0,161,128.45,14,0,False
CB-1181,2025-08-04,71.0,90,128.45,14,0,False
CB-1181,2025-08-11,69.0,327,128.45,14,0,False
CB-1181,2025-08-18,69.0,258,128.45,14,0,False
CB-1181,2025-08-25,64.0,194,128.45,14,0,False
CB-1181,2025-09-01,66.0,128,128.45,14,0,False
CB-1181,2025-09-08,72.0,56,128.45,14,0,False
CB-1181,2025-09-15,69.0,294,128.45,14,0,False
CB-1181,2025-09-22,69.0,225,128.45,14,0,False
CB-1181,2025-09-29,57.0,168,128.45,14,0,False
CB-1181,2025-10-06,58.0,110,128.45,14,0,False
CB-1181,2025-10-13,65.0,45,128.45,14,0,False
CB-1181,2025-10-20,69.0,283,128.45,14,0,False
CB-1181,2025-10-27,64.0,219,128.45,14,0,False
CB-1181,2025-11-03,64.0,155,128.45,14,0,False
CB-1181,2025-11-10,77.0,78,128.45,14,0,False
CB-1181,2025-11-17,76.0,309,128.45,14,0,False
CB-1181,2025-11-24,80.0,229,128.45,14,0,False
CB-1181,2025-12-01,73.0,156,128.45,14,0,False
CB-1181,2025-12-08,75.0,81,128.45,14,0,False
CB-1181,2025-12-15,88.0,299,128.45,14,0,False
CB-1181,2025-12-22,82.0,217,128.45,14,0,False
CB-1182,2024-01-01,83.0,254,18.78,42,0,False
CB-1182,2024-01-08,96.0,158,18.78,42,0,False
CB-1182,2024-01-15,82.0,76,18.78,42,0,False
CB-1182,2024-01-22,100.0,0,18.78,42,1,False
CB-1182,2024-01-29,93.0,0,18.78,42,1,False
CB-1182,2024-02-05,99.0,0,18.78,42,1,False
CB-1182,2024-02-12,102.0,283,18.78,42,0,False
CB-1182,2024-02-19,103.0,566,18.78,42,0,False
CB-1182,2024-02-26,105.0,461,18.78,42,0,False
CB-1182,2024-03-04,105.0,356,18.78,42,0,False
CB-1182,2024-03-11,105.0,251,18.78,42,0,False
CB-1182,2024-03-18,123.0,128,18.78,42,0,False
CB-1182,2024-03-25,112.0,16,18.78,42,0,False
CB-1182,2024-04-01,111.0,290,18.78,42,0,False
CB-1182,2024-04-08,107.0,183,18.78,42,0,False
CB-1182,2024-04-15,109.0,74,18.78,42,0,False
CB-1182,2024-04-22,106.0,0,18.78,42,1,False
CB-1182,2024-04-29,118.0,267,18.78,42,0,False
CB-1182,2024-05-06,103.0,164,18.78,42,0,False
CB-1182,2024-05-13,89.0,75,18.78,42,0,False
CB-1182,2024-05-20,107.0,354,18.78,42,0,False
CB-1182,2024-05-27,102.0,252,18.78,42,0,False
CB-1182,2024-06-03,98.0,154,18.78,42,0,False
CB-1182,2024-06-10,108.0,46,18.78,42,0,False
CB-1182,2024-06-17,76.0,355,18.78,42,0,False
CB-1182,2024-06-24,107.0,248,18.78,42,0,False
CB-1182,2024-07-01,101.0,147,18.78,42,0,False
CB-1182,2024-07-08,86.0,61,18.78,42,0,False
CB-1182,2024-07-15,84.0,362,18.78,42,0,False
CB-1182,2024-07-22,89.0,273,18.78,42,0,False
CB-1182,2024-07-29,86.0,187,18.78,42,0,False
CB-1182,2024-08-05,76.0,111,18.78,42,0,False
CB-1182,2024-08-12,68.0,429,18.78,42,0,False
CB-1182,2024-08-19,90.0,339,18.78,42,0,False
CB-1182,2024-08-26,81.0,258,18.78,42,0,False
CB-1182,2024-09-02,75.0,183,18.78,42,0,False
CB-1182,2024-09-09,74.0,494,18.78,42,0,False
CB-1182,2024-09-16,76.0,418,18.78,42,0,False
CB-1182,2024-09-23,76.0,342,18.78,42,0,False
CB-1182,2024-09-30,60.0,282,18.78,42,0,False
CB-1182,2024-10-07,70.0,212,18.78,42,0,False
CB-1182,2024-10-14,70.0,527,18.78,42,0,False
CB-1182,2024-10-21,73.0,454,18.78,42,0,False
CB-1182,2024-10-28,80.0,374,18.78,42,0,False
CB-1182,2024-11-04,66.0,308,18.78,42,0,False
CB-1182,2024-11-11,70.0,238,18.78,42,0,False
CB-1182,2024-11-18,77.0,161,18.78,42,0,False
CB-1182,2024-11-25,85.0,461,18.78,42,0,False
CB-1182,2024-12-02,92.0,369,18.78,42,0,False
CB-1182,2024-12-09,101.0,268,18.78,42,0,False
CB-1182,2024-12-16,90.0,178,18.78,42,0,False
CB-1182,2024-12-23,102.0,76,18.78,42,0,False
CB-1182,2024-12-30,104.0,358,18.78,42,0,False
CB-1182,2025-01-06,106.0,252,18.78,42,0,False
CB-1182,2025-01-13,105.0,147,18.78,42,0,False
CB-1182,2025-01-20,104.0,43,18.78,42,0,False
CB-1182,2025-01-27,101.0,327,18.78,42,0,False
CB-1182,2025-02-03,103.0,224,18.78,42,0,False
CB-1182,2025-02-10,119.0,105,18.78,42,0,False
CB-1182,2025-02-17,118.0,0,18.78,42,1,False
CB-1182,2025-02-24,117.0,268,18.78,42,0,False
CB-1182,2025-03-03,129.0,139,18.78,42,0,False
CB-1182,2025-03-10,122.0,17,18.78,42,0,False
CB-1182,2025-03-17,116.0,0,18.78,42,1,False
CB-1182,2025-03-24,123.0,262,18.78,42,0,False
CB-1182,2025-03-31,135.0,127,18.78,42,0,False
CB-1182,2025-04-07,116.0,11,18.78,42,0,False
CB-1182,2025-04-14,128.0,269,18.78,42,0,False
CB-1182,2025-04-21,125.0,144,18.78,42,0,False
CB-1182,2025-04-28,117.0,27,18.78,42,0,False
CB-1182,2025-05-05,120.0,0,18.78,42,1,False
CB-1182,2025-05-12,106.0,279,18.78,42,0,False
CB-1182,2025-05-19,121.0,158,18.78,42,0,False
CB-1182,2025-05-26,105.0,53,18.78,42,0,False
CB-1182,2025-06-02,125.0,314,18.78,42,0,False
CB-1182,2025-06-09,112.0,202,18.78,42,0,False
CB-1182,2025-06-16,105.0,97,18.78,42,0,False
CB-1182,2025-06-23,117.0,0,18.78,42,1,False
CB-1182,2025-06-30,95.0,290,18.78,42,0,False
CB-1182,2025-07-07,95.0,195,18.78,42,0,False
CB-1182,2025-07-14,84.0,111,18.78,42,0,False
CB-1182,2025-07-21,105.0,392,18.78,42,0,False
CB-1182,2025-07-28,107.0,285,18.78,42,0,False
CB-1182,2025-08-04,78.0,207,18.78,42,0,False
CB-1182,2025-08-11,82.0,125,18.78,42,0,False
CB-1182,2025-08-18,86.0,424,18.78,42,0,False
CB-1182,2025-08-25,81.0,343,18.78,42,0,False
CB-1182,2025-09-01,82.0,261,18.78,42,0,False
CB-1182,2025-09-08,81.0,180,18.78,42,0,False
CB-1182,2025-09-15,83.0,482,18.78,42,0,False
CB-1182,2025-09-22,74.0,408,18.78,42,0,False
CB-1182,2025-09-29,81.0,327,18.78,42,0,False
CB-1182,2025-10-06,73.0,254,18.78,42,0,False
CB-1182,2025-10-13,79.0,175,18.78,42,0,False
CB-1182,2025-10-20,71.0,490,18.78,42,0,False
CB-1182,2025-10-27,81.0,409,18.78,42,0,False
CB-1182,2025-11-03,82.0,327,18.78,42,0,False
CB-1182,2025-11-10,95.0,232,18.78,42,0,False
CB-1182,2025-11-17,90.0,142,18.78,42,0,False
CB-1182,2025-11-24,94.0,433,18.78,42,0,False
CB-1182,2025-12-01,96.0,337,18.78,42,0,False
CB-1182,2025-12-08,82.0,255,18.78,42,0,False
CB-1182,2025-12-15,86.0,169,18.78,42,0,False
CB-1182,2025-12-22,103.0,66,18.78,42,0,False
CB-1183,2024-01-01,68.0,224,83.89,21,0,False
CB-1183,2024-01-08,74.0,150,83.89,21,0,False
CB-1183,2024-01-15,75.0,75,83.89,21,0,False
CB-1183,2024-01-22,85.0,318,83.89,21,0,False
CB-1183,2024-01-29,87.0,231,83.89,21,0,False
CB-1183,2024-02-05,80.0,151,83.89,21,0,False
CB-1183,2024-02-12,86.0,65,83.89,21,0,False
CB-1183,2024-02-19,90.0,303,83.89,21,0,False
CB-1183,2024-02-26,93.0,210,83.89,21,0,False
CB-1183,2024-03-04,103.0,107,83.89,21,0,False
CB-1183,2024-03-11,92.0,15,83.89,21,0,False
CB-1183,2024-03-18,102.0,241,83.89,21,0,False
CB-1183,2024-03-25,85.0,156,83.89,21,0,False
CB-1183,2024-04-01,89.0,67,83.89,21,0,False
CB-1183,2024-04-08,78.0,317,83.89,21,0,False
CB-1183,2024-04-15,95.0,222,83.89,21,0,False
CB-1183,2024-04-22,98.0,124,83.89,21,0,False
CB-1183,2024-04-29,74.0,50,83.89,21,0,False
CB-1183,2024-05-06,93.0,285,83.89,21,0,False
CB-1183,2024-05-13,95.0,190,83.89,21,0,False
CB-1183,2024-05-20,93.0,97,83.89,21,0,False
CB-1183,2024-05-27,79.0,18,83.89,21,0,False
CB-1183,2024-06-03,91.0,255,83.89,21,0,False
CB-1183,2024-06-10,84.0,171,83.89,21,0,False
CB-1183,2024-06-17,86.0,85,83.89,21,0,False
CB-1183,2024-06-24,79.0,334,83.89,21,0,False
CB-1183,2024-07-01,80.0,254,83.89,21,0,False
CB-1183,2024-07-08,82.0,172,83.89,21,0,False
CB-1183,2024-07-15,72.0,100,83.89,21,0,False
CB-1183,2024-07-22,73.0,355,83.89,21,0,False
CB-1183,2024-07-29,76.0,279,83.89,21,0,False
CB-1183,2024-08-05,67.0,212,83.89,21,0,False
CB-1183,2024-08-12,60.0,152,83.89,21,0,False
CB-1183,2024-08-19,68.0,84,83.89,21,0,False
CB-1183,2024-08-26,70.0,342,83.89,21,0,False
CB-1183,2024-09-02,68.0,274,83.89,21,0,False
CB-1183,2024-09-09,64.0,210,83.89,21,0,False
CB-1183,2024-09-16,49.0,161,83.89,21,0,False
CB-1183,2024-09-23,57.0,104,83.89,21,0,False
CB-1183,2024-09-30,57.0,375,83.89,21,0,False
CB-1183,2024-10-07,60.0,315,83.89,21,0,False
CB-1183,2024-10-14,69.0,246,83.89,21,0,False
CB-1183,2024-10-21,56.0,190,83.89,21,0,False
CB-1183,2024-10-28,74.0,116,83.89,21,0,False
CB-1183,2024-11-04,62.0,382,83.89,21,0,False
CB-1183,2024-11-11,62.0,320,83.89,21,0,False
CB-1183,2024-11-18,72.0,248,83.89,21,0,False
CB-1183,2024-11-25,75.0,173,83.89,21,0,False
CB-1183,2024-12-02,76.0,97,83.89,21,0,False
CB-1183,2024-12-09,70.0,355,83.89,21,0,False
CB-1183,2024-12-16,80.0,275,83.89,21,0,False
CB-1183,2024-12-23,73.0,202,83.89,21,0,False
CB-1183,2024-12-30,77.0,125,83.89,21,0,False
CB-1183,2025-01-06,84.0,41,83.89,21,0,False
CB-1183,2025-01-13,82.0,286,83.89,21,0,False
CB-1183,2025-01-20,98.0,188,83.89,21,0,False
CB-1183,2025-01-27,88.0,100,83.89,21,0,False
CB-1183,2025-02-03,93.0,7,83.89,21,0,False
CB-1183,2025-02-10,90.0,245,83.89,21,0,False
CB-1183,2025-02-17,107.0,138,83.89,21,0,False
CB-1183,2025-02-24,96.0,42,83.89,21,0,False
CB-1183,2025-03-03,112.0,258,83.89,21,0,False
CB-1183,2025-03-10,113.0,145,83.89,21,0,False
CB-1183,2025-03-17,101.0,44,83.89,21,0,False
CB-1183,2025-03-24,106.0,266,83.89,21,0,False
CB-1183,2025-03-31,102.0,164,83.89,21,0,False
CB-1183,2025-04-07,110.0,54,83.89,21,0,False
CB-1183,2025-04-14,104.0,0,83.89,21,1,False
CB-1183,2025-04-21,102.0,226,83.89,21,0,False
CB-1183,2025-04-28,105.0,121,83.89,21,0,False
CB-1183,2025-05-05,90.0,31,83.89,21,0,False
CB-1183,2025-05-12,101.0,258,83.89,21,0,False
CB-1183,2025-05-19,105.0,153,83.89,21,0,False
CB-1183,2025-05-26,99.0,54,83.89,21,0,False
CB-1183,2025-06-02,104.0,278,83.89,21,0,False
CB-1183,2025-06-09,91.0,187,83.89,21,0,False
CB-1183,2025-06-16,88.0,99,83.89,21,0,False
CB-1183,2025-06-23,81.0,18,83.89,21,0,False
CB-1183,2025-06-30,84.0,262,83.89,21,0,False
CB-1183,2025-07-07,98.0,164,83.89,21,0,False
CB-1183,2025-07-14,84.0,80,83.89,21,0,False
CB-1183,2025-07-21,76.0,4,83.89,21,0,False
CB-1183,2025-07-28,71.0,261,83.89,21,0,False
CB-1183,2025-08-04,66.0,195,83.89,21,0,False
CB-1183,2025-08-11,69.0,126,83.89,21,0,False
CB-1183,2025-08-18,76.0,50,83.89,21,0,False
CB-1183,2025-08-25,68.0,310,83.89,21,0,False
CB-1183,2025-09-01,64.0,246,83.89,21,0,False
CB-1183,2025-09-08,63.0,183,83.89,21,0,False
CB-1183,2025-09-15,71.0,112,83.89,21,0,False
CB-1183,2025-09-22,67.0,372,83.89,21,0,False
CB-1183,2025-09-29,64.0,308,83.89,21,0,False
CB-1183,2025-10-06,66.0,242,83.89,21,0,False
CB-1183,2025-10-13,80.0,162,83.89,21,0,False
CB-1183,2025-10-20,76.0,86,83.89,21,0,False
CB-1183,2025-10-27,78.0,336,83.89,21,0,False
CB-1183,2025-11-03,62.0,274,83.89,21,0,False
CB-1183,2025-11-10,73.0,201,83.89,21,0,False
CB-1183,2025-11-17,72.0,129,83.89,21,0,False
CB-1183,2025-11-24,81.0,48,83.89,21,0,False
CB-1183,2025-12-01,87.0,289,83.89,21,0,False
CB-1183,2025-12-08,85.0,204,83.89,21,0,False
CB-1183,2025-12-15,80.0,124,83.89,21,0,False
CB-1183,2025-12-22,84.0,40,83.89,21,0,False
CB-1184,2024-01-01,0.0,31,115.46,42,0,False
CB-1184,2024-01-08,0.0,31,115.46,42,0,False
CB-1184,2024-01-15,0.0,31,115.46,42,0,False
CB-1184,2024-01-22,0.0,31,115.46,42,0,False
CB-1184,2024-01-29,59.0,0,115.46,42,1,False
CB-1184,2024-02-05,0.0,0,115.46,42,0,False
CB-1184,2024-02-12,0.0,28,115.46,42,0,False
CB-1184,2024-02-19,0.0,28,115.46,42,0,False
CB-1184,2024-02-26,0.0,28,115.46,42,0,False
CB-1184,2024-03-04,0.0,28,115.46,42,0,False
CB-1184,2024-03-11,0.0,57,115.46,42,0,False
CB-1184,2024-03-18,0.0,57,115.46,42,0,False
CB-1184,2024-03-25,0.0,57,115.46,42,0,False
CB-1184,2024-04-01,53.0,4,115.46,42,0,False
CB-1184,2024-04-08,0.0,4,115.46,42,0,False
CB-1184,2024-04-15,0.0,4,115.46,42,0,False
CB-1184,2024-04-22,0.0,4,115.46,42,0,False
CB-1184,2024-04-29,0.0,4,115.46,42,0,False
CB-1184,2024-05-06,0.0,4,115.46,42,0,False
CB-1184,2024-05-13,0.0,32,115.46,42,0,False
CB-1184,2024-05-20,10.0,51,115.46,42,0,False
CB-1184,2024-05-27,0.0,51,115.46,42,0,False
CB-1184,2024-06-03,0.0,51,115.46,42,0,False
CB-1184,2024-06-10,0.0,51,115.46,42,0,False
CB-1184,2024-06-17,7.0,44,115.46,42,0,False
CB-1184,2024-06-24,0.0,44,115.46,42,0,False
CB-1184,2024-07-01,0.0,72,115.46,42,0,False
CB-1184,2024-07-08,9.0,63,115.46,42,0,False
CB-1184,2024-07-15,49.0,14,115.46,42,0,False
CB-1184,2024-07-22,0.0,14,115.46,42,0,False
CB-1184,2024-07-29,0.0,14,115.46,42,0,False
CB-1184,2024-08-05,0.0,14,115.46,42,0,False
CB-1184,2024-08-12,0.0,14,115.46,42,0,False
CB-1184,2024-08-19,0.0,14,115.46,42,0,False
CB-1184,2024-08-26,0.0,42,115.46,42,0,False
CB-1184,2024-09-02,0.0,71,115.46,42,0,False
CB-1184,2024-09-09,0.0,71,115.46,42,0,False
CB-1184,2024-09-16,0.0,71,115.46,42,0,False
CB-1184,2024-09-23,0.0,71,115.46,42,0,False
CB-1184,2024-09-30,0.0,71,115.46,42,0,False
CB-1184,2024-10-07,27.0,44,115.46,42,0,False
CB-1184,2024-10-14,0.0,44,115.46,42,0,False
CB-1184,2024-10-21,0.0,44,115.46,42,0,False
CB-1184,2024-10-28,30.0,14,115.46,42,0,False
CB-1184,2024-11-04,0.0,14,115.46,42,0,False
CB-1184,2024-11-11,0.0,14,115.46,42,0,False
CB-1184,2024-11-18,0.0,42,115.46,42,0,False
CB-1184,2024-11-25,15.0,27,115.46,42,0,False
CB-1184,2024-12-02,0.0,27,115.46,42,0,False
CB-1184,2024-12-09,49.0,6,115.46,42,0,False
CB-1184,2024-12-16,0.0,6,115.46,42,0,False
CB-1184,2024-12-23,0.0,6,115.46,42,0,False
CB-1184,2024-12-30,22.0,0,115.46,42,1,False
CB-1184,2025-01-06,0.0,28,115.46,42,0,False
CB-1184,2025-01-13,13.0,15,115.46,42,0,False
CB-1184,2025-01-20,0.0,44,115.46,42,0,False
CB-1184,2025-01-27,9.0,35,115.46,42,0,False
CB-1184,2025-02-03,0.0,35,115.46,42,0,False
CB-1184,2025-02-10,0.0,35,115.46,42,0,False
CB-1184,2025-02-17,36.0,0,115.46,42,1,False
CB-1184,2025-02-24,0.0,28,115.46,42,0,False
CB-1184,2025-03-03,0.0,28,115.46,42,0,False
CB-1184,2025-03-10,0.0,28,115.46,42,0,False
CB-1184,2025-03-17,8.0,20,115.46,42,0,False
CB-1184,2025-03-24,0.0,20,115.46,42,0,False
CB-1184,2025-03-31,0.0,49,115.46,42,0,False
CB-1184,2025-04-07,0.0,49,115.46,42,0,False
CB-1184,2025-04-14,0.0,49,115.46,42,0,False
CB-1184,2025-04-21,0.0,49,115.46,42,0,False
CB-1184,2025-04-28,0.0,77,115.46,42,0,False
CB-1184,2025-05-05,0.0,77,115.46,42,0,False
CB-1184,2025-05-12,0.0,77,115.46,42,0,False
CB-1184,2025-05-19,0.0,77,115.46,42,0,False
CB-1184,2025-05-26,0.0,77,115.46,42,0,False
CB-1184,2025-06-02,0.0,77,115.46,42,0,False
CB-1184,2025-06-09,0.0,77,115.46,42,0,False
CB-1184,2025-06-16,0.0,77,115.46,42,0,False
CB-1184,2025-06-23,0.0,77,115.46,42,0,False
CB-1184,2025-06-30,0.0,77,115.46,42,0,False
CB-1184,2025-07-07,0.0,77,115.46,42,0,False
CB-1184,2025-07-14,48.0,29,115.46,42,0,False
CB-1184,2025-07-21,0.0,29,115.46,42,0,False
CB-1184,2025-07-28,0.0,29,115.46,42,0,False
CB-1184,2025-08-04,49.0,0,115.46,42,1,False
CB-1184,2025-08-11,0.0,0,115.46,42,0,False
CB-1184,2025-08-18,45.0,0,115.46,42,1,False
CB-1184,2025-08-25,0.0,28,115.46,42,0,False
CB-1184,2025-09-01,19.0,9,115.46,42,0,False
CB-1184,2025-09-08,0.0,9,115.46,42,0,False
CB-1184,2025-09-15,0.0,38,115.46,42,0,False
CB-1184,2025-09-22,0.0,38,115.46,42,0,False
CB-1184,2025-09-29,19.0,19,115.46,42,0,False
CB-1184,2025-10-06,0.0,19,115.46,42,0,False
CB-1184,2025-10-13,40.0,7,115.46,42,0,False
CB-1184,2025-10-20,48.0,0,115.46,42,1,False
CB-1184,2025-10-27,0.0,0,115.46,42,0,False
CB-1184,2025-11-03,0.0,0,115.46,42,0,False
CB-1184,2025-11-10,38.0,0,115.46,42,1,False
CB-1184,2025-11-17,0.0,0,115.46,42,0,False
CB-1184,2025-11-24,0.0,28,115.46,42,0,False
CB-1184,2025-12-01,10.0,18,115.46,42,0,False
CB-1184,2025-12-08,0.0,18,115.46,42,0,False
CB-1184,2025-12-15,0.0,18,115.46,42,0,False
CB-1184,2025-12-22,0.0,47,115.46,42,0,False
CB-1185,2024-01-01,81.0,216,170.42,21,0,False
CB-1185,2024-01-08,80.0,136,170.42,21,0,False
CB-1185,2024-01-15,97.0,39,170.42,21,0,False
CB-1185,2024-01-22,116.0,203,170.42,21,0,False
CB-1185,2024-01-29,80.0,123,170.42,21,0,False
CB-1185,2024-02-05,29.0,94,170.42,21,0,False
CB-1185,2024-02-12,57.0,316,170.42,21,0,False
CB-1185,2024-02-19,135.0,181,170.42,21,0,False
CB-1185,2024-02-26,39.0,142,170.42,21,0,False
CB-1185,2024-03-04,93.0,49,170.42,21,0,False
CB-1185,2024-03-11,10.0,319,170.42,21,0,False
CB-1185,2024-03-18,43.0,276,170.42,21,0,False
CB-1185,2024-03-25,107.0,169,170.42,21,0,False
CB-1185,2024-04-01,83.0,86,170.42,21,0,False
CB-1185,2024-04-08,71.0,15,170.42,21,0,False
CB-1185,2024-04-15,58.0,236,170.42,21,0,False
CB-1185,2024-04-22,25.0,211,170.42,21,0,False
CB-1185,2024-04-29,100.0,111,170.42,21,0,False
CB-1185,2024-05-06,72.0,39,170.42,21,0,False
CB-1185,2024-05-13,37.0,282,170.42,21,0,False
CB-1185,2024-05-20,78.0,204,170.42,21,0,False
CB-1185,2024-05-27,92.0,112,170.42,21,0,False
CB-1185,2024-06-03,69.0,43,170.42,21,0,False
CB-1185,2024-06-10,76.0,247,170.42,21,0,False
CB-1185,2024-06-17,72.0,175,170.42,21,0,False
CB-1185,2024-06-24,52.0,123,170.42,21,0,False
CB-1185,2024-07-01,69.0,54,170.42,21,0,False
CB-1185,2024-07-08,83.0,250,170.42,21,0,False
CB-1185,2024-07-15,87.0,163,170.42,21,0,False
CB-1185,2024-07-22,79.0,84,170.42,21,0,False
CB-1185,2024-07-29,46.0,38,170.42,21,0,False
CB-1185,2024-08-05,72.0,246,170.42,21,0,False
CB-1185,2024-08-12,66.0,180,170.42,21,0,False
CB-1185,2024-08-19,42.0,138,170.42,21,0,False
CB-1185,2024-08-26,46.0,92,170.42,21,0,False
CB-1185,2024-09-02,66.0,305,170.42,21,0,False
CB-1185,2024-09-09,79.0,226,170.42,21,0,False
CB-1185,2024-09-16,19.0,207,170.42,21,0,False
CB-1185,2024-09-23,82.0,125,170.42,21,0,False
CB-1185,2024-09-30,73.0,332,170.42,21,0,False
CB-1185,2024-10-07,56.0,276,170.42,21,0,False
CB-1185,2024-10-14,48.0,228,170.42,21,0,False
CB-1185,2024-10-21,61.0,167,170.42,21,0,False
CB-1185,2024-10-28,42.0,125,170.42,21,0,False
CB-1185,2024-11-04,52.0,353,170.42,21,0,False
CB-1185,2024-11-11,28.0,325,170.42,21,0,False
CB-1185,2024-11-18,23.0,302,170.42,21,0,False
CB-1185,2024-11-25,110.0,192,170.42,21,0,False
CB-1185,2024-12-02,64.0,128,170.42,21,0,False
CB-1185,2024-12-09,70.0,58,170.42,21,0,False
CB-1185,2024-12-16,66.0,271,170.42,21,0,False
CB-1185,2024-12-23,49.0,222,170.42,21,0,False
CB-1185,2024-12-30,64.0,158,170.42,21,0,False
CB-1185,2025-01-06,76.0,82,170.42,21,0,False
CB-1185,2025-01-13,71.0,291,170.42,21,0,False
CB-1185,2025-01-20,58.0,233,170.42,21,0,False
CB-1185,2025-01-27,94.0,139,170.42,21,0,False
CB-1185,2025-02-03,88.0,51,170.42,21,0,False
CB-1185,2025-02-10,96.0,235,170.42,21,0,False
CB-1185,2025-02-17,108.0,127,170.42,21,0,False
CB-1185,2025-02-24,83.0,44,170.42,21,0,False
CB-1185,2025-03-03,84.0,239,170.42,21,0,False
CB-1185,2025-03-10,137.0,102,170.42,21,0,False
CB-1185,2025-03-17,61.0,41,170.42,21,0,False
CB-1185,2025-03-24,32.0,9,170.42,21,0,False
CB-1185,2025-03-31,110.0,179,170.42,21,0,False
CB-1185,2025-04-07,72.0,107,170.42,21,0,False
CB-1185,2025-04-14,57.0,50,170.42,21,0,False
CB-1185,2025-04-21,120.0,209,170.42,21,0,False
CB-1185,2025-04-28,86.0,123,170.42,21,0,False
CB-1185,2025-05-05,50.0,73,170.42,21,0,False
CB-1185,2025-05-12,149.0,204,170.42,21,0,False
CB-1185,2025-05-19,38.0,166,170.42,21,0,False
CB-1185,2025-05-26,83.0,83,170.42,21,0,False
CB-1185,2025-06-02,28.0,335,170.42,21,0,False
CB-1185,2025-06-09,90.0,245,170.42,21,0,False
CB-1185,2025-06-16,62.0,183,170.42,21,0,False
CB-1185,2025-06-23,100.0,83,170.42,21,0,False
CB-1185,2025-06-30,75.0,8,170.42,21,0,False
CB-1185,2025-07-07,108.0,179,170.42,21,0,False
CB-1185,2025-07-14,61.0,118,170.42,21,0,False
CB-1185,2025-07-21,30.0,88,170.42,21,0,False
CB-1185,2025-07-28,73.0,295,170.42,21,0,False
CB-1185,2025-08-04,60.0,235,170.42,21,0,False
CB-1185,2025-08-11,23.0,212,170.42,21,0,False
CB-1185,2025-08-18,39.0,173,170.42,21,0,False
CB-1185,2025-08-25,45.0,407,170.42,21,0,False
CB-1185,2025-09-01,93.0,314,170.42,21,0,False
CB-1185,2025-09-08,74.0,240,170.42,21,0,False
CB-1185,2025-09-15,52.0,188,170.42,21,0,False
CB-1185,2025-09-22,68.0,120,170.42,21,0,False
CB-1185,2025-09-29,17.0,103,170.42,21,0,False
CB-1185,2025-10-06,47.0,336,170.42,21,0,False
CB-1185,2025-10-13,68.0,268,170.42,21,0,False
CB-1185,2025-10-20,63.0,205,170.42,21,0,False
CB-1185,2025-10-27,50.0,155,170.42,21,0,False
CB-1185,2025-11-03,62.0,93,170.42,21,0,False
CB-1185,2025-11-10,72.0,301,170.42,21,0,False
CB-1185,2025-11-17,66.0,235,170.42,21,0,False
CB-1185,2025-11-24,88.0,147,170.42,21,0,False
CB-1185,2025-12-01,78.0,69,170.42,21,0,False
CB-1185,2025-12-08,85.0,263,170.42,21,0,False
CB-1185,2025-12-15,120.0,143,170.42,21,0,False
CB-1185,2025-12-22,100.0,43,170.42,21,0,False
CB-1186,2024-01-01,78.0,147,105.1,7,0,False
CB-1186,2024-01-08,91.0,56,105.1,7,0,False
CB-1186,2024-01-15,93.0,363,105.1,7,0,False
CB-1186,2024-01-22,109.0,254,105.1,7,0,False
CB-1186,2024-01-29,91.0,163,105.1,7,0,False
CB-1186,2024-02-05,102.0,61,105.1,7,0,False
CB-1186,2024-02-12,109.0,351,105.1,7,0,False
CB-1186,2024-02-19,109.0,242,105.1,7,0,False
CB-1186,2024-02-26,108.0,134,105.1,7,0,False
CB-1186,2024-03-04,114.0,20,105.1,7,0,False
CB-1186,2024-03-11,122.0,297,105.1,7,0,False
CB-1186,2024-03-18,128.0,169,105.1,7,0,False
CB-1186,2024-03-25,115.0,54,105.1,7,0,False
CB-1186,2024-04-01,108.0,345,105.1,7,0,False
CB-1186,2024-04-08,129.0,216,105.1,7,0,False
CB-1186,2024-04-15,105.0,111,105.1,7,0,False
CB-1186,2024-04-22,131.0,380,105.1,7,0,False
CB-1186,2024-04-29,126.0,254,105.1,7,0,False
CB-1186,2024-05-06,126.0,128,105.1,7,0,False
CB-1186,2024-05-13,117.0,11,105.1,7,0,False
CB-1186,2024-05-20,91.0,319,105.1,7,0,False
CB-1186,2024-05-27,98.0,221,105.1,7,0,False
CB-1186,2024-06-03,108.0,113,105.1,7,0,False
CB-1186,2024-06-10,97.0,415,105.1,7,0,False
CB-1186,2024-06-17,98.0,317,105.1,7,0,False
CB-1186,2024-06-24,102.0,215,105.1,7,0,False
CB-1186,2024-07-01,94.0,121,105.1,7,0,False
CB-1186,2024-07-08,83.0,38,105.1,7,0,False
CB-1186,2024-07-15,96.0,341,105.1,7,0,False
CB-1186,2024-07-22,91.0,250,105.1,7,0,False
CB-1186,2024-07-29,83.0,167,105.1,7,0,False
CB-1186,2024-08-05,87.0,80,105.1,7,0,False
CB-1186,2024-08-12,81.0,399,105.1,7,0,False
CB-1186,2024-08-19,87.0,312,105.1,7,0,False
CB-1186,2024-08-26,78.0,234,105.1,7,0,False
CB-1186,2024-09-02,83.0,151,105.1,7,0,False
CB-1186,2024-09-09,63.0,88,105.1,7,0,False
CB-1186,2024-09-16,76.0,411,105.1,7,0,False
CB-1186,2024-09-23,71.0,340,105.1,7,0,False
CB-1186,2024-09-30,68.0,272,105.1,7,0,False
CB-1186,2024-10-07,81.0,191,105.1,7,0,False
CB-1186,2024-10-14,80.0,111,105.1,7,0,False
CB-1186,2024-10-21,63.0,447,105.1,7,0,False
CB-1186,2024-10-28,81.0,366,105.1,7,0,False
CB-1186,2024-11-04,82.0,284,105.1,7,0,False
CB-1186,2024-11-11,76.0,208,105.1,7,0,False
CB-1186,2024-11-18,77.0,131,105.1,7,0,False
CB-1186,2024-11-25,75.0,56,105.1,7,0,False
CB-1186,2024-12-02,86.0,370,105.1,7,0,False
CB-1186,2024-12-09,90.0,280,105.1,7,0,False
CB-1186,2024-12-16,100.0,180,105.1,7,0,False
CB-1186,2024-12-23,100.0,80,105.1,7,0,False
CB-1186,2024-12-30,92.0,387,105.1,7,0,False
CB-1186,2025-01-06,106.0,281,105.1,7,0,False
CB-1186,2025-01-13,105.0,176,105.1,7,0,False
CB-1186,2025-01-20,102.0,74,105.1,7,0,False
CB-1186,2025-01-27,99.0,374,105.1,7,0,False
CB-1186,2025-02-03,122.0,252,105.1,7,0,False
CB-1186,2025-02-10,123.0,129,105.1,7,0,False
CB-1186,2025-02-17,127.0,2,105.1,7,0,False
CB-1186,2025-02-24,116.0,285,105.1,7,0,False
CB-1186,2025-03-03,127.0,158,105.1,7,0,False
CB-1186,2025-03-10,113.0,45,105.1,7,0,False
CB-1186,2025-03-17,118.0,327,105.1,7,0,False
CB-1186,2025-03-24,129.0,198,105.1,7,0,False
CB-1186,2025-03-31,132.0,66,105.1,7,0,False
CB-1186,2025-04-07,113.0,352,105.1,7,0,False
CB-1186,2025-04-14,118.0,234,105.1,7,0,False
CB-1186,2025-04-21,125.0,109,105.1,7,0,False
CB-1186,2025-04-28,137.0,371,105.1,7,0,False
CB-1186,2025-05-05,118.0,253,105.1,7,0,False
CB-1186,2025-05-12,126.0,127,105.1,7,0,False
CB-1186,2025-05-19,125.0,2,105.1,7,0,False
CB-1186,2025-05-26,118.0,283,105.1,7,0,False
CB-1186,2025-06-02,120.0,163,105.1,7,0,False
CB-1186,2025-06-09,103.0,60,105.1,7,0,False
CB-1186,2025-06-16,106.0,354,105.1,7,0,False
CB-1186,2025-06-23,122.0,232,105.1,7,0,False
CB-1186,2025-06-30,119.0,113,105.1,7,0,False
CB-1186,2025-07-07,110.0,402,105.1,7,0,False
CB-1186,2025-07-14,109.0,293,105.1,7,0,False
CB-1186,2025-07-21,83.0,210,105.1,7,0,False
CB-1186,2025-07-28,88.0,122,105.1,7,0,False
CB-1186,2025-08-04,90.0,32,105.1,7,0,False
CB-1186,2025-08-11,107.0,324,105.1,7,0,False
CB-1186,2025-08-18,86.0,238,105.1,7,0,False
CB-1186,2025-08-25,91.0,147,105.1,7,0,False
CB-1186,2025-09-01,87.0,60,105.1,7,0,False
CB-1186,2025-09-08,86.0,373,105.1,7,0,False
CB-1186,2025-09-15,82.0,291,105.1,7,0,False
CB-1186,2025-09-22,74.0,217,105.1,7,0,False
CB-1186,2025-09-29,64.0,153,105.1,7,0,False
CB-1186,2025-10-06,91.0,62,105.1,7,0,False
CB-1186,2025-10-13,79.0,383,105.1,7,0,False
CB-1186,2025-10-20,72.0,311,105.1,7,0,False
CB-1186,2025-10-27,89.0,222,105.1,7,0,False
CB-1186,2025-11-03,91.0,131,105.1,7,0,False
CB-1186,2025-11-10,96.0,35,105.1,7,0,False
CB-1186,2025-11-17,101.0,333,105.1,7,0,False
CB-1186,2025-11-24,88.0,245,105.1,7,0,False
CB-1186,2025-12-01,92.0,153,105.1,7,0,False
CB-1186,2025-12-08,99.0,54,105.1,7,0,False
CB-1186,2025-12-15,112.0,341,105.1,7,0,False
CB-1186,2025-12-22,90.0,251,105.1,7,0,False
CB-1187,2024-01-01,51.0,87,169.46,14,0,False
CB-1187,2024-01-08,51.0,36,169.46,14,0,False
CB-1187,2024-01-15,57.0,159,169.46,14,0,False
CB-1187,2024-01-22,2.0,157,169.46,14,0,False
CB-1187,2024-01-29,69.0,88,169.46,14,0,False
CB-1187,2024-02-05,51.0,37,169.46,14,0,False
CB-1187,2024-02-12,68.0,150,169.46,14,0,False
CB-1187,2024-02-19,28.0,122,169.46,14,0,False
CB-1187,2024-02-26,19.0,103,169.46,14,0,False
CB-1187,2024-03-04,80.0,23,169.46,14,0,False
CB-1187,2024-03-11,34.0,169,169.46,14,0,False
CB-1187,2024-03-18,45.0,124,169.46,14,0,False
CB-1187,2024-03-25,60.0,64,169.46,14,0,False
CB-1187,2024-04-01,64.0,0,169.46,14,1,False
CB-1187,2024-04-08,70.0,110,169.46,14,0,False
CB-1187,2024-04-15,55.0,55,169.46,14,0,False
CB-1187,2024-04-22,32.0,23,169.46,14,0,False
CB-1187,2024-04-29,62.0,141,169.46,14,0,False
CB-1187,2024-05-06,62.0,79,169.46,14,0,False
CB-1187,2024-05-13,18.0,61,169.46,14,0,False
CB-1187,2024-05-20,72.0,169,169.46,14,0,False
CB-1187,2024-05-27,6.0,163,169.46,14,0,False
CB-1187,2024-06-03,63.0,100,169.46,14,0,False
CB-1187,2024-06-10,35.0,65,169.46,14,0,False
CB-1187,2024-06-17,55.0,191,169.46,14,0,False
CB-1187,2024-06-24,51.0,140,169.46,14,0,False
CB-1187,2024-07-01,41.0,99,169.46,14,0,False
CB-1187,2024-07-08,,52,169.46,14,0,False
CB-1187,2024-07-15,38.0,194,169.46,14,0,False
CB-1187,2024-07-22,48.0,146,169.46,14,0,False
CB-1187,2024-07-29,66.0,80,169.46,14,0,False
CB-1187,2024-08-05,19.0,61,169.46,14,0,False
CB-1187,2024-08-12,0.0,241,169.46,14,0,False
CB-1187,2024-08-19,29.0,212,169.46,14,0,False
CB-1187,2024-08-26,28.0,184,169.46,14,0,False
CB-1187,2024-09-02,29.0,155,169.46,14,0,False
CB-1187,2024-09-09,22.0,133,169.46,14,0,False
CB-1187,2024-09-16,42.0,91,169.46,14,0,False
CB-1187,2024-09-23,17.0,74,169.46,14,0,False
CB-1187,2024-09-30,37.0,217,169.46,14,0,False
CB-1187,2024-10-07,40.0,177,169.46,14,0,False
CB-1187,2024-10-14,36.0,141,169.46,14,0,False
CB-1187,2024-10-21,39.0,102,169.46,14,0,False
CB-1187,2024-10-28,45.0,57,169.46,14,0,False
CB-1187,2024-11-04,35.0,202,169.46,14,0,False
CB-1187,2024-11-11,31.0,171,169.46,14,0,False
CB-1187,2024-11-18,43.0,128,169.46,14,0,False
CB-1187,2024-11-25,46.0,82,169.46,14,0,False
CB-1187,2024-12-02,51.0,31,169.46,14,0,False
CB-1187,2024-12-09,16.0,195,169.46,14,0,False
CB-1187,2024-12-16,39.0,156,169.46,14,0,False
CB-1187,2024-12-23,27.0,129,169.46,14,0,False
CB-1187,2024-12-30,53.0,76,169.46,14,0,False
CB-1187,2025-01-06,57.0,19,169.46,14,0,False
CB-1187,2025-01-13,43.0,157,169.46,14,0,False
CB-1187,2025-01-20,36.0,121,169.46,14,0,False
CB-1187,2025-01-27,60.0,61,169.46,14,0,False
CB-1187,2025-02-03,49.0,12,169.46,14,0,False
CB-1187,2025-02-10,79.0,113,169.46,14,0,False
CB-1187,2025-02-17,87.0,26,169.46,14,0,False
CB-1187,2025-02-24,73.0,0,169.46,14,1,False
CB-1187,2025-03-03,60.0,120,169.46,14,0,False
CB-1187,2025-03-10,92.0,28,169.46,14,0,False
CB-1187,2025-03-17,61.0,0,169.46,14,1,False
CB-1187,2025-03-24,47.0,133,169.46,14,0,False
CB-1187,2025-03-31,44.0,89,169.46,14,0,False
CB-1187,2025-04-07,43.0,46,169.46,14,0,False
CB-1187,2025-04-14,57.0,169,169.46,14,0,False
CB-1187,2025-04-21,66.0,103,169.46,14,0,False
CB-1187,2025-04-28,28.0,75,169.46,14,0,False
CB-1187,2025-05-05,47.0,208,169.46,14,0,False
CB-1187,2025-05-12,59.0,149,169.46,14,0,False
CB-1187,2025-05-19,66.0,83,169.46,14,0,False
CB-1187,2025-05-26,52.0,31,169.46,14,0,False
CB-1187,2025-06-02,56.0,156,169.46,14,0,False
CB-1187,2025-06-09,29.0,127,169.46,14,0,False
CB-1187,2025-06-16,34.0,93,169.46,14,0,False
CB-1187,2025-06-23,47.0,46,169.46,14,0,False
CB-1187,2025-06-30,55.0,171,169.46,14,0,False
CB-1187,2025-07-07,49.0,122,169.46,14,0,False
CB-1187,2025-07-14,31.0,91,169.46,14,0,False
CB-1187,2025-07-21,39.0,52,169.46,14,0,False
CB-1187,2025-07-28,64.0,168,169.46,14,0,False
CB-1187,2025-08-04,48.0,120,169.46,14,0,False
CB-1187,2025-08-11,37.0,83,169.46,14,0,False
CB-1187,2025-08-18,25.0,58,169.46,14,0,False
CB-1187,2025-08-25,28.0,210,169.46,14,0,False
CB-1187,2025-09-01,37.0,173,169.46,14,0,False
CB-1187,2025-09-08,40.0,133,169.46,14,0,False
CB-1187,2025-09-15,44.0,89,169.46,14,0,False
CB-1187,2025-09-22,41.0,48,169.46,14,0,False
CB-1187,2025-09-29,31.0,197,169.46,14,0,False
CB-1187,2025-10-06,30.0,167,169.46,14,0,False
CB-1187,2025-10-13,63.0,104,169.46,14,0,False
CB-1187,2025-10-20,30.0,74,169.46,14,0,False
CB-1187,2025-10-27,21.0,233,169.46,14,0,False
CB-1187,2025-11-03,16.0,217,169.46,14,0,False
CB-1187,2025-11-10,35.0,182,169.46,14,0,False
CB-1187,2025-11-17,54.0,128,169.46,14,0,False
CB-1187,2025-11-24,34.0,94,169.46,14,0,False
CB-1187,2025-12-01,66.0,28,169.46,14,0,False
CB-1187,2025-12-08,45.0,164,169.46,14,0,False
CB-1187,2025-12-15,64.0,100,169.46,14,0,False
CB-1187,2025-12-22,35.0,65,169.46,14,0,False
CB-1188,2024-01-01,85.0,254,92.73,28,0,False
CB-1188,2024-01-08,83.0,171,92.73,28,0,False
CB-1188,2024-01-15,89.0,82,92.73,28,0,False
CB-1188,2024-01-22,94.0,0,92.73,28,1,False
CB-1188,2024-01-29,81.0,286,92.73,28,0,False
CB-1188,2024-02-05,92.0,194,92.73,28,0,False
CB-1188,2024-02-12,92.0,102,92.73,28,0,False
CB-1188,2024-02-19,95.0,375,92.73,28,0,False
CB-1188,2024-02-26,103.0,272,92.73,28,0,False
CB-1188,2024-03-04,98.0,174,92.73,28,0,False
CB-1188,2024-03-11,86.0,88,92.73,28,0,False
CB-1188,2024-03-18,102.0,353,92.73,28,0,False
CB-1188,2024-03-25,96.0,257,92.73,28,0,False
CB-1188,2024-04-01,109.0,148,92.73,28,0,False
CB-1188,2024-04-08,112.0,36,92.73,28,0,False
CB-1188,2024-04-15,87.0,317,92.73,28,0,False
CB-1188,2024-04-22,98.0,219,92.73,28,0,False
CB-1188,2024-04-29,107.0,112,92.73,28,0,False
CB-1188,2024-05-06,91.0,21,92.73,28,0,False
CB-1188,2024-05-13,108.0,280,92.73,28,0,False
CB-1188,2024-05-20,108.0,172,92.73,28,0,False
CB-1188,2024-05-27,97.0,75,92.73,28,0,False
CB-1188,2024-06-03,90.0,0,92.73,28,1,False
CB-1188,2024-06-10,76.0,291,92.73,28,0,False
CB-1188,2024-06-17,97.0,194,92.73,28,0,False
CB-1188,2024-06-24,103.0,91,92.73,28,0,False
CB-1188,2024-07-01,99.0,360,92.73,28,0,False
CB-1188,2024-07-08,83.0,277,92.73,28,0,False
CB-1188,2024-07-15,75.0,202,92.73,28,0,False
CB-1188,2024-07-22,85.0,117,92.73,28,0,False
CB-1188,2024-07-29,77.0,407,92.73,28,0,False
CB-1188,2024-08-05,78.0,329,92.73,28,0,False
CB-1188,2024-08-12,75.0,254,92.73,28,0,False
CB-1188,2024-08-19,72.0,182,92.73,28,0,False
CB-1188,2024-08-26,76.0,106,92.73,28,0,False
CB-1188,2024-09-02,75.0,399,92.73,28,0,False
CB-1188,2024-09-09,65.0,334,92.73,28,0,False
CB-1188,2024-09-16,62.0,272,92.73,28,0,False
CB-1188,2024-09-23,54.0,218,92.73,28,0,False
CB-1188,2024-09-30,65.0,153,92.73,28,0,False
CB-1188,2024-10-07,61.0,459,92.73,28,0,False
CB-1188,2024-10-14,70.0,389,92.73,28,0,False
CB-1188,2024-10-21,67.0,322,92.73,28,0,False
CB-1188,2024-10-28,69.0,253,92.73,28,0,False
CB-1188,2024-11-04,76.0,177,92.73,28,0,False
CB-1188,2024-11-11,76.0,101,92.73,28,0,False
CB-1188,2024-11-18,75.0,394,92.73,28,0,False
CB-1188,2024-11-25,89.0,305,92.73,28,0,False
CB-1188,2024-12-02,85.0,220,92.73,28,0,False
CB-1188,2024-12-09,81.0,139,92.73,28,0,False
CB-1188,2024-12-16,84.0,55,92.73,28,0,False
CB-1188,2024-12-23,95.0,327,92.73,28,0,False
CB-1188,2024-12-30,94.0,233,92.73,28,0,False
CB-1188,2025-01-06,86.0,147,92.73,28,0,False
CB-1188,2025-01-13,105.0,42,92.73,28,0,False
CB-1188,2025-01-20,111.0,299,92.73,28,0,False
CB-1188,2025-01-27,113.0,186,92.73,28,0,False
CB-1188,2025-02-03,119.0,67,92.73,28,0,False
CB-1188,2025-02-10,127.0,0,92.73,28,1,False
CB-1188,2025-02-17,126.0,241,92.73,28,0,False
CB-1188,2025-02-24,116.0,125,92.73,28,0,False
CB-1188,2025-03-03,113.0,12,92.73,28,0,False
CB-1188,2025-03-10,99.0,281,92.73,28,0,False
CB-1188,2025-03-17,117.0,164,92.73,28,0,False
CB-1188,2025-03-24,123.0,41,92.73,28,0,False
CB-1188,2025-03-31,119.0,289,92.73,28,0,False
CB-1188,2025-04-07,101.0,188,92.73,28,0,False
CB-1188,2025-04-14,115.0,73,92.73,28,0,False
CB-1188,2025-04-21,124.0,0,92.73,28,1,False
CB-1188,2025-04-28,107.0,260,92.73,28,0,False
CB-1188,2025-05-05,117.0,143,92.73,28,0,False
CB-1188,2025-05-12,118.0,25,92.73,28,0,False
CB-1188,2025-05-19,122.0,271,92.73,28,0,False
CB-1188,2025-05-26,125.0,146,92.73,28,0,False
CB-1188,2025-06-02,104.0,42,92.73,28,0,False
CB-1188,2025-06-09,107.0,0,92.73,28,1,False
CB-1188,2025-06-16,104.0,263,92.73,28,0,False
CB-1188,2025-06-23,105.0,158,92.73,28,0,False
CB-1188,2025-06-30,102.0,56,92.73,28,0,False
CB-1188,2025-07-07,105.0,319,92.73,28,0,False
CB-1188,2025-07-14,75.0,244,92.73,28,0,False
CB-1188,2025-07-21,92.0,152,92.73,28,0,False
CB-1188,2025-07-28,90.0,62,92.73,28,0,False
CB-1188,2025-08-04,83.0,346,92.73,28,0,False
CB-1188,2025-08-11,67.0,279,92.73,28,0,False
CB-1188,2025-08-18,80.0,199,92.73,28,0,False
CB-1188,2025-08-25,74.0,125,92.73,28,0,False
CB-1188,2025-09-01,88.0,405,92.73,28,0,False
CB-1188,2025-09-08,78.0,327,92.73,28,0,False
CB-1188,2025-09-15,71.0,256,92.73,28,0,False
CB-1188,2025-09-22,63.0,193,92.73,28,0,False
CB-1188,2025-09-29,79.0,114,92.73,28,0,False
CB-1188,2025-10-06,80.0,401,92.73,28,0,False
CB-1188,2025-10-13,75.0,326,92.73,28,0,False
CB-1188,2025-10-20,81.0,245,92.73,28,0,False
CB-1188,2025-10-27,76.0,169,92.73,28,0,False
CB-1188,2025-11-03,87.0,82,92.73,28,0,False
CB-1188,2025-11-10,89.0,361,92.73,28,0,False
CB-1188,2025-11-17,73.0,288,92.73,28,0,False
CB-1188,2025-11-24,77.0,211,92.73,28,0,False
CB-1188,2025-12-01,105.0,106,92.73,28,0,False
CB-1188,2025-12-08,100.0,373,92.73,28,0,False
CB-1188,2025-12-15,86.0,287,92.73,28,0,False
CB-1188,2025-12-22,87.0,200,92.73,28,0,False
CB-1189,2024-01-01,87.0,252,23.66,42,0,False
CB-1189,2024-01-08,92.0,160,23.66,42,0,False
CB-1189,2024-01-15,95.0,65,23.66,42,0,False
CB-1189,2024-01-22,107.0,0,23.66,42,1,False
CB-1189,2024-01-29,116.0,0,23.66,42,1,False
CB-1189,2024-02-05,100.0,0,23.66,42,1,False
CB-1189,2024-02-12,96.0,304,23.66,42,0,False
CB-1189,2024-02-19,112.0,592,23.66,42,0,False
CB-1189,2024-02-26,125.0,467,23.66,42,0,False
CB-1189,2024-03-04,108.0,359,23.66,42,0,False
CB-1189,2024-03-11,121.0,238,23.66,42,0,False
CB-1189,2024-03-18,107.0,131,23.66,42,0,False
CB-1189,2024-03-25,115.0,16,23.66,42,0,False
CB-1189,2024-04-01,105.0,311,23.66,42,0,False
CB-1189,2024-04-08,116.0,195,23.66,42,0,False
CB-1189,2024-04-15,115.0,80,23.66,42,0,False
CB-1189,2024-04-22,121.0,0,23.66,42,1,False
CB-1189,2024-04-29,130.0,270,23.66,42,0,False
CB-1189,2024-05-06,109.0,161,23.66,42,0,False
CB-1189,2024-05-13,94.0,67,23.66,42,0,False
CB-1189,2024-05-20,108.0,359,23.66,42,0,False
CB-1189,2024-05-27,110.0,249,23.66,42,0,False
CB-1189,2024-06-03,107.0,142,23.66,42,0,False
CB-1189,2024-06-10,102.0,40,23.66,42,0,False
CB-1189,2024-06-17,113.0,327,23.66,42,0,False
CB-1189,2024-06-24,99.0,228,23.66,42,0,False
CB-1189,2024-07-01,95.0,133,23.66,42,0,False
CB-1189,2024-07-08,87.0,46,23.66,42,0,False
CB-1189,2024-07-15,78.0,369,23.66,42,0,False
CB-1189,2024-07-22,90.0,279,23.66,42,0,False
CB-1189,2024-07-29,87.0,192,23.66,42,0,False
CB-1189,2024-08-05,76.0,116,23.66,42,0,False
CB-1189,2024-08-12,80.0,436,23.66,42,0,False
CB-1189,2024-08-19,78.0,358,23.66,42,0,False
CB-1189,2024-08-26,73.0,285,23.66,42,0,False
CB-1189,2024-09-02,71.0,214,23.66,42,0,False
CB-1189,2024-09-09,77.0,537,23.66,42,0,False
CB-1189,2024-09-16,73.0,464,23.66,42,0,False
CB-1189,2024-09-23,70.0,394,23.66,42,0,False
CB-1189,2024-09-30,69.0,325,23.66,42,0,False
CB-1189,2024-10-07,73.0,252,23.66,42,0,False
CB-1189,2024-10-14,80.0,572,23.66,42,0,False
CB-1189,2024-10-21,77.0,495,23.66,42,0,False
CB-1189,2024-10-28,76.0,419,23.66,42,0,False
CB-1189,2024-11-04,81.0,338,23.66,42,0,False
CB-1189,2024-11-11,90.0,248,23.66,42,0,False
CB-1189,2024-11-18,87.0,161,23.66,42,0,False
CB-1189,2024-11-25,88.0,473,23.66,42,0,False
CB-1189,2024-12-02,93.0,380,23.66,42,0,False
CB-1189,2024-12-09,91.0,289,23.66,42,0,False
CB-1189,2024-12-16,96.0,193,23.66,42,0,False
CB-1189,2024-12-23,94.0,99,23.66,42,0,False
CB-1189,2024-12-30,89.0,410,23.66,42,0,False
CB-1189,2025-01-06,107.0,303,23.66,42,0,False
CB-1189,2025-01-13,111.0,192,23.66,42,0,False
CB-1189,2025-01-20,108.0,84,23.66,42,0,False
CB-1189,2025-01-27,124.0,361,23.66,42,0,False
CB-1189,2025-02-03,110.0,251,23.66,42,0,False
CB-1189,2025-02-10,103.0,148,23.66,42,0,False
CB-1189,2025-02-17,115.0,33,23.66,42,0,False
CB-1189,2025-02-24,109.0,324,23.66,42,0,False
CB-1189,2025-03-03,130.0,194,23.66,42,0,False
CB-1189,2025-03-10,120.0,74,23.66,42,0,False
CB-1189,2025-03-17,139.0,0,23.66,42,1,False
CB-1189,2025-03-24,140.0,260,23.66,42,0,False
CB-1189,2025-03-31,121.0,139,23.66,42,0,False
CB-1189,2025-04-07,122.0,17,23.66,42,0,False
CB-1189,2025-04-14,136.0,281,23.66,42,0,False
CB-1189,2025-04-21,140.0,141,23.66,42,0,False
CB-1189,2025-04-28,108.0,33,23.66,42,0,False
CB-1189,2025-05-05,130.0,0,23.66,42,1,False
CB-1189,2025-05-12,103.0,297,23.66,42,0,False
CB-1189,2025-05-19,118.0,179,23.66,42,0,False
CB-1189,2025-05-26,132.0,47,23.66,42,0,False
CB-1189,2025-06-02,147.0,300,23.66,42,0,False
CB-1189,2025-06-09,114.0,186,23.66,42,0,False
CB-1189,2025-06-16,102.0,84,23.66,42,0,False
CB-1189,2025-06-23,106.0,0,23.66,42,1,False
CB-1189,2025-06-30,108.0,292,23.66,42,0,False
CB-1189,2025-07-07,99.0,193,23.66,42,0,False
CB-1189,2025-07-14,94.0,99,23.66,42,0,False
CB-1189,2025-07-21,95.0,404,23.66,42,0,False
CB-1189,2025-07-28,99.0,305,23.66,42,0,False
CB-1189,2025-08-04,92.0,213,23.66,42,0,False
CB-1189,2025-08-11,84.0,129,23.66,42,0,False
CB-1189,2025-08-18,84.0,445,23.66,42,0,False
CB-1189,2025-08-25,84.0,361,23.66,42,0,False
CB-1189,2025-09-01,78.0,283,23.66,42,0,False
CB-1189,2025-09-08,79.0,204,23.66,42,0,False
CB-1189,2025-09-15,87.0,518,23.66,42,0,False
CB-1189,2025-09-22,81.0,437,23.66,42,0,False
CB-1189,2025-09-29,71.0,366,23.66,42,0,False
CB-1189,2025-10-06,90.0,276,23.66,42,0,False
CB-1189,2025-10-13,86.0,190,23.66,42,0,False
CB-1189,2025-10-20,75.0,515,23.66,42,0,False
CB-1189,2025-10-27,84.0,431,23.66,42,0,False
CB-1189,2025-11-03,83.0,348,23.66,42,0,False
CB-1189,2025-11-10,95.0,253,23.66,42,0,False
CB-1189,2025-11-17,90.0,163,23.66,42,0,False
CB-1189,2025-11-24,95.0,468,23.66,42,0,False
CB-1189,2025-12-01,98.0,370,23.66,42,0,False
CB-1189,2025-12-08,90.0,280,23.66,42,0,False
CB-1189,2025-12-15,118.0,162,23.66,42,0,False
CB-1189,2025-12-22,115.0,47,23.66,42,0,False
CB-1190,2024-01-01,45.0,61,51.86,21,0,False
CB-1190,2024-01-08,43.0,18,51.86,21,0,False
CB-1190,2024-01-15,50.0,0,51.86,21,1,False
CB-1190,2024-01-22,56.0,134,51.86,21,0,False
CB-1190,2024-01-29,46.0,88,51.86,21,0,False
CB-1190,2024-02-05,46.0,42,51.86,21,0,False
CB-1190,2024-02-12,45.0,187,51.86,21,0,False
CB-1190,2024-02-19,41.0,146,51.86,21,0,False
CB-1190,2024-02-26,56.0,90,51.86,21,0,False
CB-1190,2024-03-04,50.0,40,51.86,21,0,False
CB-1190,2024-03-11,56.0,175,51.86,21,0,False
CB-1190,2024-03-18,58.0,117,51.86,21,0,False
CB-1190,2024-03-25,49.0,68,51.86,21,0,False
CB-1190,2024-04-01,50.0,18,51.86,21,0,False
CB-1190,2024-04-08,61.0,147,51.86,21,0,False
CB-1190,2024-04-15,53.0,94,51.86,21,0,False
CB-1190,2024-04-22,50.0,44,51.86,21,0,False
CB-1190,2024-04-29,48.0,186,51.86,21,0,False
CB-1190,2024-05-06,52.0,134,51.86,21,0,False
CB-1190,2024-05-13,58.0,76,51.86,21,0,False
CB-1190,2024-05-20,54.0,22,51.86,21,0,False
CB-1190,2024-05-27,51.0,161,51.86,21,0,False
CB-1190,2024-06-03,55.0,106,51.86,21,0,False
CB-1190,2024-06-10,53.0,53,51.86,21,0,False
CB-1190,2024-06-17,48.0,5,51.86,21,0,False
CB-1190,2024-06-24,56.0,140,51.86,21,0,False
CB-1190,2024-07-01,43.0,97,51.86,21,0,False
CB-1190,2024-07-08,47.0,50,51.86,21,0,False
CB-1190,2024-07-15,40.0,200,51.86,21,0,False
CB-1190,2024-07-22,44.0,156,51.86,21,0,False
CB-1190,2024-07-29,39.0,117,51.86,21,0,False
CB-1190,2024-08-05,40.0,77,51.86,21,0,False
CB-1190,2024-08-12,45.0,32,51.86,21,0,False
CB-1190,2024-08-19,39.0,183,51.86,21,0,False
CB-1190,2024-08-26,37.0,146,51.86,21,0,False
CB-1190,2024-09-02,33.0,113,51.86,21,0,False
CB-1190,2024-09-09,35.0,78,51.86,21,0,False
CB-1190,2024-09-16,32.0,236,51.86,21,0,False
CB-1190,2024-09-23,37.0,199,51.86,21,0,False
CB-1190,2024-09-30,37.0,162,51.86,21,0,False
CB-1190,2024-10-07,34.0,128,51.86,21,0,False
CB-1190,2024-10-14,39.0,89,51.86,21,0,False
CB-1190,2024-10-21,39.0,50,51.86,21,0,False
CB-1190,2024-10-28,36.0,205,51.86,21,0,False
CB-1190,2024-11-04,38.0,167,51.86,21,0,False
CB-1190,2024-11-11,,131,51.86,21,0,False
CB-1190,2024-11-18,38.0,93,51.86,21,0,False
CB-1190,2024-11-25,36.0,57,51.86,21,0,False
CB-1190,2024-12-02,40.0,207,51.86,21,0,False
CB-1190,2024-12-09,42.0,165,51.86,21,0,False
CB-1190,2024-12-16,38.0,127,51.86,21,0,False
CB-1190,2024-12-23,48.0,79,51.86,21,0,False
CB-1190,2024-12-30,51.0,28,51.86,21,0,False
CB-1190,2025-01-06,48.0,170,51.86,21,0,False
CB-1190,2025-01-13,39.0,131,51.86,21,0,False
CB-1190,2025-01-20,50.0,81,51.86,21,0,False
CB-1190,2025-01-27,47.0,34,51.86,21,0,False
CB-1190,2025-02-03,52.0,172,51.86,21,0,False
CB-1190,2025-02-10,62.0,110,51.86,21,0,False
CB-1190,2025-02-17,46.0,64,51.86,21,0,False
CB-1190,2025-02-24,54.0,10,51.86,21,0,False
CB-1190,2025-03-03,62.0,138,51.86,21,0,False
CB-1190,2025-03-10,56.0,82,51.86,21,0,False
CB-1190,2025-03-17,56.0,26,51.86,21,0,False
CB-1190,2025-03-24,70.0,147,51.86,21,0,False
CB-1190,2025-03-31,62.0,85,51.86,21,0,False
CB-1190,2025-04-07,65.0,20,51.86,21,0,False
CB-1190,2025-04-14,63.0,147,51.86,21,0,False
CB-1190,2025-04-21,61.0,86,51.86,21,0,False
CB-1190,2025-04-28,66.0,20,51.86,21,0,False
CB-1190,2025-05-05,68.0,142,51.86,21,0,False
CB-1190,2025-05-12,50.0,92,51.86,21,0,False
CB-1190,2025-05-19,57.0,35,51.86,21,0,False
CB-1190,2025-05-26,56.0,169,51.86,21,0,False
CB-1190,2025-06-02,53.0,116,51.86,21,0,False
CB-1190,2025-06-09,58.0,58,51.86,21,0,False
CB-1190,2025-06-16,53.0,5,51.86,21,0,False
CB-1190,2025-06-23,59.0,137,51.86,21,0,False
CB-1190,2025-06-30,54.0,83,51.86,21,0,False
CB-1190,2025-07-07,54.0,29,51.86,21,0,False
CB-1190,2025-07-14,42.0,177,51.86,21,0,False
CB-1190,2025-07-21,43.0,134,51.86,21,0,False
CB-1190,2025-07-28,42.0,92,51.86,21,0,False
CB-1190,2025-08-04,48.0,44,51.86,21,0,False
CB-1190,2025-08-11,39.0,195,51.86,21,0,False
CB-1190,2025-08-18,38.0,157,51.86,21,0,False
CB-1190,2025-08-25,36.0,121,51.86,21,0,False
CB-1190,2025-09-01,48.0,73,51.86,21,0,False
CB-1190,2025-09-08,38.0,35,51.86,21,0,False
CB-1190,2025-09-15,40.0,185,51.86,21,0,False
CB-1190,2025-09-22,35.0,150,51.86,21,0,False
CB-1190,2025-09-29,41.0,109,51.86,21,0,False
CB-1190,2025-10-06,33.0,76,51.86,21,0,False
CB-1190,2025-10-13,36.0,231,51.86,21,0,False
CB-1190,2025-10-20,37.0,194,51.86,21,0,False
CB-1190,2025-10-27,41.0,153,51.86,21,0,False
CB-1190,2025-11-03,38.0,115,51.86,21,0,False
CB-1190,2025-11-10,47.0,68,51.86,21,0,False
CB-1190,2025-11-17,45.0,23,51.86,21,0,False
CB-1190,2025-11-24,42.0,171,51.86,21,0,False
CB-1190,2025-12-01,50.0,121,51.86,21,0,False
CB-1190,2025-12-08,46.0,75,51.86,21,0,False
CB-1190,2025-12-15,47.0,28,51.86,21,0,False
CB-1190,2025-12-22,54.0,164,51.86,21,0,False
CB-1191,2024-01-01,101.0,336,110.95,28,0,False
CB-1191,2024-01-08,104.0,232,110.95,28,0,False
CB-1191,2024-01-15,132.0,100,110.95,28,0,False
CB-1191,2024-01-22,113.0,0,110.95,28,1,False
CB-1191,2024-01-29,130.0,356,110.95,28,0,False
CB-1191,2024-02-05,127.0,229,110.95,28,0,False
CB-1191,2024-02-12,131.0,98,110.95,28,0,False
CB-1191,2024-02-19,127.0,458,110.95,28,0,False
CB-1191,2024-02-26,129.0,329,110.95,28,0,False
CB-1191,2024-03-04,150.0,179,110.95,28,0,False
CB-1191,2024-03-11,146.0,33,110.95,28,0,False
CB-1191,2024-03-18,131.0,388,110.95,28,0,False
CB-1191,2024-03-25,126.0,262,110.95,28,0,False
CB-1191,2024-04-01,132.0,130,110.95,28,0,False
CB-1191,2024-04-08,149.0,0,110.95,28,1,False
CB-1191,2024-04-15,151.0,335,110.95,28,0,False
CB-1191,2024-04-22,144.0,191,110.95,28,0,False
CB-1191,2024-04-29,119.0,72,110.95,28,0,False
CB-1191,2024-05-06,143.0,416,110.95,28,0,False
CB-1191,2024-05-13,147.0,269,110.95,28,0,False
CB-1191,2024-05-20,133.0,136,110.95,28,0,False
CB-1191,2024-05-27,149.0,0,110.95,28,1,False
CB-1191,2024-06-03,113.0,373,110.95,28,0,False
CB-1191,2024-06-10,130.0,243,110.95,28,0,False
CB-1191,2024-06-17,111.0,132,110.95,28,0,False
CB-1191,2024-06-24,127.0,492,110.95,28,0,False
CB-1191,2024-07-01,120.0,372,110.95,28,0,False
CB-1191,2024-07-08,127.0,245,110.95,28,0,False
CB-1191,2024-07-15,112.0,133,110.95,28,0,False
CB-1191,2024-07-22,101.0,518,110.95,28,0,False
CB-1191,2024-07-29,98.0,420,110.95,28,0,False
CB-1191,2024-08-05,97.0,323,110.95,28,0,False
CB-1191,2024-08-12,93.0,230,110.95,28,0,False
CB-1191,2024-08-19,104.0,126,110.95,28,0,False
CB-1191,2024-08-26,102.0,511,110.95,28,0,False
CB-1191,2024-09-02,80.0,431,110.95,28,0,False
CB-1191,2024-09-09,90.0,341,110.95,28,0,False
CB-1191,2024-09-16,89.0,252,110.95,28,0,False
CB-1191,2024-09-23,83.0,169,110.95,28,0,False
CB-1191,2024-09-30,91.0,564,110.95,28,0,False
CB-1191,2024-10-07,99.0,465,110.95,28,0,False
CB-1191,2024-10-14,96.0,369,110.95,28,0,False
CB-1191,2024-10-21,101.0,268,110.95,28,0,False
CB-1191,2024-10-28,87.0,181,110.95,28,0,False
CB-1191,2024-11-04,95.0,572,110.95,28,0,False
CB-1191,2024-11-11,91.0,481,110.95,28,0,False
CB-1191,2024-11-18,102.0,379,110.95,28,0,False
CB-1191,2024-11-25,105.0,274,110.95,28,0,False
CB-1191,2024-12-02,114.0,160,110.95,28,0,False
CB-1191,2024-12-09,121.0,526,110.95,28,0,False
CB-1191,2024-12-16,120.0,406,110.95,28,0,False
CB-1191,2024-12-23,109.0,297,110.95,28,0,False
CB-1191,2024-12-30,108.0,189,110.95,28,0,False
CB-1191,2025-01-06,130.0,59,110.95,28,0,False
CB-1191,2025-01-13,144.0,401,110.95,28,0,False
CB-1191,2025-01-20,132.0,269,110.95,28,0,False
CB-1191,2025-01-27,120.0,149,110.95,28,0,False
CB-1191,2025-02-03,163.0,0,110.95,28,1,False
CB-1191,2025-02-10,149.0,337,110.95,28,0,False
CB-1191,2025-02-17,148.0,189,110.95,28,0,False
CB-1191,2025-02-24,135.0,54,110.95,28,0,False
CB-1191,2025-03-03,151.0,390,110.95,28,0,False
CB-1191,2025-03-10,161.0,229,110.95,28,0,False
CB-1191,2025-03-17,160.0,69,110.95,28,0,False
CB-1191,2025-03-24,147.0,0,110.95,28,1,False
CB-1191,2025-03-31,155.0,331,110.95,28,0,False
CB-1191,2025-04-07,148.0,183,110.95,28,0,False
CB-1191,2025-04-14,176.0,7,110.95,28,0,False
CB-1191,2025-04-21,166.0,328,110.95,28,0,False
CB-1191,2025-04-28,147.0,181,110.95,28,0,False
CB-1191,2025-05-05,138.0,43,110.95,28,0,False
CB-1191,2025-05-12,153.0,376,110.95,28,0,False
CB-1191,2025-05-19,142.0,234,110.95,28,0,False
CB-1191,2025-05-26,140.0,94,110.95,28,0,False
CB-1191,2025-06-02,129.0,0,110.95,28,1,False
CB-1191,2025-06-09,127.0,359,110.95,28,0,False
CB-1191,2025-06-16,137.0,222,110.95,28,0,False
CB-1191,2025-06-23,129.0,93,110.95,28,0,False
CB-1191,2025-06-30,154.0,426,110.95,28,0,False
CB-1191,2025-07-07,130.0,296,110.95,28,0,False
CB-1191,2025-07-14,110.0,186,110.95,28,0,False
CB-1191,2025-07-21,,83,110.95,28,0,False
CB-1191,2025-07-28,118.0,451,110.95,28,0,False
CB-1191,2025-08-04,107.0,344,110.95,28,0,False
CB-1191,2025-08-11,120.0,224,110.95,28,0,False
CB-1191,2025-08-18,108.0,116,110.95,28,0,False
CB-1191,2025-08-25,87.0,516,110.95,28,0,False
CB-1191,2025-09-01,93.0,423,110.95,28,0,False
CB-1191,2025-09-08,95.0,328,110.95,28,0,False
CB-1191,2025-09-15,103.0,225,110.95,28,0,False
CB-1191,2025-09-22,90.0,135,110.95,28,0,False
CB-1191,2025-09-29,100.0,521,110.95,28,0,False
CB-1191,2025-10-06,88.0,433,110.95,28,0,False
CB-1191,2025-10-13,100.0,333,110.95,28,0,False
CB-1191,2025-10-20,104.0,229,110.95,28,0,False
CB-1191,2025-10-27,115.0,114,110.95,28,0,False
CB-1191,2025-11-03,108.0,492,110.95,28,0,False
CB-1191,2025-11-10,101.0,391,110.95,28,0,False
CB-1191,2025-11-17,125.0,266,110.95,28,0,False
CB-1191,2025-11-24,113.0,153,110.95,28,0,False
CB-1191,2025-12-01,126.0,514,110.95,28,0,False
CB-1191,2025-12-08,116.0,398,110.95,28,0,False
CB-1191,2025-12-15,127.0,271,110.95,28,0,False
CB-1191,2025-12-22,122.0,149,110.95,28,0,False
CB-1192,2024-01-01,37.0,113,75.6,21,0,False
CB-1192,2024-01-08,37.0,76,75.6,21,0,False
CB-1192,2024-01-15,54.0,22,75.6,21,0,False
CB-1192,2024-01-22,35.0,190,75.6,21,0,False
CB-1192,2024-01-29,24.0,166,75.6,21,0,False
CB-1192,2024-02-05,58.0,108,75.6,21,0,False
CB-1192,2024-02-12,51.0,57,75.6,21,0,False
CB-1192,2024-02-19,52.0,208,75.6,21,0,False
CB-1192,2024-02-26,65.0,143,75.6,21,0,False
CB-1192,2024-03-04,69.0,74,75.6,21,0,False
CB-1192,2024-03-11,53.0,21,75.6,21,0,False
CB-1192,2024-03-18,35.0,190,75.6,21,0,False
CB-1192,2024-03-25,45.0,145,75.6,21,0,False
CB-1192,2024-04-01,70.0,75,75.6,21,0,False
CB-1192,2024-04-08,61.0,14,75.6,21,0,False
CB-1192,2024-04-15,47.0,170,75.6,21,0,False
CB-1192,2024-04-22,42.0,128,75.6,21,0,False
CB-1192,2024-04-29,69.0,59,75.6,21,0,False
CB-1192,2024-05-06,52.0,210,75.6,21,0,False
CB-1192,2024-05-13,70.0,140,75.6,21,0,False
CB-1192,2024-05-20,72.0,68,75.6,21,0,False
CB-1192,2024-05-27,48.0,20,75.6,21,0,False
CB-1192,2024-06-03,70.0,153,75.6,21,0,False
CB-1192,2024-06-10,54.0,99,75.6,21,0,False
CB-1192,2024-06-17,55.0,44,75.6,21,0,False
CB-1192,2024-06-24,11.0,237,75.6,21,0,False
CB-1192,2024-07-01,31.0,206,75.6,21,0,False
CB-1192,2024-07-08,31.0,175,75.6,21,0,False
CB-1192,2024-07-15,40.0,135,75.6,21,0,False
CB-1192,2024-07-22,45.0,90,75.6,21,0,False
CB-1192,2024-07-29,45.0,45,75.6,21,0,False
CB-1192,2024-08-05,46.0,202,75.6,21,0,False
CB-1192,2024-08-12,31.0,171,75.6,21,0,False
CB-1192,2024-08-19,49.0,122,75.6,21,0,False
CB-1192,2024-08-26,63.0,59,75.6,21,0,False
CB-1192,2024-09-02,33.0,26,75.6,21,0,False
CB-1192,2024-09-09,29.0,200,75.6,21,0,False
CB-1192,2024-09-16,28.0,172,75.6,21,0,False
CB-1192,2024-09-23,38.0,134,75.6,21,0,False
CB-1192,2024-09-30,30.0,104,75.6,21,0,False
CB-1192,2024-10-07,15.0,89,75.6,21,0,False
CB-1192,2024-10-14,18.0,274,75.6,21,0,False
CB-1192,2024-10-21,51.0,223,75.6,21,0,False
CB-1192,2024-10-28,56.0,167,75.6,21,0,False
CB-1192,2024-11-04,62.0,105,75.6,21,0,False
CB-1192,2024-11-11,44.0,61,75.6,21,0,False
CB-1192,2024-11-18,27.0,237,75.6,21,0,False
CB-1192,2024-11-25,36.0,201,75.6,21,0,False
CB-1192,2024-12-02,21.0,180,75.6,21,0,False
CB-1192,2024-12-09,21.0,159,75.6,21,0,False
CB-1192,2024-12-16,52.0,107,75.6,21,0,False
CB-1192,2024-12-23,58.0,49,75.6,21,0,False
CB-1192,2024-12-30,85.0,168,75.6,21,0,False
CB-1192,2025-01-06,51.0,117,75.6,21,0,False
CB-1192,2025-01-13,28.0,89,75.6,21,0,False
CB-1192,2025-01-20,53.0,239,75.6,21,0,False
CB-1192,2025-01-27,51.0,188,75.6,21,0,False
CB-1192,2025-02-03,48.0,140,75.6,21,0,False
CB-1192,2025-02-10,67.0,73,75.6,21,0,False
CB-1192,2025-02-17,35.0,38,75.6,21,0,False
CB-1192,2025-02-24,65.0,176,75.6,21,0,False
CB-1192,2025-03-03,77.0,99,75.6,21,0,False
CB-1192,2025-03-10,95.0,4,75.6,21,0,False
CB-1192,2025-03-17,71.0,0,75.6,21,1,False
CB-1192,2025-03-24,88.0,115,75.6,21,0,False
CB-1192,2025-03-31,55.0,60,75.6,21,0,False
CB-1192,2025-04-07,58.0,2,75.6,21,0,False
CB-1192,2025-04-14,96.0,109,75.6,21,0,False
CB-1192,2025-04-21,34.0,75,75.6,21,0,False
CB-1192,2025-04-28,55.0,20,75.6,21,0,False
CB-1192,2025-05-05,88.0,136,75.6,21,0,False
CB-1192,2025-05-12,58.0,78,75.6,21,0,False
CB-1192,2025-05-19,55.0,23,75.6,21,0,False
CB-1192,2025-05-26,55.0,171,75.6,21,0,False
CB-1192,2025-06-02,62.0,109,75.6,21,0,False
CB-1192,2025-06-09,80.0,29,75.6,21,0,False
CB-1192,2025-06-16,75.0,0,75.6,21,1,False
CB-1192,2025-06-23,55.0,148,75.6,21,0,False
CB-1192,2025-06-30,74.0,74,75.6,21,0,False
CB-1192,2025-07-07,58.0,16,75.6,21,0,False
CB-1192,2025-07-14,66.0,153,75.6,21,0,False
CB-1192,2025-07-21,31.0,122,75.6,21,0,False
CB-1192,2025-07-28,77.0,45,75.6,21,0,False
CB-1192,2025-08-04,50.0,199,75.6,21,0,False
CB-1192,2025-08-11,2.0,197,75.6,21,0,False
CB-1192,2025-08-18,70.0,127,75.6,21,0,False
CB-1192,2025-08-25,43.0,84,75.6,21,0,False
CB-1192,2025-09-01,37.0,47,75.6,21,0,False
CB-1192,2025-09-08,33.0,217,75.6,21,0,False
CB-1192,2025-09-15,48.0,169,75.6,21,0,False
CB-1192,2025-09-22,28.0,141,75.6,21,0,False
CB-1192,2025-09-29,33.0,108,75.6,21,0,False
CB-1192,2025-10-06,33.0,278,75.6,21,0,False
CB-1192,2025-10-13,37.0,241,75.6,21,0,False
CB-1192,2025-10-20,35.0,206,75.6,21,0,False
CB-1192,2025-10-27,56.0,150,75.6,21,0,False
CB-1192,2025-11-03,48.0,102,75.6,21,0,False
CB-1192,2025-11-10,51.0,51,75.6,21,0,False
CB-1192,2025-11-17,56.0,198,75.6,21,0,False
CB-1192,2025-11-24,46.0,152,75.6,21,0,False
CB-1192,2025-12-01,32.0,120,75.6,21,0,False
CB-1192,2025-12-08,83.0,37,75.6,21,0,False
CB-1192,2025-12-15,70.0,171,75.6,21,0,False
CB-1192,2025-12-22,85.0,86,75.6,21,0,False
CB-1193,2024-01-01,51.0,162,106.92,42,0,False
CB-1193,2024-01-08,59.0,103,106.92,42,0,False
CB-1193,2024-01-15,71.0,32,106.92,42,0,False
CB-1193,2024-01-22,69.0,0,106.92,42,1,False
CB-1193,2024-01-29,69.0,0,106.92,42,1,False
CB-1193,2024-02-05,58.0,0,106.92,42,1,False
CB-1193,2024-02-12,75.0,205,106.92,42,0,False
CB-1193,2024-02-19,70.0,414,106.92,42,0,False
CB-1193,2024-02-26,73.0,341,106.92,42,0,False
CB-1193,2024-03-04,84.0,257,106.92,42,0,False
CB-1193,2024-03-11,73.0,184,106.92,42,0,False
CB-1193,2024-03-18,75.0,109,106.92,42,0,False
CB-1193,2024-03-25,82.0,27,106.92,42,0,False
CB-1193,2024-04-01,87.0,220,106.92,42,0,False
CB-1193,2024-04-08,79.0,141,106.92,42,0,False
CB-1193,2024-04-15,91.0,50,106.92,42,0,False
CB-1193,2024-04-22,73.0,0,106.92,42,1,False
CB-1193,2024-04-29,71.0,209,106.92,42,0,False
CB-1193,2024-05-06,70.0,139,106.92,42,0,False
CB-1193,2024-05-13,68.0,71,106.92,42,0,False
CB-1193,2024-05-20,79.0,271,106.92,42,0,False
CB-1193,2024-05-27,70.0,201,106.92,42,0,False
CB-1193,2024-06-03,66.0,135,106.92,42,0,False
CB-1193,2024-06-10,75.0,60,106.92,42,0,False
CB-1193,2024-06-17,76.0,264,106.92,42,0,False
CB-1193,2024-06-24,75.0,189,106.92,42,0,False
CB-1193,2024-07-01,72.0,117,106.92,42,0,False
CB-1193,2024-07-08,61.0,56,106.92,42,0,False
CB-1193,2024-07-15,65.0,270,106.92,42,0,False
CB-1193,2024-07-22,64.0,206,106.92,42,0,False
CB-1193,2024-07-29,58.0,148,106.92,42,0,False
CB-1193,2024-08-05,59.0,89,106.92,42,0,False
CB-1193,2024-08-12,51.0,318,106.92,42,0,False
CB-1193,2024-08-19,,265,106.92,42,0,False
CB-1193,2024-08-26,56.0,209,106.92,42,0,False
CB-1193,2024-09-02,60.0,149,106.92,42,0,False
CB-1193,2024-09-09,58.0,370,106.92,42,0,False
CB-1193,2024-09-16,55.0,315,106.92,42,0,False
CB-1193,2024-09-23,52.0,263,106.92,42,0,False
CB-1193,2024-09-30,52.0,211,106.92,42,0,False
CB-1193,2024-10-07,46.0,165,106.92,42,0,False
CB-1193,2024-10-14,49.0,396,106.92,42,0,False
CB-1193,2024-10-21,50.0,346,106.92,42,0,False
CB-1193,2024-10-28,57.0,289,106.92,42,0,False
CB-1193,2024-11-04,60.0,229,106.92,42,0,False
CB-1193,2024-11-11,60.0,169,106.92,42,0,False
CB-1193,2024-11-18,64.0,105,106.92,42,0,False
CB-1193,2024-11-25,61.0,323,106.92,42,0,False
CB-1193,2024-12-02,58.0,265,106.92,42,0,False
CB-1193,2024-12-09,64.0,201,106.92,42,0,False
CB-1193,2024-12-16,63.0,138,106.92,42,0,False
CB-1193,2024-12-23,73.0,65,106.92,42,0,False
CB-1193,2024-12-30,69.0,276,106.92,42,0,False
CB-1193,2025-01-06,73.0,203,106.92,42,0,False
CB-1193,2025-01-13,80.0,123,106.92,42,0,False
CB-1193,2025-01-20,74.0,49,106.92,42,0,False
CB-1193,2025-01-27,87.0,241,106.92,42,0,False
CB-1193,2025-02-03,74.0,167,106.92,42,0,False
CB-1193,2025-02-10,86.0,81,106.92,42,0,False
CB-1193,2025-02-17,85.0,0,106.92,42,1,False
CB-1193,2025-02-24,93.0,187,106.92,42,0,False
CB-1193,2025-03-03,79.0,108,106.92,42,0,False
CB-1193,2025-03-10,79.0,29,106.92,42,0,False
CB-1193,2025-03-17,96.0,0,106.92,42,1,False
CB-1193,2025-03-24,89.0,191,106.92,42,0,False
CB-1193,2025-03-31,91.0,100,106.92,42,0,False
CB-1193,2025-04-07,87.0,13,106.92,42,0,False
CB-1193,2025-04-14,98.0,194,106.92,42,0,False
CB-1193,2025-04-21,93.0,101,106.92,42,0,False
CB-1193,2025-04-28,92.0,9,106.92,42,0,False
CB-1193,2025-05-05,81.0,0,106.92,42,1,False
CB-1193,2025-05-12,92.0,188,106.92,42,0,False
CB-1193,2025-05-19,80.0,108,106.92,42,0,False
CB-1193,2025-05-26,81.0,27,106.92,42,0,False
CB-1193,2025-06-02,74.0,232,106.92,42,0,False
CB-1193,2025-06-09,81.0,151,106.92,42,0,False
CB-1193,2025-06-16,86.0,65,106.92,42,0,False
CB-1193,2025-06-23,79.0,0,106.92,42,1,False
CB-1193,2025-06-30,73.0,207,106.92,42,0,False
CB-1193,2025-07-07,74.0,133,106.92,42,0,False
CB-1193,2025-07-14,72.0,61,106.92,42,0,False
CB-1193,2025-07-21,70.0,0,106.92,42,1,False
CB-1193,2025-07-28,68.0,212,106.92,42,0,False
CB-1193,2025-08-04,60.0,152,106.92,42,0,False
CB-1193,2025-08-11,64.0,88,106.92,42,0,False
CB-1193,2025-08-18,54.0,313,106.92,42,0,False
CB-1193,2025-08-25,64.0,249,106.92,42,0,False
CB-1193,2025-09-01,55.0,194,106.92,42,0,False
CB-1193,2025-09-08,65.0,129,106.92,42,0,False
CB-1193,2025-09-15,47.0,82,106.92,42,0,False
CB-1193,2025-09-22,66.0,296,106.92,42,0,False
CB-1193,2025-09-29,51.0,245,106.92,42,0,False
CB-1193,2025-10-06,53.0,192,106.92,42,0,False
CB-1193,2025-10-13,60.0,132,106.92,42,0,False
CB-1193,2025-10-20,63.0,348,106.92,42,0,False
CB-1193,2025-10-27,59.0,289,106.92,42,0,False
CB-1193,2025-11-03,67.0,222,106.92,42,0,False
CB-1193,2025-11-10,60.0,162,106.92,42,0,False
CB-1193,2025-11-17,64.0,98,106.92,42,0,False
CB-1193,2025-11-24,66.0,312,106.92,42,0,False
CB-1193,2025-12-01,67.0,245,106.92,42,0,False
CB-1193,2025-12-08,61.0,184,106.92,42,0,False
CB-1193,2025-12-15,74.0,110,106.92,42,0,False
CB-1193,2025-12-22,76.0,34,106.92,42,0,False
CB-1194,2024-01-01,101.0,258,8.9,14,0,False
CB-1194,2024-01-08,121.0,137,8.9,14,0,False
CB-1194,2024-01-15,117.0,505,8.9,14,0,False
CB-1194,2024-01-22,122.0,383,8.9,14,0,False
CB-1194,2024-01-29,125.0,258,8.9,14,0,False
CB-1194,2024-02-05,128.0,130,8.9,14,0,False
CB-1194,2024-02-12,145.0,470,8.9,14,0,False
CB-1194,2024-02-19,130.0,340,8.9,14,0,False
CB-1194,2024-02-26,121.0,219,8.9,14,0,False
CB-1194,2024-03-04,140.0,79,8.9,14,0,False
CB-1194,2024-03-11,129.0,435,8.9,14,0,False
CB-1194,2024-03-18,135.0,300,8.9,14,0,False
CB-1194,2024-03-25,142.0,158,8.9,14,0,False
CB-1194,2024-04-01,129.0,29,8.9,14,0,False
CB-1194,2024-04-08,133.0,381,8.9,14,0,False
CB-1194,2024-04-15,143.0,238,8.9,14,0,False
CB-1194,2024-04-22,131.0,107,8.9,14,0,False
CB-1194,2024-04-29,147.0,445,8.9,14,0,False
CB-1194,2024-05-06,124.0,321,8.9,14,0,False
CB-1194,2024-05-13,122.0,199,8.9,14,0,False
CB-1194,2024-05-20,151.0,48,8.9,14,0,False
CB-1194,2024-05-27,113.0,420,8.9,14,0,False
CB-1194,2024-06-03,126.0,294,8.9,14,0,False
CB-1194,2024-06-10,141.0,153,8.9,14,0,False
CB-1194,2024-06-17,120.0,33,8.9,14,0,False
CB-1194,2024-06-24,130.0,388,8.9,14,0,False
CB-1194,2024-07-01,120.0,268,8.9,14,0,False
CB-1194,2024-07-08,111.0,157,8.9,14,0,False
CB-1194,2024-07-15,106.0,51,8.9,14,0,False
CB-1194,2024-07-22,87.0,449,8.9,14,0,False
CB-1194,2024-07-29,99.0,350,8.9,14,0,False
CB-1194,2024-08-05,101.0,249,8.9,14,0,False
CB-1194,2024-08-12,98.0,151,8.9,14,0,False
CB-1194,2024-08-19,113.0,523,8.9,14,0,False
CB-1194,2024-08-26,94.0,429,8.9,14,0,False
CB-1194,2024-09-02,95.0,334,8.9,14,0,False
CB-1194,2024-09-09,98.0,236,8.9,14,0,False
CB-1194,2024-09-16,92.0,144,8.9,14,0,False
CB-1194,2024-09-23,87.0,542,8.9,14,0,False
CB-1194,2024-09-30,87.0,455,8.9,14,0,False
CB-1194,2024-10-07,86.0,369,8.9,14,0,False
CB-1194,2024-10-14,92.0,277,8.9,14,0,False
CB-1194,2024-10-21,89.0,188,8.9,14,0,False
CB-1194,2024-10-28,97.0,91,8.9,14,0,False
CB-1194,2024-11-04,87.0,489,8.9,14,0,False
CB-1194,2024-11-11,98.0,391,8.9,14,0,False
CB-1194,2024-11-18,112.0,279,8.9,14,0,False
CB-1194,2024-11-25,101.0,178,8.9,14,0,False
CB-1194,2024-12-02,121.0,57,8.9,14,0,False
CB-1194,2024-12-09,111.0,431,8.9,14,0,False
CB-1194,2024-12-16,113.0,318,8.9,14,0,False
CB-1194,2024-12-23,118.0,200,8.9,14,0,False
CB-1194,2024-12-30,118.0,82,8.9,14,0,False
CB-1194,2025-01-06,105.0,462,8.9,14,0,False
CB-1194,2025-01-13,138.0,324,8.9,14,0,False
CB-1194,2025-01-20,156.0,168,8.9,14,0,False
CB-1194,2025-01-27,141.0,27,8.9,14,0,False
CB-1194,2025-02-03,146.0,366,8.9,14,0,False
CB-1194,2025-02-10,141.0,225,8.9,14,0,False
CB-1194,2025-02-17,159.0,66,8.9,14,0,False
CB-1194,2025-02-24,148.0,403,8.9,14,0,False
CB-1194,2025-03-03,154.0,249,8.9,14,0,False
CB-1194,2025-03-10,133.0,116,8.9,14,0,False
CB-1194,2025-03-17,147.0,454,8.9,14,0,False
CB-1194,2025-03-24,159.0,295,8.9,14,0,False
CB-1194,2025-03-31,167.0,128,8.9,14,0,False
CB-1194,2025-04-07,167.0,0,8.9,14,1,False
CB-1194,2025-04-14,136.0,349,8.9,14,0,False
CB-1194,2025-04-21,136.0,213,8.9,14,0,False
CB-1194,2025-04-28,160.0,53,8.9,14,0,False
CB-1194,2025-05-05,142.0,396,8.9,14,0,False
CB-1194,2025-05-12,160.0,236,8.9,14,0,False
CB-1194,2025-05-19,128.0,108,8.9,14,0,False
CB-1194,2025-05-26,143.0,450,8.9,14,0,False
CB-1194,2025-06-02,141.0,309,8.9,14,0,False
CB-1194,2025-06-09,144.0,165,8.9,14,0,False
CB-1194,2025-06-16,124.0,41,8.9,14,0,False
CB-1194,2025-06-23,111.0,415,8.9,14,0,False
CB-1194,2025-06-30,130.0,285,8.9,14,0,False
CB-1194,2025-07-07,129.0,156,8.9,14,0,False
CB-1194,2025-07-14,130.0,26,8.9,14,0,False
CB-1194,2025-07-21,114.0,397,8.9,14,0,False
CB-1194,2025-07-28,121.0,276,8.9,14,0,False
CB-1194,2025-08-04,115.0,161,8.9,14,0,False
CB-1194,2025-08-11,119.0,42,8.9,14,0,False
CB-1194,2025-08-18,105.0,422,8.9,14,0,False
CB-1194,2025-08-25,89.0,333,8.9,14,0,False
CB-1194,2025-09-01,101.0,232,8.9,14,0,False
CB-1194,2025-09-08,101.0,131,8.9,14,0,False
CB-1194,2025-09-15,103.0,513,8.9,14,0,False
CB-1194,2025-09-22,86.0,427,8.9,14,0,False
CB-1194,2025-09-29,96.0,331,8.9,14,0,False
CB-1194,2025-10-06,106.0,225,8.9,14,0,False
CB-1194,2025-10-13,99.0,126,8.9,14,0,False
CB-1194,2025-10-20,99.0,512,8.9,14,0,False
CB-1194,2025-10-27,119.0,393,8.9,14,0,False
CB-1194,2025-11-03,96.0,297,8.9,14,0,False
CB-1194,2025-11-10,119.0,178,8.9,14,0,False
CB-1194,2025-11-17,120.0,58,8.9,14,0,False
CB-1194,2025-11-24,112.0,431,8.9,14,0,False
CB-1194,2025-12-01,118.0,313,8.9,14,0,False
CB-1194,2025-12-08,122.0,191,8.9,14,0,False
CB-1194,2025-12-15,128.0,63,8.9,14,0,False
CB-1194,2025-12-22,124.0,424,8.9,14,0,False
CB-1195,2024-01-01,93.0,198,42.54,21,0,False
CB-1195,2024-01-08,96.0,102,42.54,21,0,False
CB-1195,2024-01-15,83.0,19,42.54,21,0,False
CB-1195,2024-01-22,106.0,342,42.54,21,0,False
CB-1195,2024-01-29,103.0,239,42.54,21,0,False
CB-1195,2024-02-05,94.0,145,42.54,21,0,False
CB-1195,2024-02-12,110.0,35,42.54,21,0,False
CB-1195,2024-02-19,112.0,351,42.54,21,0,False
CB-1195,2024-02-26,129.0,222,42.54,21,0,False
CB-1195,2024-03-04,114.0,108,42.54,21,0,False
CB-1195,2024-03-11,127.0,0,42.54,21,1,False
CB-1195,2024-03-18,135.0,293,42.54,21,0,False
CB-1195,2024-03-25,117.0,176,42.54,21,0,False
CB-1195,2024-04-01,123.0,53,42.54,21,0,False
CB-1195,2024-04-08,140.0,342,42.54,21,0,False
CB-1195,2024-04-15,125.0,217,42.54,21,0,False
CB-1195,2024-04-22,126.0,91,42.54,21,0,False
CB-1195,2024-04-29,118.0,0,42.54,21,1,False
CB-1195,2024-05-06,127.0,301,42.54,21,0,False
CB-1195,2024-05-13,118.0,183,42.54,21,0,False
CB-1195,2024-05-20,100.0,83,42.54,21,0,False
CB-1195,2024-05-27,112.0,400,42.54,21,0,False
CB-1195,2024-06-03,102.0,298,42.54,21,0,False
CB-1195,2024-06-10,111.0,187,42.54,21,0,False
CB-1195,2024-06-17,99.0,88,42.54,21,0,False
CB-1195,2024-06-24,109.0,407,42.54,21,0,False
CB-1195,2024-07-01,102.0,305,42.54,21,0,False
CB-1195,2024-07-08,89.0,216,42.54,21,0,False
CB-1195,2024-07-15,92.0,124,42.54,21,0,False
CB-1195,2024-07-22,98.0,455,42.54,21,0,False
CB-1195,2024-07-29,99.0,356,42.54,21,0,False
CB-1195,2024-08-05,82.0,274,42.54,21,0,False
CB-1195,2024-08-12,78.0,196,42.54,21,0,False
CB-1195,2024-08-19,97.0,99,42.54,21,0,False
CB-1195,2024-08-26,82.0,445,42.54,21,0,False
CB-1195,2024-09-02,81.0,364,42.54,21,0,False
CB-1195,2024-09-09,75.0,289,42.54,21,0,False
CB-1195,2024-09-16,80.0,209,42.54,21,0,False
CB-1195,2024-09-23,89.0,120,42.54,21,0,False
CB-1195,2024-09-30,80.0,469,42.54,21,0,False
CB-1195,2024-10-07,86.0,383,42.54,21,0,False
CB-1195,2024-10-14,80.0,303,42.54,21,0,False
CB-1195,2024-10-21,74.0,229,42.54,21,0,False
CB-1195,2024-10-28,78.0,151,42.54,21,0,False
CB-1195,2024-11-04,77.0,502,42.54,21,0,False
CB-1195,2024-11-11,88.0,414,42.54,21,0,False
CB-1195,2024-11-18,98.0,316,42.54,21,0,False
CB-1195,2024-11-25,93.0,223,42.54,21,0,False
CB-1195,2024-12-02,92.0,131,42.54,21,0,False
CB-1195,2024-12-09,92.0,467,42.54,21,0,False
CB-1195,2024-12-16,104.0,363,42.54,21,0,False
CB-1195,2024-12-23,94.0,269,42.54,21,0,False
CB-1195,2024-12-30,98.0,171,42.54,21,0,False
CB-1195,2025-01-06,119.0,52,42.54,21,0,False
CB-1195,2025-01-13,112.0,369,42.54,21,0,False
CB-1195,2025-01-20,115.0,254,42.54,21,0,False
CB-1195,2025-01-27,120.0,134,42.54,21,0,False
CB-1195,2025-02-03,132.0,2,42.54,21,0,False
CB-1195,2025-02-10,129.0,301,42.54,21,0,False
CB-1195,2025-02-17,122.0,179,42.54,21,0,False
CB-1195,2025-02-24,125.0,54,42.54,21,0,False
CB-1195,2025-03-03,132.0,351,42.54,21,0,False
CB-1195,2025-03-10,139.0,212,42.54,21,0,False
CB-1195,2025-03-17,137.0,75,42.54,21,0,False
CB-1195,2025-03-24,137.0,0,42.54,21,1,False
CB-1195,2025-03-31,139.0,289,42.54,21,0,False
CB-1195,2025-04-07,138.0,151,42.54,21,0,False
CB-1195,2025-04-14,130.0,21,42.54,21,0,False
CB-1195,2025-04-21,150.0,300,42.54,21,0,False
CB-1195,2025-04-28,131.0,169,42.54,21,0,False
CB-1195,2025-05-05,137.0,32,42.54,21,0,False
CB-1195,2025-05-12,111.0,349,42.54,21,0,False
CB-1195,2025-05-19,129.0,220,42.54,21,0,False
CB-1195,2025-05-26,118.0,102,42.54,21,0,False
CB-1195,2025-06-02,116.0,0,42.54,21,1,False
CB-1195,2025-06-09,147.0,281,42.54,21,0,False
CB-1195,2025-06-16,123.0,158,42.54,21,0,False
CB-1195,2025-06-23,129.0,29,42.54,21,0,False
CB-1195,2025-06-30,122.0,336,42.54,21,0,False
CB-1195,2025-07-07,120.0,216,42.54,21,0,False
CB-1195,2025-07-14,106.0,110,42.54,21,0,False
CB-1195,2025-07-21,118.0,420,42.54,21,0,False
CB-1195,2025-07-28,109.0,311,42.54,21,0,False
CB-1195,2025-08-04,99.0,212,42.54,21,0,False
CB-1195,2025-08-11,98.0,114,42.54,21,0,False
CB-1195,2025-08-18,93.0,450,42.54,21,0,False
CB-1195,2025-08-25,93.0,357,42.54,21,0,False
CB-1195,2025-09-01,90.0,267,42.54,21,0,False
CB-1195,2025-09-08,92.0,175,42.54,21,0,False
CB-1195,2025-09-15,101.0,74,42.54,21,0,False
CB-1195,2025-09-22,79.0,423,42.54,21,0,False
CB-1195,2025-09-29,96.0,327,42.54,21,0,False
CB-1195,2025-10-06,86.0,241,42.54,21,0,False
CB-1195,2025-10-13,98.0,143,42.54,21,0,False
CB-1195,2025-10-20,88.0,484,42.54,21,0,False
CB-1195,2025-10-27,95.0,389,42.54,21,0,False
CB-1195,2025-11-03,93.0,296,42.54,21,0,False
CB-1195,2025-11-10,83.0,213,42.54,21,0,False
CB-1195,2025-11-17,113.0,100,42.54,21,0,False
CB-1195,2025-11-24,95.0,433,42.54,21,0,False
CB-1195,2025-12-01,106.0,327,42.54,21,0,False
CB-1195,2025-12-08,100.0,227,42.54,21,0,False
CB-1195,2025-12-15,101.0,126,42.54,21,0,False
CB-1195,2025-12-22,115.0,439,42.54,21,0,False
CB-1196,2024-01-01,76.0,103,102.92,21,0,False
CB-1196,2024-01-08,38.0,65,102.92,21,0,False
CB-1196,2024-01-15,86.0,0,102.92,21,1,False
CB-1196,2024-01-22,81.0,266,102.92,21,0,False
CB-1196,2024-01-29,12.0,254,102.92,21,0,False
CB-1196,2024-02-05,73.0,181,102.92,21,0,False
CB-1196,2024-02-12,107.0,421,102.92,21,0,False
CB-1196,2024-02-19,59.0,362,102.92,21,0,False
CB-1196,2024-02-26,112.0,250,102.92,21,0,False
CB-1196,2024-03-04,111.0,139,102.92,21,0,False
CB-1196,2024-03-11,63.0,76,102.92,21,0,False
CB-1196,2024-03-18,98.0,325,102.92,21,0,False
CB-1196,2024-03-25,128.0,197,102.92,21,0,False
CB-1196,2024-04-01,69.0,128,102.92,21,0,False
CB-1196,2024-04-08,93.0,35,102.92,21,0,False
CB-1196,2024-04-15,140.0,242,102.92,21,0,False
CB-1196,2024-04-22,70.0,172,102.92,21,0,False
CB-1196,2024-04-29,114.0,58,102.92,21,0,False
CB-1196,2024-05-06,61.0,344,102.92,21,0,False
CB-1196,2024-05-13,91.0,253,102.92,21,0,False
CB-1196,2024-05-20,110.0,143,102.92,21,0,False
CB-1196,2024-05-27,15.0,128,102.92,21,0,False
CB-1196,2024-06-03,74.0,401,102.92,21,0,False
CB-1196,2024-06-10,103.0,298,102.92,21,0,False
CB-1196,2024-06-17,94.0,204,102.92,21,0,False
CB-1196,2024-06-24,69.0,135,102.92,21,0,False
CB-1196,2024-07-01,51.0,84,102.92,21,0,False
CB-1196,2024-07-08,98.0,333,102.92,21,0,False
CB-1196,2024-07-15,69.0,264,102.92,21,0,False
CB-1196,2024-07-22,90.0,174,102.92,21,0,False
CB-1196,2024-07-29,83.0,91,102.92,21,0,False
CB-1196,2024-08-05,60.0,378,102.92,21,0,False
CB-1196,2024-08-12,96.0,282,102.92,21,0,False
CB-1196,2024-08-19,54.0,228,102.92,21,0,False
CB-1196,2024-08-26,95.0,133,102.92,21,0,False
CB-1196,2024-09-02,96.0,384,102.92,21,0,False
CB-1196,2024-09-09,88.0,296,102.92,21,0,False
CB-1196,2024-09-16,60.0,236,102.92,21,0,False
CB-1196,2024-09-23,121.0,115,102.92,21,0,False
CB-1196,2024-09-30,67.0,48,102.92,21,0,False
CB-1196,2024-10-07,69.0,326,102.92,21,0,False
CB-1196,2024-10-14,64.0,262,102.92,21,0,False
CB-1196,2024-10-21,40.0,222,102.92,21,0,False
CB-1196,2024-10-28,97.0,125,102.92,21,0,False
CB-1196,2024-11-04,55.0,417,102.92,21,0,False
CB-1196,2024-11-11,93.0,324,102.92,21,0,False
CB-1196,2024-11-18,101.0,223,102.92,21,0,False
CB-1196,2024-11-25,90.0,133,102.92,21,0,False
CB-1196,2024-12-02,58.0,75,102.92,21,0,False
CB-1196,2024-12-09,70.0,352,102.92,21,0,False
CB-1196,2024-12-16,5.0,347,102.92,21,0,False
CB-1196,2024-12-23,81.0,266,102.92,21,0,False
CB-1196,2024-12-30,112.0,154,102.92,21,0,False
CB-1196,2025-01-06,83.0,71,102.92,21,0,False
CB-1196,2025-01-13,74.0,344,102.92,21,0,False
CB-1196,2025-01-20,86.0,258,102.92,21,0,False
CB-1196,2025-01-27,140.0,118,102.92,21,0,False
CB-1196,2025-02-03,99.0,19,102.92,21,0,False
CB-1196,2025-02-10,171.0,195,102.92,21,0,False
CB-1196,2025-02-17,84.0,111,102.92,21,0,False
CB-1196,2025-02-24,116.0,0,102.92,21,1,False
CB-1196,2025-03-03,92.0,255,102.92,21,0,False
CB-1196,2025-03-10,190.0,65,102.92,21,0,False
CB-1196,2025-03-17,118.0,0,102.92,21,1,False
CB-1196,2025-03-24,196.0,151,102.92,21,0,False
CB-1196,2025-03-31,96.0,55,102.92,21,0,False
CB-1196,2025-04-07,173.0,0,102.92,21,1,False
CB-1196,2025-04-14,117.0,230,102.92,21,0,False
CB-1196,2025-04-21,144.0,86,102.92,21,0,False
CB-1196,2025-04-28,64.0,22,102.92,21,0,False
CB-1196,2025-05-05,123.0,246,102.92,21,0,False
CB-1196,2025-05-12,68.0,178,102.92,21,0,False
CB-1196,2025-05-19,116.0,62,102.92,21,0,False
CB-1196,2025-05-26,49.0,360,102.92,21,0,False
CB-1196,2025-06-02,99.0,261,102.92,21,0,False
CB-1196,2025-06-09,138.0,123,102.92,21,0,False
CB-1196,2025-06-16,116.0,7,102.92,21,0,False
CB-1196,2025-06-23,54.0,300,102.92,21,0,False
CB-1196,2025-06-30,31.0,269,102.92,21,0,False
CB-1196,2025-07-07,106.0,163,102.92,21,0,False
CB-1196,2025-07-14,136.0,27,102.92,21,0,False
CB-1196,2025-07-21,56.0,318,102.92,21,0,False
CB-1196,2025-07-28,143.0,175,102.92,21,0,False
CB-1196,2025-08-04,80.0,95,102.92,21,0,False
CB-1196,2025-08-11,25.0,70,102.92,21,0,False
CB-1196,2025-08-18,35.0,382,102.92,21,0,False
CB-1196,2025-08-25,95.0,287,102.92,21,0,False
CB-1196,2025-09-01,77.0,210,102.92,21,0,False
CB-1196,2025-09-08,110.0,100,102.92,21,0,False
CB-1196,2025-09-15,42.0,405,102.92,21,0,False
CB-1196,2025-09-22,74.0,331,102.92,21,0,False
CB-1196,2025-09-29,71.0,260,102.92,21,0,False
CB-1196,2025-10-06,68.0,192,102.92,21,0,False
CB-1196,2025-10-13,63.0,129,102.92,21,0,False
CB-1196,2025-10-20,64.0,412,102.92,21,0,False
CB-1196,2025-10-27,79.0,333,102.92,21,0,False
CB-1196,2025-11-03,84.0,249,102.92,21,0,False
CB-1196,2025-11-10,85.0,164,102.92,21,0,False
CB-1196,2025-11-17,114.0,50,102.92,21,0,False
CB-1196,2025-11-24,48.0,349,102.92,21,0,False
CB-1196,2025-12-01,31.0,318,102.92,21,0,False
CB-1196,2025-12-08,120.0,198,102.92,21,0,False
CB-1196,2025-12-15,61.0,137,102.92,21,0,False
CB-1196,2025-12-22,82.0,55,102.92,21,0,False
CB-1197,2024-01-01,23.0,176,118.31,28,0,False
CB-1197,2024-01-08,39.0,137,118.31,28,0,False
CB-1197,2024-01-15,61.0,76,118.31,28,0,False
CB-1197,2024-01-22,51.0,25,118.31,28,0,False
CB-1197,2024-01-29,62.0,172,118.31,28,0,False
CB-1197,2024-02-05,45.0,127,118.31,28,0,False
CB-1197,2024-02-12,73.0,54,118.31,28,0,False
CB-1197,2024-02-19,46.0,8,118.31,28,0,False
CB-1197,2024-02-26,15.0,202,118.31,28,0,False
CB-1197,2024-03-04,65.0,137,118.31,28,0,False
CB-1197,2024-03-11,75.0,62,118.31,28,0,False
CB-1197,2024-03-18,48.0,223,118.31,28,0,False
CB-1197,2024-03-25,85.0,138,118.31,28,0,False
CB-1197,2024-04-01,42.0,96,118.31,28,0,False
CB-1197,2024-04-08,75.0,21,118.31,28,0,False
CB-1197,2024-04-15,97.0,134,118.31,28,0,False
CB-1197,2024-04-22,61.0,73,118.31,28,0,False
CB-1197,2024-04-29,55.0,18,118.31,28,0,False
CB-1197,2024-05-06,57.0,0,118.31,28,1,False
CB-1197,2024-05-13,91.0,118,118.31,28,0,False
CB-1197,2024-05-20,65.0,53,118.31,28,0,False
CB-1197,2024-05-27,98.0,164,118.31,28,0,False
CB-1197,2024-06-03,60.0,104,118.31,28,0,False
CB-1197,2024-06-10,42.0,62,118.31,28,0,False
CB-1197,2024-06-17,42.0,20,118.31,28,0,False
CB-1197,2024-06-24,52.0,178,118.31,28,0,False
CB-1197,2024-07-01,14.0,164,118.31,28,0,False
CB-1197,2024-07-08,40.0,124,118.31,28,0,False
CB-1197,2024-07-15,40.0,84,118.31,28,0,False
CB-1197,2024-07-22,50.0,243,118.31,28,0,False
CB-1197,2024-07-29,75.0,168,118.31,28,0,False
CB-1197,2024-08-05,44.0,124,118.31,28,0,False
CB-1197,2024-08-12,14.0,110,118.31,28,0,False
CB-1197,2024-08-19,28.0,82,118.31,28,0,False
CB-1197,2024-08-26,44.0,247,118.31,28,0,False
CB-1197,2024-09-02,41.0,206,118.31,28,0,False
CB-1197,2024-09-09,61.0,145,118.31,28,0,False
CB-1197,2024-09-16,52.0,93,118.31,28,0,False
CB-1197,2024-09-23,51.0,42,118.31,28,0,False
CB-1197,2024-09-30,36.0,215,118.31,28,0,False
CB-1197,2024-10-07,54.0,161,118.31,28,0,False
CB-1197,2024-10-14,27.0,134,118.31,28,0,False
CB-1197,2024-10-21,53.0,81,118.31,28,0,False
CB-1197,2024-10-28,36.0,254,118.31,28,0,False
CB-1197,2024-11-04,20.0,234,118.31,28,0,False
CB-1197,2024-11-11,51.0,183,118.31,28,0,False
CB-1197,2024-11-18,65.0,118,118.31,28,0,False
CB-1197,2024-11-25,38.0,80,118.31,28,0,False
CB-1197,2024-12-02,72.0,8,118.31,28,0,False
CB-1197,2024-12-09,20.0,198,118.31,28,0,False
CB-1197,2024-12-16,29.0,169,118.31,28,0,False
CB-1197,2024-12-23,49.0,120,118.31,28,0,False
CB-1197,2024-12-30,46.0,283,118.31,28,0,False
CB-1197,2025-01-06,42.0,241,118.31,28,0,False
CB-1197,2025-01-13,59.0,182,118.31,28,0,False
CB-1197,2025-01-20,47.0,135,118.31,28,0,False
CB-1197,2025-01-27,52.0,83,118.31,28,0,False
CB-1197,2025-02-03,67.0,16,118.31,28,0,False
CB-1197,2025-02-10,48.0,177,118.31,28,0,False
CB-1197,2025-02-17,61.0,116,118.31,28,0,False
CB-1197,2025-02-24,50.0,66,118.31,28,0,False
CB-1197,2025-03-03,38.0,237,118.31,28,0,False
CB-1197,2025-03-10,84.0,153,118.31,28,0,False
CB-1197,2025-03-17,108.0,45,118.31,28,0,False
CB-1197,2025-03-24,93.0,0,118.31,28,1,False
CB-1197,2025-03-31,76.0,0,118.31,28,1,False
CB-1197,2025-04-07,53.0,156,118.31,28,0,False
CB-1197,2025-04-14,61.0,95,118.31,28,0,False
CB-1197,2025-04-21,93.0,211,118.31,28,0,False
CB-1197,2025-04-28,13.0,198,118.31,28,0,False
CB-1197,2025-05-05,58.0,140,118.31,28,0,False
CB-1197,2025-05-12,82.0,58,118.31,28,0,False
CB-1197,2025-05-19,39.0,229,118.31,28,0,False
CB-1197,2025-05-26,73.0,156,118.31,28,0,False
CB-1197,2025-06-02,70.0,86,118.31,28,0,False
CB-1197,2025-06-09,30.0,56,118.31,28,0,False
CB-1197,2025-06-16,61.0,0,118.31,28,1,False
CB-1197,2025-06-23,45.0,164,118.31,28,0,False
CB-1197,2025-06-30,64.0,100,118.31,28,0,False
CB-1197,2025-07-07,67.0,33,118.31,28,0,False
CB-1197,2025-07-14,60.0,182,118.31,28,0,False
CB-1197,2025-07-21,53.0,129,118.31,28,0,False
CB-1197,2025-07-28,55.0,74,118.31,28,0,False
CB-1197,2025-08-04,29.0,45,118.31,28,0,False
CB-1197,2025-08-11,47.0,208,118.31,28,0,False
CB-1197,2025-08-18,33.0,175,118.31,28,0,False
CB-1197,2025-08-25,61.0,114,118.31,28,0,False
CB-1197,2025-09-01,55.0,59,118.31,28,0,False
CB-1197,2025-09-08,54.0,214,118.31,28,0,False
CB-1197,2025-09-15,69.0,145,118.31,28,0,False
CB-1197,2025-09-22,38.0,107,118.31,28,0,False
CB-1197,2025-09-29,35.0,72,118.31,28,0,False
CB-1197,2025-10-06,38.0,243,118.31,28,0,False
CB-1197,2025-10-13,19.0,224,118.31,28,0,False
CB-1197,2025-10-20,21.0,203,118.31,28,0,False
CB-1197,2025-10-27,55.0,148,118.31,28,0,False
CB-1197,2025-11-03,24.0,124,118.31,28,0,False
CB-1197,2025-11-10,29.0,304,118.31,28,0,False
CB-1197,2025-11-17,47.0,257,118.31,28,0,False
CB-1197,2025-11-24,43.0,214,118.31,28,0,False
CB-1197,2025-12-01,68.0,146,118.31,28,0,False
CB-1197,2025-12-08,55.0,91,118.31,28,0,False
CB-1197,2025-12-15,40.0,51,118.31,28,0,False
CB-1197,2025-12-22,76.0,184,118.31,28,0,False
CB-1198,2024-01-01,111.0,257,142.27,28,0,False
CB-1198,2024-01-08,106.0,151,142.27,28,0,False
CB-1198,2024-01-15,109.0,42,142.27,28,0,False
CB-1198,2024-01-22,137.0,0,142.27,28,1,False
CB-1198,2024-01-29,124.0,367,142.27,28,0,False
CB-1198,2024-02-05,123.0,244,142.27,28,0,False
CB-1198,2024-02-12,129.0,115,142.27,28,0,False
CB-1198,2024-02-19,140.0,467,142.27,28,0,False
CB-1198,2024-02-26,126.0,341,142.27,28,0,False
CB-1198,2024-03-04,130.0,211,142.27,28,0,False
CB-1198,2024-03-11,144.0,67,142.27,28,0,False
CB-1198,2024-03-18,122.0,436,142.27,28,0,False
CB-1198,2024-03-25,151.0,285,142.27,28,0,False
CB-1198,2024-04-01,122.0,163,142.27,28,0,False
CB-1198,2024-04-08,137.0,26,142.27,28,0,False
CB-1198,2024-04-15,122.0,396,142.27,28,0,False
CB-1198,2024-04-22,127.0,269,142.27,28,0,False
CB-1198,2024-04-29,153.0,116,142.27,28,0,False
CB-1198,2024-05-06,148.0,0,142.27,28,1,False
CB-1198,2024-05-13,147.0,344,142.27,28,0,False
CB-1198,2024-05-20,117.0,227,142.27,28,0,False
CB-1198,2024-05-27,119.0,108,142.27,28,0,False
CB-1198,2024-06-03,131.0,469,142.27,28,0,False
CB-1198,2024-06-10,132.0,337,142.27,28,0,False
CB-1198,2024-06-17,114.0,223,142.27,28,0,False
CB-1198,2024-06-24,113.0,110,142.27,28,0,False
CB-1198,2024-07-01,105.0,496,142.27,28,0,False
CB-1198,2024-07-08,127.0,369,142.27,28,0,False
CB-1198,2024-07-15,105.0,264,142.27,28,0,False
CB-1198,2024-07-22,106.0,158,142.27,28,0,False
CB-1198,2024-07-29,104.0,546,142.27,28,0,False
CB-1198,2024-08-05,109.0,437,142.27,28,0,False
CB-1198,2024-08-12,90.0,347,142.27,28,0,False
CB-1198,2024-08-19,104.0,243,142.27,28,0,False
CB-1198,2024-08-26,84.0,159,142.27,28,0,False
CB-1198,2024-09-02,100.0,550,142.27,28,0,False
CB-1198,2024-09-09,78.0,472,142.27,28,0,False
CB-1198,2024-09-16,89.0,383,142.27,28,0,False
CB-1198,2024-09-23,101.0,282,142.27,28,0,False
CB-1198,2024-09-30,94.0,188,142.27,28,0,False
CB-1198,2024-10-07,93.0,587,142.27,28,0,False
CB-1198,2024-10-14,83.0,504,142.27,28,0,False
CB-1198,2024-10-21,86.0,418,142.27,28,0,False
CB-1198,2024-10-28,104.0,314,142.27,28,0,False
CB-1198,2024-11-04,99.0,215,142.27,28,0,False
CB-1198,2024-11-11,105.0,601,142.27,28,0,False
CB-1198,2024-11-18,102.0,499,142.27,28,0,False
CB-1198,2024-11-25,102.0,397,142.27,28,0,False
CB-1198,2024-12-02,114.0,283,142.27,28,0,False
CB-1198,2024-12-09,113.0,170,142.27,28,0,False
CB-1198,2024-12-16,113.0,548,142.27,28,0,False
CB-1198,2024-12-23,105.0,443,142.27,28,0,False
CB-1198,2024-12-30,132.0,311,142.27,28,0,False
CB-1198,2025-01-06,131.0,180,142.27,28,0,False
CB-1198,2025-01-13,124.0,56,142.27,28,0,False
CB-1198,2025-01-20,147.0,401,142.27,28,0,False
CB-1198,2025-01-27,141.0,260,142.27,28,0,False
CB-1198,2025-02-03,145.0,115,142.27,28,0,False
CB-1198,2025-02-10,155.0,0,142.27,28,1,False
CB-1198,2025-02-17,156.0,335,142.27,28,0,False
CB-1198,2025-02-24,154.0,181,142.27,28,0,False
CB-1198,2025-03-03,150.0,31,142.27,28,0,False
CB-1198,2025-03-10,179.0,344,142.27,28,0,False
CB-1198,2025-03-17,147.0,197,142.27,28,0,False
CB-1198,2025-03-24,167.0,30,142.27,28,0,False
CB-1198,2025-03-31,157.0,0,142.27,28,1,False
CB-1198,2025-04-07,164.0,327,142.27,28,0,False
CB-1198,2025-04-14,173.0,154,142.27,28,0,False
CB-1198,2025-04-21,153.0,1,142.27,28,0,False
CB-1198,2025-04-28,163.0,330,142.27,28,0,False
CB-1198,2025-05-05,157.0,173,142.27,28,0,False
CB-1198,2025-05-12,144.0,29,142.27,28,0,False
CB-1198,2025-05-19,164.0,356,142.27,28,0,False
CB-1198,2025-05-26,155.0,201,142.27,28,0,False
CB-1198,2025-06-02,139.0,62,142.27,28,0,False
CB-1198,2025-06-09,153.0,0,142.27,28,1,False
CB-1198,2025-06-16,128.0,363,142.27,28,0,False
CB-1198,2025-06-23,133.0,230,142.27,28,0,False
CB-1198,2025-06-30,125.0,105,142.27,28,0,False
CB-1198,2025-07-07,134.0,463,142.27,28,0,False
CB-1198,2025-07-14,118.0,345,142.27,28,0,False
CB-1198,2025-07-21,126.0,219,142.27,28,0,False
CB-1198,2025-07-28,121.0,98,142.27,28,0,False
CB-1198,2025-08-04,109.0,480,142.27,28,0,False
CB-1198,2025-08-11,126.0,354,142.27,28,0,False
CB-1198,2025-08-18,101.0,253,142.27,28,0,False
CB-1198,2025-08-25,93.0,160,142.27,28,0,False
CB-1198,2025-09-01,110.0,542,142.27,28,0,False
CB-1198,2025-09-08,84.0,458,142.27,28,0,False
CB-1198,2025-09-15,112.0,346,142.27,28,0,False
CB-1198,2025-09-22,101.0,245,142.27,28,0,False
CB-1198,2025-09-29,89.0,156,142.27,28,0,False
CB-1198,2025-10-06,93.0,554,142.27,28,0,False
CB-1198,2025-10-13,88.0,466,142.27,28,0,False
CB-1198,2025-10-20,106.0,360,142.27,28,0,False
CB-1198,2025-10-27,93.0,267,142.27,28,0,False
CB-1198,2025-11-03,111.0,156,142.27,28,0,False
CB-1198,2025-11-10,107.0,541,142.27,28,0,False
CB-1198,2025-11-17,108.0,433,142.27,28,0,False
CB-1198,2025-11-24,121.0,312,142.27,28,0,False
CB-1198,2025-12-01,126.0,186,142.27,28,0,False
CB-1198,2025-12-08,135.0,51,142.27,28,0,False
CB-1198,2025-12-15,122.0,420,142.27,28,0,False
CB-1198,2025-12-22,132.0,288,142.27,28,0,False
CB-1199,2024-01-01,15.0,75,113.62,14,0,False
CB-1199,2024-01-08,19.0,56,113.62,14,0,False
CB-1199,2024-01-15,19.0,37,113.62,14,0,False
CB-1199,2024-01-22,26.0,107,113.62,14,0,False
CB-1199,2024-01-29,24.0,83,113.62,14,0,False
CB-1199,2024-02-05,29.0,54,113.62,14,0,False
CB-1199,2024-02-12,24.0,30,113.62,14,0,False
CB-1199,2024-02-19,20.0,106,113.62,14,0,False
CB-1199,2024-02-26,28.0,78,113.62,14,0,False
CB-1199,2024-03-04,18.0,60,113.62,14,0,False
CB-1199,2024-03-11,32.0,28,113.62,14,0,False
CB-1199,2024-03-18,24.0,4,113.62,14,0,False
CB-1199,2024-03-25,29.0,71,113.62,14,0,False
CB-1199,2024-04-01,29.0,42,113.62,14,0,False
CB-1199,2024-04-08,43.0,0,113.62,14,1,False
CB-1199,2024-04-15,31.0,65,113.62,14,0,False
CB-1199,2024-04-22,28.0,37,113.62,14,0,False
CB-1199,2024-04-29,20.0,17,113.62,14,0,False
CB-1199,2024-05-06,34.0,79,113.62,14,0,False
CB-1199,2024-05-13,24.0,55,113.62,14,0,False
CB-1199,2024-05-20,12.0,43,113.62,14,0,False
CB-1199,2024-05-27,24.0,115,113.62,14,0,False
CB-1199,2024-06-03,27.0,88,113.62,14,0,False
CB-1199,2024-06-10,17.0,71,113.62,14,0,False
CB-1199,2024-06-17,23.0,48,113.62,14,0,False
CB-1199,2024-06-24,23.0,25,113.62,14,0,False
CB-1199,2024-07-01,22.0,99,113.62,14,0,False
CB-1199,2024-07-08,31.0,68,113.62,14,0,False
CB-1199,2024-07-15,11.0,57,113.62,14,0,False
CB-1199,2024-07-22,35.0,22,113.62,14,0,False
CB-1199,2024-07-29,20.0,98,113.62,14,0,False
CB-1199,2024-08-05,23.0,75,113.62,14,0,False
CB-1199,2024-08-12,20.0,55,113.62,14,0,False
CB-1199,2024-08-19,7.0,48,113.62,14,0,False
CB-1199,2024-08-26,11.0,133,113.62,14,0,False
CB-1199,2024-09-02,15.0,118,113.62,14,0,False
CB-1199,2024-09-09,24.0,94,113.62,14,0,False
CB-1199,2024-09-16,9.0,85,113.62,14,0,False
CB-1199,2024-09-23,12.0,73,113.62,14,0,False
CB-1199,2024-09-30,18.0,55,113.62,14,0,False
CB-1199,2024-10-07,20.0,35,113.62,14,0,False
CB-1199,2024-10-14,20.0,111,113.62,14,0,False
CB-1199,2024-10-21,12.0,99,113.62,14,0,False
CB-1199,2024-10-28,8.0,91,113.62,14,0,False
CB-1199,2024-11-04,22.0,69,113.62,14,0,False
CB-1199,2024-11-11,29.0,40,113.62,14,0,False
CB-1199,2024-11-18,17.0,23,113.62,14,0,False
CB-1199,2024-11-25,12.0,107,113.62,14,0,False
CB-1199,2024-12-02,18.0,89,113.62,14,0,False
CB-1199,2024-12-09,25.0,64,113.62,14,0,False
CB-1199,2024-12-16,20.0,44,113.62,14,0,False
CB-1199,2024-12-23,34.0,10,113.62,14,0,False
CB-1199,2024-12-30,32.0,74,113.62,14,0,False
CB-1199,2025-01-06,26.0,48,113.62,14,0,False
CB-1199,2025-01-13,8.0,40,113.62,14,0,False
CB-1199,2025-01-20,20.0,116,113.62,14,0,False
CB-1199,2025-01-27,22.0,94,113.62,14,0,False
CB-1199,2025-02-03,20.0,74,113.62,14,0,False
CB-1199,2025-02-10,30.0,44,113.62,14,0,False
CB-1199,2025-02-17,31.0,13,113.62,14,0,False
CB-1199,2025-02-24,12.0,97,113.62,14,0,False
CB-1199,2025-03-03,38.0,59,113.62,14,0,False
CB-1199,2025-03-10,30.0,29,113.62,14,0,False
CB-1199,2025-03-17,34.0,0,113.62,14,1,False
CB-1199,2025-03-24,39.0,57,113.62,14,0,False
CB-1199,2025-03-31,22.0,35,113.62,14,0,False
CB-1199,2025-04-07,44.0,87,113.62,14,0,False
CB-1199,2025-04-14,29.0,58,113.62,14,0,False
CB-1199,2025-04-21,47.0,11,113.62,14,0,False
CB-1199,2025-04-28,21.0,0,113.62,14,1,False
CB-1199,2025-05-05,45.0,51,113.62,14,0,False
CB-1199,2025-05-12,20.0,31,113.62,14,0,False
CB-1199,2025-05-19,55.0,72,113.62,14,0,False
CB-1199,2025-05-26,19.0,53,113.62,14,0,False
CB-1199,2025-06-02,38.0,15,113.62,14,0,False
CB-1199,2025-06-09,24.0,87,113.62,14,0,False
CB-1199,2025-06-16,33.0,54,113.62,14,0,False
CB-1199,2025-06-23,26.0,28,113.62,14,0,False
CB-1199,2025-06-30,16.0,108,113.62,14,0,False
CB-1199,2025-07-07,1.0,107,113.62,14,0,False
CB-1199,2025-07-14,45.0,62,113.62,14,0,False
CB-1199,2025-07-21,24.0,38,113.62,14,0,False
CB-1199,2025-07-28,0.0,38,113.62,14,0,False
CB-1199,2025-08-04,24.0,110,113.62,14,0,False
CB-1199,2025-08-11,26.0,84,113.62,14,0,False
CB-1199,2025-08-18,16.0,68,113.62,14,0,False
CB-1199,2025-08-25,15.0,53,113.62,14,0,False
CB-1199,2025-09-01,20.0,33,113.62,14,0,False
CB-1199,2025-09-08,28.0,101,113.62,14,0,False
CB-1199,2025-09-15,20.0,81,113.62,14,0,False
CB-1199,2025-09-22,29.0,52,113.62,14,0,False
CB-1199,2025-09-29,27.0,25,113.62,14,0,False
CB-1199,2025-10-06,18.0,103,113.62,14,0,False
CB-1199,2025-10-13,9.0,94,113.62,14,0,False
CB-1199,2025-10-20,18.0,76,113.62,14,0,False
CB-1199,2025-10-27,24.0,52,113.62,14,0,False
CB-1199,2025-11-03,21.0,31,113.62,14,0,False
CB-1199,2025-11-10,26.0,101,113.62,14,0,False
CB-1199,2025-11-17,29.0,72,113.62,14,0,False
CB-1199,2025-11-24,27.0,45,113.62,14,0,False
CB-1199,2025-12-01,21.0,24,113.62,14,0,False
CB-1199,2025-12-08,28.0,92,113.62,14,0,False
CB-1199,2025-12-15,44.0,48,113.62,14,0,False
CB-1199,2025-12-22,12.0,36,113.62,14,0,False
CB-1200,2024-01-01,72.0,130,93.51,21,0,False
CB-1200,2024-01-08,89.0,41,93.51,21,0,False
CB-1200,2024-01-15,93.0,0,93.51,21,1,False
CB-1200,2024-01-22,77.0,282,93.51,21,0,False
CB-1200,2024-01-29,95.0,187,93.51,21,0,False
CB-1200,2024-02-05,90.0,97,93.51,21,0,False
CB-1200,2024-02-12,94.0,363,93.51,21,0,False
CB-1200,2024-02-19,94.0,269,93.51,21,0,False
CB-1200,2024-02-26,108.0,161,93.51,21,0,False
CB-1200,2024-03-04,99.0,62,93.51,21,0,False
CB-1200,2024-03-11,97.0,324,93.51,21,0,False
CB-1200,2024-03-18,98.0,226,93.51,21,0,False
CB-1200,2024-03-25,100.0,126,93.51,21,0,False
CB-1200,2024-04-01,94.0,32,93.51,21,0,False
CB-1200,2024-04-08,99.0,293,93.51,21,0,False
CB-1200,2024-04-15,104.0,189,93.51,21,0,False
CB-1200,2024-04-22,105.0,84,93.51,21,0,False
CB-1200,2024-04-29,111.0,0,93.51,21,1,False
CB-1200,2024-05-06,102.0,257,93.51,21,0,False
CB-1200,2024-05-13,95.0,162,93.51,21,0,False
CB-1200,2024-05-20,90.0,72,93.51,21,0,False
CB-1200,2024-05-27,98.0,334,93.51,21,0,False
CB-1200,2024-06-03,93.0,241,93.51,21,0,False
CB-1200,2024-06-10,91.0,150,93.51,21,0,False
CB-1200,2024-06-17,91.0,59,93.51,21,0,False
CB-1200,2024-06-24,91.0,327,93.51,21,0,False
CB-1200,2024-07-01,87.0,240,93.51,21,0,False
CB-1200,2024-07-08,81.0,159,93.51,21,0,False
CB-1200,2024-07-15,75.0,84,93.51,21,0,False
CB-1200,2024-07-22,74.0,370,93.51,21,0,False
CB-1200,2024-07-29,81.0,289,93.51,21,0,False
CB-1200,2024-08-05,71.0,218,93.51,21,0,False
CB-1200,2024-08-12,64.0,154,93.51,21,0,False
CB-1200,2024-08-19,77.0,77,93.51,21,0,False
CB-1200,2024-08-26,63.0,373,93.51,21,0,False
CB-1200,2024-09-02,68.0,305,93.51,21,0,False
CB-1200,2024-09-09,69.0,236,93.51,21,0,False
CB-1200,2024-09-16,66.0,170,93.51,21,0,False
CB-1200,2024-09-23,53.0,117,93.51,21,0,False
CB-1200,2024-09-30,68.0,409,93.51,21,0,False
CB-1200,2024-10-07,73.0,336,93.51,21,0,False
CB-1200,2024-10-14,71.0,265,93.51,21,0,False
CB-1200,2024-10-21,56.0,209,93.51,21,0,False
CB-1200,2024-10-28,80.0,129,93.51,21,0,False
CB-1200,2024-11-04,63.0,425,93.51,21,0,False
CB-1200,2024-11-11,66.0,359,93.51,21,0,False
CB-1200,2024-11-18,79.0,280,93.51,21,0,False
CB-1200,2024-11-25,79.0,201,93.51,21,0,False
CB-1200,2024-12-02,79.0,122,93.51,21,0,False
CB-1200,2024-12-09,78.0,403,93.51,21,0,False
CB-1200,2024-12-16,93.0,310,93.51,21,0,False
CB-1200,2024-12-23,87.0,223,93.51,21,0,False
CB-1200,2024-12-30,79.0,144,93.51,21,0,False
CB-1200,2025-01-06,102.0,42,93.51,21,0,False
CB-1200,2025-01-13,97.0,305,93.51,21,0,False
CB-1200,2025-01-20,107.0,198,93.51,21,0,False
CB-1200,2025-01-27,106.0,92,93.51,21,0,False
CB-1200,2025-02-03,124.0,0,93.51,21,1,False
CB-1200,2025-02-10,104.0,255,93.51,21,0,False
CB-1200,2025-02-17,109.0,146,93.51,21,0,False
CB-1200,2025-02-24,117.0,29,93.51,21,0,False
CB-1200,2025-03-03,109.0,280,93.51,21,0,False
CB-1200,2025-03-10,121.0,159,93.51,21,0,False
CB-1200,2025-03-17,88.0,71,93.51,21,0,False
CB-1200,2025-03-24,115.0,315,93.51,21,0,False
CB-1200,2025-03-31,115.0,200,93.51,21,0,False
CB-1200,2025-04-07,114.0,86,93.51,21,0,False
CB-1200,2025-04-14,107.0,0,93.51,21,1,False
CB-1200,2025-04-21,123.0,236,93.51,21,0,False
CB-1200,2025-04-28,109.0,127,93.51,21,0,False
CB-1200,2025-05-05,115.0,12,93.51,21,0,False
CB-1200,2025-05-12,111.0,261,93.51,21,0,False
CB-1200,2025-05-19,114.0,147,93.51,21,0,False
CB-1200,2025-05-26,120.0,27,93.51,21,0,False
CB-1200,2025-06-02,107.0,279,93.51,21,0,False
CB-1200,2025-06-09,110.0,169,93.51,21,0,False
CB-1200,2025-06-16,102.0,67,93.51,21,0,False
CB-1200,2025-06-23,94.0,333,93.51,21,0,False
CB-1200,2025-06-30,94.0,239,93.51,21,0,False
CB-1200,2025-07-07,90.0,149,93.51,21,0,False
CB-1200,2025-07-14,94.0,55,93.51,21,0,False
CB-1200,2025-07-21,88.0,326,93.51,21,0,False
CB-1200,2025-07-28,79.0,247,93.51,21,0,False
CB-1200,2025-08-04,81.0,166,93.51,21,0,False
CB-1200,2025-08-11,71.0,95,93.51,21,0,False
CB-1200,2025-08-18,77.0,378,93.51,21,0,False
CB-1200,2025-08-25,77.0,301,93.51,21,0,False
CB-1200,2025-09-01,86.0,215,93.51,21,0,False
CB-1200,2025-09-08,82.0,133,93.51,21,0,False
CB-1200,2025-09-15,68.0,65,93.51,21,0,False
CB-1200,2025-09-22,75.0,349,93.51,21,0,False
CB-1200,2025-09-29,75.0,274,93.51,21,0,False
CB-1200,2025-10-06,72.0,202,93.51,21,0,False
CB-1200,2025-10-13,73.0,129,93.51,21,0,False
CB-1200,2025-10-20,73.0,415,93.51,21,0,False
CB-1200,2025-10-27,88.0,327,93.51,21,0,False
CB-1200,2025-11-03,76.0,251,93.51,21,0,False
CB-1200,2025-11-10,83.0,168,93.51,21,0,False
CB-1200,2025-11-17,66.0,102,93.51,21,0,False
CB-1200,2025-11-24,91.0,371,93.51,21,0,False
CB-1200,2025-12-01,96.0,275,93.51,21,0,False
CB-1200,2025-12-08,83.0,192,93.51,21,0,False
CB-1200,2025-12-15,90.0,102,93.51,21,0,False
CB-1200,2025-12-22,101.0,360,93.51,21,0,False
