sku_id,week_start_date,future_4wk_avg_demand
CB-1001,2024-01-01,0.0
CB-1001,2024-01-08,0.0
CB-1001,2024-01-15,0.0
CB-1001,2024-01-22,0.0
CB-1001,2024-01-29,0.0
CB-1001,2024-02-05,0.0
CB-1001,2024-02-12,0.0
CB-1001,2024-02-19,2.2
CB-1001,2024-02-26,2.2
CB-1001,2024-03-04,7.2
CB-1001,2024-03-11,7.2
CB-1001,2024-03-18,10.5
CB-1001,2024-03-25,10.5
CB-1001,2024-04-01,18.0
CB-1001,2024-04-08,18.0
CB-1001,2024-04-15,12.5
CB-1001,2024-04-22,22.0
CB-1001,2024-04-29,15.8
CB-1001,2024-05-06,15.8
CB-1001,2024-05-13,15.8
CB-1001,2024-05-20,6.2
CB-1001,2024-05-27,0.0
CB-1001,2024-06-03,0.0
CB-1001,2024-06-10,0.0
CB-1001,2024-06-17,0.0
CB-1001,2024-06-24,0.0
CB-1001,2024-07-01,4.0
CB-1001,2024-07-08,4.0
CB-1001,2024-07-15,7.5
CB-1001,2024-07-22,7.5
CB-1001,2024-07-29,3.5
CB-1001,2024-08-05,3.5
CB-1001,2024-08-12,0.0
CB-1001,2024-08-19,0.0
CB-1001,2024-08-26,7.5
CB-1001,2024-09-02,7.5
CB-1001,2024-09-09,19.2
CB-1001,2024-09-16,19.2
CB-1001,2024-09-23,11.8
CB-1001,2024-09-30,15.5
CB-1001,2024-10-07,3.8
CB-1001,2024-10-14,8.2
CB-1001,2024-10-21,16.2
CB-1001,2024-10-28,12.5
CB-1001,2024-11-04,12.5
CB-1001,2024-11-11,12.5
CB-1001,2024-11-18,4.5
CB-1001,2024-11-25,4.5
CB-1001,2024-12-02,4.5
CB-1001,2024-12-09,0.0
CB-1001,2024-12-16,0.0
CB-1001,2024-12-23,6.2
CB-1001,2024-12-30,6.2
CB-1001,2025-01-06,6.2
CB-1001,2025-01-13,6.2
CB-1001,2025-01-20,0.0
CB-1001,2025-01-27,0.0
CB-1001,2025-02-03,0.0
CB-1001,2025-02-10,0.0
CB-1001,2025-02-17,0.0
CB-1001,2025-02-24,0.0
CB-1001,2025-03-03,0.0
CB-1001,2025-03-10,0.0
CB-1001,2025-03-17,0.0
CB-1001,2025-03-24,0.0
CB-1001,2025-03-31,6.8
CB-1001,2025-04-07,6.8
CB-1001,2025-04-14,6.8
CB-1001,2025-04-21,12.8
CB-1001,2025-04-28,7.5
CB-1001,2025-05-05,7.5
CB-1001,2025-05-12,7.5
CB-1001,2025-05-19,1.5
CB-1001,2025-05-26,0.0
CB-1001,2025-06-02,5.0
CB-1001,2025-06-09,5.0
CB-1001,2025-06-16,5.0
CB-1001,2025-06-23,5.0
CB-1001,2025-06-30,0.0
CB-1001,2025-07-07,0.0
CB-1001,2025-07-14,0.0
CB-1001,2025-07-21,0.0
CB-1001,2025-07-28,0.0
CB-1001,2025-08-04,0.0
CB-1001,2025-08-11,0.0
CB-1001,2025-08-18,0.0
CB-1001,2025-08-25,11.2
CB-1001,2025-09-01,11.2
CB-1001,2025-09-08,11.2
CB-1001,2025-09-15,11.2
CB-1001,2025-09-22,0.0
CB-1001,2025-09-29,0.0
CB-1001,2025-10-06,11.2
CB-1001,2025-10-13,11.2
CB-1001,2025-10-20,11.2
CB-1001,2025-10-27,13.0
CB-1001,2025-11-03,1.8
CB-1001,2025-11-10,1.8
CB-1001,2025-11-17,1.8
CB-1001,2025-11-24,0.0
CB-1001,2025-12-01,0.0
CB-1001,2025-12-08,0.0
CB-1001,2025-12-15,0.0
CB-1001,2025-12-22,0.0
CB-1002,2024-01-01,66.0
CB-1002,2024-01-08,69.0
CB-1002,2024-01-15,68.7
CB-1002,2024-01-22,57.8
CB-1002,2024-01-29,59.5
CB-1002,2024-02-05,51.5
CB-1002,2024-02-12,52.0
CB-1002,2024-02-19,54.0
CB-1002,2024-02-26,55.0
CB-1002,2024-03-04,57.0
CB-1002,2024-03-11,49.0
CB-1002,2024-03-18,62.2
CB-1002,2024-03-25,61.8
CB-1002,2024-04-01,63.2
CB-1002,2024-04-08,79.8
CB-1002,2024-04-15,72.8
CB-1002,2024-04-22,71.2
CB-1002,2024-04-29,76.2
CB-1002,2024-05-06,63.2
CB-1002,2024-05-13,67.8
CB-1002,2024-05-20,63.5
CB-1002,2024-05-27,58.5
CB-1002,2024-06-03,68.2
CB-1002,2024-06-10,58.8
CB-1002,2024-06-17,48.0
CB-1002,2024-06-24,56.8
CB-1002,2024-07-01,60.0
CB-1002,2024-07-08,62.0
CB-1002,2024-07-15,64.0
CB-1002,2024-07-22,53.0
CB-1002,2024-07-29,38.0
CB-1002,2024-08-05,37.8
CB-1002,2024-08-12,40.8
CB-1002,2024-08-19,43.2
CB-1002,2024-08-26,45.5
CB-1002,2024-09-02,39.5
CB-1002,2024-09-09,46.0
CB-1002,2024-09-16,51.0
CB-1002,2024-09-23,49.5
CB-1002,2024-09-30,54.0
CB-1002,2024-10-07,50.8
CB-1002,2024-10-14,45.8
CB-1002,2024-10-21,38.5
CB-1002,2024-10-28,41.2
CB-1002,2024-11-04,41.2
CB-1002,2024-11-11,48.0
CB-1002,2024-11-18,55.5
CB-1002,2024-11-25,64.0
CB-1002,2024-12-02,61.8
CB-1002,2024-12-09,58.2
CB-1002,2024-12-16,62.5
CB-1002,2024-12-23,52.0
CB-1002,2024-12-30,60.2
CB-1002,2025-01-06,66.0
CB-1002,2025-01-13,64.5
CB-1002,2025-01-20,61.0
CB-1002,2025-01-27,61.8
CB-1002,2025-02-03,51.2
CB-1002,2025-02-10,52.5
CB-1002,2025-02-17,63.5
CB-1002,2025-02-24,53.8
CB-1002,2025-03-03,49.8
CB-1002,2025-03-10,56.2
CB-1002,2025-03-17,54.0
CB-1002,2025-03-24,48.5
CB-1002,2025-03-31,65.0
CB-1002,2025-04-07,63.8
CB-1002,2025-04-14,62.5
CB-1002,2025-04-21,70.8
CB-1002,2025-04-28,70.5
CB-1002,2025-05-05,70.2
CB-1002,2025-05-12,89.5
CB-1002,2025-05-19,100.0
CB-1002,2025-05-26,95.5
CB-1002,2025-06-02,90.8
CB-1002,2025-06-09,78.5
CB-1002,2025-06-16,77.8
CB-1002,2025-06-23,80.8
CB-1002,2025-06-30,77.2
CB-1002,2025-07-07,68.5
CB-1002,2025-07-14,60.8
CB-1002,2025-07-21,56.0
CB-1002,2025-07-28,64.2
CB-1002,2025-08-04,62.8
CB-1002,2025-08-11,61.8
CB-1002,2025-08-18,57.8
CB-1002,2025-08-25,48.2
CB-1002,2025-09-01,53.5
CB-1002,2025-09-08,44.8
CB-1002,2025-09-15,39.2
CB-1002,2025-09-22,36.8
CB-1002,2025-09-29,22.5
CB-1002,2025-10-06,28.2
CB-1002,2025-10-13,28.0
CB-1002,2025-10-20,31.0
CB-1002,2025-10-27,47.0
CB-1002,2025-11-03,51.0
CB-1002,2025-11-10,51.2
CB-1002,2025-11-17,53.2
CB-1002,2025-11-24,55.2
CB-1002,2025-12-01,53.0
CB-1002,2025-12-08,55.0
CB-1002,2025-12-15,60.5
CB-1002,2025-12-22,53.7
CB-1003,2024-01-01,0.0
CB-1003,2024-01-08,16.5
CB-1003,2024-01-15,11.0
CB-1003,2024-01-22,8.2
CB-1003,2024-01-29,8.2
CB-1003,2024-02-05,0.0
CB-1003,2024-02-12,0.0
CB-1003,2024-02-19,0.0
CB-1003,2024-02-26,0.0
CB-1003,2024-03-04,0.0
CB-1003,2024-03-11,0.0
CB-1003,2024-03-18,0.0
CB-1003,2024-03-25,5.8
CB-1003,2024-04-01,5.8
CB-1003,2024-04-08,13.2
CB-1003,2024-04-15,13.2
CB-1003,2024-04-22,9.5
CB-1003,2024-04-29,23.5
CB-1003,2024-05-06,19.8
CB-1003,2024-05-13,22.5
CB-1003,2024-05-20,20.5
CB-1003,2024-05-27,6.5
CB-1003,2024-06-03,2.8
CB-1003,2024-06-10,0.0
CB-1003,2024-06-17,0.0
CB-1003,2024-06-24,13.0
CB-1003,2024-07-01,13.0
CB-1003,2024-07-08,25.0
CB-1003,2024-07-15,25.0
CB-1003,2024-07-22,12.0
CB-1003,2024-07-29,12.0
CB-1003,2024-08-05,0.0
CB-1003,2024-08-12,0.0
CB-1003,2024-08-19,0.0
CB-1003,2024-08-26,0.0
CB-1003,2024-09-02,0.0
CB-1003,2024-09-09,0.0
CB-1003,2024-09-16,0.0
CB-1003,2024-09-23,0.0
CB-1003,2024-09-30,7.0
CB-1003,2024-10-07,7.0
CB-1003,2024-10-14,8.8
CB-1003,2024-10-21,8.8
CB-1003,2024-10-28,5.2
CB-1003,2024-11-04,5.2
CB-1003,2024-11-11,3.5
CB-1003,2024-11-18,3.5
CB-1003,2024-11-25,0.0
CB-1003,2024-12-02,0.0
CB-1003,2024-12-09,0.0
CB-1003,2024-12-16,3.2
CB-1003,2024-12-23,3.2
CB-1003,2024-12-30,11.5
CB-1003,2025-01-06,11.5
CB-1003,2025-01-13,9.8
CB-1003,2025-01-20,9.8
CB-1003,2025-01-27,1.5
CB-1003,2025-02-03,15.0
CB-1003,2025-02-10,13.5
CB-1003,2025-02-17,13.5
CB-1003,2025-02-24,13.5
CB-1003,2025-03-03,0.0
CB-1003,2025-03-10,9.5
CB-1003,2025-03-17,9.5
CB-1003,2025-03-24,9.5
CB-1003,2025-03-31,9.5
CB-1003,2025-04-07,9.5
CB-1003,2025-04-14,22.8
CB-1003,2025-04-21,22.8
CB-1003,2025-04-28,22.8
CB-1003,2025-05-05,13.2
CB-1003,2025-05-12,0.0
CB-1003,2025-05-19,0.0
CB-1003,2025-05-26,0.0
CB-1003,2025-06-02,0.0
CB-1003,2025-06-09,0.0
CB-1003,2025-06-16,0.0
CB-1003,2025-06-23,0.0
CB-1003,2025-06-30,0.0
CB-1003,2025-07-07,12.2
CB-1003,2025-07-14,12.2
CB-1003,2025-07-21,12.2
CB-1003,2025-07-28,25.8
CB-1003,2025-08-04,13.5
CB-1003,2025-08-11,13.5
CB-1003,2025-08-18,28.0
CB-1003,2025-08-25,18.5
CB-1003,2025-09-01,18.5
CB-1003,2025-09-08,18.5
CB-1003,2025-09-15,11.8
CB-1003,2025-09-22,7.8
CB-1003,2025-09-29,7.8
CB-1003,2025-10-06,7.8
CB-1003,2025-10-13,0.0
CB-1003,2025-10-20,0.0
CB-1003,2025-10-27,0.0
CB-1003,2025-11-03,0.0
CB-1003,2025-11-10,0.0
CB-1003,2025-11-17,13.8
CB-1003,2025-11-24,13.8
CB-1003,2025-12-01,13.8
CB-1003,2025-12-08,17.8
CB-1003,2025-12-15,4.0
CB-1003,2025-12-22,5.3
CB-1004,2024-01-01,139.0
CB-1004,2024-01-08,132.0
CB-1004,2024-01-15,131.7
CB-1004,2024-01-22,133.0
CB-1004,2024-01-29,141.2
CB-1004,2024-02-05,147.5
CB-1004,2024-02-12,148.5
CB-1004,2024-02-19,153.5
CB-1004,2024-02-26,146.5
CB-1004,2024-03-04,145.0
CB-1004,2024-03-11,151.8
CB-1004,2024-03-18,150.8
CB-1004,2024-03-25,153.8
CB-1004,2024-04-01,156.0
CB-1004,2024-04-08,154.8
CB-1004,2024-04-15,155.8
CB-1004,2024-04-22,148.5
CB-1004,2024-04-29,149.5
CB-1004,2024-05-06,144.2
CB-1004,2024-05-13,137.0
CB-1004,2024-05-20,140.8
CB-1004,2024-05-27,136.5
CB-1004,2024-06-03,134.8
CB-1004,2024-06-10,138.2
CB-1004,2024-06-17,131.8
CB-1004,2024-06-24,127.2
CB-1004,2024-07-01,124.2
CB-1004,2024-07-08,118.5
CB-1004,2024-07-15,119.0
CB-1004,2024-07-22,114.2
CB-1004,2024-07-29,114.0
CB-1004,2024-08-05,111.0
CB-1004,2024-08-12,103.5
CB-1004,2024-08-19,99.2
CB-1004,2024-08-26,95.2
CB-1004,2024-09-02,92.8
CB-1004,2024-09-09,95.0
CB-1004,2024-09-16,97.8
CB-1004,2024-09-23,97.5
CB-1004,2024-09-30,99.5
CB-1004,2024-10-07,97.8
CB-1004,2024-10-14,96.2
CB-1004,2024-10-21,94.8
CB-1004,2024-10-28,95.2
CB-1004,2024-11-04,102.2
CB-1004,2024-11-11,106.0
CB-1004,2024-11-18,105.5
CB-1004,2024-11-25,104.0
CB-1004,2024-12-02,102.8
CB-1004,2024-12-09,106.2
CB-1004,2024-12-16,114.8
CB-1004,2024-12-23,123.0
CB-1004,2024-12-30,128.5
CB-1004,2025-01-06,137.0
CB-1004,2025-01-13,140.5
CB-1004,2025-01-20,142.0
CB-1004,2025-01-27,148.2
CB-1004,2025-02-03,144.5
CB-1004,2025-02-10,151.2
CB-1004,2025-02-17,157.5
CB-1004,2025-02-24,158.8
CB-1004,2025-03-03,171.5
CB-1004,2025-03-10,170.5
CB-1004,2025-03-17,179.2
CB-1004,2025-03-24,180.2
CB-1004,2025-03-31,171.2
CB-1004,2025-04-07,174.0
CB-1004,2025-04-14,163.0
CB-1004,2025-04-21,160.5
CB-1004,2025-04-28,165.2
CB-1004,2025-05-05,165.2
CB-1004,2025-05-12,165.0
CB-1004,2025-05-19,168.2
CB-1004,2025-05-26,167.8
CB-1004,2025-06-02,167.2
CB-1004,2025-06-09,167.5
CB-1004,2025-06-16,164.8
CB-1004,2025-06-23,152.0
CB-1004,2025-06-30,142.8
CB-1004,2025-07-07,134.8
CB-1004,2025-07-14,127.2
CB-1004,2025-07-21,127.2
CB-1004,2025-07-28,124.0
CB-1004,2025-08-04,127.2
CB-1004,2025-08-11,123.2
CB-1004,2025-08-18,122.8
CB-1004,2025-08-25,120.0
CB-1004,2025-09-01,113.5
CB-1004,2025-09-08,112.2
CB-1004,2025-09-15,111.0
CB-1004,2025-09-22,113.2
CB-1004,2025-09-29,116.5
CB-1004,2025-10-06,117.2
CB-1004,2025-10-13,118.2
CB-1004,2025-10-20,114.5
CB-1004,2025-10-27,112.5
CB-1004,2025-11-03,116.5
CB-1004,2025-11-10,120.0
CB-1004,2025-11-17,126.2
CB-1004,2025-11-24,132.2
CB-1004,2025-12-01,135.0
CB-1004,2025-12-08,140.5
CB-1004,2025-12-15,145.2
CB-1004,2025-12-22,147.0
CB-1005,2024-01-01,59.0
CB-1005,2024-01-08,50.0
CB-1005,2024-01-15,50.7
CB-1005,2024-01-22,54.0
CB-1005,2024-01-29,55.8
CB-1005,2024-02-05,60.2
CB-1005,2024-02-12,63.0
CB-1005,2024-02-19,65.8
CB-1005,2024-02-26,65.8
CB-1005,2024-03-04,71.5
CB-1005,2024-03-11,73.2
CB-1005,2024-03-18,72.8
CB-1005,2024-03-25,76.2
CB-1005,2024-04-01,73.8
CB-1005,2024-04-08,72.5
CB-1005,2024-04-15,71.8
CB-1005,2024-04-22,69.2
CB-1005,2024-04-29,66.8
CB-1005,2024-05-06,67.2
CB-1005,2024-05-13,65.5
CB-1005,2024-05-20,65.8
CB-1005,2024-05-27,66.5
CB-1005,2024-06-03,65.2
CB-1005,2024-06-10,64.8
CB-1005,2024-06-17,62.2
CB-1005,2024-06-24,61.2
CB-1005,2024-07-01,58.8
CB-1005,2024-07-08,56.2
CB-1005,2024-07-15,55.5
CB-1005,2024-07-22,53.0
CB-1005,2024-07-29,51.2
CB-1005,2024-08-05,51.2
CB-1005,2024-08-12,49.2
CB-1005,2024-08-19,47.0
CB-1005,2024-08-26,47.5
CB-1005,2024-09-02,47.0
CB-1005,2024-09-09,46.2
CB-1005,2024-09-16,47.8
CB-1005,2024-09-23,46.0
CB-1005,2024-09-30,45.5
CB-1005,2024-10-07,45.0
CB-1005,2024-10-14,44.2
CB-1005,2024-10-21,47.0
CB-1005,2024-10-28,48.8
CB-1005,2024-11-04,51.8
CB-1005,2024-11-11,54.8
CB-1005,2024-11-18,55.0
CB-1005,2024-11-25,55.5
CB-1005,2024-12-02,56.2
CB-1005,2024-12-09,56.8
CB-1005,2024-12-16,59.0
CB-1005,2024-12-23,61.5
CB-1005,2024-12-30,62.5
CB-1005,2025-01-06,63.2
CB-1005,2025-01-13,64.5
CB-1005,2025-01-20,66.5
CB-1005,2025-01-27,68.5
CB-1005,2025-02-03,71.8
CB-1005,2025-02-10,75.0
CB-1005,2025-02-17,75.0
CB-1005,2025-02-24,77.5
CB-1005,2025-03-03,79.0
CB-1005,2025-03-10,77.0
CB-1005,2025-03-17,80.8
CB-1005,2025-03-24,79.5
CB-1005,2025-03-31,76.5
CB-1005,2025-04-07,77.0
CB-1005,2025-04-14,73.0
CB-1005,2025-04-21,73.5
CB-1005,2025-04-28,75.2
CB-1005,2025-05-05,75.8
CB-1005,2025-05-12,77.2
CB-1005,2025-05-19,76.5
CB-1005,2025-05-26,76.2
CB-1005,2025-06-02,75.8
CB-1005,2025-06-09,74.2
CB-1005,2025-06-16,69.2
CB-1005,2025-06-23,66.5
CB-1005,2025-06-30,61.5
CB-1005,2025-07-07,58.8
CB-1005,2025-07-14,59.8
CB-1005,2025-07-21,59.5
CB-1005,2025-07-28,61.8
CB-1005,2025-08-04,60.2
CB-1005,2025-08-11,58.2
CB-1005,2025-08-18,56.2
CB-1005,2025-08-25,53.2
CB-1005,2025-09-01,52.0
CB-1005,2025-09-08,52.8
CB-1005,2025-09-15,51.0
CB-1005,2025-09-22,52.0
CB-1005,2025-09-29,52.8
CB-1005,2025-10-06,50.8
CB-1005,2025-10-13,52.8
CB-1005,2025-10-20,53.2
CB-1005,2025-10-27,53.5
CB-1005,2025-11-03,54.8
CB-1005,2025-11-10,54.0
CB-1005,2025-11-17,54.0
CB-1005,2025-11-24,56.0
CB-1005,2025-12-01,57.5
CB-1005,2025-12-08,61.0
CB-1005,2025-12-15,62.0
CB-1005,2025-12-22,61.7
CB-1006,2024-01-01,0.0
CB-1006,2024-01-08,20.0
CB-1006,2024-01-15,19.7
CB-1006,2024-01-22,14.8
CB-1006,2024-01-29,14.8
CB-1006,2024-02-05,17.2
CB-1006,2024-02-12,12.5
CB-1006,2024-02-19,13.8
CB-1006,2024-02-26,13.8
CB-1006,2024-03-04,1.2
CB-1006,2024-03-11,1.2
CB-1006,2024-03-18,12.0
CB-1006,2024-03-25,18.5
CB-1006,2024-04-01,18.5
CB-1006,2024-04-08,21.8
CB-1006,2024-04-15,9.8
CB-1006,2024-04-22,3.2
CB-1006,2024-04-29,3.2
CB-1006,2024-05-06,0.0
CB-1006,2024-05-13,3.2
CB-1006,2024-05-20,3.2
CB-1006,2024-05-27,16.8
CB-1006,2024-06-03,16.8
CB-1006,2024-06-10,26.2
CB-1006,2024-06-17,33.2
CB-1006,2024-06-24,19.8
CB-1006,2024-07-01,19.8
CB-1006,2024-07-08,7.0
CB-1006,2024-07-15,0.0
CB-1006,2024-07-22,0.0
CB-1006,2024-07-29,0.0
CB-1006,2024-08-05,0.0
CB-1006,2024-08-12,11.2
CB-1006,2024-08-19,11.2
CB-1006,2024-08-26,11.2
CB-1006,2024-09-02,11.2
CB-1006,2024-09-09,0.0
CB-1006,2024-09-16,10.5
CB-1006,2024-09-23,10.5
CB-1006,2024-09-30,10.5
CB-1006,2024-10-07,10.5
CB-1006,2024-10-14,0.0
CB-1006,2024-10-21,0.0
CB-1006,2024-10-28,0.0
CB-1006,2024-11-04,0.0
CB-1006,2024-11-11,0.0
CB-1006,2024-11-18,0.0
CB-1006,2024-11-25,0.0
CB-1006,2024-12-02,13.2
CB-1006,2024-12-09,16.5
CB-1006,2024-12-16,16.5
CB-1006,2024-12-23,18.5
CB-1006,2024-12-30,12.5
CB-1006,2025-01-06,9.2
CB-1006,2025-01-13,19.5
CB-1006,2025-01-20,17.5
CB-1006,2025-01-27,13.5
CB-1006,2025-02-03,13.5
CB-1006,2025-02-10,3.2
CB-1006,2025-02-17,3.2
CB-1006,2025-02-24,0.0
CB-1006,2025-03-03,6.8
CB-1006,2025-03-10,6.8
CB-1006,2025-03-17,18.2
CB-1006,2025-03-24,18.2
CB-1006,2025-03-31,11.5
CB-1006,2025-04-07,11.5
CB-1006,2025-04-14,0.0
CB-1006,2025-04-21,4.0
CB-1006,2025-04-28,4.0
CB-1006,2025-05-05,6.5
CB-1006,2025-05-12,10.2
CB-1006,2025-05-19,6.2
CB-1006,2025-05-26,6.2
CB-1006,2025-06-02,3.8
CB-1006,2025-06-09,10.2
CB-1006,2025-06-16,10.2
CB-1006,2025-06-23,10.2
CB-1006,2025-06-30,10.2
CB-1006,2025-07-07,0.0
CB-1006,2025-07-14,0.0
CB-1006,2025-07-21,4.2
CB-1006,2025-07-28,4.2
CB-1006,2025-08-04,15.5
CB-1006,2025-08-11,15.5
CB-1006,2025-08-18,11.2
CB-1006,2025-08-25,11.2
CB-1006,2025-09-01,0.0
CB-1006,2025-09-08,2.0
CB-1006,2025-09-15,2.0
CB-1006,2025-09-22,2.0
CB-1006,2025-09-29,9.0
CB-1006,2025-10-06,7.0
CB-1006,2025-10-13,7.0
CB-1006,2025-10-20,7.0
CB-1006,2025-10-27,0.0
CB-1006,2025-11-03,8.5
CB-1006,2025-11-10,8.5
CB-1006,2025-11-17,8.5
CB-1006,2025-11-24,8.5
CB-1006,2025-12-01,1.2
CB-1006,2025-12-08,14.8
CB-1006,2025-12-15,14.8
CB-1006,2025-12-22,19.7
CB-1007,2024-01-01,124.0
CB-1007,2024-01-08,120.0
CB-1007,2024-01-15,123.0
CB-1007,2024-01-22,128.5
CB-1007,2024-01-29,134.8
CB-1007,2024-02-05,135.5
CB-1007,2024-02-12,134.2
CB-1007,2024-02-19,136.2
CB-1007,2024-02-26,130.8
CB-1007,2024-03-04,132.5
CB-1007,2024-03-11,135.5
CB-1007,2024-03-18,134.2
CB-1007,2024-03-25,138.0
CB-1007,2024-04-01,140.5
CB-1007,2024-04-08,140.5
CB-1007,2024-04-15,137.2
CB-1007,2024-04-22,134.8
CB-1007,2024-04-29,142.2
CB-1007,2024-05-06,143.8
CB-1007,2024-05-13,146.5
CB-1007,2024-05-20,145.5
CB-1007,2024-05-27,136.2
CB-1007,2024-06-03,131.0
CB-1007,2024-06-10,119.0
CB-1007,2024-06-17,114.0
CB-1007,2024-06-24,107.0
CB-1007,2024-07-01,100.2
CB-1007,2024-07-08,101.0
CB-1007,2024-07-15,104.0
CB-1007,2024-07-22,105.0
CB-1007,2024-07-29,109.8
CB-1007,2024-08-05,110.5
CB-1007,2024-08-12,106.5
CB-1007,2024-08-19,102.5
CB-1007,2024-08-26,98.8
CB-1007,2024-09-02,97.2
CB-1007,2024-09-09,93.2
CB-1007,2024-09-16,95.0
CB-1007,2024-09-23,94.5
CB-1007,2024-09-30,92.0
CB-1007,2024-10-07,91.2
CB-1007,2024-10-14,88.5
CB-1007,2024-10-21,88.8
CB-1007,2024-10-28,92.0
CB-1007,2024-11-04,94.2
CB-1007,2024-11-11,99.0
CB-1007,2024-11-18,102.8
CB-1007,2024-11-25,106.5
CB-1007,2024-12-02,115.0
CB-1007,2024-12-09,121.5
CB-1007,2024-12-16,121.5
CB-1007,2024-12-23,128.2
CB-1007,2024-12-30,127.2
CB-1007,2025-01-06,131.0
CB-1007,2025-01-13,137.5
CB-1007,2025-01-20,136.0
CB-1007,2025-01-27,136.0
CB-1007,2025-02-03,136.2
CB-1007,2025-02-10,135.0
CB-1007,2025-02-17,142.2
CB-1007,2025-02-24,155.2
CB-1007,2025-03-03,155.8
CB-1007,2025-03-10,163.5
CB-1007,2025-03-17,160.0
CB-1007,2025-03-24,154.2
CB-1007,2025-03-31,160.2
CB-1007,2025-04-07,159.5
CB-1007,2025-04-14,167.2
CB-1007,2025-04-21,167.2
CB-1007,2025-04-28,166.8
CB-1007,2025-05-05,165.8
CB-1007,2025-05-12,160.8
CB-1007,2025-05-19,158.8
CB-1007,2025-05-26,153.0
CB-1007,2025-06-02,149.2
CB-1007,2025-06-09,141.2
CB-1007,2025-06-16,141.0
CB-1007,2025-06-23,139.2
CB-1007,2025-06-30,137.5
CB-1007,2025-07-07,140.0
CB-1007,2025-07-14,138.0
CB-1007,2025-07-21,131.8
CB-1007,2025-07-28,127.8
CB-1007,2025-08-04,119.2
CB-1007,2025-08-11,112.8
CB-1007,2025-08-18,109.5
CB-1007,2025-08-25,109.5
CB-1007,2025-09-01,109.5
CB-1007,2025-09-08,107.2
CB-1007,2025-09-15,109.8
CB-1007,2025-09-22,101.2
CB-1007,2025-09-29,96.0
CB-1007,2025-10-06,98.2
CB-1007,2025-10-13,96.8
CB-1007,2025-10-20,102.8
CB-1007,2025-10-27,105.8
CB-1007,2025-11-03,106.2
CB-1007,2025-11-10,113.2
CB-1007,2025-11-17,117.8
CB-1007,2025-11-24,124.5
CB-1007,2025-12-01,127.0
CB-1007,2025-12-08,125.2
CB-1007,2025-12-15,121.8
CB-1007,2025-12-22,120.7
CB-1008,2024-01-01,0.0
CB-1008,2024-01-08,19.0
CB-1008,2024-01-15,12.7
CB-1008,2024-01-22,9.5
CB-1008,2024-01-29,22.0
CB-1008,2024-02-05,12.5
CB-1008,2024-02-12,12.5
CB-1008,2024-02-19,12.5
CB-1008,2024-02-26,0.0
CB-1008,2024-03-04,0.0
CB-1008,2024-03-11,0.0
CB-1008,2024-03-18,0.0
CB-1008,2024-03-25,12.2
CB-1008,2024-04-01,12.2
CB-1008,2024-04-08,17.8
CB-1008,2024-04-15,17.8
CB-1008,2024-04-22,14.0
CB-1008,2024-04-29,14.0
CB-1008,2024-05-06,8.5
CB-1008,2024-05-13,19.0
CB-1008,2024-05-20,10.5
CB-1008,2024-05-27,10.5
CB-1008,2024-06-03,18.0
CB-1008,2024-06-10,7.5
CB-1008,2024-06-17,10.8
CB-1008,2024-06-24,16.8
CB-1008,2024-07-01,23.5
CB-1008,2024-07-08,23.5
CB-1008,2024-07-15,20.2
CB-1008,2024-07-22,14.2
CB-1008,2024-07-29,10.2
CB-1008,2024-08-05,10.2
CB-1008,2024-08-12,10.2
CB-1008,2024-08-19,10.2
CB-1008,2024-08-26,0.0
CB-1008,2024-09-02,8.5
CB-1008,2024-09-09,8.5
CB-1008,2024-09-16,8.5
CB-1008,2024-09-23,19.5
CB-1008,2024-09-30,24.8
CB-1008,2024-10-07,38.8
CB-1008,2024-10-14,38.8
CB-1008,2024-10-21,29.8
CB-1008,2024-10-28,16.0
CB-1008,2024-11-04,10.5
CB-1008,2024-11-11,10.5
CB-1008,2024-11-18,8.5
CB-1008,2024-11-25,8.5
CB-1008,2024-12-02,0.0
CB-1008,2024-12-09,14.5
CB-1008,2024-12-16,18.2
CB-1008,2024-12-23,32.8
CB-1008,2024-12-30,46.0
CB-1008,2025-01-06,31.5
CB-1008,2025-01-13,27.8
CB-1008,2025-01-20,13.2
CB-1008,2025-01-27,0.0
CB-1008,2025-02-03,0.0
CB-1008,2025-02-10,12.2
CB-1008,2025-02-17,12.2
CB-1008,2025-02-24,12.2
CB-1008,2025-03-03,12.2
CB-1008,2025-03-10,0.0
CB-1008,2025-03-17,0.0
CB-1008,2025-03-24,0.0
CB-1008,2025-03-31,0.0
CB-1008,2025-04-07,0.0
CB-1008,2025-04-14,0.0
CB-1008,2025-04-21,0.0
CB-1008,2025-04-28,2.2
CB-1008,2025-05-05,2.2
CB-1008,2025-05-12,2.2
CB-1008,2025-05-19,2.2
CB-1008,2025-05-26,0.0
CB-1008,2025-06-02,3.5
CB-1008,2025-06-09,18.2
CB-1008,2025-06-16,26.5
CB-1008,2025-06-23,26.5
CB-1008,2025-06-30,23.0
CB-1008,2025-07-07,10.2
CB-1008,2025-07-14,4.0
CB-1008,2025-07-21,13.0
CB-1008,2025-07-28,13.0
CB-1008,2025-08-04,11.0
CB-1008,2025-08-11,9.0
CB-1008,2025-08-18,12.2
CB-1008,2025-08-25,12.2
CB-1008,2025-09-01,12.2
CB-1008,2025-09-08,12.2
CB-1008,2025-09-15,0.0
CB-1008,2025-09-22,4.2
CB-1008,2025-09-29,4.2
CB-1008,2025-10-06,4.2
CB-1008,2025-10-13,4.2
CB-1008,2025-10-20,0.0
CB-1008,2025-10-27,0.0
CB-1008,2025-11-03,5.8
CB-1008,2025-11-10,5.8
CB-1008,2025-11-17,5.8
CB-1008,2025-11-24,5.8
CB-1008,2025-12-01,11.2
CB-1008,2025-12-08,25.5
CB-1008,2025-12-15,28.2
CB-1008,2025-12-22,37.7
CB-1009,2024-01-01,0.0
CB-1009,2024-01-08,0.0
CB-1009,2024-01-15,0.0
CB-1009,2024-01-22,0.0
CB-1009,2024-01-29,0.0
CB-1009,2024-02-05,9.5
CB-1009,2024-02-12,19.5
CB-1009,2024-02-19,34.2
CB-1009,2024-02-26,34.2
CB-1009,2024-03-04,24.8
CB-1009,2024-03-11,14.8
CB-1009,2024-03-18,12.5
CB-1009,2024-03-25,12.5
CB-1009,2024-04-01,12.5
CB-1009,2024-04-08,12.5
CB-1009,2024-04-15,0.0
CB-1009,2024-04-22,0.0
CB-1009,2024-04-29,0.0
CB-1009,2024-05-06,0.0
CB-1009,2024-05-13,0.0
CB-1009,2024-05-20,0.0
CB-1009,2024-05-27,0.0
CB-1009,2024-06-03,0.0
CB-1009,2024-06-10,0.0
CB-1009,2024-06-17,0.0
CB-1009,2024-06-24,0.0
CB-1009,2024-07-01,0.0
CB-1009,2024-07-08,0.0
CB-1009,2024-07-15,11.5
CB-1009,2024-07-22,15.5
CB-1009,2024-07-29,15.5
CB-1009,2024-08-05,15.5
CB-1009,2024-08-12,4.0
CB-1009,2024-08-19,0.0
CB-1009,2024-08-26,14.5
CB-1009,2024-09-02,18.5
CB-1009,2024-09-09,18.5
CB-1009,2024-09-16,18.5
CB-1009,2024-09-23,4.0
CB-1009,2024-09-30,0.0
CB-1009,2024-10-07,0.0
CB-1009,2024-10-14,6.2
CB-1009,2024-10-21,6.2
CB-1009,2024-10-28,11.2
CB-1009,2024-11-04,11.2
CB-1009,2024-11-11,13.8
CB-1009,2024-11-18,13.8
CB-1009,2024-11-25,16.5
CB-1009,2024-12-02,16.5
CB-1009,2024-12-09,7.8
CB-1009,2024-12-16,7.8
CB-1009,2024-12-23,0.0
CB-1009,2024-12-30,0.0
CB-1009,2025-01-06,6.2
CB-1009,2025-01-13,14.0
CB-1009,2025-01-20,14.0
CB-1009,2025-01-27,25.5
CB-1009,2025-02-03,19.2
CB-1009,2025-02-10,11.5
CB-1009,2025-02-17,18.8
CB-1009,2025-02-24,7.2
CB-1009,2025-03-03,7.2
CB-1009,2025-03-10,19.0
CB-1009,2025-03-17,11.8
CB-1009,2025-03-24,11.8
CB-1009,2025-03-31,11.8
CB-1009,2025-04-07,0.0
CB-1009,2025-04-14,0.0
CB-1009,2025-04-21,0.0
CB-1009,2025-04-28,0.0
CB-1009,2025-05-05,0.0
CB-1009,2025-05-12,0.0
CB-1009,2025-05-19,0.0
CB-1009,2025-05-26,1.5
CB-1009,2025-06-02,1.5
CB-1009,2025-06-09,1.5
CB-1009,2025-06-16,1.5
CB-1009,2025-06-23,0.0
CB-1009,2025-06-30,0.0
CB-1009,2025-07-07,0.0
CB-1009,2025-07-14,4.2
CB-1009,2025-07-21,4.2
CB-1009,2025-07-28,4.2
CB-1009,2025-08-04,4.2
CB-1009,2025-08-11,0.0
CB-1009,2025-08-18,0.0
CB-1009,2025-08-25,0.0
CB-1009,2025-09-01,0.0
CB-1009,2025-09-08,0.0
CB-1009,2025-09-15,0.0
CB-1009,2025-09-22,0.0
CB-1009,2025-09-29,0.0
CB-1009,2025-10-06,0.0
CB-1009,2025-10-13,0.0
CB-1009,2025-10-20,4.0
CB-1009,2025-10-27,18.2
CB-1009,2025-11-03,18.2
CB-1009,2025-11-10,18.2
CB-1009,2025-11-17,14.2
CB-1009,2025-11-24,3.8
CB-1009,2025-12-01,3.8
CB-1009,2025-12-08,3.8
CB-1009,2025-12-15,3.8
CB-1009,2025-12-22,0.0
CB-1010,2024-01-01,20.0
CB-1010,2024-01-08,10.0
CB-1010,2024-01-15,16.3
CB-1010,2024-01-22,12.2
CB-1010,2024-01-29,19.2
CB-1010,2024-02-05,19.2
CB-1010,2024-02-12,12.0
CB-1010,2024-02-19,12.0
CB-1010,2024-02-26,1.2
CB-1010,2024-03-04,1.2
CB-1010,2024-03-11,1.2
CB-1010,2024-03-18,5.2
CB-1010,2024-03-25,4.0
CB-1010,2024-04-01,4.0
CB-1010,2024-04-08,10.8
CB-1010,2024-04-15,6.8
CB-1010,2024-04-22,6.8
CB-1010,2024-04-29,10.8
CB-1010,2024-05-06,4.0
CB-1010,2024-05-13,4.0
CB-1010,2024-05-20,4.0
CB-1010,2024-05-27,0.0
CB-1010,2024-06-03,0.0
CB-1010,2024-06-10,0.0
CB-1010,2024-06-17,0.0
CB-1010,2024-06-24,0.0
CB-1010,2024-07-01,0.0
CB-1010,2024-07-08,11.2
CB-1010,2024-07-15,11.2
CB-1010,2024-07-22,19.0
CB-1010,2024-07-29,22.8
CB-1010,2024-08-05,11.5
CB-1010,2024-08-12,11.5
CB-1010,2024-08-19,3.8
CB-1010,2024-08-26,0.0
CB-1010,2024-09-02,0.0
CB-1010,2024-09-09,5.0
CB-1010,2024-09-16,8.0
CB-1010,2024-09-23,8.0
CB-1010,2024-09-30,8.0
CB-1010,2024-10-07,16.0
CB-1010,2024-10-14,13.0
CB-1010,2024-10-21,16.5
CB-1010,2024-10-28,16.5
CB-1010,2024-11-04,3.5
CB-1010,2024-11-11,17.2
CB-1010,2024-11-18,13.8
CB-1010,2024-11-25,13.8
CB-1010,2024-12-02,15.8
CB-1010,2024-12-09,2.0
CB-1010,2024-12-16,2.0
CB-1010,2024-12-23,2.0
CB-1010,2024-12-30,0.0
CB-1010,2025-01-06,12.0
CB-1010,2025-01-13,12.0
CB-1010,2025-01-20,12.0
CB-1010,2025-01-27,12.0
CB-1010,2025-02-03,0.0
CB-1010,2025-02-10,0.0
CB-1010,2025-02-17,0.0
CB-1010,2025-02-24,0.0
CB-1010,2025-03-03,0.0
CB-1010,2025-03-10,0.0
CB-1010,2025-03-17,4.5
CB-1010,2025-03-24,4.5
CB-1010,2025-03-31,4.5
CB-1010,2025-04-07,4.5
CB-1010,2025-04-14,0.0
CB-1010,2025-04-21,0.0
CB-1010,2025-04-28,0.0
CB-1010,2025-05-05,11.5
CB-1010,2025-05-12,11.5
CB-1010,2025-05-19,11.5
CB-1010,2025-05-26,23.8
CB-1010,2025-06-02,12.2
CB-1010,2025-06-09,12.2
CB-1010,2025-06-16,12.2
CB-1010,2025-06-23,0.0
CB-1010,2025-06-30,0.0
CB-1010,2025-07-07,0.0
CB-1010,2025-07-14,0.0
CB-1010,2025-07-21,0.0
CB-1010,2025-07-28,7.0
CB-1010,2025-08-04,7.0
CB-1010,2025-08-11,19.0
CB-1010,2025-08-18,19.0
CB-1010,2025-08-25,12.0
CB-1010,2025-09-01,12.0
CB-1010,2025-09-08,0.0
CB-1010,2025-09-15,0.0
CB-1010,2025-09-22,0.0
CB-1010,2025-09-29,0.0
CB-1010,2025-10-06,0.0
CB-1010,2025-10-13,0.0
CB-1010,2025-10-20,4.2
CB-1010,2025-10-27,4.2
CB-1010,2025-11-03,4.2
CB-1010,2025-11-10,4.2
CB-1010,2025-11-17,6.0
CB-1010,2025-11-24,6.0
CB-1010,2025-12-01,12.8
CB-1010,2025-12-08,12.8
CB-1010,2025-12-15,18.2
CB-1010,2025-12-22,24.3
CB-1011,2024-01-01,102.0
CB-1011,2024-01-08,111.0
CB-1011,2024-01-15,112.3
CB-1011,2024-01-22,121.0
CB-1011,2024-01-29,122.8
CB-1011,2024-02-05,125.5
CB-1011,2024-02-12,126.8
CB-1011,2024-02-19,122.2
CB-1011,2024-02-26,129.5
CB-1011,2024-03-04,125.0
CB-1011,2024-03-11,130.5
CB-1011,2024-03-18,138.8
CB-1011,2024-03-25,138.2
CB-1011,2024-04-01,146.0
CB-1011,2024-04-08,148.8
CB-1011,2024-04-15,142.8
CB-1011,2024-04-22,142.0
CB-1011,2024-04-29,134.2
CB-1011,2024-05-06,131.8
CB-1011,2024-05-13,130.5
CB-1011,2024-05-20,127.5
CB-1011,2024-05-27,131.8
CB-1011,2024-06-03,126.0
CB-1011,2024-06-10,122.2
CB-1011,2024-06-17,123.2
CB-1011,2024-06-24,116.8
CB-1011,2024-07-01,117.5
CB-1011,2024-07-08,112.5
CB-1011,2024-07-15,106.5
CB-1011,2024-07-22,110.5
CB-1011,2024-07-29,107.2
CB-1011,2024-08-05,107.5
CB-1011,2024-08-12,104.5
CB-1011,2024-08-19,97.0
CB-1011,2024-08-26,92.8
CB-1011,2024-09-02,91.0
CB-1011,2024-09-09,91.2
CB-1011,2024-09-16,91.2
CB-1011,2024-09-23,90.0
CB-1011,2024-09-30,87.0
CB-1011,2024-10-07,86.5
CB-1011,2024-10-14,88.8
CB-1011,2024-10-21,87.8
CB-1011,2024-10-28,91.5
CB-1011,2024-11-04,92.5
CB-1011,2024-11-11,93.5
CB-1011,2024-11-18,98.0
CB-1011,2024-11-25,104.5
CB-1011,2024-12-02,110.5
CB-1011,2024-12-09,110.8
CB-1011,2024-12-16,116.8
CB-1011,2024-12-23,115.5
CB-1011,2024-12-30,117.0
CB-1011,2025-01-06,124.8
CB-1011,2025-01-13,125.8
CB-1011,2025-01-20,134.0
CB-1011,2025-01-27,137.0
CB-1011,2025-02-03,138.0
CB-1011,2025-02-10,140.8
CB-1011,2025-02-17,139.8
CB-1011,2025-02-24,148.0
CB-1011,2025-03-03,154.2
CB-1011,2025-03-10,163.8
CB-1011,2025-03-17,174.2
CB-1011,2025-03-24,169.0
CB-1011,2025-03-31,168.0
CB-1011,2025-04-07,159.2
CB-1011,2025-04-14,149.5
CB-1011,2025-04-21,150.2
CB-1011,2025-04-28,145.8
CB-1011,2025-05-05,144.8
CB-1011,2025-05-12,145.0
CB-1011,2025-05-19,141.0
CB-1011,2025-05-26,144.0
CB-1011,2025-06-02,141.8
CB-1011,2025-06-09,146.8
CB-1011,2025-06-16,145.8
CB-1011,2025-06-23,140.0
CB-1011,2025-06-30,135.8
CB-1011,2025-07-07,128.5
CB-1011,2025-07-14,129.0
CB-1011,2025-07-21,126.0
CB-1011,2025-07-28,122.8
CB-1011,2025-08-04,115.8
CB-1011,2025-08-11,107.5
CB-1011,2025-08-18,107.2
CB-1011,2025-08-25,109.5
CB-1011,2025-09-01,107.2
CB-1011,2025-09-08,103.0
CB-1011,2025-09-15,96.8
CB-1011,2025-09-22,95.8
CB-1011,2025-09-29,97.8
CB-1011,2025-10-06,105.2
CB-1011,2025-10-13,104.5
CB-1011,2025-10-20,105.0
CB-1011,2025-10-27,106.2
CB-1011,2025-11-03,102.5
CB-1011,2025-11-10,108.2
CB-1011,2025-11-17,111.2
CB-1011,2025-11-24,111.8
CB-1011,2025-12-01,114.2
CB-1011,2025-12-08,117.5
CB-1011,2025-12-15,120.0
CB-1011,2025-12-22,120.7
CB-1012,2024-01-01,119.0
CB-1012,2024-01-08,123.0
CB-1012,2024-01-15,123.0
CB-1012,2024-01-22,123.8
CB-1012,2024-01-29,127.5
CB-1012,2024-02-05,124.5
CB-1012,2024-02-12,130.0
CB-1012,2024-02-19,134.0
CB-1012,2024-02-26,136.5
CB-1012,2024-03-04,147.0
CB-1012,2024-03-11,141.8
CB-1012,2024-03-18,137.5
CB-1012,2024-03-25,139.5
CB-1012,2024-04-01,137.5
CB-1012,2024-04-08,144.2
CB-1012,2024-04-15,148.5
CB-1012,2024-04-22,149.2
CB-1012,2024-04-29,151.0
CB-1012,2024-05-06,150.5
CB-1012,2024-05-13,149.5
CB-1012,2024-05-20,139.5
CB-1012,2024-05-27,136.5
CB-1012,2024-06-03,135.8
CB-1012,2024-06-10,135.2
CB-1012,2024-06-17,135.8
CB-1012,2024-06-24,132.0
CB-1012,2024-07-01,127.5
CB-1012,2024-07-08,126.0
CB-1012,2024-07-15,123.0
CB-1012,2024-07-22,117.8
CB-1012,2024-07-29,114.0
CB-1012,2024-08-05,107.5
CB-1012,2024-08-12,104.2
CB-1012,2024-08-19,103.0
CB-1012,2024-08-26,100.2
CB-1012,2024-09-02,98.5
CB-1012,2024-09-09,99.8
CB-1012,2024-09-16,97.2
CB-1012,2024-09-23,98.2
CB-1012,2024-09-30,96.0
CB-1012,2024-10-07,94.8
CB-1012,2024-10-14,96.0
CB-1012,2024-10-21,96.0
CB-1012,2024-10-28,96.2
CB-1012,2024-11-04,96.5
CB-1012,2024-11-11,94.5
CB-1012,2024-11-18,95.8
CB-1012,2024-11-25,99.5
CB-1012,2024-12-02,104.8
CB-1012,2024-12-09,114.2
CB-1012,2024-12-16,116.5
CB-1012,2024-12-23,123.8
CB-1012,2024-12-30,128.0
CB-1012,2025-01-06,132.5
CB-1012,2025-01-13,139.5
CB-1012,2025-01-20,141.0
CB-1012,2025-01-27,145.2
CB-1012,2025-02-03,150.5
CB-1012,2025-02-10,154.0
CB-1012,2025-02-17,154.8
CB-1012,2025-02-24,160.5
CB-1012,2025-03-03,156.2
CB-1012,2025-03-10,162.0
CB-1012,2025-03-17,171.8
CB-1012,2025-03-24,171.8
CB-1012,2025-03-31,176.8
CB-1012,2025-04-07,171.5
CB-1012,2025-04-14,170.0
CB-1012,2025-04-21,167.2
CB-1012,2025-04-28,166.2
CB-1012,2025-05-05,168.2
CB-1012,2025-05-12,162.2
CB-1012,2025-05-19,159.2
CB-1012,2025-05-26,152.2
CB-1012,2025-06-02,143.2
CB-1012,2025-06-09,136.5
CB-1012,2025-06-16,137.0
CB-1012,2025-06-23,142.0
CB-1012,2025-06-30,145.2
CB-1012,2025-07-07,142.5
CB-1012,2025-07-14,138.5
CB-1012,2025-07-21,133.2
CB-1012,2025-07-28,124.8
CB-1012,2025-08-04,125.8
CB-1012,2025-08-11,116.0
CB-1012,2025-08-18,110.2
CB-1012,2025-08-25,106.5
CB-1012,2025-09-01,104.5
CB-1012,2025-09-08,104.0
CB-1012,2025-09-15,103.2
CB-1012,2025-09-22,107.0
CB-1012,2025-09-29,104.8
CB-1012,2025-10-06,106.0
CB-1012,2025-10-13,100.8
CB-1012,2025-10-20,99.2
CB-1012,2025-10-27,101.2
CB-1012,2025-11-03,102.2
CB-1012,2025-11-10,110.8
CB-1012,2025-11-17,113.2
CB-1012,2025-11-24,115.2
CB-1012,2025-12-01,121.2
CB-1012,2025-12-08,127.2
CB-1012,2025-12-15,134.2
CB-1012,2025-12-22,140.3
CB-1013,2024-01-01,79.0
CB-1013,2024-01-08,82.0
CB-1013,2024-01-15,77.7
CB-1013,2024-01-22,82.8
CB-1013,2024-01-29,78.8
CB-1013,2024-02-05,83.8
CB-1013,2024-02-12,93.8
CB-1013,2024-02-19,69.2
CB-1013,2024-02-26,87.0
CB-1013,2024-03-04,60.8
CB-1013,2024-03-11,52.5
CB-1013,2024-03-18,85.5
CB-1013,2024-03-25,73.8
CB-1013,2024-04-01,85.5
CB-1013,2024-04-08,81.5
CB-1013,2024-04-15,81.5
CB-1013,2024-04-22,67.5
CB-1013,2024-04-29,89.0
CB-1013,2024-05-06,97.0
CB-1013,2024-05-13,77.5
CB-1013,2024-05-20,87.8
CB-1013,2024-05-27,68.8
CB-1013,2024-06-03,74.0
CB-1013,2024-06-10,87.2
CB-1013,2024-06-17,77.5
CB-1013,2024-06-24,80.5
CB-1013,2024-07-01,66.0
CB-1013,2024-07-08,66.8
CB-1013,2024-07-15,68.2
CB-1013,2024-07-22,79.0
CB-1013,2024-07-29,82.5
CB-1013,2024-08-05,65.0
CB-1013,2024-08-12,68.0
CB-1013,2024-08-19,51.8
CB-1013,2024-08-26,43.2
CB-1013,2024-09-02,49.5
CB-1013,2024-09-09,45.8
CB-1013,2024-09-16,37.8
CB-1013,2024-09-23,42.5
CB-1013,2024-09-30,32.0
CB-1013,2024-10-07,34.5
CB-1013,2024-10-14,41.8
CB-1013,2024-10-21,39.5
CB-1013,2024-10-28,62.0
CB-1013,2024-11-04,68.0
CB-1013,2024-11-11,76.0
CB-1013,2024-11-18,71.5
CB-1013,2024-11-25,57.8
CB-1013,2024-12-02,61.0
CB-1013,2024-12-09,54.8
CB-1013,2024-12-16,75.2
CB-1013,2024-12-23,73.0
CB-1013,2024-12-30,72.0
CB-1013,2025-01-06,77.2
CB-1013,2025-01-13,74.8
CB-1013,2025-01-20,81.2
CB-1013,2025-01-27,83.8
CB-1013,2025-02-03,88.8
CB-1013,2025-02-10,83.0
CB-1013,2025-02-17,94.8
CB-1013,2025-02-24,101.2
CB-1013,2025-03-03,104.2
CB-1013,2025-03-10,108.2
CB-1013,2025-03-17,112.8
CB-1013,2025-03-24,109.2
CB-1013,2025-03-31,107.8
CB-1013,2025-04-07,113.2
CB-1013,2025-04-14,121.8
CB-1013,2025-04-21,110.8
CB-1013,2025-04-28,120.2
CB-1013,2025-05-05,100.8
CB-1013,2025-05-12,85.2
CB-1013,2025-05-19,110.5
CB-1013,2025-05-26,105.8
CB-1013,2025-06-02,122.5
CB-1013,2025-06-09,113.8
CB-1013,2025-06-16,97.8
CB-1013,2025-06-23,89.0
CB-1013,2025-06-30,79.2
CB-1013,2025-07-07,79.2
CB-1013,2025-07-14,77.8
CB-1013,2025-07-21,72.0
CB-1013,2025-07-28,70.0
CB-1013,2025-08-04,60.8
CB-1013,2025-08-11,60.0
CB-1013,2025-08-18,67.0
CB-1013,2025-08-25,72.2
CB-1013,2025-09-01,85.8
CB-1013,2025-09-08,82.5
CB-1013,2025-09-15,80.5
CB-1013,2025-09-22,80.5
CB-1013,2025-09-29,74.0
CB-1013,2025-10-06,70.2
CB-1013,2025-10-13,82.2
CB-1013,2025-10-20,78.2
CB-1013,2025-10-27,75.5
CB-1013,2025-11-03,83.2
CB-1013,2025-11-10,72.8
CB-1013,2025-11-17,67.8
CB-1013,2025-11-24,82.5
CB-1013,2025-12-01,81.2
CB-1013,2025-12-08,73.5
CB-1013,2025-12-15,95.8
CB-1013,2025-12-22,89.0
CB-1014,2024-01-01,85.0
CB-1014,2024-01-08,84.0
CB-1014,2024-01-15,88.3
CB-1014,2024-01-22,88.5
CB-1014,2024-01-29,89.8
CB-1014,2024-02-05,91.0
CB-1014,2024-02-12,91.5
CB-1014,2024-02-19,94.2
CB-1014,2024-02-26,96.2
CB-1014,2024-03-04,97.5
CB-1014,2024-03-11,98.0
CB-1014,2024-03-18,98.0
CB-1014,2024-03-25,96.0
CB-1014,2024-04-01,95.0
CB-1014,2024-04-08,96.2
CB-1014,2024-04-15,91.2
CB-1014,2024-04-22,94.0
CB-1014,2024-04-29,95.5
CB-1014,2024-05-06,96.0
CB-1014,2024-05-13,99.0
CB-1014,2024-05-20,98.5
CB-1014,2024-05-27,97.0
CB-1014,2024-06-03,92.8
CB-1014,2024-06-10,93.0
CB-1014,2024-06-17,89.0
CB-1014,2024-06-24,89.2
CB-1014,2024-07-01,85.2
CB-1014,2024-07-08,82.2
CB-1014,2024-07-15,82.0
CB-1014,2024-07-22,79.0
CB-1014,2024-07-29,81.2
CB-1014,2024-08-05,77.5
CB-1014,2024-08-12,72.2
CB-1014,2024-08-19,68.2
CB-1014,2024-08-26,64.8
CB-1014,2024-09-02,65.2
CB-1014,2024-09-09,66.2
CB-1014,2024-09-16,65.5
CB-1014,2024-09-23,65.0
CB-1014,2024-09-30,62.5
CB-1014,2024-10-07,64.2
CB-1014,2024-10-14,70.0
CB-1014,2024-10-21,70.5
CB-1014,2024-10-28,74.0
CB-1014,2024-11-04,73.0
CB-1014,2024-11-11,68.0
CB-1014,2024-11-18,68.5
CB-1014,2024-11-25,68.2
CB-1014,2024-12-02,69.0
CB-1014,2024-12-09,77.0
CB-1014,2024-12-16,81.0
CB-1014,2024-12-23,86.0
CB-1014,2024-12-30,90.5
CB-1014,2025-01-06,90.2
CB-1014,2025-01-13,94.5
CB-1014,2025-01-20,96.5
CB-1014,2025-01-27,101.0
CB-1014,2025-02-03,103.5
CB-1014,2025-02-10,103.2
CB-1014,2025-02-17,102.5
CB-1014,2025-02-24,99.0
CB-1014,2025-03-03,100.5
CB-1014,2025-03-10,102.8
CB-1014,2025-03-17,104.2
CB-1014,2025-03-24,109.5
CB-1014,2025-03-31,110.8
CB-1014,2025-04-07,106.0
CB-1014,2025-04-14,106.8
CB-1014,2025-04-21,107.2
CB-1014,2025-04-28,107.2
CB-1014,2025-05-05,108.5
CB-1014,2025-05-12,109.5
CB-1014,2025-05-19,109.2
CB-1014,2025-05-26,108.2
CB-1014,2025-06-02,108.8
CB-1014,2025-06-09,105.2
CB-1014,2025-06-16,99.2
CB-1014,2025-06-23,96.0
CB-1014,2025-06-30,93.8
CB-1014,2025-07-07,93.2
CB-1014,2025-07-14,92.2
CB-1014,2025-07-21,90.2
CB-1014,2025-07-28,87.8
CB-1014,2025-08-04,85.5
CB-1014,2025-08-11,84.5
CB-1014,2025-08-18,80.0
CB-1014,2025-08-25,75.5
CB-1014,2025-09-01,75.0
CB-1014,2025-09-08,72.8
CB-1014,2025-09-15,70.5
CB-1014,2025-09-22,71.5
CB-1014,2025-09-29,70.2
CB-1014,2025-10-06,69.8
CB-1014,2025-10-13,72.0
CB-1014,2025-10-20,76.0
CB-1014,2025-10-27,74.5
CB-1014,2025-11-03,75.0
CB-1014,2025-11-10,78.0
CB-1014,2025-11-17,78.8
CB-1014,2025-11-24,83.5
CB-1014,2025-12-01,89.0
CB-1014,2025-12-08,91.8
CB-1014,2025-12-15,94.8
CB-1014,2025-12-22,96.3
CB-1015,2024-01-01,116.0
CB-1015,2024-01-08,120.5
CB-1015,2024-01-15,122.3
CB-1015,2024-01-22,123.0
CB-1015,2024-01-29,123.8
CB-1015,2024-02-05,125.2
CB-1015,2024-02-12,127.0
CB-1015,2024-02-19,130.2
CB-1015,2024-02-26,141.0
CB-1015,2024-03-04,141.8
CB-1015,2024-03-11,145.0
CB-1015,2024-03-18,149.0
CB-1015,2024-03-25,144.5
CB-1015,2024-04-01,153.2
CB-1015,2024-04-08,151.2
CB-1015,2024-04-15,149.0
CB-1015,2024-04-22,146.0
CB-1015,2024-04-29,137.5
CB-1015,2024-05-06,138.0
CB-1015,2024-05-13,137.8
CB-1015,2024-05-20,138.8
CB-1015,2024-05-27,140.8
CB-1015,2024-06-03,137.2
CB-1015,2024-06-10,131.5
CB-1015,2024-06-17,134.2
CB-1015,2024-06-24,128.8
CB-1015,2024-07-01,124.2
CB-1015,2024-07-08,120.2
CB-1015,2024-07-15,108.5
CB-1015,2024-07-22,106.5
CB-1015,2024-07-29,104.2
CB-1015,2024-08-05,103.0
CB-1015,2024-08-12,102.2
CB-1015,2024-08-19,99.2
CB-1015,2024-08-26,96.2
CB-1015,2024-09-02,92.2
CB-1015,2024-09-09,91.2
CB-1015,2024-09-16,89.8
CB-1015,2024-09-23,91.2
CB-1015,2024-09-30,91.5
CB-1015,2024-10-07,92.5
CB-1015,2024-10-14,90.8
CB-1015,2024-10-21,90.2
CB-1015,2024-10-28,91.5
CB-1015,2024-11-04,94.8
CB-1015,2024-11-11,99.8
CB-1015,2024-11-18,104.8
CB-1015,2024-11-25,112.2
CB-1015,2024-12-02,119.2
CB-1015,2024-12-09,117.5
CB-1015,2024-12-16,118.2
CB-1015,2024-12-23,118.0
CB-1015,2024-12-30,113.5
CB-1015,2025-01-06,118.5
CB-1015,2025-01-13,123.2
CB-1015,2025-01-20,125.2
CB-1015,2025-01-27,132.2
CB-1015,2025-02-03,139.0
CB-1015,2025-02-10,144.8
CB-1015,2025-02-17,152.8
CB-1015,2025-02-24,156.5
CB-1015,2025-03-03,157.8
CB-1015,2025-03-10,165.2
CB-1015,2025-03-17,166.2
CB-1015,2025-03-24,159.5
CB-1015,2025-03-31,158.2
CB-1015,2025-04-07,146.2
CB-1015,2025-04-14,145.5
CB-1015,2025-04-21,150.5
CB-1015,2025-04-28,151.0
CB-1015,2025-05-05,161.2
CB-1015,2025-05-12,160.8
CB-1015,2025-05-19,161.2
CB-1015,2025-05-26,157.5
CB-1015,2025-06-02,145.5
CB-1015,2025-06-09,141.0
CB-1015,2025-06-16,135.8
CB-1015,2025-06-23,130.0
CB-1015,2025-06-30,128.8
CB-1015,2025-07-07,125.0
CB-1015,2025-07-14,120.5
CB-1015,2025-07-21,120.0
CB-1015,2025-07-28,115.8
CB-1015,2025-08-04,112.0
CB-1015,2025-08-11,109.8
CB-1015,2025-08-18,110.2
CB-1015,2025-08-25,111.5
CB-1015,2025-09-01,109.2
CB-1015,2025-09-08,106.2
CB-1015,2025-09-15,104.5
CB-1015,2025-09-22,102.8
CB-1015,2025-09-29,102.2
CB-1015,2025-10-06,105.2
CB-1015,2025-10-13,107.2
CB-1015,2025-10-20,109.8
CB-1015,2025-10-27,116.0
CB-1015,2025-11-03,114.5
CB-1015,2025-11-10,115.0
CB-1015,2025-11-17,115.2
CB-1015,2025-11-24,114.5
CB-1015,2025-12-01,118.2
CB-1015,2025-12-08,118.2
CB-1015,2025-12-15,122.8
CB-1015,2025-12-22,123.3
CB-1016,2024-01-01,95.0
CB-1016,2024-01-08,102.0
CB-1016,2024-01-15,105.0
CB-1016,2024-01-22,108.2
CB-1016,2024-01-29,118.5
CB-1016,2024-02-05,121.5
CB-1016,2024-02-12,125.2
CB-1016,2024-02-19,124.0
CB-1016,2024-02-26,118.0
CB-1016,2024-03-04,123.5
CB-1016,2024-03-11,121.8
CB-1016,2024-03-18,123.0
CB-1016,2024-03-25,127.2
CB-1016,2024-04-01,123.8
CB-1016,2024-04-08,124.0
CB-1016,2024-04-15,126.0
CB-1016,2024-04-22,128.8
CB-1016,2024-04-29,126.0
CB-1016,2024-05-06,123.8
CB-1016,2024-05-13,125.2
CB-1016,2024-05-20,121.5
CB-1016,2024-05-27,120.0
CB-1016,2024-06-03,117.5
CB-1016,2024-06-10,111.0
CB-1016,2024-06-17,107.0
CB-1016,2024-06-24,108.2
CB-1016,2024-07-01,106.8
CB-1016,2024-07-08,105.2
CB-1016,2024-07-15,103.8
CB-1016,2024-07-22,93.8
CB-1016,2024-07-29,95.0
CB-1016,2024-08-05,90.5
CB-1016,2024-08-12,87.5
CB-1016,2024-08-19,90.2
CB-1016,2024-08-26,88.2
CB-1016,2024-09-02,89.8
CB-1016,2024-09-09,83.8
CB-1016,2024-09-16,81.0
CB-1016,2024-09-23,79.0
CB-1016,2024-09-30,77.5
CB-1016,2024-10-07,82.5
CB-1016,2024-10-14,85.8
CB-1016,2024-10-21,87.5
CB-1016,2024-10-28,88.8
CB-1016,2024-11-04,86.2
CB-1016,2024-11-11,86.2
CB-1016,2024-11-18,88.2
CB-1016,2024-11-25,89.2
CB-1016,2024-12-02,97.0
CB-1016,2024-12-09,103.0
CB-1016,2024-12-16,106.0
CB-1016,2024-12-23,104.8
CB-1016,2024-12-30,104.0
CB-1016,2025-01-06,110.2
CB-1016,2025-01-13,112.2
CB-1016,2025-01-20,117.5
CB-1016,2025-01-27,127.2
CB-1016,2025-02-03,126.0
CB-1016,2025-02-10,133.5
CB-1016,2025-02-17,142.2
CB-1016,2025-02-24,142.8
CB-1016,2025-03-03,146.0
CB-1016,2025-03-10,146.8
CB-1016,2025-03-17,154.2
CB-1016,2025-03-24,157.0
CB-1016,2025-03-31,152.0
CB-1016,2025-04-07,151.8
CB-1016,2025-04-14,148.2
CB-1016,2025-04-21,148.5
CB-1016,2025-04-28,151.0
CB-1016,2025-05-05,151.5
CB-1016,2025-05-12,149.0
CB-1016,2025-05-19,150.2
CB-1016,2025-05-26,147.2
CB-1016,2025-06-02,140.0
CB-1016,2025-06-09,133.8
CB-1016,2025-06-16,122.5
CB-1016,2025-06-23,119.0
CB-1016,2025-06-30,110.8
CB-1016,2025-07-07,107.2
CB-1016,2025-07-14,106.0
CB-1016,2025-07-21,104.0
CB-1016,2025-07-28,111.2
CB-1016,2025-08-04,109.2
CB-1016,2025-08-11,108.2
CB-1016,2025-08-18,107.2
CB-1016,2025-08-25,102.5
CB-1016,2025-09-01,101.2
CB-1016,2025-09-08,99.8
CB-1016,2025-09-15,98.2
CB-1016,2025-09-22,97.0
CB-1016,2025-09-29,97.0
CB-1016,2025-10-06,94.2
CB-1016,2025-10-13,95.5
CB-1016,2025-10-20,100.0
CB-1016,2025-10-27,100.2
CB-1016,2025-11-03,103.5
CB-1016,2025-11-10,107.8
CB-1016,2025-11-17,108.5
CB-1016,2025-11-24,112.0
CB-1016,2025-12-01,109.0
CB-1016,2025-12-08,111.0
CB-1016,2025-12-15,107.0
CB-1016,2025-12-22,105.7
CB-1017,2024-01-01,49.0
CB-1017,2024-01-08,48.0
CB-1017,2024-01-15,51.0
CB-1017,2024-01-22,52.5
CB-1017,2024-01-29,54.2
CB-1017,2024-02-05,57.5
CB-1017,2024-02-12,62.0
CB-1017,2024-02-19,64.5
CB-1017,2024-02-26,67.8
CB-1017,2024-03-04,69.8
CB-1017,2024-03-11,69.0
CB-1017,2024-03-18,68.2
CB-1017,2024-03-25,64.8
CB-1017,2024-04-01,64.0
CB-1017,2024-04-08,63.5
CB-1017,2024-04-15,62.5
CB-1017,2024-04-22,64.8
CB-1017,2024-04-29,63.5
CB-1017,2024-05-06,63.8
CB-1017,2024-05-13,65.2
CB-1017,2024-05-20,65.2
CB-1017,2024-05-27,66.0
CB-1017,2024-06-03,62.8
CB-1017,2024-06-10,60.8
CB-1017,2024-06-17,57.2
CB-1017,2024-06-24,52.8
CB-1017,2024-07-01,51.5
CB-1017,2024-07-08,50.0
CB-1017,2024-07-15,51.0
CB-1017,2024-07-22,53.2
CB-1017,2024-07-29,53.2
CB-1017,2024-08-05,50.8
CB-1017,2024-08-12,48.0
CB-1017,2024-08-19,45.8
CB-1017,2024-08-26,45.5
CB-1017,2024-09-02,46.8
CB-1017,2024-09-09,47.5
CB-1017,2024-09-16,46.2
CB-1017,2024-09-23,43.0
CB-1017,2024-09-30,42.5
CB-1017,2024-10-07,40.8
CB-1017,2024-10-14,41.2
CB-1017,2024-10-21,42.2
CB-1017,2024-10-28,43.5
CB-1017,2024-11-04,45.0
CB-1017,2024-11-11,44.0
CB-1017,2024-11-18,46.0
CB-1017,2024-11-25,45.2
CB-1017,2024-12-02,47.0
CB-1017,2024-12-09,50.8
CB-1017,2024-12-16,51.5
CB-1017,2024-12-23,55.0
CB-1017,2024-12-30,55.0
CB-1017,2025-01-06,56.2
CB-1017,2025-01-13,59.2
CB-1017,2025-01-20,59.2
CB-1017,2025-01-27,60.8
CB-1017,2025-02-03,64.0
CB-1017,2025-02-10,66.2
CB-1017,2025-02-17,68.5
CB-1017,2025-02-24,69.0
CB-1017,2025-03-03,70.2
CB-1017,2025-03-10,67.2
CB-1017,2025-03-17,68.5
CB-1017,2025-03-24,70.5
CB-1017,2025-03-31,68.2
CB-1017,2025-04-07,70.2
CB-1017,2025-04-14,69.5
CB-1017,2025-04-21,69.8
CB-1017,2025-04-28,71.8
CB-1017,2025-05-05,71.0
CB-1017,2025-05-12,71.8
CB-1017,2025-05-19,72.0
CB-1017,2025-05-26,69.0
CB-1017,2025-06-02,67.2
CB-1017,2025-06-09,62.5
CB-1017,2025-06-16,61.0
CB-1017,2025-06-23,60.0
CB-1017,2025-06-30,56.8
CB-1017,2025-07-07,56.5
CB-1017,2025-07-14,53.5
CB-1017,2025-07-21,54.0
CB-1017,2025-07-28,53.2
CB-1017,2025-08-04,50.8
CB-1017,2025-08-11,51.2
CB-1017,2025-08-18,49.5
CB-1017,2025-08-25,49.5
CB-1017,2025-09-01,49.5
CB-1017,2025-09-08,48.2
CB-1017,2025-09-15,44.2
CB-1017,2025-09-22,43.0
CB-1017,2025-09-29,43.2
CB-1017,2025-10-06,44.2
CB-1017,2025-10-13,46.2
CB-1017,2025-10-20,48.5
CB-1017,2025-10-27,50.5
CB-1017,2025-11-03,52.2
CB-1017,2025-11-10,53.2
CB-1017,2025-11-17,54.5
CB-1017,2025-11-24,57.0
CB-1017,2025-12-01,54.8
CB-1017,2025-12-08,58.5
CB-1017,2025-12-15,59.2
CB-1017,2025-12-22,57.7
CB-1018,2024-01-01,97.0
CB-1018,2024-01-08,104.0
CB-1018,2024-01-15,109.7
CB-1018,2024-01-22,110.8
CB-1018,2024-01-29,116.0
CB-1018,2024-02-05,119.8
CB-1018,2024-02-12,117.8
CB-1018,2024-02-19,122.5
CB-1018,2024-02-26,126.8
CB-1018,2024-03-04,134.2
CB-1018,2024-03-11,137.5
CB-1018,2024-03-18,135.8
CB-1018,2024-03-25,136.8
CB-1018,2024-04-01,132.8
CB-1018,2024-04-08,132.8
CB-1018,2024-04-15,132.8
CB-1018,2024-04-22,131.8
CB-1018,2024-04-29,126.8
CB-1018,2024-05-06,125.8
CB-1018,2024-05-13,125.8
CB-1018,2024-05-20,125.0
CB-1018,2024-05-27,123.5
CB-1018,2024-06-03,118.0
CB-1018,2024-06-10,110.8
CB-1018,2024-06-17,102.8
CB-1018,2024-06-24,98.5
CB-1018,2024-07-01,99.5
CB-1018,2024-07-08,98.5
CB-1018,2024-07-15,97.0
CB-1018,2024-07-22,95.5
CB-1018,2024-07-29,92.2
CB-1018,2024-08-05,94.2
CB-1018,2024-08-12,94.2
CB-1018,2024-08-19,93.5
CB-1018,2024-08-26,91.5
CB-1018,2024-09-02,86.8
CB-1018,2024-09-09,84.8
CB-1018,2024-09-16,84.8
CB-1018,2024-09-23,83.5
CB-1018,2024-09-30,84.0
CB-1018,2024-10-07,80.2
CB-1018,2024-10-14,80.2
CB-1018,2024-10-21,84.0
CB-1018,2024-10-28,85.0
CB-1018,2024-11-04,93.5
CB-1018,2024-11-11,93.5
CB-1018,2024-11-18,95.0
CB-1018,2024-11-25,98.0
CB-1018,2024-12-02,97.5
CB-1018,2024-12-09,102.2
CB-1018,2024-12-16,105.5
CB-1018,2024-12-23,111.2
CB-1018,2024-12-30,118.5
CB-1018,2025-01-06,122.2
CB-1018,2025-01-13,127.8
CB-1018,2025-01-20,127.5
CB-1018,2025-01-27,129.8
CB-1018,2025-02-03,131.2
CB-1018,2025-02-10,135.5
CB-1018,2025-02-17,146.5
CB-1018,2025-02-24,146.8
CB-1018,2025-03-03,144.8
CB-1018,2025-03-10,142.0
CB-1018,2025-03-17,141.0
CB-1018,2025-03-24,144.0
CB-1018,2025-03-31,151.8
CB-1018,2025-04-07,156.8
CB-1018,2025-04-14,154.5
CB-1018,2025-04-21,156.0
CB-1018,2025-04-28,157.0
CB-1018,2025-05-05,157.0
CB-1018,2025-05-12,154.8
CB-1018,2025-05-19,151.5
CB-1018,2025-05-26,145.5
CB-1018,2025-06-02,136.8
CB-1018,2025-06-09,137.2
CB-1018,2025-06-16,132.2
CB-1018,2025-06-23,131.8
CB-1018,2025-06-30,130.2
CB-1018,2025-07-07,121.0
CB-1018,2025-07-14,117.2
CB-1018,2025-07-21,115.2
CB-1018,2025-07-28,113.0
CB-1018,2025-08-04,108.0
CB-1018,2025-08-11,104.8
CB-1018,2025-08-18,102.5
CB-1018,2025-08-25,98.8
CB-1018,2025-09-01,96.8
CB-1018,2025-09-08,99.2
CB-1018,2025-09-15,96.0
CB-1018,2025-09-22,95.5
CB-1018,2025-09-29,98.0
CB-1018,2025-10-06,96.5
CB-1018,2025-10-13,94.8
CB-1018,2025-10-20,98.2
CB-1018,2025-10-27,101.8
CB-1018,2025-11-03,102.2
CB-1018,2025-11-10,106.0
CB-1018,2025-11-17,106.0
CB-1018,2025-11-24,110.2
CB-1018,2025-12-01,111.0
CB-1018,2025-12-08,110.5
CB-1018,2025-12-15,116.2
CB-1018,2025-12-22,114.3
CB-1019,2024-01-01,0.0
CB-1019,2024-01-08,0.0
CB-1019,2024-01-15,0.0
CB-1019,2024-01-22,3.2
CB-1019,2024-01-29,3.2
CB-1019,2024-02-05,13.8
CB-1019,2024-02-12,13.8
CB-1019,2024-02-19,10.5
CB-1019,2024-02-26,10.5
CB-1019,2024-03-04,0.0
CB-1019,2024-03-11,0.0
CB-1019,2024-03-18,8.0
CB-1019,2024-03-25,21.0
CB-1019,2024-04-01,21.0
CB-1019,2024-04-08,21.0
CB-1019,2024-04-15,13.0
CB-1019,2024-04-22,0.0
CB-1019,2024-04-29,14.0
CB-1019,2024-05-06,14.0
CB-1019,2024-05-13,14.0
CB-1019,2024-05-20,14.0
CB-1019,2024-05-27,0.0
CB-1019,2024-06-03,4.5
CB-1019,2024-06-10,12.5
CB-1019,2024-06-17,12.5
CB-1019,2024-06-24,12.5
CB-1019,2024-07-01,8.0
CB-1019,2024-07-08,0.0
CB-1019,2024-07-15,0.0
CB-1019,2024-07-22,12.5
CB-1019,2024-07-29,23.5
CB-1019,2024-08-05,23.5
CB-1019,2024-08-12,23.5
CB-1019,2024-08-19,11.0
CB-1019,2024-08-26,13.2
CB-1019,2024-09-02,13.2
CB-1019,2024-09-09,13.2
CB-1019,2024-09-16,13.2
CB-1019,2024-09-23,0.0
CB-1019,2024-09-30,0.0
CB-1019,2024-10-07,0.0
CB-1019,2024-10-14,0.0
CB-1019,2024-10-21,0.0
CB-1019,2024-10-28,0.0
CB-1019,2024-11-04,0.0
CB-1019,2024-11-11,0.0
CB-1019,2024-11-18,0.0
CB-1019,2024-11-25,4.2
CB-1019,2024-12-02,4.2
CB-1019,2024-12-09,4.2
CB-1019,2024-12-16,4.2
CB-1019,2024-12-23,8.0
CB-1019,2024-12-30,8.0
CB-1019,2025-01-06,8.0
CB-1019,2025-01-13,17.2
CB-1019,2025-01-20,9.2
CB-1019,2025-01-27,9.2
CB-1019,2025-02-03,9.2
CB-1019,2025-02-10,0.0
CB-1019,2025-02-17,0.0
CB-1019,2025-02-24,0.0
CB-1019,2025-03-03,0.0
CB-1019,2025-03-10,0.0
CB-1019,2025-03-17,0.0
CB-1019,2025-03-24,0.0
CB-1019,2025-03-31,0.0
CB-1019,2025-04-07,0.0
CB-1019,2025-04-14,0.0
CB-1019,2025-04-21,9.2
CB-1019,2025-04-28,20.8
CB-1019,2025-05-05,31.2
CB-1019,2025-05-12,39.5
CB-1019,2025-05-19,30.2
CB-1019,2025-05-26,18.8
CB-1019,2025-06-02,8.2
CB-1019,2025-06-09,0.0
CB-1019,2025-06-16,0.0
CB-1019,2025-06-23,12.5
CB-1019,2025-06-30,19.2
CB-1019,2025-07-07,19.2
CB-1019,2025-07-14,19.2
CB-1019,2025-07-21,6.8
CB-1019,2025-07-28,0.0
CB-1019,2025-08-04,0.0
CB-1019,2025-08-11,0.0
CB-1019,2025-08-18,0.0
CB-1019,2025-08-25,0.0
CB-1019,2025-09-01,3.5
CB-1019,2025-09-08,3.5
CB-1019,2025-09-15,3.5
CB-1019,2025-09-22,8.2
CB-1019,2025-09-29,17.8
CB-1019,2025-10-06,26.0
CB-1019,2025-10-13,26.0
CB-1019,2025-10-20,30.2
CB-1019,2025-10-27,17.2
CB-1019,2025-11-03,9.0
CB-1019,2025-11-10,9.0
CB-1019,2025-11-17,0.0
CB-1019,2025-11-24,11.5
CB-1019,2025-12-01,11.5
CB-1019,2025-12-08,18.2
CB-1019,2025-12-15,18.2
CB-1019,2025-12-22,9.0
CB-1020,2024-01-01,59.0
CB-1020,2024-01-08,46.5
CB-1020,2024-01-15,47.3
CB-1020,2024-01-22,45.2
CB-1020,2024-01-29,42.8
CB-1020,2024-02-05,51.5
CB-1020,2024-02-12,52.8
CB-1020,2024-02-19,47.5
CB-1020,2024-02-26,49.0
CB-1020,2024-03-04,49.0
CB-1020,2024-03-11,46.8
CB-1020,2024-03-18,58.8
CB-1020,2024-03-25,54.2
CB-1020,2024-04-01,43.0
CB-1020,2024-04-08,44.5
CB-1020,2024-04-15,32.8
CB-1020,2024-04-22,34.5
CB-1020,2024-04-29,45.8
CB-1020,2024-05-06,37.0
CB-1020,2024-05-13,38.8
CB-1020,2024-05-20,35.0
CB-1020,2024-05-27,28.8
CB-1020,2024-06-03,34.2
CB-1020,2024-06-10,43.5
CB-1020,2024-06-17,50.0
CB-1020,2024-06-24,50.8
CB-1020,2024-07-01,51.5
CB-1020,2024-07-08,46.5
CB-1020,2024-07-15,39.2
CB-1020,2024-07-22,39.2
CB-1020,2024-07-29,34.2
CB-1020,2024-08-05,34.5
CB-1020,2024-08-12,39.8
CB-1020,2024-08-19,36.8
CB-1020,2024-08-26,39.0
CB-1020,2024-09-02,37.0
CB-1020,2024-09-09,25.2
CB-1020,2024-09-16,25.2
CB-1020,2024-09-23,25.2
CB-1020,2024-09-30,24.0
CB-1020,2024-10-07,33.8
CB-1020,2024-10-14,32.8
CB-1020,2024-10-21,30.2
CB-1020,2024-10-28,30.5
CB-1020,2024-11-04,29.5
CB-1020,2024-11-11,31.0
CB-1020,2024-11-18,35.5
CB-1020,2024-11-25,40.2
CB-1020,2024-12-02,37.5
CB-1020,2024-12-09,39.0
CB-1020,2024-12-16,44.5
CB-1020,2024-12-23,36.0
CB-1020,2024-12-30,41.8
CB-1020,2025-01-06,40.0
CB-1020,2025-01-13,35.2
CB-1020,2025-01-20,39.2
CB-1020,2025-01-27,39.2
CB-1020,2025-02-03,51.0
CB-1020,2025-02-10,48.0
CB-1020,2025-02-17,47.5
CB-1020,2025-02-24,43.0
CB-1020,2025-03-03,44.0
CB-1020,2025-03-10,48.2
CB-1020,2025-03-17,54.0
CB-1020,2025-03-24,58.5
CB-1020,2025-03-31,46.0
CB-1020,2025-04-07,47.0
CB-1020,2025-04-14,59.0
CB-1020,2025-04-21,67.5
CB-1020,2025-04-28,67.8
CB-1020,2025-05-05,71.5
CB-1020,2025-05-12,55.2
CB-1020,2025-05-19,39.8
CB-1020,2025-05-26,47.2
CB-1020,2025-06-02,48.2
CB-1020,2025-06-09,55.2
CB-1020,2025-06-16,60.2
CB-1020,2025-06-23,54.0
CB-1020,2025-06-30,50.8
CB-1020,2025-07-07,46.8
CB-1020,2025-07-14,46.0
CB-1020,2025-07-21,39.8
CB-1020,2025-07-28,36.0
CB-1020,2025-08-04,37.0
CB-1020,2025-08-11,33.5
CB-1020,2025-08-18,40.2
CB-1020,2025-08-25,40.0
CB-1020,2025-09-01,38.0
CB-1020,2025-09-08,44.0
CB-1020,2025-09-15,39.2
CB-1020,2025-09-22,33.0
CB-1020,2025-09-29,29.0
CB-1020,2025-10-06,29.0
CB-1020,2025-10-13,29.8
CB-1020,2025-10-20,33.0
CB-1020,2025-10-27,29.2
CB-1020,2025-11-03,33.2
CB-1020,2025-11-10,38.8
CB-1020,2025-11-17,44.8
CB-1020,2025-11-24,55.2
CB-1020,2025-12-01,52.8
CB-1020,2025-12-08,50.2
CB-1020,2025-12-15,48.2
CB-1020,2025-12-22,45.7
CB-1021,2024-01-01,69.0
CB-1021,2024-01-08,73.0
CB-1021,2024-01-15,72.0
CB-1021,2024-01-22,76.0
CB-1021,2024-01-29,77.8
CB-1021,2024-02-05,80.0
CB-1021,2024-02-12,85.2
CB-1021,2024-02-19,85.2
CB-1021,2024-02-26,88.2
CB-1021,2024-03-04,88.8
CB-1021,2024-03-11,88.2
CB-1021,2024-03-18,87.8
CB-1021,2024-03-25,87.5
CB-1021,2024-04-01,90.8
CB-1021,2024-04-08,90.8
CB-1021,2024-04-15,90.2
CB-1021,2024-04-22,89.8
CB-1021,2024-04-29,88.5
CB-1021,2024-05-06,89.0
CB-1021,2024-05-13,90.2
CB-1021,2024-05-20,89.5
CB-1021,2024-05-27,87.0
CB-1021,2024-06-03,83.2
CB-1021,2024-06-10,80.2
CB-1021,2024-06-17,80.2
CB-1021,2024-06-24,78.5
CB-1021,2024-07-01,76.2
CB-1021,2024-07-08,73.2
CB-1021,2024-07-15,70.0
CB-1021,2024-07-22,69.0
CB-1021,2024-07-29,66.0
CB-1021,2024-08-05,65.8
CB-1021,2024-08-12,62.2
CB-1021,2024-08-19,57.8
CB-1021,2024-08-26,58.2
CB-1021,2024-09-02,56.2
CB-1021,2024-09-09,56.2
CB-1021,2024-09-16,56.2
CB-1021,2024-09-23,55.8
CB-1021,2024-09-30,54.5
CB-1021,2024-10-07,56.2
CB-1021,2024-10-14,57.8
CB-1021,2024-10-21,60.0
CB-1021,2024-10-28,60.8
CB-1021,2024-11-04,61.5
CB-1021,2024-11-11,62.8
CB-1021,2024-11-18,62.0
CB-1021,2024-11-25,65.8
CB-1021,2024-12-02,67.2
CB-1021,2024-12-09,71.5
CB-1021,2024-12-16,78.2
CB-1021,2024-12-23,78.0
CB-1021,2024-12-30,84.8
CB-1021,2025-01-06,83.0
CB-1021,2025-01-13,84.2
CB-1021,2025-01-20,91.2
CB-1021,2025-01-27,87.8
CB-1021,2025-02-03,92.5
CB-1021,2025-02-10,92.8
CB-1021,2025-02-17,94.0
CB-1021,2025-02-24,98.0
CB-1021,2025-03-03,101.0
CB-1021,2025-03-10,102.8
CB-1021,2025-03-17,102.5
CB-1021,2025-03-24,105.0
CB-1021,2025-03-31,104.2
CB-1021,2025-04-07,105.8
CB-1021,2025-04-14,104.5
CB-1021,2025-04-21,100.0
CB-1021,2025-04-28,97.0
CB-1021,2025-05-05,93.5
CB-1021,2025-05-12,95.2
CB-1021,2025-05-19,97.8
CB-1021,2025-05-26,97.0
CB-1021,2025-06-02,98.8
CB-1021,2025-06-09,97.8
CB-1021,2025-06-16,94.0
CB-1021,2025-06-23,90.8
CB-1021,2025-06-30,88.5
CB-1021,2025-07-07,83.5
CB-1021,2025-07-14,81.0
CB-1021,2025-07-21,79.5
CB-1021,2025-07-28,73.5
CB-1021,2025-08-04,69.5
CB-1021,2025-08-11,68.2
CB-1021,2025-08-18,66.0
CB-1021,2025-08-25,69.8
CB-1021,2025-09-01,69.2
CB-1021,2025-09-08,65.8
CB-1021,2025-09-15,66.8
CB-1021,2025-09-22,64.2
CB-1021,2025-09-29,65.5
CB-1021,2025-10-06,68.0
CB-1021,2025-10-13,65.2
CB-1021,2025-10-20,63.2
CB-1021,2025-10-27,62.8
CB-1021,2025-11-03,60.8
CB-1021,2025-11-10,65.0
CB-1021,2025-11-17,64.2
CB-1021,2025-11-24,65.8
CB-1021,2025-12-01,69.8
CB-1021,2025-12-08,70.8
CB-1021,2025-12-15,77.5
CB-1021,2025-12-22,80.3
CB-1022,2024-01-01,57.0
CB-1022,2024-01-08,49.5
CB-1022,2024-01-15,49.0
CB-1022,2024-01-22,49.8
CB-1022,2024-01-29,47.5
CB-1022,2024-02-05,47.0
CB-1022,2024-02-12,45.5
CB-1022,2024-02-19,41.2
CB-1022,2024-02-26,43.5
CB-1022,2024-03-04,45.5
CB-1022,2024-03-11,44.8
CB-1022,2024-03-18,45.8
CB-1022,2024-03-25,38.8
CB-1022,2024-04-01,43.8
CB-1022,2024-04-08,47.0
CB-1022,2024-04-15,46.0
CB-1022,2024-04-22,54.8
CB-1022,2024-04-29,47.8
CB-1022,2024-05-06,41.0
CB-1022,2024-05-13,48.8
CB-1022,2024-05-20,42.5
CB-1022,2024-05-27,42.5
CB-1022,2024-06-03,47.8
CB-1022,2024-06-10,46.8
CB-1022,2024-06-17,47.8
CB-1022,2024-06-24,43.8
CB-1022,2024-07-01,44.5
CB-1022,2024-07-08,37.2
CB-1022,2024-07-15,42.5
CB-1022,2024-07-22,45.8
CB-1022,2024-07-29,35.5
CB-1022,2024-08-05,37.2
CB-1022,2024-08-12,35.8
CB-1022,2024-08-19,39.8
CB-1022,2024-08-26,51.5
CB-1022,2024-09-02,46.8
CB-1022,2024-09-09,43.0
CB-1022,2024-09-16,35.8
CB-1022,2024-09-23,30.8
CB-1022,2024-09-30,30.0
CB-1022,2024-10-07,25.8
CB-1022,2024-10-14,26.2
CB-1022,2024-10-21,28.8
CB-1022,2024-10-28,35.5
CB-1022,2024-11-04,38.8
CB-1022,2024-11-11,37.0
CB-1022,2024-11-18,34.2
CB-1022,2024-11-25,30.2
CB-1022,2024-12-02,33.8
CB-1022,2024-12-09,43.8
CB-1022,2024-12-16,50.0
CB-1022,2024-12-23,51.0
CB-1022,2024-12-30,38.2
CB-1022,2025-01-06,28.0
CB-1022,2025-01-13,31.5
CB-1022,2025-01-20,34.0
CB-1022,2025-01-27,43.0
CB-1022,2025-02-03,59.2
CB-1022,2025-02-10,60.5
CB-1022,2025-02-17,63.5
CB-1022,2025-02-24,66.5
CB-1022,2025-03-03,59.2
CB-1022,2025-03-10,55.0
CB-1022,2025-03-17,63.5
CB-1022,2025-03-24,67.5
CB-1022,2025-03-31,72.0
CB-1022,2025-04-07,77.0
CB-1022,2025-04-14,63.2
CB-1022,2025-04-21,64.5
CB-1022,2025-04-28,59.0
CB-1022,2025-05-05,40.5
CB-1022,2025-05-12,35.5
CB-1022,2025-05-19,26.2
CB-1022,2025-05-26,29.2
CB-1022,2025-06-02,40.8
CB-1022,2025-06-09,50.5
CB-1022,2025-06-16,62.5
CB-1022,2025-06-23,53.5
CB-1022,2025-06-30,51.5
CB-1022,2025-07-07,50.5
CB-1022,2025-07-14,38.0
CB-1022,2025-07-21,42.0
CB-1022,2025-07-28,35.2
CB-1022,2025-08-04,37.8
CB-1022,2025-08-11,37.2
CB-1022,2025-08-18,43.0
CB-1022,2025-08-25,47.8
CB-1022,2025-09-01,45.5
CB-1022,2025-09-08,47.0
CB-1022,2025-09-15,39.8
CB-1022,2025-09-22,37.8
CB-1022,2025-09-29,34.8
CB-1022,2025-10-06,36.0
CB-1022,2025-10-13,33.8
CB-1022,2025-10-20,35.5
CB-1022,2025-10-27,33.8
CB-1022,2025-11-03,41.5
CB-1022,2025-11-10,44.8
CB-1022,2025-11-17,52.0
CB-1022,2025-11-24,54.5
CB-1022,2025-12-01,48.8
CB-1022,2025-12-08,45.0
CB-1022,2025-12-15,39.0
CB-1022,2025-12-22,38.3
CB-1023,2024-01-01,0.0
CB-1023,2024-01-08,0.0
CB-1023,2024-01-15,0.0
CB-1023,2024-01-22,0.0
CB-1023,2024-01-29,0.0
CB-1023,2024-02-05,0.0
CB-1023,2024-02-12,0.0
CB-1023,2024-02-19,11.2
CB-1023,2024-02-26,11.2
CB-1023,2024-03-04,25.8
CB-1023,2024-03-11,25.8
CB-1023,2024-03-18,14.5
CB-1023,2024-03-25,14.5
CB-1023,2024-04-01,0.0
CB-1023,2024-04-08,0.0
CB-1023,2024-04-15,0.0
CB-1023,2024-04-22,0.0
CB-1023,2024-04-29,0.0
CB-1023,2024-05-06,0.0
CB-1023,2024-05-13,10.2
CB-1023,2024-05-20,10.2
CB-1023,2024-05-27,10.2
CB-1023,2024-06-03,10.2
CB-1023,2024-06-10,0.0
CB-1023,2024-06-17,0.0
CB-1023,2024-06-24,0.0
CB-1023,2024-07-01,0.0
CB-1023,2024-07-08,0.0
CB-1023,2024-07-15,0.0
CB-1023,2024-07-22,0.0
CB-1023,2024-07-29,0.0
CB-1023,2024-08-05,0.0
CB-1023,2024-08-12,2.5
CB-1023,2024-08-19,2.5
CB-1023,2024-08-26,2.5
CB-1023,2024-09-02,16.8
CB-1023,2024-09-09,14.2
CB-1023,2024-09-16,14.2
CB-1023,2024-09-23,14.2
CB-1023,2024-09-30,0.0
CB-1023,2024-10-07,0.0
CB-1023,2024-10-14,0.0
CB-1023,2024-10-21,0.0
CB-1023,2024-10-28,14.2
CB-1023,2024-11-04,14.2
CB-1023,2024-11-11,14.2
CB-1023,2024-11-18,14.2
CB-1023,2024-11-25,0.0
CB-1023,2024-12-02,0.0
CB-1023,2024-12-09,0.0
CB-1023,2024-12-16,10.5
CB-1023,2024-12-23,10.5
CB-1023,2024-12-30,10.5
CB-1023,2025-01-06,16.2
CB-1023,2025-01-13,5.8
CB-1023,2025-01-20,5.8
CB-1023,2025-01-27,9.8
CB-1023,2025-02-03,4.0
CB-1023,2025-02-10,14.8
CB-1023,2025-02-17,14.8
CB-1023,2025-02-24,10.8
CB-1023,2025-03-03,10.8
CB-1023,2025-03-10,1.8
CB-1023,2025-03-17,1.8
CB-1023,2025-03-24,1.8
CB-1023,2025-03-31,1.8
CB-1023,2025-04-07,12.0
CB-1023,2025-04-14,12.0
CB-1023,2025-04-21,12.0
CB-1023,2025-04-28,27.0
CB-1023,2025-05-05,27.5
CB-1023,2025-05-12,27.5
CB-1023,2025-05-19,27.5
CB-1023,2025-05-26,12.5
CB-1023,2025-06-02,0.0
CB-1023,2025-06-09,1.2
CB-1023,2025-06-16,1.2
CB-1023,2025-06-23,1.2
CB-1023,2025-06-30,5.0
CB-1023,2025-07-07,3.8
CB-1023,2025-07-14,5.8
CB-1023,2025-07-21,5.8
CB-1023,2025-07-28,2.0
CB-1023,2025-08-04,2.0
CB-1023,2025-08-11,0.0
CB-1023,2025-08-18,11.0
CB-1023,2025-08-25,11.0
CB-1023,2025-09-01,11.0
CB-1023,2025-09-08,14.8
CB-1023,2025-09-15,13.2
CB-1023,2025-09-22,13.2
CB-1023,2025-09-29,13.2
CB-1023,2025-10-06,9.5
CB-1023,2025-10-13,0.0
CB-1023,2025-10-20,0.0
CB-1023,2025-10-27,13.2
CB-1023,2025-11-03,13.2
CB-1023,2025-11-10,21.5
CB-1023,2025-11-17,21.5
CB-1023,2025-11-24,8.2
CB-1023,2025-12-01,8.2
CB-1023,2025-12-08,2.0
CB-1023,2025-12-15,13.2
CB-1023,2025-12-22,17.7
CB-1024,2024-01-01,50.0
CB-1024,2024-01-08,52.0
CB-1024,2024-01-15,52.3
CB-1024,2024-01-22,52.2
CB-1024,2024-01-29,55.0
CB-1024,2024-02-05,57.0
CB-1024,2024-02-12,60.2
CB-1024,2024-02-19,63.8
CB-1024,2024-02-26,65.0
CB-1024,2024-03-04,66.5
CB-1024,2024-03-11,66.2
CB-1024,2024-03-18,66.8
CB-1024,2024-03-25,66.0
CB-1024,2024-04-01,66.0
CB-1024,2024-04-08,67.2
CB-1024,2024-04-15,65.8
CB-1024,2024-04-22,66.5
CB-1024,2024-04-29,65.0
CB-1024,2024-05-06,62.8
CB-1024,2024-05-13,61.5
CB-1024,2024-05-20,62.0
CB-1024,2024-05-27,63.0
CB-1024,2024-06-03,63.2
CB-1024,2024-06-10,65.8
CB-1024,2024-06-17,62.5
CB-1024,2024-06-24,63.0
CB-1024,2024-07-01,60.5
CB-1024,2024-07-08,57.0
CB-1024,2024-07-15,55.5
CB-1024,2024-07-22,51.0
CB-1024,2024-07-29,50.8
CB-1024,2024-08-05,49.0
CB-1024,2024-08-12,49.8
CB-1024,2024-08-19,48.5
CB-1024,2024-08-26,47.0
CB-1024,2024-09-02,45.5
CB-1024,2024-09-09,43.5
CB-1024,2024-09-16,42.8
CB-1024,2024-09-23,41.5
CB-1024,2024-09-30,41.5
CB-1024,2024-10-07,43.5
CB-1024,2024-10-14,43.8
CB-1024,2024-10-21,43.5
CB-1024,2024-10-28,44.2
CB-1024,2024-11-04,42.8
CB-1024,2024-11-11,44.5
CB-1024,2024-11-18,47.8
CB-1024,2024-11-25,50.5
CB-1024,2024-12-02,51.5
CB-1024,2024-12-09,53.0
CB-1024,2024-12-16,53.0
CB-1024,2024-12-23,53.2
CB-1024,2024-12-30,54.8
CB-1024,2025-01-06,54.8
CB-1024,2025-01-13,59.0
CB-1024,2025-01-20,62.5
CB-1024,2025-01-27,66.5
CB-1024,2025-02-03,69.8
CB-1024,2025-02-10,71.0
CB-1024,2025-02-17,69.0
CB-1024,2025-02-24,70.2
CB-1024,2025-03-03,71.5
CB-1024,2025-03-10,72.5
CB-1024,2025-03-17,76.5
CB-1024,2025-03-24,74.5
CB-1024,2025-03-31,72.5
CB-1024,2025-04-07,70.5
CB-1024,2025-04-14,70.8
CB-1024,2025-04-21,73.0
CB-1024,2025-04-28,72.8
CB-1024,2025-05-05,71.8
CB-1024,2025-05-12,69.0
CB-1024,2025-05-19,66.5
CB-1024,2025-05-26,65.5
CB-1024,2025-06-02,63.8
CB-1024,2025-06-09,62.2
CB-1024,2025-06-16,61.2
CB-1024,2025-06-23,60.0
CB-1024,2025-06-30,60.0
CB-1024,2025-07-07,60.5
CB-1024,2025-07-14,57.2
CB-1024,2025-07-21,56.8
CB-1024,2025-07-28,56.5
CB-1024,2025-08-04,53.2
CB-1024,2025-08-11,52.5
CB-1024,2025-08-18,52.5
CB-1024,2025-08-25,50.0
CB-1024,2025-09-01,50.5
CB-1024,2025-09-08,50.8
CB-1024,2025-09-15,48.8
CB-1024,2025-09-22,49.0
CB-1024,2025-09-29,48.2
CB-1024,2025-10-06,49.0
CB-1024,2025-10-13,49.2
CB-1024,2025-10-20,49.5
CB-1024,2025-10-27,49.8
CB-1024,2025-11-03,50.5
CB-1024,2025-11-10,51.0
CB-1024,2025-11-17,53.5
CB-1024,2025-11-24,55.8
CB-1024,2025-12-01,55.2
CB-1024,2025-12-08,59.8
CB-1024,2025-12-15,63.2
CB-1024,2025-12-22,64.7
CB-1025,2024-01-01,34.0
CB-1025,2024-01-08,31.5
CB-1025,2024-01-15,52.0
CB-1025,2024-01-22,56.5
CB-1025,2024-01-29,63.2
CB-1025,2024-02-05,78.5
CB-1025,2024-02-12,83.8
CB-1025,2024-02-19,78.0
CB-1025,2024-02-26,83.2
CB-1025,2024-03-04,98.5
CB-1025,2024-03-11,85.5
CB-1025,2024-03-18,106.5
CB-1025,2024-03-25,107.0
CB-1025,2024-04-01,99.2
CB-1025,2024-04-08,118.5
CB-1025,2024-04-15,117.2
CB-1025,2024-04-22,129.0
CB-1025,2024-04-29,113.8
CB-1025,2024-05-06,112.8
CB-1025,2024-05-13,98.0
CB-1025,2024-05-20,90.8
CB-1025,2024-05-27,101.0
CB-1025,2024-06-03,93.5
CB-1025,2024-06-10,101.2
CB-1025,2024-06-17,90.8
CB-1025,2024-06-24,76.8
CB-1025,2024-07-01,76.8
CB-1025,2024-07-08,73.2
CB-1025,2024-07-15,85.0
CB-1025,2024-07-22,92.2
CB-1025,2024-07-29,75.2
CB-1025,2024-08-05,77.8
CB-1025,2024-08-12,66.0
CB-1025,2024-08-19,66.5
CB-1025,2024-08-26,70.0
CB-1025,2024-09-02,72.2
CB-1025,2024-09-09,68.5
CB-1025,2024-09-16,64.0
CB-1025,2024-09-23,68.0
CB-1025,2024-09-30,52.2
CB-1025,2024-10-07,59.2
CB-1025,2024-10-14,70.8
CB-1025,2024-10-21,68.0
CB-1025,2024-10-28,77.5
CB-1025,2024-11-04,60.0
CB-1025,2024-11-11,52.2
CB-1025,2024-11-18,55.0
CB-1025,2024-11-25,49.2
CB-1025,2024-12-02,76.0
CB-1025,2024-12-09,76.2
CB-1025,2024-12-16,79.5
CB-1025,2024-12-23,84.8
CB-1025,2024-12-30,64.8
CB-1025,2025-01-06,60.8
CB-1025,2025-01-13,73.0
CB-1025,2025-01-20,60.5
CB-1025,2025-01-27,71.5
CB-1025,2025-02-03,79.8
CB-1025,2025-02-10,90.2
CB-1025,2025-02-17,118.0
CB-1025,2025-02-24,121.5
CB-1025,2025-03-03,139.5
CB-1025,2025-03-10,117.5
CB-1025,2025-03-17,121.5
CB-1025,2025-03-24,114.2
CB-1025,2025-03-31,112.8
CB-1025,2025-04-07,116.2
CB-1025,2025-04-14,96.0
CB-1025,2025-04-21,107.0
CB-1025,2025-04-28,98.2
CB-1025,2025-05-05,96.5
CB-1025,2025-05-12,110.5
CB-1025,2025-05-19,105.8
CB-1025,2025-05-26,107.0
CB-1025,2025-06-02,113.5
CB-1025,2025-06-09,105.5
CB-1025,2025-06-16,104.8
CB-1025,2025-06-23,97.8
CB-1025,2025-06-30,95.8
CB-1025,2025-07-07,109.5
CB-1025,2025-07-14,117.8
CB-1025,2025-07-21,121.0
CB-1025,2025-07-28,136.0
CB-1025,2025-08-04,121.5
CB-1025,2025-08-11,115.5
CB-1025,2025-08-18,111.2
CB-1025,2025-08-25,81.2
CB-1025,2025-09-01,73.5
CB-1025,2025-09-08,65.8
CB-1025,2025-09-15,64.2
CB-1025,2025-09-22,69.0
CB-1025,2025-09-29,72.5
CB-1025,2025-10-06,82.8
CB-1025,2025-10-13,84.8
CB-1025,2025-10-20,85.8
CB-1025,2025-10-27,81.5
CB-1025,2025-11-03,84.0
CB-1025,2025-11-10,85.8
CB-1025,2025-11-17,77.2
CB-1025,2025-11-24,81.8
CB-1025,2025-12-01,77.8
CB-1025,2025-12-08,81.2
CB-1025,2025-12-15,103.2
CB-1025,2025-12-22,112.0
CB-1026,2024-01-01,0.0
CB-1026,2024-01-08,0.0
CB-1026,2024-01-15,11.0
CB-1026,2024-01-22,18.5
CB-1026,2024-01-29,26.8
CB-1026,2024-02-05,32.0
CB-1026,2024-02-12,33.5
CB-1026,2024-02-19,23.2
CB-1026,2024-02-26,28.0
CB-1026,2024-03-04,22.8
CB-1026,2024-03-11,13.0
CB-1026,2024-03-18,13.0
CB-1026,2024-03-25,0.0
CB-1026,2024-04-01,8.5
CB-1026,2024-04-08,21.8
CB-1026,2024-04-15,21.8
CB-1026,2024-04-22,21.8
CB-1026,2024-04-29,13.2
CB-1026,2024-05-06,0.0
CB-1026,2024-05-13,0.0
CB-1026,2024-05-20,2.2
CB-1026,2024-05-27,2.2
CB-1026,2024-06-03,8.0
CB-1026,2024-06-10,17.5
CB-1026,2024-06-17,19.0
CB-1026,2024-06-24,25.2
CB-1026,2024-07-01,19.5
CB-1026,2024-07-08,10.0
CB-1026,2024-07-15,6.2
CB-1026,2024-07-22,0.0
CB-1026,2024-07-29,12.5
CB-1026,2024-08-05,12.5
CB-1026,2024-08-12,12.5
CB-1026,2024-08-19,14.2
CB-1026,2024-08-26,1.8
CB-1026,2024-09-02,1.8
CB-1026,2024-09-09,1.8
CB-1026,2024-09-16,0.0
CB-1026,2024-09-23,12.2
CB-1026,2024-09-30,12.2
CB-1026,2024-10-07,12.2
CB-1026,2024-10-14,17.5
CB-1026,2024-10-21,5.2
CB-1026,2024-10-28,5.2
CB-1026,2024-11-04,5.2
CB-1026,2024-11-11,5.5
CB-1026,2024-11-18,5.5
CB-1026,2024-11-25,5.5
CB-1026,2024-12-02,5.5
CB-1026,2024-12-09,0.0
CB-1026,2024-12-16,0.0
CB-1026,2024-12-23,0.0
CB-1026,2024-12-30,0.0
CB-1026,2025-01-06,0.0
CB-1026,2025-01-13,0.0
CB-1026,2025-01-20,0.0
CB-1026,2025-01-27,0.0
CB-1026,2025-02-03,0.0
CB-1026,2025-02-10,0.0
CB-1026,2025-02-17,0.0
CB-1026,2025-02-24,0.0
CB-1026,2025-03-03,0.0
CB-1026,2025-03-10,0.0
CB-1026,2025-03-17,0.0
CB-1026,2025-03-24,0.0
CB-1026,2025-03-31,8.0
CB-1026,2025-04-07,8.0
CB-1026,2025-04-14,21.0
CB-1026,2025-04-21,21.0
CB-1026,2025-04-28,25.5
CB-1026,2025-05-05,25.5
CB-1026,2025-05-12,12.5
CB-1026,2025-05-19,12.5
CB-1026,2025-05-26,0.0
CB-1026,2025-06-02,0.0
CB-1026,2025-06-09,0.0
CB-1026,2025-06-16,10.0
CB-1026,2025-06-23,10.0
CB-1026,2025-06-30,10.0
CB-1026,2025-07-07,10.0
CB-1026,2025-07-14,0.0
CB-1026,2025-07-21,0.0
CB-1026,2025-07-28,14.5
CB-1026,2025-08-04,14.5
CB-1026,2025-08-11,14.5
CB-1026,2025-08-18,14.5
CB-1026,2025-08-25,0.0
CB-1026,2025-09-01,0.0
CB-1026,2025-09-08,0.0
CB-1026,2025-09-15,8.8
CB-1026,2025-09-22,8.8
CB-1026,2025-09-29,8.8
CB-1026,2025-10-06,8.8
CB-1026,2025-10-13,6.5
CB-1026,2025-10-20,6.5
CB-1026,2025-10-27,6.5
CB-1026,2025-11-03,9.8
CB-1026,2025-11-10,3.2
CB-1026,2025-11-17,3.2
CB-1026,2025-11-24,4.8
CB-1026,2025-12-01,1.5
CB-1026,2025-12-08,12.5
CB-1026,2025-12-15,12.5
CB-1026,2025-12-22,14.7
CB-1027,2024-01-01,38.0
CB-1027,2024-01-08,46.0
CB-1027,2024-01-15,56.3
CB-1027,2024-01-22,58.5
CB-1027,2024-01-29,57.0
CB-1027,2024-02-05,52.2
CB-1027,2024-02-12,41.8
CB-1027,2024-02-19,45.5
CB-1027,2024-02-26,67.2
CB-1027,2024-03-04,84.5
CB-1027,2024-03-11,81.8
CB-1027,2024-03-18,88.5
CB-1027,2024-03-25,82.5
CB-1027,2024-04-01,64.8
CB-1027,2024-04-08,74.8
CB-1027,2024-04-15,72.8
CB-1027,2024-04-22,70.0
CB-1027,2024-04-29,71.2
CB-1027,2024-05-06,76.2
CB-1027,2024-05-13,55.8
CB-1027,2024-05-20,50.2
CB-1027,2024-05-27,63.5
CB-1027,2024-06-03,58.5
CB-1027,2024-06-10,67.0
CB-1027,2024-06-17,71.5
CB-1027,2024-06-24,68.5
CB-1027,2024-07-01,73.5
CB-1027,2024-07-08,79.0
CB-1027,2024-07-15,77.8
CB-1027,2024-07-22,74.5
CB-1027,2024-07-29,67.5
CB-1027,2024-08-05,62.2
CB-1027,2024-08-12,54.8
CB-1027,2024-08-19,45.2
CB-1027,2024-08-26,39.0
CB-1027,2024-09-02,36.5
CB-1027,2024-09-09,37.8
CB-1027,2024-09-16,48.0
CB-1027,2024-09-23,51.5
CB-1027,2024-09-30,56.5
CB-1027,2024-10-07,60.0
CB-1027,2024-10-14,53.5
CB-1027,2024-10-21,56.8
CB-1027,2024-10-28,52.5
CB-1027,2024-11-04,54.8
CB-1027,2024-11-11,59.8
CB-1027,2024-11-18,53.0
CB-1027,2024-11-25,56.2
CB-1027,2024-12-02,60.5
CB-1027,2024-12-09,58.5
CB-1027,2024-12-16,68.2
CB-1027,2024-12-23,72.5
CB-1027,2024-12-30,60.2
CB-1027,2025-01-06,66.2
CB-1027,2025-01-13,57.5
CB-1027,2025-01-20,52.5
CB-1027,2025-01-27,67.2
CB-1027,2025-02-03,68.2
CB-1027,2025-02-10,76.5
CB-1027,2025-02-17,85.0
CB-1027,2025-02-24,79.2
CB-1027,2025-03-03,78.2
CB-1027,2025-03-10,85.8
CB-1027,2025-03-17,78.5
CB-1027,2025-03-24,79.8
CB-1027,2025-03-31,78.0
CB-1027,2025-04-07,62.5
CB-1027,2025-04-14,61.0
CB-1027,2025-04-21,71.2
CB-1027,2025-04-28,75.5
CB-1027,2025-05-05,77.0
CB-1027,2025-05-12,72.2
CB-1027,2025-05-19,59.5
CB-1027,2025-05-26,65.8
CB-1027,2025-06-02,72.0
CB-1027,2025-06-09,88.8
CB-1027,2025-06-16,90.0
CB-1027,2025-06-23,80.8
CB-1027,2025-06-30,72.5
CB-1027,2025-07-07,67.8
CB-1027,2025-07-14,62.0
CB-1027,2025-07-21,62.0
CB-1027,2025-07-28,63.8
CB-1027,2025-08-04,58.0
CB-1027,2025-08-11,59.8
CB-1027,2025-08-18,53.2
CB-1027,2025-08-25,58.0
CB-1027,2025-09-01,54.8
CB-1027,2025-09-08,49.5
CB-1027,2025-09-15,56.8
CB-1027,2025-09-22,59.2
CB-1027,2025-09-29,57.0
CB-1027,2025-10-06,62.5
CB-1027,2025-10-13,52.2
CB-1027,2025-10-20,42.5
CB-1027,2025-10-27,51.5
CB-1027,2025-11-03,41.8
CB-1027,2025-11-10,51.0
CB-1027,2025-11-17,56.8
CB-1027,2025-11-24,52.5
CB-1027,2025-12-01,64.8
CB-1027,2025-12-08,65.5
CB-1027,2025-12-15,64.0
CB-1027,2025-12-22,66.3
CB-1028,2024-01-01,102.0
CB-1028,2024-01-08,110.5
CB-1028,2024-01-15,115.3
CB-1028,2024-01-22,116.5
CB-1028,2024-01-29,117.2
CB-1028,2024-02-05,118.5
CB-1028,2024-02-12,119.8
CB-1028,2024-02-19,122.5
CB-1028,2024-02-26,129.5
CB-1028,2024-03-04,131.2
CB-1028,2024-03-11,130.8
CB-1028,2024-03-18,128.8
CB-1028,2024-03-25,123.0
CB-1028,2024-04-01,123.5
CB-1028,2024-04-08,124.2
CB-1028,2024-04-15,127.2
CB-1028,2024-04-22,128.2
CB-1028,2024-04-29,128.2
CB-1028,2024-05-06,131.8
CB-1028,2024-05-13,129.0
CB-1028,2024-05-20,130.5
CB-1028,2024-05-27,127.5
CB-1028,2024-06-03,124.8
CB-1028,2024-06-10,119.8
CB-1028,2024-06-17,117.8
CB-1028,2024-06-24,112.5
CB-1028,2024-07-01,103.8
CB-1028,2024-07-08,103.0
CB-1028,2024-07-15,102.2
CB-1028,2024-07-22,104.5
CB-1028,2024-07-29,103.8
CB-1028,2024-08-05,100.5
CB-1028,2024-08-12,99.8
CB-1028,2024-08-19,93.5
CB-1028,2024-08-26,89.8
CB-1028,2024-09-02,85.8
CB-1028,2024-09-09,82.2
CB-1028,2024-09-16,83.5
CB-1028,2024-09-23,88.0
CB-1028,2024-09-30,88.5
CB-1028,2024-10-07,89.0
CB-1028,2024-10-14,88.2
CB-1028,2024-10-21,86.5
CB-1028,2024-10-28,87.2
CB-1028,2024-11-04,89.2
CB-1028,2024-11-11,92.5
CB-1028,2024-11-18,93.5
CB-1028,2024-11-25,100.5
CB-1028,2024-12-02,99.0
CB-1028,2024-12-09,99.5
CB-1028,2024-12-16,102.0
CB-1028,2024-12-23,100.0
CB-1028,2024-12-30,107.2
CB-1028,2025-01-06,115.0
CB-1028,2025-01-13,117.8
CB-1028,2025-01-20,126.2
CB-1028,2025-01-27,127.0
CB-1028,2025-02-03,128.5
CB-1028,2025-02-10,131.8
CB-1028,2025-02-17,131.2
CB-1028,2025-02-24,137.5
CB-1028,2025-03-03,138.5
CB-1028,2025-03-10,148.0
CB-1028,2025-03-17,152.2
CB-1028,2025-03-24,147.8
CB-1028,2025-03-31,152.2
CB-1028,2025-04-07,148.5
CB-1028,2025-04-14,150.2
CB-1028,2025-04-21,156.0
CB-1028,2025-04-28,149.8
CB-1028,2025-05-05,146.2
CB-1028,2025-05-12,142.0
CB-1028,2025-05-19,133.0
CB-1028,2025-05-26,131.8
CB-1028,2025-06-02,133.0
CB-1028,2025-06-09,131.2
CB-1028,2025-06-16,128.2
CB-1028,2025-06-23,122.0
CB-1028,2025-06-30,119.0
CB-1028,2025-07-07,115.0
CB-1028,2025-07-14,113.5
CB-1028,2025-07-21,113.5
CB-1028,2025-07-28,103.5
CB-1028,2025-08-04,103.5
CB-1028,2025-08-11,101.5
CB-1028,2025-08-18,102.2
CB-1028,2025-08-25,103.2
CB-1028,2025-09-01,101.2
CB-1028,2025-09-08,101.0
CB-1028,2025-09-15,98.8
CB-1028,2025-09-22,99.2
CB-1028,2025-09-29,97.5
CB-1028,2025-10-06,97.8
CB-1028,2025-10-13,96.2
CB-1028,2025-10-20,99.8
CB-1028,2025-10-27,98.2
CB-1028,2025-11-03,99.8
CB-1028,2025-11-10,102.5
CB-1028,2025-11-17,102.2
CB-1028,2025-11-24,106.0
CB-1028,2025-12-01,110.0
CB-1028,2025-12-08,113.2
CB-1028,2025-12-15,112.2
CB-1028,2025-12-22,114.0
CB-1029,2024-01-01,81.0
CB-1029,2024-01-08,83.0
CB-1029,2024-01-15,84.7
CB-1029,2024-01-22,86.2
CB-1029,2024-01-29,84.8
CB-1029,2024-02-05,83.8
CB-1029,2024-02-12,88.8
CB-1029,2024-02-19,87.8
CB-1029,2024-02-26,94.2
CB-1029,2024-03-04,97.0
CB-1029,2024-03-11,94.8
CB-1029,2024-03-18,96.5
CB-1029,2024-03-25,97.2
CB-1029,2024-04-01,99.5
CB-1029,2024-04-08,98.8
CB-1029,2024-04-15,98.0
CB-1029,2024-04-22,97.0
CB-1029,2024-04-29,93.8
CB-1029,2024-05-06,94.5
CB-1029,2024-05-13,100.2
CB-1029,2024-05-20,101.0
CB-1029,2024-05-27,103.0
CB-1029,2024-06-03,100.2
CB-1029,2024-06-10,90.0
CB-1029,2024-06-17,83.2
CB-1029,2024-06-24,82.0
CB-1029,2024-07-01,78.8
CB-1029,2024-07-08,78.8
CB-1029,2024-07-15,78.2
CB-1029,2024-07-22,72.2
CB-1029,2024-07-29,69.5
CB-1029,2024-08-05,68.5
CB-1029,2024-08-12,65.8
CB-1029,2024-08-19,64.8
CB-1029,2024-08-26,64.0
CB-1029,2024-09-02,63.5
CB-1029,2024-09-09,63.5
CB-1029,2024-09-16,63.5
CB-1029,2024-09-23,65.0
CB-1029,2024-09-30,64.0
CB-1029,2024-10-07,64.0
CB-1029,2024-10-14,65.2
CB-1029,2024-10-21,66.0
CB-1029,2024-10-28,67.0
CB-1029,2024-11-04,68.8
CB-1029,2024-11-11,68.5
CB-1029,2024-11-18,68.2
CB-1029,2024-11-25,71.8
CB-1029,2024-12-02,74.8
CB-1029,2024-12-09,79.2
CB-1029,2024-12-16,83.5
CB-1029,2024-12-23,85.2
CB-1029,2024-12-30,88.5
CB-1029,2025-01-06,92.2
CB-1029,2025-01-13,96.5
CB-1029,2025-01-20,98.8
CB-1029,2025-01-27,103.0
CB-1029,2025-02-03,104.2
CB-1029,2025-02-10,106.0
CB-1029,2025-02-17,109.0
CB-1029,2025-02-24,108.8
CB-1029,2025-03-03,108.2
CB-1029,2025-03-10,110.0
CB-1029,2025-03-17,117.0
CB-1029,2025-03-24,116.5
CB-1029,2025-03-31,119.0
CB-1029,2025-04-07,116.8
CB-1029,2025-04-14,109.2
CB-1029,2025-04-21,113.0
CB-1029,2025-04-28,110.5
CB-1029,2025-05-05,109.5
CB-1029,2025-05-12,106.0
CB-1029,2025-05-19,99.5
CB-1029,2025-05-26,95.8
CB-1029,2025-06-02,96.0
CB-1029,2025-06-09,102.5
CB-1029,2025-06-16,101.0
CB-1029,2025-06-23,99.0
CB-1029,2025-06-30,96.8
CB-1029,2025-07-07,87.5
CB-1029,2025-07-14,87.8
CB-1029,2025-07-21,87.8
CB-1029,2025-07-28,82.8
CB-1029,2025-08-04,81.5
CB-1029,2025-08-11,78.5
CB-1029,2025-08-18,76.8
CB-1029,2025-08-25,75.2
CB-1029,2025-09-01,73.8
CB-1029,2025-09-08,69.5
CB-1029,2025-09-15,69.5
CB-1029,2025-09-22,67.2
CB-1029,2025-09-29,66.8
CB-1029,2025-10-06,69.8
CB-1029,2025-10-13,70.2
CB-1029,2025-10-20,74.5
CB-1029,2025-10-27,76.2
CB-1029,2025-11-03,78.5
CB-1029,2025-11-10,81.2
CB-1029,2025-11-17,83.2
CB-1029,2025-11-24,87.2
CB-1029,2025-12-01,89.2
CB-1029,2025-12-08,89.8
CB-1029,2025-12-15,89.2
CB-1029,2025-12-22,88.3
CB-1030,2024-01-01,90.0
CB-1030,2024-01-08,91.5
CB-1030,2024-01-15,96.7
CB-1030,2024-01-22,98.8
CB-1030,2024-01-29,99.2
CB-1030,2024-02-05,104.8
CB-1030,2024-02-12,102.2
CB-1030,2024-02-19,102.8
CB-1030,2024-02-26,112.2
CB-1030,2024-03-04,117.5
CB-1030,2024-03-11,120.2
CB-1030,2024-03-18,123.0
CB-1030,2024-03-25,121.0
CB-1030,2024-04-01,121.8
CB-1030,2024-04-08,124.0
CB-1030,2024-04-15,123.5
CB-1030,2024-04-22,126.8
CB-1030,2024-04-29,120.8
CB-1030,2024-05-06,122.5
CB-1030,2024-05-13,119.0
CB-1030,2024-05-20,113.2
CB-1030,2024-05-27,108.5
CB-1030,2024-06-03,102.2
CB-1030,2024-06-10,105.0
CB-1030,2024-06-17,102.8
CB-1030,2024-06-24,103.2
CB-1030,2024-07-01,101.5
CB-1030,2024-07-08,96.5
CB-1030,2024-07-15,94.2
CB-1030,2024-07-22,93.8
CB-1030,2024-07-29,88.0
CB-1030,2024-08-05,84.5
CB-1030,2024-08-12,82.0
CB-1030,2024-08-19,78.0
CB-1030,2024-08-26,81.2
CB-1030,2024-09-02,81.5
CB-1030,2024-09-09,79.5
CB-1030,2024-09-16,78.0
CB-1030,2024-09-23,76.5
CB-1030,2024-09-30,77.8
CB-1030,2024-10-07,77.2
CB-1030,2024-10-14,78.5
CB-1030,2024-10-21,80.0
CB-1030,2024-10-28,82.0
CB-1030,2024-11-04,84.2
CB-1030,2024-11-11,88.0
CB-1030,2024-11-18,92.2
CB-1030,2024-11-25,92.2
CB-1030,2024-12-02,95.2
CB-1030,2024-12-09,96.0
CB-1030,2024-12-16,96.5
CB-1030,2024-12-23,101.8
CB-1030,2024-12-30,106.0
CB-1030,2025-01-06,110.5
CB-1030,2025-01-13,111.8
CB-1030,2025-01-20,110.8
CB-1030,2025-01-27,118.8
CB-1030,2025-02-03,121.0
CB-1030,2025-02-10,124.5
CB-1030,2025-02-17,133.2
CB-1030,2025-02-24,131.0
CB-1030,2025-03-03,135.0
CB-1030,2025-03-10,138.5
CB-1030,2025-03-17,135.5
CB-1030,2025-03-24,135.5
CB-1030,2025-03-31,131.0
CB-1030,2025-04-07,131.5
CB-1030,2025-04-14,133.0
CB-1030,2025-04-21,138.0
CB-1030,2025-04-28,141.0
CB-1030,2025-05-05,133.8
CB-1030,2025-05-12,131.0
CB-1030,2025-05-19,131.0
CB-1030,2025-05-26,130.8
CB-1030,2025-06-02,132.5
CB-1030,2025-06-09,131.5
CB-1030,2025-06-16,120.0
CB-1030,2025-06-23,111.8
CB-1030,2025-06-30,109.8
CB-1030,2025-07-07,105.5
CB-1030,2025-07-14,100.2
CB-1030,2025-07-21,98.0
CB-1030,2025-07-28,96.0
CB-1030,2025-08-04,92.2
CB-1030,2025-08-11,94.2
CB-1030,2025-08-18,92.0
CB-1030,2025-08-25,91.0
CB-1030,2025-09-01,88.0
CB-1030,2025-09-08,88.8
CB-1030,2025-09-15,87.0
CB-1030,2025-09-22,83.2
CB-1030,2025-09-29,85.8
CB-1030,2025-10-06,85.8
CB-1030,2025-10-13,89.8
CB-1030,2025-10-20,93.8
CB-1030,2025-10-27,94.5
CB-1030,2025-11-03,91.5
CB-1030,2025-11-10,92.2
CB-1030,2025-11-17,91.2
CB-1030,2025-11-24,91.2
CB-1030,2025-12-01,97.2
CB-1030,2025-12-08,99.0
CB-1030,2025-12-15,105.8
CB-1030,2025-12-22,110.0
CB-1031,2024-01-01,59.0
CB-1031,2024-01-08,57.5
CB-1031,2024-01-15,59.0
CB-1031,2024-01-22,58.0
CB-1031,2024-01-29,58.2
CB-1031,2024-02-05,58.2
CB-1031,2024-02-12,57.8
CB-1031,2024-02-19,59.5
CB-1031,2024-02-26,59.8
CB-1031,2024-03-04,60.5
CB-1031,2024-03-11,60.0
CB-1031,2024-03-18,58.0
CB-1031,2024-03-25,58.0
CB-1031,2024-04-01,60.8
CB-1031,2024-04-08,60.8
CB-1031,2024-04-15,62.0
CB-1031,2024-04-22,65.5
CB-1031,2024-04-29,63.5
CB-1031,2024-05-06,65.5
CB-1031,2024-05-13,67.2
CB-1031,2024-05-20,64.8
CB-1031,2024-05-27,62.5
CB-1031,2024-06-03,60.5
CB-1031,2024-06-10,56.5
CB-1031,2024-06-17,57.2
CB-1031,2024-06-24,56.0
CB-1031,2024-07-01,53.8
CB-1031,2024-07-08,53.2
CB-1031,2024-07-15,47.2
CB-1031,2024-07-22,48.8
CB-1031,2024-07-29,50.8
CB-1031,2024-08-05,50.0
CB-1031,2024-08-12,49.2
CB-1031,2024-08-19,45.0
CB-1031,2024-08-26,41.5
CB-1031,2024-09-02,40.8
CB-1031,2024-09-09,40.5
CB-1031,2024-09-16,42.0
CB-1031,2024-09-23,42.2
CB-1031,2024-09-30,42.8
CB-1031,2024-10-07,43.2
CB-1031,2024-10-14,42.5
CB-1031,2024-10-21,43.2
CB-1031,2024-10-28,43.8
CB-1031,2024-11-04,45.8
CB-1031,2024-11-11,48.5
CB-1031,2024-11-18,47.8
CB-1031,2024-11-25,47.5
CB-1031,2024-12-02,47.5
CB-1031,2024-12-09,47.2
CB-1031,2024-12-16,51.2
CB-1031,2024-12-23,55.0
CB-1031,2024-12-30,58.8
CB-1031,2025-01-06,62.2
CB-1031,2025-01-13,63.5
CB-1031,2025-01-20,66.5
CB-1031,2025-01-27,67.8
CB-1031,2025-02-03,69.0
CB-1031,2025-02-10,72.5
CB-1031,2025-02-17,72.5
CB-1031,2025-02-24,72.8
CB-1031,2025-03-03,72.8
CB-1031,2025-03-10,72.5
CB-1031,2025-03-17,75.0
CB-1031,2025-03-24,76.0
CB-1031,2025-03-31,79.5
CB-1031,2025-04-07,75.8
CB-1031,2025-04-14,73.8
CB-1031,2025-04-21,73.5
CB-1031,2025-04-28,70.0
CB-1031,2025-05-05,75.8
CB-1031,2025-05-12,75.0
CB-1031,2025-05-19,73.2
CB-1031,2025-05-26,73.0
CB-1031,2025-06-02,65.5
CB-1031,2025-06-09,63.0
CB-1031,2025-06-16,63.2
CB-1031,2025-06-23,61.0
CB-1031,2025-06-30,61.0
CB-1031,2025-07-07,61.8
CB-1031,2025-07-14,60.5
CB-1031,2025-07-21,60.0
CB-1031,2025-07-28,59.0
CB-1031,2025-08-04,55.8
CB-1031,2025-08-11,52.0
CB-1031,2025-08-18,49.2
CB-1031,2025-08-25,47.5
CB-1031,2025-09-01,46.2
CB-1031,2025-09-08,45.2
CB-1031,2025-09-15,44.2
CB-1031,2025-09-22,45.0
CB-1031,2025-09-29,45.8
CB-1031,2025-10-06,48.5
CB-1031,2025-10-13,49.5
CB-1031,2025-10-20,50.2
CB-1031,2025-10-27,51.0
CB-1031,2025-11-03,50.0
CB-1031,2025-11-10,52.8
CB-1031,2025-11-17,54.8
CB-1031,2025-11-24,56.2
CB-1031,2025-12-01,58.0
CB-1031,2025-12-08,58.5
CB-1031,2025-12-15,57.8
CB-1031,2025-12-22,57.7
CB-1032,2024-01-01,56.0
CB-1032,2024-01-08,63.5
CB-1032,2024-01-15,54.0
CB-1032,2024-01-22,55.0
CB-1032,2024-01-29,49.8
CB-1032,2024-02-05,44.5
CB-1032,2024-02-12,46.5
CB-1032,2024-02-19,49.5
CB-1032,2024-02-26,52.0
CB-1032,2024-03-04,59.8
CB-1032,2024-03-11,62.8
CB-1032,2024-03-18,57.0
CB-1032,2024-03-25,54.2
CB-1032,2024-04-01,50.5
CB-1032,2024-04-08,56.8
CB-1032,2024-04-15,61.5
CB-1032,2024-04-22,79.8
CB-1032,2024-04-29,85.5
CB-1032,2024-05-06,78.5
CB-1032,2024-05-13,74.8
CB-1032,2024-05-20,64.5
CB-1032,2024-05-27,52.0
CB-1032,2024-06-03,58.0
CB-1032,2024-06-10,60.2
CB-1032,2024-06-17,57.8
CB-1032,2024-06-24,63.5
CB-1032,2024-07-01,64.0
CB-1032,2024-07-08,61.5
CB-1032,2024-07-15,58.5
CB-1032,2024-07-22,60.0
CB-1032,2024-07-29,55.0
CB-1032,2024-08-05,52.0
CB-1032,2024-08-12,51.2
CB-1032,2024-08-19,45.0
CB-1032,2024-08-26,41.8
CB-1032,2024-09-02,37.5
CB-1032,2024-09-09,31.8
CB-1032,2024-09-16,27.8
CB-1032,2024-09-23,23.0
CB-1032,2024-09-30,25.2
CB-1032,2024-10-07,32.8
CB-1032,2024-10-14,35.2
CB-1032,2024-10-21,39.5
CB-1032,2024-10-28,38.0
CB-1032,2024-11-04,35.0
CB-1032,2024-11-11,39.0
CB-1032,2024-11-18,41.8
CB-1032,2024-11-25,44.5
CB-1032,2024-12-02,48.2
CB-1032,2024-12-09,57.0
CB-1032,2024-12-16,56.2
CB-1032,2024-12-23,57.5
CB-1032,2024-12-30,57.8
CB-1032,2025-01-06,50.2
CB-1032,2025-01-13,51.2
CB-1032,2025-01-20,56.0
CB-1032,2025-01-27,50.5
CB-1032,2025-02-03,46.5
CB-1032,2025-02-10,48.0
CB-1032,2025-02-17,48.5
CB-1032,2025-02-24,54.2
CB-1032,2025-03-03,59.5
CB-1032,2025-03-10,61.5
CB-1032,2025-03-17,68.5
CB-1032,2025-03-24,71.8
CB-1032,2025-03-31,75.5
CB-1032,2025-04-07,72.0
CB-1032,2025-04-14,70.2
CB-1032,2025-04-21,72.8
CB-1032,2025-04-28,75.0
CB-1032,2025-05-05,81.8
CB-1032,2025-05-12,80.8
CB-1032,2025-05-19,77.0
CB-1032,2025-05-26,72.2
CB-1032,2025-06-02,72.5
CB-1032,2025-06-09,64.5
CB-1032,2025-06-16,60.5
CB-1032,2025-06-23,58.5
CB-1032,2025-06-30,53.5
CB-1032,2025-07-07,51.5
CB-1032,2025-07-14,52.8
CB-1032,2025-07-21,49.8
CB-1032,2025-07-28,36.8
CB-1032,2025-08-04,38.2
CB-1032,2025-08-11,36.8
CB-1032,2025-08-18,35.5
CB-1032,2025-08-25,49.5
CB-1032,2025-09-01,44.8
CB-1032,2025-09-08,41.5
CB-1032,2025-09-15,31.8
CB-1032,2025-09-22,24.0
CB-1032,2025-09-29,27.0
CB-1032,2025-10-06,28.2
CB-1032,2025-10-13,42.8
CB-1032,2025-10-20,48.5
CB-1032,2025-10-27,51.2
CB-1032,2025-11-03,52.5
CB-1032,2025-11-10,53.5
CB-1032,2025-11-17,51.2
CB-1032,2025-11-24,48.5
CB-1032,2025-12-01,43.5
CB-1032,2025-12-08,38.8
CB-1032,2025-12-15,44.5
CB-1032,2025-12-22,47.0
CB-1033,2024-01-01,17.0
CB-1033,2024-01-08,26.5
CB-1033,2024-01-15,21.7
CB-1033,2024-01-22,25.8
CB-1033,2024-01-29,32.0
CB-1033,2024-02-05,32.5
CB-1033,2024-02-12,37.2
CB-1033,2024-02-19,38.0
CB-1033,2024-02-26,36.8
CB-1033,2024-03-04,33.8
CB-1033,2024-03-11,40.8
CB-1033,2024-03-18,38.5
CB-1033,2024-03-25,40.8
CB-1033,2024-04-01,35.8
CB-1033,2024-04-08,34.0
CB-1033,2024-04-15,39.5
CB-1033,2024-04-22,37.0
CB-1033,2024-04-29,46.0
CB-1033,2024-05-06,43.5
CB-1033,2024-05-13,36.8
CB-1033,2024-05-20,37.8
CB-1033,2024-05-27,33.2
CB-1033,2024-06-03,29.0
CB-1033,2024-06-10,33.2
CB-1033,2024-06-17,33.5
CB-1033,2024-06-24,33.0
CB-1033,2024-07-01,32.2
CB-1033,2024-07-08,26.8
CB-1033,2024-07-15,25.0
CB-1033,2024-07-22,23.8
CB-1033,2024-07-29,25.5
CB-1033,2024-08-05,28.0
CB-1033,2024-08-12,25.5
CB-1033,2024-08-19,29.5
CB-1033,2024-08-26,27.5
CB-1033,2024-09-02,25.0
CB-1033,2024-09-09,22.8
CB-1033,2024-09-16,22.2
CB-1033,2024-09-23,21.2
CB-1033,2024-09-30,22.2
CB-1033,2024-10-07,24.2
CB-1033,2024-10-14,20.2
CB-1033,2024-10-21,20.8
CB-1033,2024-10-28,23.5
CB-1033,2024-11-04,24.5
CB-1033,2024-11-11,25.0
CB-1033,2024-11-18,27.8
CB-1033,2024-11-25,25.0
CB-1033,2024-12-02,34.0
CB-1033,2024-12-09,38.0
CB-1033,2024-12-16,37.2
CB-1033,2024-12-23,42.5
CB-1033,2024-12-30,29.8
CB-1033,2025-01-06,30.2
CB-1033,2025-01-13,38.2
CB-1033,2025-01-20,35.0
CB-1033,2025-01-27,35.5
CB-1033,2025-02-03,34.8
CB-1033,2025-02-10,34.5
CB-1033,2025-02-17,37.0
CB-1033,2025-02-24,40.5
CB-1033,2025-03-03,40.0
CB-1033,2025-03-10,33.5
CB-1033,2025-03-17,34.0
CB-1033,2025-03-24,42.0
CB-1033,2025-03-31,48.5
CB-1033,2025-04-07,52.2
CB-1033,2025-04-14,46.2
CB-1033,2025-04-21,36.5
CB-1033,2025-04-28,34.2
CB-1033,2025-05-05,27.8
CB-1033,2025-05-12,31.2
CB-1033,2025-05-19,36.5
CB-1033,2025-05-26,30.2
CB-1033,2025-06-02,30.8
CB-1033,2025-06-09,30.2
CB-1033,2025-06-16,30.0
CB-1033,2025-06-23,36.0
CB-1033,2025-06-30,40.0
CB-1033,2025-07-07,39.5
CB-1033,2025-07-14,35.0
CB-1033,2025-07-21,28.2
CB-1033,2025-07-28,24.5
CB-1033,2025-08-04,24.5
CB-1033,2025-08-11,26.5
CB-1033,2025-08-18,23.5
CB-1033,2025-08-25,22.2
CB-1033,2025-09-01,23.5
CB-1033,2025-09-08,22.5
CB-1033,2025-09-15,24.0
CB-1033,2025-09-22,31.0
CB-1033,2025-09-29,28.2
CB-1033,2025-10-06,29.0
CB-1033,2025-10-13,33.2
CB-1033,2025-10-20,27.5
CB-1033,2025-10-27,26.2
CB-1033,2025-11-03,31.0
CB-1033,2025-11-10,33.2
CB-1033,2025-11-17,37.0
CB-1033,2025-11-24,41.0
CB-1033,2025-12-01,34.0
CB-1033,2025-12-08,36.2
CB-1033,2025-12-15,32.5
CB-1033,2025-12-22,31.0
CB-1034,2024-01-01,80.0
CB-1034,2024-01-08,77.5
CB-1034,2024-01-15,75.0
CB-1034,2024-01-22,78.5
CB-1034,2024-01-29,84.0
CB-1034,2024-02-05,90.0
CB-1034,2024-02-12,94.8
CB-1034,2024-02-19,95.8
CB-1034,2024-02-26,95.5
CB-1034,2024-03-04,96.8
CB-1034,2024-03-11,98.0
CB-1034,2024-03-18,99.0
CB-1034,2024-03-25,98.8
CB-1034,2024-04-01,98.2
CB-1034,2024-04-08,98.8
CB-1034,2024-04-15,98.5
CB-1034,2024-04-22,100.2
CB-1034,2024-04-29,100.8
CB-1034,2024-05-06,101.2
CB-1034,2024-05-13,103.5
CB-1034,2024-05-20,98.8
CB-1034,2024-05-27,98.0
CB-1034,2024-06-03,96.2
CB-1034,2024-06-10,96.8
CB-1034,2024-06-17,93.5
CB-1034,2024-06-24,87.2
CB-1034,2024-07-01,84.8
CB-1034,2024-07-08,77.5
CB-1034,2024-07-15,80.0
CB-1034,2024-07-22,78.0
CB-1034,2024-07-29,76.5
CB-1034,2024-08-05,75.5
CB-1034,2024-08-12,71.8
CB-1034,2024-08-19,69.8
CB-1034,2024-08-26,68.8
CB-1034,2024-09-02,67.5
CB-1034,2024-09-09,66.5
CB-1034,2024-09-16,67.2
CB-1034,2024-09-23,65.2
CB-1034,2024-09-30,63.5
CB-1034,2024-10-07,63.5
CB-1034,2024-10-14,63.8
CB-1034,2024-10-21,63.2
CB-1034,2024-10-28,63.0
CB-1034,2024-11-04,62.5
CB-1034,2024-11-11,64.5
CB-1034,2024-11-18,67.2
CB-1034,2024-11-25,71.0
CB-1034,2024-12-02,75.0
CB-1034,2024-12-09,76.0
CB-1034,2024-12-16,81.0
CB-1034,2024-12-23,83.0
CB-1034,2024-12-30,84.2
CB-1034,2025-01-06,88.8
CB-1034,2025-01-13,85.8
CB-1034,2025-01-20,87.2
CB-1034,2025-01-27,92.5
CB-1034,2025-02-03,90.8
CB-1034,2025-02-10,98.8
CB-1034,2025-02-17,105.5
CB-1034,2025-02-24,104.8
CB-1034,2025-03-03,110.5
CB-1034,2025-03-10,112.0
CB-1034,2025-03-17,109.0
CB-1034,2025-03-24,112.5
CB-1034,2025-03-31,111.0
CB-1034,2025-04-07,107.8
CB-1034,2025-04-14,107.0
CB-1034,2025-04-21,105.5
CB-1034,2025-04-28,108.8
CB-1034,2025-05-05,108.5
CB-1034,2025-05-12,106.2
CB-1034,2025-05-19,101.8
CB-1034,2025-05-26,98.2
CB-1034,2025-06-02,100.2
CB-1034,2025-06-09,101.5
CB-1034,2025-06-16,100.8
CB-1034,2025-06-23,99.0
CB-1034,2025-06-30,92.5
CB-1034,2025-07-07,88.8
CB-1034,2025-07-14,85.2
CB-1034,2025-07-21,83.8
CB-1034,2025-07-28,77.8
CB-1034,2025-08-04,77.2
CB-1034,2025-08-11,76.2
CB-1034,2025-08-18,71.5
CB-1034,2025-08-25,76.2
CB-1034,2025-09-01,72.8
CB-1034,2025-09-08,71.2
CB-1034,2025-09-15,70.8
CB-1034,2025-09-22,68.5
CB-1034,2025-09-29,68.5
CB-1034,2025-10-06,67.5
CB-1034,2025-10-13,67.0
CB-1034,2025-10-20,69.0
CB-1034,2025-10-27,71.0
CB-1034,2025-11-03,75.2
CB-1034,2025-11-10,77.8
CB-1034,2025-11-17,77.0
CB-1034,2025-11-24,82.0
CB-1034,2025-12-01,83.5
CB-1034,2025-12-08,85.8
CB-1034,2025-12-15,91.5
CB-1034,2025-12-22,90.3
CB-1035,2024-01-01,117.0
CB-1035,2024-01-08,120.0
CB-1035,2024-01-15,128.3
CB-1035,2024-01-22,129.0
CB-1035,2024-01-29,126.2
CB-1035,2024-02-05,130.0
CB-1035,2024-02-12,128.2
CB-1035,2024-02-19,130.5
CB-1035,2024-02-26,140.2
CB-1035,2024-03-04,141.5
CB-1035,2024-03-11,143.0
CB-1035,2024-03-18,146.2
CB-1035,2024-03-25,145.0
CB-1035,2024-04-01,143.2
CB-1035,2024-04-08,152.8
CB-1035,2024-04-15,148.8
CB-1035,2024-04-22,150.2
CB-1035,2024-04-29,147.8
CB-1035,2024-05-06,138.0
CB-1035,2024-05-13,136.0
CB-1035,2024-05-20,132.5
CB-1035,2024-05-27,137.2
CB-1035,2024-06-03,135.5
CB-1035,2024-06-10,136.5
CB-1035,2024-06-17,130.2
CB-1035,2024-06-24,128.8
CB-1035,2024-07-01,121.2
CB-1035,2024-07-08,120.0
CB-1035,2024-07-15,123.2
CB-1035,2024-07-22,116.8
CB-1035,2024-07-29,114.8
CB-1035,2024-08-05,108.8
CB-1035,2024-08-12,102.8
CB-1035,2024-08-19,99.0
CB-1035,2024-08-26,98.0
CB-1035,2024-09-02,91.8
CB-1035,2024-09-09,93.2
CB-1035,2024-09-16,92.0
CB-1035,2024-09-23,91.0
CB-1035,2024-09-30,93.8
CB-1035,2024-10-07,92.8
CB-1035,2024-10-14,91.8
CB-1035,2024-10-21,89.2
CB-1035,2024-10-28,92.5
CB-1035,2024-11-04,94.8
CB-1035,2024-11-11,98.5
CB-1035,2024-11-18,103.2
CB-1035,2024-11-25,105.8
CB-1035,2024-12-02,104.8
CB-1035,2024-12-09,106.2
CB-1035,2024-12-16,110.8
CB-1035,2024-12-23,116.8
CB-1035,2024-12-30,123.2
CB-1035,2025-01-06,128.8
CB-1035,2025-01-13,140.2
CB-1035,2025-01-20,143.2
CB-1035,2025-01-27,149.0
CB-1035,2025-02-03,152.8
CB-1035,2025-02-10,148.8
CB-1035,2025-02-17,144.0
CB-1035,2025-02-24,149.0
CB-1035,2025-03-03,154.2
CB-1035,2025-03-10,157.8
CB-1035,2025-03-17,166.0
CB-1035,2025-03-24,166.8
CB-1035,2025-03-31,161.0
CB-1035,2025-04-07,160.0
CB-1035,2025-04-14,156.5
CB-1035,2025-04-21,159.2
CB-1035,2025-04-28,166.0
CB-1035,2025-05-05,159.5
CB-1035,2025-05-12,156.5
CB-1035,2025-05-19,148.0
CB-1035,2025-05-26,141.0
CB-1035,2025-06-02,141.0
CB-1035,2025-06-09,148.0
CB-1035,2025-06-16,145.8
CB-1035,2025-06-23,145.0
CB-1035,2025-06-30,143.5
CB-1035,2025-07-07,136.0
CB-1035,2025-07-14,130.5
CB-1035,2025-07-21,124.8
CB-1035,2025-07-28,124.2
CB-1035,2025-08-04,115.5
CB-1035,2025-08-11,116.8
CB-1035,2025-08-18,115.0
CB-1035,2025-08-25,114.0
CB-1035,2025-09-01,113.2
CB-1035,2025-09-08,106.0
CB-1035,2025-09-15,102.0
CB-1035,2025-09-22,99.0
CB-1035,2025-09-29,101.2
CB-1035,2025-10-06,102.5
CB-1035,2025-10-13,103.5
CB-1035,2025-10-20,101.2
CB-1035,2025-10-27,102.5
CB-1035,2025-11-03,104.5
CB-1035,2025-11-10,107.5
CB-1035,2025-11-17,117.2
CB-1035,2025-11-24,120.8
CB-1035,2025-12-01,129.0
CB-1035,2025-12-08,133.2
CB-1035,2025-12-15,134.2
CB-1035,2025-12-22,137.3
CB-1036,2024-01-01,51.0
CB-1036,2024-01-08,53.5
CB-1036,2024-01-15,52.7
CB-1036,2024-01-22,53.2
CB-1036,2024-01-29,54.0
CB-1036,2024-02-05,56.2
CB-1036,2024-02-12,59.0
CB-1036,2024-02-19,61.0
CB-1036,2024-02-26,64.8
CB-1036,2024-03-04,65.8
CB-1036,2024-03-11,67.0
CB-1036,2024-03-18,65.5
CB-1036,2024-03-25,63.5
CB-1036,2024-04-01,61.0
CB-1036,2024-04-08,61.2
CB-1036,2024-04-15,63.2
CB-1036,2024-04-22,62.0
CB-1036,2024-04-29,62.8
CB-1036,2024-05-06,59.2
CB-1036,2024-05-13,58.2
CB-1036,2024-05-20,57.2
CB-1036,2024-05-27,57.0
CB-1036,2024-06-03,58.2
CB-1036,2024-06-10,59.0
CB-1036,2024-06-17,60.5
CB-1036,2024-06-24,58.0
CB-1036,2024-07-01,57.0
CB-1036,2024-07-08,52.0
CB-1036,2024-07-15,48.8
CB-1036,2024-07-22,48.2
CB-1036,2024-07-29,44.0
CB-1036,2024-08-05,44.2
CB-1036,2024-08-12,43.0
CB-1036,2024-08-19,41.5
CB-1036,2024-08-26,41.8
CB-1036,2024-09-02,41.2
CB-1036,2024-09-09,41.5
CB-1036,2024-09-16,42.2
CB-1036,2024-09-23,42.8
CB-1036,2024-09-30,41.8
CB-1036,2024-10-07,41.8
CB-1036,2024-10-14,39.8
CB-1036,2024-10-21,40.5
CB-1036,2024-10-28,42.2
CB-1036,2024-11-04,45.5
CB-1036,2024-11-11,47.0
CB-1036,2024-11-18,47.8
CB-1036,2024-11-25,48.0
CB-1036,2024-12-02,47.5
CB-1036,2024-12-09,50.0
CB-1036,2024-12-16,51.8
CB-1036,2024-12-23,55.2
CB-1036,2024-12-30,56.0
CB-1036,2025-01-06,58.8
CB-1036,2025-01-13,61.2
CB-1036,2025-01-20,61.8
CB-1036,2025-01-27,63.8
CB-1036,2025-02-03,67.2
CB-1036,2025-02-10,67.0
CB-1036,2025-02-17,69.0
CB-1036,2025-02-24,69.8
CB-1036,2025-03-03,70.2
CB-1036,2025-03-10,73.8
CB-1036,2025-03-17,73.0
CB-1036,2025-03-24,75.2
CB-1036,2025-03-31,73.5
CB-1036,2025-04-07,71.5
CB-1036,2025-04-14,73.5
CB-1036,2025-04-21,73.0
CB-1036,2025-04-28,72.5
CB-1036,2025-05-05,72.5
CB-1036,2025-05-12,71.2
CB-1036,2025-05-19,70.0
CB-1036,2025-05-26,68.5
CB-1036,2025-06-02,66.5
CB-1036,2025-06-09,66.5
CB-1036,2025-06-16,63.5
CB-1036,2025-06-23,62.2
CB-1036,2025-06-30,61.0
CB-1036,2025-07-07,59.2
CB-1036,2025-07-14,58.0
CB-1036,2025-07-21,55.2
CB-1036,2025-07-28,53.2
CB-1036,2025-08-04,50.2
CB-1036,2025-08-11,48.5
CB-1036,2025-08-18,47.5
CB-1036,2025-08-25,45.2
CB-1036,2025-09-01,44.0
CB-1036,2025-09-08,44.0
CB-1036,2025-09-15,42.5
CB-1036,2025-09-22,45.2
CB-1036,2025-09-29,43.8
CB-1036,2025-10-06,45.0
CB-1036,2025-10-13,46.0
CB-1036,2025-10-20,47.0
CB-1036,2025-10-27,49.8
CB-1036,2025-11-03,49.0
CB-1036,2025-11-10,50.0
CB-1036,2025-11-17,50.5
CB-1036,2025-11-24,51.0
CB-1036,2025-12-01,53.5
CB-1036,2025-12-08,57.8
CB-1036,2025-12-15,58.0
CB-1036,2025-12-22,59.3
CB-1037,2024-01-01,58.0
CB-1037,2024-01-08,59.0
CB-1037,2024-01-15,57.3
CB-1037,2024-01-22,57.8
CB-1037,2024-01-29,60.2
CB-1037,2024-02-05,62.0
CB-1037,2024-02-12,66.0
CB-1037,2024-02-19,70.2
CB-1037,2024-02-26,69.5
CB-1037,2024-03-04,70.5
CB-1037,2024-03-11,71.5
CB-1037,2024-03-18,69.8
CB-1037,2024-03-25,74.0
CB-1037,2024-04-01,76.0
CB-1037,2024-04-08,76.2
CB-1037,2024-04-15,80.0
CB-1037,2024-04-22,75.5
CB-1037,2024-04-29,73.8
CB-1037,2024-05-06,73.2
CB-1037,2024-05-13,68.5
CB-1037,2024-05-20,70.0
CB-1037,2024-05-27,67.2
CB-1037,2024-06-03,66.5
CB-1037,2024-06-10,67.8
CB-1037,2024-06-17,66.2
CB-1037,2024-06-24,64.0
CB-1037,2024-07-01,60.2
CB-1037,2024-07-08,57.8
CB-1037,2024-07-15,55.8
CB-1037,2024-07-22,53.5
CB-1037,2024-07-29,54.2
CB-1037,2024-08-05,52.2
CB-1037,2024-08-12,50.0
CB-1037,2024-08-19,52.5
CB-1037,2024-08-26,49.5
CB-1037,2024-09-02,47.8
CB-1037,2024-09-09,48.2
CB-1037,2024-09-16,48.5
CB-1037,2024-09-23,50.2
CB-1037,2024-09-30,51.2
CB-1037,2024-10-07,51.5
CB-1037,2024-10-14,51.0
CB-1037,2024-10-21,48.8
CB-1037,2024-10-28,49.8
CB-1037,2024-11-04,49.5
CB-1037,2024-11-11,50.2
CB-1037,2024-11-18,52.8
CB-1037,2024-11-25,54.2
CB-1037,2024-12-02,56.8
CB-1037,2024-12-09,54.5
CB-1037,2024-12-16,56.8
CB-1037,2024-12-23,59.0
CB-1037,2024-12-30,61.5
CB-1037,2025-01-06,67.0
CB-1037,2025-01-13,71.2
CB-1037,2025-01-20,73.0
CB-1037,2025-01-27,75.0
CB-1037,2025-02-03,78.8
CB-1037,2025-02-10,78.8
CB-1037,2025-02-17,78.5
CB-1037,2025-02-24,75.5
CB-1037,2025-03-03,74.2
CB-1037,2025-03-10,76.0
CB-1037,2025-03-17,77.8
CB-1037,2025-03-24,83.5
CB-1037,2025-03-31,85.0
CB-1037,2025-04-07,86.2
CB-1037,2025-04-14,86.2
CB-1037,2025-04-21,85.5
CB-1037,2025-04-28,85.5
CB-1037,2025-05-05,85.0
CB-1037,2025-05-12,81.8
CB-1037,2025-05-19,79.0
CB-1037,2025-05-26,78.2
CB-1037,2025-06-02,76.5
CB-1037,2025-06-09,78.0
CB-1037,2025-06-16,76.8
CB-1037,2025-06-23,74.8
CB-1037,2025-06-30,71.8
CB-1037,2025-07-07,69.0
CB-1037,2025-07-14,67.8
CB-1037,2025-07-21,66.2
CB-1037,2025-07-28,65.5
CB-1037,2025-08-04,65.0
CB-1037,2025-08-11,63.2
CB-1037,2025-08-18,60.2
CB-1037,2025-08-25,57.5
CB-1037,2025-09-01,55.5
CB-1037,2025-09-08,54.8
CB-1037,2025-09-15,53.0
CB-1037,2025-09-22,53.2
CB-1037,2025-09-29,52.0
CB-1037,2025-10-06,51.5
CB-1037,2025-10-13,53.2
CB-1037,2025-10-20,54.8
CB-1037,2025-10-27,56.2
CB-1037,2025-11-03,57.0
CB-1037,2025-11-10,57.5
CB-1037,2025-11-17,58.8
CB-1037,2025-11-24,57.5
CB-1037,2025-12-01,58.8
CB-1037,2025-12-08,65.0
CB-1037,2025-12-15,66.0
CB-1037,2025-12-22,71.7
CB-1038,2024-01-01,56.0
CB-1038,2024-01-08,59.0
CB-1038,2024-01-15,58.3
CB-1038,2024-01-22,57.2
CB-1038,2024-01-29,58.8
CB-1038,2024-02-05,57.2
CB-1038,2024-02-12,57.0
CB-1038,2024-02-19,56.8
CB-1038,2024-02-26,55.0
CB-1038,2024-03-04,55.8
CB-1038,2024-03-11,56.2
CB-1038,2024-03-18,59.8
CB-1038,2024-03-25,60.8
CB-1038,2024-04-01,58.2
CB-1038,2024-04-08,58.8
CB-1038,2024-04-15,57.5
CB-1038,2024-04-22,58.0
CB-1038,2024-04-29,63.5
CB-1038,2024-05-06,63.5
CB-1038,2024-05-13,64.5
CB-1038,2024-05-20,64.5
CB-1038,2024-05-27,61.5
CB-1038,2024-06-03,60.0
CB-1038,2024-06-10,57.5
CB-1038,2024-06-17,55.2
CB-1038,2024-06-24,54.2
CB-1038,2024-07-01,53.5
CB-1038,2024-07-08,51.2
CB-1038,2024-07-15,51.5
CB-1038,2024-07-22,50.2
CB-1038,2024-07-29,48.8
CB-1038,2024-08-05,48.5
CB-1038,2024-08-12,46.2
CB-1038,2024-08-19,43.8
CB-1038,2024-08-26,43.2
CB-1038,2024-09-02,41.8
CB-1038,2024-09-09,40.5
CB-1038,2024-09-16,39.5
CB-1038,2024-09-23,38.8
CB-1038,2024-09-30,39.8
CB-1038,2024-10-07,40.0
CB-1038,2024-10-14,43.8
CB-1038,2024-10-21,45.5
CB-1038,2024-10-28,46.8
CB-1038,2024-11-04,49.0
CB-1038,2024-11-11,49.8
CB-1038,2024-11-18,49.2
CB-1038,2024-11-25,47.0
CB-1038,2024-12-02,47.2
CB-1038,2024-12-09,47.8
CB-1038,2024-12-16,50.5
CB-1038,2024-12-23,55.0
CB-1038,2024-12-30,58.8
CB-1038,2025-01-06,60.5
CB-1038,2025-01-13,63.2
CB-1038,2025-01-20,63.5
CB-1038,2025-01-27,62.2
CB-1038,2025-02-03,65.5
CB-1038,2025-02-10,66.0
CB-1038,2025-02-17,68.0
CB-1038,2025-02-24,70.0
CB-1038,2025-03-03,68.0
CB-1038,2025-03-10,68.0
CB-1038,2025-03-17,67.8
CB-1038,2025-03-24,67.0
CB-1038,2025-03-31,68.0
CB-1038,2025-04-07,68.2
CB-1038,2025-04-14,71.5
CB-1038,2025-04-21,73.8
CB-1038,2025-04-28,74.0
CB-1038,2025-05-05,73.0
CB-1038,2025-05-12,70.5
CB-1038,2025-05-19,69.5
CB-1038,2025-05-26,69.0
CB-1038,2025-06-02,68.8
CB-1038,2025-06-09,68.8
CB-1038,2025-06-16,66.8
CB-1038,2025-06-23,65.0
CB-1038,2025-06-30,62.8
CB-1038,2025-07-07,57.8
CB-1038,2025-07-14,56.5
CB-1038,2025-07-21,54.8
CB-1038,2025-07-28,54.5
CB-1038,2025-08-04,55.5
CB-1038,2025-08-11,53.2
CB-1038,2025-08-18,50.5
CB-1038,2025-08-25,49.2
CB-1038,2025-09-01,48.2
CB-1038,2025-09-08,47.5
CB-1038,2025-09-15,48.8
CB-1038,2025-09-22,47.0
CB-1038,2025-09-29,46.0
CB-1038,2025-10-06,48.0
CB-1038,2025-10-13,48.0
CB-1038,2025-10-20,49.0
CB-1038,2025-10-27,50.5
CB-1038,2025-11-03,50.2
CB-1038,2025-11-10,47.8
CB-1038,2025-11-17,48.5
CB-1038,2025-11-24,49.8
CB-1038,2025-12-01,50.8
CB-1038,2025-12-08,55.8
CB-1038,2025-12-15,60.0
CB-1038,2025-12-22,61.3
CB-1039,2024-01-01,35.0
CB-1039,2024-01-08,36.5
CB-1039,2024-01-15,37.0
CB-1039,2024-01-22,47.0
CB-1039,2024-01-29,40.8
CB-1039,2024-02-05,41.0
CB-1039,2024-02-12,43.0
CB-1039,2024-02-19,32.2
CB-1039,2024-02-26,45.5
CB-1039,2024-03-04,51.2
CB-1039,2024-03-11,51.8
CB-1039,2024-03-18,54.2
CB-1039,2024-03-25,50.2
CB-1039,2024-04-01,46.5
CB-1039,2024-04-08,46.5
CB-1039,2024-04-15,47.0
CB-1039,2024-04-22,48.5
CB-1039,2024-04-29,52.0
CB-1039,2024-05-06,46.8
CB-1039,2024-05-13,42.5
CB-1039,2024-05-20,33.8
CB-1039,2024-05-27,33.0
CB-1039,2024-06-03,38.2
CB-1039,2024-06-10,43.5
CB-1039,2024-06-17,44.2
CB-1039,2024-06-24,46.2
CB-1039,2024-07-01,42.0
CB-1039,2024-07-08,39.8
CB-1039,2024-07-15,46.5
CB-1039,2024-07-22,36.0
CB-1039,2024-07-29,35.2
CB-1039,2024-08-05,34.0
CB-1039,2024-08-12,38.8
CB-1039,2024-08-19,41.8
CB-1039,2024-08-26,47.2
CB-1039,2024-09-02,49.5
CB-1039,2024-09-09,41.8
CB-1039,2024-09-16,37.8
CB-1039,2024-09-23,36.0
CB-1039,2024-09-30,28.5
CB-1039,2024-10-07,32.0
CB-1039,2024-10-14,35.8
CB-1039,2024-10-21,25.5
CB-1039,2024-10-28,29.2
CB-1039,2024-11-04,27.2
CB-1039,2024-11-11,26.5
CB-1039,2024-11-18,37.5
CB-1039,2024-11-25,36.5
CB-1039,2024-12-02,31.2
CB-1039,2024-12-09,33.0
CB-1039,2024-12-16,32.0
CB-1039,2024-12-23,35.0
CB-1039,2024-12-30,45.8
CB-1039,2025-01-06,44.0
CB-1039,2025-01-13,46.5
CB-1039,2025-01-20,49.5
CB-1039,2025-01-27,39.2
CB-1039,2025-02-03,38.0
CB-1039,2025-02-10,38.0
CB-1039,2025-02-17,47.8
CB-1039,2025-02-24,58.0
CB-1039,2025-03-03,56.5
CB-1039,2025-03-10,43.5
CB-1039,2025-03-17,38.5
CB-1039,2025-03-24,35.8
CB-1039,2025-03-31,50.0
CB-1039,2025-04-07,59.5
CB-1039,2025-04-14,57.8
CB-1039,2025-04-21,62.2
CB-1039,2025-04-28,54.2
CB-1039,2025-05-05,56.0
CB-1039,2025-05-12,53.8
CB-1039,2025-05-19,51.2
CB-1039,2025-05-26,52.2
CB-1039,2025-06-02,57.5
CB-1039,2025-06-09,54.2
CB-1039,2025-06-16,45.2
CB-1039,2025-06-23,52.0
CB-1039,2025-06-30,44.2
CB-1039,2025-07-07,42.8
CB-1039,2025-07-14,46.8
CB-1039,2025-07-21,38.0
CB-1039,2025-07-28,37.8
CB-1039,2025-08-04,38.8
CB-1039,2025-08-11,37.8
CB-1039,2025-08-18,37.0
CB-1039,2025-08-25,30.0
CB-1039,2025-09-01,35.2
CB-1039,2025-09-08,34.2
CB-1039,2025-09-15,35.0
CB-1039,2025-09-22,38.0
CB-1039,2025-09-29,30.5
CB-1039,2025-10-06,29.0
CB-1039,2025-10-13,32.2
CB-1039,2025-10-20,35.0
CB-1039,2025-10-27,39.5
CB-1039,2025-11-03,40.2
CB-1039,2025-11-10,34.8
CB-1039,2025-11-17,36.8
CB-1039,2025-11-24,40.2
CB-1039,2025-12-01,36.5
CB-1039,2025-12-08,34.2
CB-1039,2025-12-15,28.8
CB-1039,2025-12-22,18.0
CB-1040,2024-01-01,57.0
CB-1040,2024-01-08,54.5
CB-1040,2024-01-15,56.0
CB-1040,2024-01-22,60.0
CB-1040,2024-01-29,63.0
CB-1040,2024-02-05,67.5
CB-1040,2024-02-12,69.0
CB-1040,2024-02-19,66.8
CB-1040,2024-02-26,66.0
CB-1040,2024-03-04,66.8
CB-1040,2024-03-11,70.5
CB-1040,2024-03-18,74.8
CB-1040,2024-03-25,78.0
CB-1040,2024-04-01,77.5
CB-1040,2024-04-08,76.2
CB-1040,2024-04-15,74.5
CB-1040,2024-04-22,73.0
CB-1040,2024-04-29,76.5
CB-1040,2024-05-06,73.2
CB-1040,2024-05-13,72.5
CB-1040,2024-05-20,73.5
CB-1040,2024-05-27,67.5
CB-1040,2024-06-03,68.0
CB-1040,2024-06-10,66.2
CB-1040,2024-06-17,62.8
CB-1040,2024-06-24,61.0
CB-1040,2024-07-01,60.8
CB-1040,2024-07-08,60.5
CB-1040,2024-07-15,59.5
CB-1040,2024-07-22,58.8
CB-1040,2024-07-29,56.5
CB-1040,2024-08-05,53.2
CB-1040,2024-08-12,51.0
CB-1040,2024-08-19,53.0
CB-1040,2024-08-26,52.0
CB-1040,2024-09-02,50.8
CB-1040,2024-09-09,50.5
CB-1040,2024-09-16,46.5
CB-1040,2024-09-23,44.8
CB-1040,2024-09-30,44.8
CB-1040,2024-10-07,44.2
CB-1040,2024-10-14,46.8
CB-1040,2024-10-21,49.2
CB-1040,2024-10-28,51.5
CB-1040,2024-11-04,51.8
CB-1040,2024-11-11,51.5
CB-1040,2024-11-18,52.5
CB-1040,2024-11-25,53.0
CB-1040,2024-12-02,55.5
CB-1040,2024-12-09,58.5
CB-1040,2024-12-16,59.8
CB-1040,2024-12-23,62.8
CB-1040,2024-12-30,67.5
CB-1040,2025-01-06,68.8
CB-1040,2025-01-13,73.0
CB-1040,2025-01-20,75.5
CB-1040,2025-01-27,73.0
CB-1040,2025-02-03,73.5
CB-1040,2025-02-10,72.2
CB-1040,2025-02-17,71.8
CB-1040,2025-02-24,75.2
CB-1040,2025-03-03,79.2
CB-1040,2025-03-10,83.8
CB-1040,2025-03-17,86.5
CB-1040,2025-03-24,86.8
CB-1040,2025-03-31,82.8
CB-1040,2025-04-07,81.0
CB-1040,2025-04-14,80.5
CB-1040,2025-04-21,81.2
CB-1040,2025-04-28,87.5
CB-1040,2025-05-05,88.5
CB-1040,2025-05-12,88.8
CB-1040,2025-05-19,85.8
CB-1040,2025-05-26,80.2
CB-1040,2025-06-02,76.8
CB-1040,2025-06-09,72.8
CB-1040,2025-06-16,73.0
CB-1040,2025-06-23,72.5
CB-1040,2025-06-30,69.2
CB-1040,2025-07-07,70.0
CB-1040,2025-07-14,67.5
CB-1040,2025-07-21,62.8
CB-1040,2025-07-28,62.2
CB-1040,2025-08-04,59.2
CB-1040,2025-08-11,58.8
CB-1040,2025-08-18,59.2
CB-1040,2025-08-25,59.0
CB-1040,2025-09-01,57.8
CB-1040,2025-09-08,54.2
CB-1040,2025-09-15,52.5
CB-1040,2025-09-22,52.2
CB-1040,2025-09-29,53.2
CB-1040,2025-10-06,55.2
CB-1040,2025-10-13,58.8
CB-1040,2025-10-20,59.5
CB-1040,2025-10-27,59.8
CB-1040,2025-11-03,59.5
CB-1040,2025-11-10,61.2
CB-1040,2025-11-17,62.2
CB-1040,2025-11-24,62.8
CB-1040,2025-12-01,64.8
CB-1040,2025-12-08,65.0
CB-1040,2025-12-15,64.2
CB-1040,2025-12-22,65.0
CB-1041,2024-01-01,56.0
CB-1041,2024-01-08,28.0
CB-1041,2024-01-15,18.7
CB-1041,2024-01-22,14.0
CB-1041,2024-01-29,0.0
CB-1041,2024-02-05,0.0
CB-1041,2024-02-12,0.0
CB-1041,2024-02-19,0.0
CB-1041,2024-02-26,0.0
CB-1041,2024-03-04,0.0
CB-1041,2024-03-11,0.0
CB-1041,2024-03-18,0.0
CB-1041,2024-03-25,0.0
CB-1041,2024-04-01,6.0
CB-1041,2024-04-08,6.0
CB-1041,2024-04-15,15.2
CB-1041,2024-04-22,15.2
CB-1041,2024-04-29,23.2
CB-1041,2024-05-06,23.2
CB-1041,2024-05-13,14.0
CB-1041,2024-05-20,14.0
CB-1041,2024-05-27,0.0
CB-1041,2024-06-03,0.0
CB-1041,2024-06-10,0.0
CB-1041,2024-06-17,0.0
CB-1041,2024-06-24,0.0
CB-1041,2024-07-01,0.0
CB-1041,2024-07-08,0.0
CB-1041,2024-07-15,0.0
CB-1041,2024-07-22,0.0
CB-1041,2024-07-29,0.0
CB-1041,2024-08-05,0.0
CB-1041,2024-08-12,0.0
CB-1041,2024-08-19,0.0
CB-1041,2024-08-26,0.0
CB-1041,2024-09-02,9.8
CB-1041,2024-09-09,9.8
CB-1041,2024-09-16,9.8
CB-1041,2024-09-23,15.0
CB-1041,2024-09-30,5.2
CB-1041,2024-10-07,5.2
CB-1041,2024-10-14,15.0
CB-1041,2024-10-21,9.8
CB-1041,2024-10-28,9.8
CB-1041,2024-11-04,23.8
CB-1041,2024-11-11,14.0
CB-1041,2024-11-18,14.0
CB-1041,2024-11-25,22.2
CB-1041,2024-12-02,8.2
CB-1041,2024-12-09,8.2
CB-1041,2024-12-16,8.2
CB-1041,2024-12-23,0.0
CB-1041,2024-12-30,0.0
CB-1041,2025-01-06,7.2
CB-1041,2025-01-13,7.2
CB-1041,2025-01-20,7.2
CB-1041,2025-01-27,7.2
CB-1041,2025-02-03,0.0
CB-1041,2025-02-10,4.2
CB-1041,2025-02-17,4.2
CB-1041,2025-02-24,4.2
CB-1041,2025-03-03,4.2
CB-1041,2025-03-10,1.8
CB-1041,2025-03-17,1.8
CB-1041,2025-03-24,1.8
CB-1041,2025-03-31,1.8
CB-1041,2025-04-07,0.0
CB-1041,2025-04-14,0.0
CB-1041,2025-04-21,0.0
CB-1041,2025-04-28,0.0
CB-1041,2025-05-05,0.0
CB-1041,2025-05-12,0.0
CB-1041,2025-05-19,0.0
CB-1041,2025-05-26,0.0
CB-1041,2025-06-02,0.0
CB-1041,2025-06-09,0.0
CB-1041,2025-06-16,7.8
CB-1041,2025-06-23,7.8
CB-1041,2025-06-30,9.0
CB-1041,2025-07-07,9.0
CB-1041,2025-07-14,1.2
CB-1041,2025-07-21,1.2
CB-1041,2025-07-28,0.0
CB-1041,2025-08-04,0.0
CB-1041,2025-08-11,0.0
CB-1041,2025-08-18,7.0
CB-1041,2025-08-25,7.0
CB-1041,2025-09-01,7.0
CB-1041,2025-09-08,7.0
CB-1041,2025-09-15,0.0
CB-1041,2025-09-22,5.8
CB-1041,2025-09-29,5.8
CB-1041,2025-10-06,5.8
CB-1041,2025-10-13,5.8
CB-1041,2025-10-20,3.8
CB-1041,2025-10-27,7.8
CB-1041,2025-11-03,16.0
CB-1041,2025-11-10,16.0
CB-1041,2025-11-17,12.2
CB-1041,2025-11-24,8.2
CB-1041,2025-12-01,10.5
CB-1041,2025-12-08,23.8
CB-1041,2025-12-15,32.2
CB-1041,2025-12-22,43.0
CB-1042,2024-01-01,0.0
CB-1042,2024-01-08,21.0
CB-1042,2024-01-15,14.0
CB-1042,2024-01-22,10.5
CB-1042,2024-01-29,10.5
CB-1042,2024-02-05,0.0
CB-1042,2024-02-12,0.0
CB-1042,2024-02-19,0.0
CB-1042,2024-02-26,3.5
CB-1042,2024-03-04,11.0
CB-1042,2024-03-11,12.5
CB-1042,2024-03-18,26.5
CB-1042,2024-03-25,25.2
CB-1042,2024-04-01,17.8
CB-1042,2024-04-08,30.8
CB-1042,2024-04-15,16.8
CB-1042,2024-04-22,14.5
CB-1042,2024-04-29,14.5
CB-1042,2024-05-06,0.0
CB-1042,2024-05-13,5.2
CB-1042,2024-05-20,8.0
CB-1042,2024-05-27,8.0
CB-1042,2024-06-03,10.8
CB-1042,2024-06-10,5.5
CB-1042,2024-06-17,2.8
CB-1042,2024-06-24,4.0
CB-1042,2024-07-01,5.8
CB-1042,2024-07-08,5.8
CB-1042,2024-07-15,5.8
CB-1042,2024-07-22,4.5
CB-1042,2024-07-29,0.0
CB-1042,2024-08-05,0.0
CB-1042,2024-08-12,0.0
CB-1042,2024-08-19,2.8
CB-1042,2024-08-26,2.8
CB-1042,2024-09-02,2.8
CB-1042,2024-09-09,8.0
CB-1042,2024-09-16,5.2
CB-1042,2024-09-23,12.8
CB-1042,2024-09-30,12.8
CB-1042,2024-10-07,7.5
CB-1042,2024-10-14,10.2
CB-1042,2024-10-21,2.8
CB-1042,2024-10-28,2.8
CB-1042,2024-11-04,7.5
CB-1042,2024-11-11,4.8
CB-1042,2024-11-18,4.8
CB-1042,2024-11-25,4.8
CB-1042,2024-12-02,0.0
CB-1042,2024-12-09,0.0
CB-1042,2024-12-16,0.0
CB-1042,2024-12-23,10.2
CB-1042,2024-12-30,10.2
CB-1042,2025-01-06,23.8
CB-1042,2025-01-13,23.8
CB-1042,2025-01-20,19.2
CB-1042,2025-01-27,19.2
CB-1042,2025-02-03,5.8
CB-1042,2025-02-10,5.8
CB-1042,2025-02-17,0.0
CB-1042,2025-02-24,0.0
CB-1042,2025-03-03,0.0
CB-1042,2025-03-10,0.0
CB-1042,2025-03-17,0.0
CB-1042,2025-03-24,0.0
CB-1042,2025-03-31,0.0
CB-1042,2025-04-07,0.0
CB-1042,2025-04-14,11.2
CB-1042,2025-04-21,11.2
CB-1042,2025-04-28,11.2
CB-1042,2025-05-05,11.2
CB-1042,2025-05-12,0.0
CB-1042,2025-05-19,2.8
CB-1042,2025-05-26,2.8
CB-1042,2025-06-02,2.8
CB-1042,2025-06-09,2.8
CB-1042,2025-06-16,0.0
CB-1042,2025-06-23,0.0
CB-1042,2025-06-30,0.0
CB-1042,2025-07-07,0.0
CB-1042,2025-07-14,0.0
CB-1042,2025-07-21,0.0
CB-1042,2025-07-28,0.0
CB-1042,2025-08-04,0.0
CB-1042,2025-08-11,4.8
CB-1042,2025-08-18,13.5
CB-1042,2025-08-25,13.5
CB-1042,2025-09-01,13.5
CB-1042,2025-09-08,8.8
CB-1042,2025-09-15,10.0
CB-1042,2025-09-22,10.0
CB-1042,2025-09-29,10.0
CB-1042,2025-10-06,15.0
CB-1042,2025-10-13,5.0
CB-1042,2025-10-20,11.0
CB-1042,2025-10-27,11.0
CB-1042,2025-11-03,6.0
CB-1042,2025-11-10,6.0
CB-1042,2025-11-17,13.8
CB-1042,2025-11-24,13.8
CB-1042,2025-12-01,13.8
CB-1042,2025-12-08,23.8
CB-1042,2025-12-15,10.0
CB-1042,2025-12-22,13.3
CB-1043,2024-01-01,25.0
CB-1043,2024-01-08,23.0
CB-1043,2024-01-15,21.3
CB-1043,2024-01-22,19.5
CB-1043,2024-01-29,20.8
CB-1043,2024-02-05,19.8
CB-1043,2024-02-12,21.0
CB-1043,2024-02-19,25.0
CB-1043,2024-02-26,22.2
CB-1043,2024-03-04,28.2
CB-1043,2024-03-11,34.0
CB-1043,2024-03-18,34.0
CB-1043,2024-03-25,37.0
CB-1043,2024-04-01,37.8
CB-1043,2024-04-08,33.2
CB-1043,2024-04-15,32.5
CB-1043,2024-04-22,37.8
CB-1043,2024-04-29,38.5
CB-1043,2024-05-06,42.2
CB-1043,2024-05-13,47.2
CB-1043,2024-05-20,37.0
CB-1043,2024-05-27,37.8
CB-1043,2024-06-03,36.5
CB-1043,2024-06-10,35.8
CB-1043,2024-06-17,42.0
CB-1043,2024-06-24,37.2
CB-1043,2024-07-01,34.5
CB-1043,2024-07-08,31.8
CB-1043,2024-07-15,29.0
CB-1043,2024-07-22,30.2
CB-1043,2024-07-29,26.5
CB-1043,2024-08-05,23.5
CB-1043,2024-08-12,28.0
CB-1043,2024-08-19,23.8
CB-1043,2024-08-26,26.2
CB-1043,2024-09-02,25.2
CB-1043,2024-09-09,21.2
CB-1043,2024-09-16,21.0
CB-1043,2024-09-23,21.0
CB-1043,2024-09-30,24.5
CB-1043,2024-10-07,22.2
CB-1043,2024-10-14,25.5
CB-1043,2024-10-21,28.0
CB-1043,2024-10-28,29.0
CB-1043,2024-11-04,31.2
CB-1043,2024-11-11,37.8
CB-1043,2024-11-18,39.2
CB-1043,2024-11-25,38.5
CB-1043,2024-12-02,36.8
CB-1043,2024-12-09,29.8
CB-1043,2024-12-16,32.0
CB-1043,2024-12-23,37.0
CB-1043,2024-12-30,44.8
CB-1043,2025-01-06,48.5
CB-1043,2025-01-13,41.8
CB-1043,2025-01-20,39.5
CB-1043,2025-01-27,32.0
CB-1043,2025-02-03,25.5
CB-1043,2025-02-10,31.0
CB-1043,2025-02-17,32.0
CB-1043,2025-02-24,40.0
CB-1043,2025-03-03,47.5
CB-1043,2025-03-10,49.2
CB-1043,2025-03-17,44.2
CB-1043,2025-03-24,41.0
CB-1043,2025-03-31,34.0
CB-1043,2025-04-07,24.8
CB-1043,2025-04-14,31.0
CB-1043,2025-04-21,28.5
CB-1043,2025-04-28,36.8
CB-1043,2025-05-05,47.8
CB-1043,2025-05-12,42.5
CB-1043,2025-05-19,46.8
CB-1043,2025-05-26,40.8
CB-1043,2025-06-02,30.0
CB-1043,2025-06-09,31.8
CB-1043,2025-06-16,27.2
CB-1043,2025-06-23,27.2
CB-1043,2025-06-30,38.0
CB-1043,2025-07-07,32.2
CB-1043,2025-07-14,34.0
CB-1043,2025-07-21,31.8
CB-1043,2025-07-28,27.5
CB-1043,2025-08-04,31.8
CB-1043,2025-08-11,30.8
CB-1043,2025-08-18,30.5
CB-1043,2025-08-25,25.8
CB-1043,2025-09-01,26.8
CB-1043,2025-09-08,29.5
CB-1043,2025-09-15,32.5
CB-1043,2025-09-22,32.0
CB-1043,2025-09-29,30.5
CB-1043,2025-10-06,32.2
CB-1043,2025-10-13,31.5
CB-1043,2025-10-20,37.5
CB-1043,2025-10-27,35.2
CB-1043,2025-11-03,30.0
CB-1043,2025-11-10,32.0
CB-1043,2025-11-17,30.2
CB-1043,2025-11-24,30.8
CB-1043,2025-12-01,29.2
CB-1043,2025-12-08,31.8
CB-1043,2025-12-15,35.5
CB-1043,2025-12-22,39.7
CB-1044,2024-01-01,76.0
CB-1044,2024-01-08,82.5
CB-1044,2024-01-15,84.0
CB-1044,2024-01-22,82.5
CB-1044,2024-01-29,83.5
CB-1044,2024-02-05,84.5
CB-1044,2024-02-12,85.2
CB-1044,2024-02-19,89.0
CB-1044,2024-02-26,94.5
CB-1044,2024-03-04,96.5
CB-1044,2024-03-11,100.8
CB-1044,2024-03-18,98.0
CB-1044,2024-03-25,97.2
CB-1044,2024-04-01,97.8
CB-1044,2024-04-08,92.2
CB-1044,2024-04-15,94.8
CB-1044,2024-04-22,92.5
CB-1044,2024-04-29,90.5
CB-1044,2024-05-06,95.8
CB-1044,2024-05-13,99.5
CB-1044,2024-05-20,98.2
CB-1044,2024-05-27,97.8
CB-1044,2024-06-03,94.0
CB-1044,2024-06-10,89.0
CB-1044,2024-06-17,89.0
CB-1044,2024-06-24,86.2
CB-1044,2024-07-01,85.8
CB-1044,2024-07-08,84.8
CB-1044,2024-07-15,80.2
CB-1044,2024-07-22,78.8
CB-1044,2024-07-29,75.2
CB-1044,2024-08-05,72.0
CB-1044,2024-08-12,73.2
CB-1044,2024-08-19,70.8
CB-1044,2024-08-26,68.2
CB-1044,2024-09-02,66.8
CB-1044,2024-09-09,61.8
CB-1044,2024-09-16,60.8
CB-1044,2024-09-23,59.2
CB-1044,2024-09-30,57.2
CB-1044,2024-10-07,61.8
CB-1044,2024-10-14,62.8
CB-1044,2024-10-21,64.2
CB-1044,2024-10-28,66.0
CB-1044,2024-11-04,66.0
CB-1044,2024-11-11,68.5
CB-1044,2024-11-18,69.2
CB-1044,2024-11-25,72.2
CB-1044,2024-12-02,75.5
CB-1044,2024-12-09,73.2
CB-1044,2024-12-16,76.8
CB-1044,2024-12-23,78.5
CB-1044,2024-12-30,79.5
CB-1044,2025-01-06,84.5
CB-1044,2025-01-13,87.5
CB-1044,2025-01-20,94.8
CB-1044,2025-01-27,97.0
CB-1044,2025-02-03,101.0
CB-1044,2025-02-10,107.2
CB-1044,2025-02-17,104.5
CB-1044,2025-02-24,111.0
CB-1044,2025-03-03,112.2
CB-1044,2025-03-10,113.5
CB-1044,2025-03-17,117.5
CB-1044,2025-03-24,115.0
CB-1044,2025-03-31,115.2
CB-1044,2025-04-07,110.2
CB-1044,2025-04-14,108.8
CB-1044,2025-04-21,109.8
CB-1044,2025-04-28,109.2
CB-1044,2025-05-05,109.0
CB-1044,2025-05-12,107.0
CB-1044,2025-05-19,105.5
CB-1044,2025-05-26,106.2
CB-1044,2025-06-02,103.5
CB-1044,2025-06-09,100.5
CB-1044,2025-06-16,96.8
CB-1044,2025-06-23,94.5
CB-1044,2025-06-30,95.5
CB-1044,2025-07-07,92.2
CB-1044,2025-07-14,88.8
CB-1044,2025-07-21,82.0
CB-1044,2025-07-28,77.0
CB-1044,2025-08-04,79.2
CB-1044,2025-08-11,75.5
CB-1044,2025-08-18,72.8
CB-1044,2025-08-25,70.5
CB-1044,2025-09-01,67.0
CB-1044,2025-09-08,68.8
CB-1044,2025-09-15,71.0
CB-1044,2025-09-22,73.2
CB-1044,2025-09-29,70.2
CB-1044,2025-10-06,71.2
CB-1044,2025-10-13,70.8
CB-1044,2025-10-20,71.0
CB-1044,2025-10-27,72.5
CB-1044,2025-11-03,72.2
CB-1044,2025-11-10,74.8
CB-1044,2025-11-17,77.5
CB-1044,2025-11-24,79.2
CB-1044,2025-12-01,81.8
CB-1044,2025-12-08,82.0
CB-1044,2025-12-15,84.0
CB-1044,2025-12-22,87.7
CB-1045,2024-01-01,77.0
CB-1045,2024-01-08,82.5
CB-1045,2024-01-15,63.7
CB-1045,2024-01-22,67.0
CB-1045,2024-01-29,69.2
CB-1045,2024-02-05,62.2
CB-1045,2024-02-12,65.5
CB-1045,2024-02-19,69.2
CB-1045,2024-02-26,58.0
CB-1045,2024-03-04,59.5
CB-1045,2024-03-11,67.2
CB-1045,2024-03-18,66.8
CB-1045,2024-03-25,70.5
CB-1045,2024-04-01,67.8
CB-1045,2024-04-08,69.0
CB-1045,2024-04-15,70.8
CB-1045,2024-04-22,88.8
CB-1045,2024-04-29,83.2
CB-1045,2024-05-06,83.8
CB-1045,2024-05-13,70.0
CB-1045,2024-05-20,60.8
CB-1045,2024-05-27,63.5
CB-1045,2024-06-03,56.5
CB-1045,2024-06-10,58.5
CB-1045,2024-06-17,50.8
CB-1045,2024-06-24,56.2
CB-1045,2024-07-01,61.0
CB-1045,2024-07-08,62.5
CB-1045,2024-07-15,54.8
CB-1045,2024-07-22,55.0
CB-1045,2024-07-29,50.8
CB-1045,2024-08-05,54.5
CB-1045,2024-08-12,56.5
CB-1045,2024-08-19,45.0
CB-1045,2024-08-26,44.0
CB-1045,2024-09-02,43.2
CB-1045,2024-09-09,46.2
CB-1045,2024-09-16,51.8
CB-1045,2024-09-23,48.0
CB-1045,2024-09-30,49.8
CB-1045,2024-10-07,45.0
CB-1045,2024-10-14,43.0
CB-1045,2024-10-21,49.5
CB-1045,2024-10-28,35.0
CB-1045,2024-11-04,45.8
CB-1045,2024-11-11,52.8
CB-1045,2024-11-18,56.0
CB-1045,2024-11-25,68.2
CB-1045,2024-12-02,63.5
CB-1045,2024-12-09,57.0
CB-1045,2024-12-16,53.8
CB-1045,2024-12-23,47.8
CB-1045,2024-12-30,53.2
CB-1045,2025-01-06,65.5
CB-1045,2025-01-13,77.2
CB-1045,2025-01-20,87.0
CB-1045,2025-01-27,92.2
CB-1045,2025-02-03,87.5
CB-1045,2025-02-10,77.2
CB-1045,2025-02-17,79.8
CB-1045,2025-02-24,72.5
CB-1045,2025-03-03,77.5
CB-1045,2025-03-10,74.2
CB-1045,2025-03-17,65.5
CB-1045,2025-03-24,73.2
CB-1045,2025-03-31,78.2
CB-1045,2025-04-07,78.8
CB-1045,2025-04-14,89.8
CB-1045,2025-04-21,81.2
CB-1045,2025-04-28,74.5
CB-1045,2025-05-05,90.5
CB-1045,2025-05-12,90.2
CB-1045,2025-05-19,98.2
CB-1045,2025-05-26,109.2
CB-1045,2025-06-02,93.8
CB-1045,2025-06-09,80.5
CB-1045,2025-06-16,69.0
CB-1045,2025-06-23,53.2
CB-1045,2025-06-30,42.2
CB-1045,2025-07-07,45.5
CB-1045,2025-07-14,45.2
CB-1045,2025-07-21,49.0
CB-1045,2025-07-28,62.5
CB-1045,2025-08-04,59.0
CB-1045,2025-08-11,63.2
CB-1045,2025-08-18,61.2
CB-1045,2025-08-25,54.8
CB-1045,2025-09-01,54.2
CB-1045,2025-09-08,40.2
CB-1045,2025-09-15,31.2
CB-1045,2025-09-22,31.0
CB-1045,2025-09-29,33.5
CB-1045,2025-10-06,39.5
CB-1045,2025-10-13,42.2
CB-1045,2025-10-20,40.5
CB-1045,2025-10-27,41.8
CB-1045,2025-11-03,49.2
CB-1045,2025-11-10,55.0
CB-1045,2025-11-17,62.2
CB-1045,2025-11-24,54.8
CB-1045,2025-12-01,51.0
CB-1045,2025-12-08,48.8
CB-1045,2025-12-15,48.5
CB-1045,2025-12-22,55.3
CB-1046,2024-01-01,32.0
CB-1046,2024-01-08,47.0
CB-1046,2024-01-15,52.3
CB-1046,2024-01-22,48.8
CB-1046,2024-01-29,58.2
CB-1046,2024-02-05,55.8
CB-1046,2024-02-12,47.2
CB-1046,2024-02-19,54.5
CB-1046,2024-02-26,52.8
CB-1046,2024-03-04,53.2
CB-1046,2024-03-11,60.8
CB-1046,2024-03-18,55.2
CB-1046,2024-03-25,57.8
CB-1046,2024-04-01,59.0
CB-1046,2024-04-08,60.2
CB-1046,2024-04-15,65.8
CB-1046,2024-04-22,56.2
CB-1046,2024-04-29,51.5
CB-1046,2024-05-06,38.8
CB-1046,2024-05-13,39.0
CB-1046,2024-05-20,38.2
CB-1046,2024-05-27,42.8
CB-1046,2024-06-03,54.8
CB-1046,2024-06-10,53.8
CB-1046,2024-06-17,53.2
CB-1046,2024-06-24,51.0
CB-1046,2024-07-01,55.0
CB-1046,2024-07-08,57.8
CB-1046,2024-07-15,65.5
CB-1046,2024-07-22,65.8
CB-1046,2024-07-29,53.5
CB-1046,2024-08-05,48.0
CB-1046,2024-08-12,42.5
CB-1046,2024-08-19,42.0
CB-1046,2024-08-26,42.8
CB-1046,2024-09-02,38.8
CB-1046,2024-09-09,39.2
CB-1046,2024-09-16,37.8
CB-1046,2024-09-23,41.2
CB-1046,2024-09-30,39.8
CB-1046,2024-10-07,34.8
CB-1046,2024-10-14,39.8
CB-1046,2024-10-21,47.2
CB-1046,2024-10-28,51.5
CB-1046,2024-11-04,52.0
CB-1046,2024-11-11,44.5
CB-1046,2024-11-18,39.0
CB-1046,2024-11-25,44.0
CB-1046,2024-12-02,45.0
CB-1046,2024-12-09,48.8
CB-1046,2024-12-16,49.2
CB-1046,2024-12-23,49.5
CB-1046,2024-12-30,54.8
CB-1046,2025-01-06,49.2
CB-1046,2025-01-13,53.0
CB-1046,2025-01-20,56.5
CB-1046,2025-01-27,59.2
CB-1046,2025-02-03,70.8
CB-1046,2025-02-10,66.5
CB-1046,2025-02-17,57.2
CB-1046,2025-02-24,64.8
CB-1046,2025-03-03,66.0
CB-1046,2025-03-10,72.5
CB-1046,2025-03-17,86.8
CB-1046,2025-03-24,75.2
CB-1046,2025-03-31,70.0
CB-1046,2025-04-07,68.0
CB-1046,2025-04-14,55.8
CB-1046,2025-04-21,66.2
CB-1046,2025-04-28,68.0
CB-1046,2025-05-05,61.0
CB-1046,2025-05-12,64.0
CB-1046,2025-05-19,59.5
CB-1046,2025-05-26,64.5
CB-1046,2025-06-02,71.0
CB-1046,2025-06-09,71.5
CB-1046,2025-06-16,70.8
CB-1046,2025-06-23,63.2
CB-1046,2025-06-30,56.2
CB-1046,2025-07-07,53.8
CB-1046,2025-07-14,49.0
CB-1046,2025-07-21,55.8
CB-1046,2025-07-28,63.2
CB-1046,2025-08-04,63.2
CB-1046,2025-08-11,65.0
CB-1046,2025-08-18,56.2
CB-1046,2025-08-25,44.8
CB-1046,2025-09-01,40.2
CB-1046,2025-09-08,38.5
CB-1046,2025-09-15,39.0
CB-1046,2025-09-22,45.2
CB-1046,2025-09-29,49.5
CB-1046,2025-10-06,46.5
CB-1046,2025-10-13,43.5
CB-1046,2025-10-20,48.0
CB-1046,2025-10-27,48.2
CB-1046,2025-11-03,50.2
CB-1046,2025-11-10,53.5
CB-1046,2025-11-17,48.5
CB-1046,2025-11-24,47.0
CB-1046,2025-12-01,52.2
CB-1046,2025-12-08,66.5
CB-1046,2025-12-15,69.8
CB-1046,2025-12-22,75.7
CB-1047,2024-01-01,0.0
CB-1047,2024-01-08,0.0
CB-1047,2024-01-15,0.0
CB-1047,2024-01-22,0.0
CB-1047,2024-01-29,0.0
CB-1047,2024-02-05,0.0
CB-1047,2024-02-12,0.0
CB-1047,2024-02-19,0.0
CB-1047,2024-02-26,0.0
CB-1047,2024-03-04,0.0
CB-1047,2024-03-11,0.0
CB-1047,2024-03-18,0.0
CB-1047,2024-03-25,0.0
CB-1047,2024-04-01,0.0
CB-1047,2024-04-08,11.0
CB-1047,2024-04-15,11.0
CB-1047,2024-04-22,11.0
CB-1047,2024-04-29,26.0
CB-1047,2024-05-06,15.0
CB-1047,2024-05-13,15.0
CB-1047,2024-05-20,15.0
CB-1047,2024-05-27,0.0
CB-1047,2024-06-03,0.0
CB-1047,2024-06-10,0.0
CB-1047,2024-06-17,0.0
CB-1047,2024-06-24,0.0
CB-1047,2024-07-01,0.0
CB-1047,2024-07-08,0.0
CB-1047,2024-07-15,0.0
CB-1047,2024-07-22,2.8
CB-1047,2024-07-29,2.8
CB-1047,2024-08-05,2.8
CB-1047,2024-08-12,2.8
CB-1047,2024-08-19,0.0
CB-1047,2024-08-26,0.0
CB-1047,2024-09-02,0.0
CB-1047,2024-09-09,0.0
CB-1047,2024-09-16,0.0
CB-1047,2024-09-23,0.0
CB-1047,2024-09-30,0.0
CB-1047,2024-10-07,0.0
CB-1047,2024-10-14,0.0
CB-1047,2024-10-21,0.0
CB-1047,2024-10-28,0.0
CB-1047,2024-11-04,11.8
CB-1047,2024-11-11,11.8
CB-1047,2024-11-18,22.2
CB-1047,2024-11-25,22.2
CB-1047,2024-12-02,10.5
CB-1047,2024-12-09,10.5
CB-1047,2024-12-16,0.0
CB-1047,2024-12-23,0.0
CB-1047,2024-12-30,0.0
CB-1047,2025-01-06,0.0
CB-1047,2025-01-13,0.0
CB-1047,2025-01-20,0.0
CB-1047,2025-01-27,0.0
CB-1047,2025-02-03,6.2
CB-1047,2025-02-10,17.0
CB-1047,2025-02-17,17.0
CB-1047,2025-02-24,17.0
CB-1047,2025-03-03,10.8
CB-1047,2025-03-10,0.0
CB-1047,2025-03-17,0.0
CB-1047,2025-03-24,0.0
CB-1047,2025-03-31,0.0
CB-1047,2025-04-07,0.0
CB-1047,2025-04-14,13.2
CB-1047,2025-04-21,13.2
CB-1047,2025-04-28,13.2
CB-1047,2025-05-05,13.2
CB-1047,2025-05-12,0.0
CB-1047,2025-05-19,0.0
CB-1047,2025-05-26,0.0
CB-1047,2025-06-02,0.0
CB-1047,2025-06-09,0.0
CB-1047,2025-06-16,0.0
CB-1047,2025-06-23,0.0
CB-1047,2025-06-30,0.0
CB-1047,2025-07-07,12.0
CB-1047,2025-07-14,12.0
CB-1047,2025-07-21,12.0
CB-1047,2025-07-28,16.8
CB-1047,2025-08-04,17.2
CB-1047,2025-08-11,17.2
CB-1047,2025-08-18,17.2
CB-1047,2025-08-25,12.5
CB-1047,2025-09-01,0.0
CB-1047,2025-09-08,0.0
CB-1047,2025-09-15,10.2
CB-1047,2025-09-22,10.2
CB-1047,2025-09-29,10.2
CB-1047,2025-10-06,10.2
CB-1047,2025-10-13,0.0
CB-1047,2025-10-20,0.0
CB-1047,2025-10-27,4.0
CB-1047,2025-11-03,4.0
CB-1047,2025-11-10,4.0
CB-1047,2025-11-17,7.5
CB-1047,2025-11-24,11.2
CB-1047,2025-12-01,11.2
CB-1047,2025-12-08,22.2
CB-1047,2025-12-15,18.8
CB-1047,2025-12-22,14.7
CB-1048,2024-01-01,51.0
CB-1048,2024-01-08,52.5
CB-1048,2024-01-15,55.0
CB-1048,2024-01-22,57.5
CB-1048,2024-01-29,62.0
CB-1048,2024-02-05,66.0
CB-1048,2024-02-12,70.0
CB-1048,2024-02-19,73.2
CB-1048,2024-02-26,72.8
CB-1048,2024-03-04,74.0
CB-1048,2024-03-11,72.2
CB-1048,2024-03-18,71.0
CB-1048,2024-03-25,73.5
CB-1048,2024-04-01,68.2
CB-1048,2024-04-08,73.2
CB-1048,2024-04-15,74.5
CB-1048,2024-04-22,72.8
CB-1048,2024-04-29,80.2
CB-1048,2024-05-06,75.5
CB-1048,2024-05-13,74.0
CB-1048,2024-05-20,73.2
CB-1048,2024-05-27,71.5
CB-1048,2024-06-03,70.5
CB-1048,2024-06-10,69.0
CB-1048,2024-06-17,69.5
CB-1048,2024-06-24,66.5
CB-1048,2024-07-01,65.0
CB-1048,2024-07-08,64.2
CB-1048,2024-07-15,64.0
CB-1048,2024-07-22,61.8
CB-1048,2024-07-29,60.2
CB-1048,2024-08-05,57.8
CB-1048,2024-08-12,54.8
CB-1048,2024-08-19,52.5
CB-1048,2024-08-26,51.0
CB-1048,2024-09-02,48.2
CB-1048,2024-09-09,45.0
CB-1048,2024-09-16,44.8
CB-1048,2024-09-23,44.5
CB-1048,2024-09-30,47.8
CB-1048,2024-10-07,49.5
CB-1048,2024-10-14,49.2
CB-1048,2024-10-21,49.2
CB-1048,2024-10-28,49.8
CB-1048,2024-11-04,51.5
CB-1048,2024-11-11,53.8
CB-1048,2024-11-18,55.5
CB-1048,2024-11-25,56.8
CB-1048,2024-12-02,56.2
CB-1048,2024-12-09,58.5
CB-1048,2024-12-16,63.8
CB-1048,2024-12-23,64.8
CB-1048,2024-12-30,66.8
CB-1048,2025-01-06,69.0
CB-1048,2025-01-13,67.5
CB-1048,2025-01-20,67.2
CB-1048,2025-01-27,71.5
CB-1048,2025-02-03,74.5
CB-1048,2025-02-10,76.5
CB-1048,2025-02-17,79.8
CB-1048,2025-02-24,78.5
CB-1048,2025-03-03,77.8
CB-1048,2025-03-10,78.5
CB-1048,2025-03-17,78.2
CB-1048,2025-03-24,83.8
CB-1048,2025-03-31,85.2
CB-1048,2025-04-07,87.2
CB-1048,2025-04-14,90.2
CB-1048,2025-04-21,88.0
CB-1048,2025-04-28,86.0
CB-1048,2025-05-05,84.8
CB-1048,2025-05-12,82.0
CB-1048,2025-05-19,80.2
CB-1048,2025-05-26,80.2
CB-1048,2025-06-02,77.8
CB-1048,2025-06-09,74.5
CB-1048,2025-06-16,72.2
CB-1048,2025-06-23,69.5
CB-1048,2025-06-30,65.5
CB-1048,2025-07-07,66.2
CB-1048,2025-07-14,65.2
CB-1048,2025-07-21,66.8
CB-1048,2025-07-28,67.0
CB-1048,2025-08-04,64.0
CB-1048,2025-08-11,60.0
CB-1048,2025-08-18,55.8
CB-1048,2025-08-25,55.2
CB-1048,2025-09-01,54.0
CB-1048,2025-09-08,54.2
CB-1048,2025-09-15,51.2
CB-1048,2025-09-22,51.5
CB-1048,2025-09-29,51.2
CB-1048,2025-10-06,51.5
CB-1048,2025-10-13,52.5
CB-1048,2025-10-20,51.5
CB-1048,2025-10-27,53.0
CB-1048,2025-11-03,54.0
CB-1048,2025-11-10,57.2
CB-1048,2025-11-17,61.2
CB-1048,2025-11-24,64.2
CB-1048,2025-12-01,67.5
CB-1048,2025-12-08,71.0
CB-1048,2025-12-15,72.2
CB-1048,2025-12-22,73.7
CB-1049,2024-01-01,98.0
CB-1049,2024-01-08,69.0
CB-1049,2024-01-15,66.0
CB-1049,2024-01-22,69.0
CB-1049,2024-01-29,72.8
CB-1049,2024-02-05,85.2
CB-1049,2024-02-12,102.8
CB-1049,2024-02-19,117.8
CB-1049,2024-02-26,123.8
CB-1049,2024-03-04,135.8
CB-1049,2024-03-11,119.0
CB-1049,2024-03-18,113.5
CB-1049,2024-03-25,98.8
CB-1049,2024-04-01,74.8
CB-1049,2024-04-08,81.2
CB-1049,2024-04-15,88.5
CB-1049,2024-04-22,97.5
CB-1049,2024-04-29,128.5
CB-1049,2024-05-06,131.8
CB-1049,2024-05-13,139.2
CB-1049,2024-05-20,135.2
CB-1049,2024-05-27,116.5
CB-1049,2024-06-03,103.2
CB-1049,2024-06-10,89.5
CB-1049,2024-06-17,82.2
CB-1049,2024-06-24,75.2
CB-1049,2024-07-01,91.8
CB-1049,2024-07-08,89.0
CB-1049,2024-07-15,98.0
CB-1049,2024-07-22,98.2
CB-1049,2024-07-29,87.0
CB-1049,2024-08-05,76.8
CB-1049,2024-08-12,72.0
CB-1049,2024-08-19,81.5
CB-1049,2024-08-26,82.5
CB-1049,2024-09-02,92.8
CB-1049,2024-09-09,92.2
CB-1049,2024-09-16,81.2
CB-1049,2024-09-23,83.2
CB-1049,2024-09-30,81.5
CB-1049,2024-10-07,87.8
CB-1049,2024-10-14,96.2
CB-1049,2024-10-21,92.5
CB-1049,2024-10-28,82.8
CB-1049,2024-11-04,76.5
CB-1049,2024-11-11,82.0
CB-1049,2024-11-18,86.5
CB-1049,2024-11-25,92.8
CB-1049,2024-12-02,91.8
CB-1049,2024-12-09,81.2
CB-1049,2024-12-16,79.8
CB-1049,2024-12-23,80.5
CB-1049,2024-12-30,96.5
CB-1049,2025-01-06,99.8
CB-1049,2025-01-13,104.2
CB-1049,2025-01-20,98.5
CB-1049,2025-01-27,94.0
CB-1049,2025-02-03,110.8
CB-1049,2025-02-10,127.8
CB-1049,2025-02-17,139.2
CB-1049,2025-02-24,140.2
CB-1049,2025-03-03,128.2
CB-1049,2025-03-10,119.8
CB-1049,2025-03-17,122.2
CB-1049,2025-03-24,118.2
CB-1049,2025-03-31,121.5
CB-1049,2025-04-07,121.0
CB-1049,2025-04-14,115.0
CB-1049,2025-04-21,111.8
CB-1049,2025-04-28,126.0
CB-1049,2025-05-05,146.2
CB-1049,2025-05-12,136.5
CB-1049,2025-05-19,125.8
CB-1049,2025-05-26,99.2
CB-1049,2025-06-02,70.8
CB-1049,2025-06-09,87.5
CB-1049,2025-06-16,101.5
CB-1049,2025-06-23,109.0
CB-1049,2025-06-30,111.5
CB-1049,2025-07-07,96.0
CB-1049,2025-07-14,86.8
CB-1049,2025-07-21,82.5
CB-1049,2025-07-28,65.0
CB-1049,2025-08-04,60.0
CB-1049,2025-08-11,52.2
CB-1049,2025-08-18,55.5
CB-1049,2025-08-25,66.2
CB-1049,2025-09-01,76.5
CB-1049,2025-09-08,71.2
CB-1049,2025-09-15,56.2
CB-1049,2025-09-22,58.2
CB-1049,2025-09-29,37.0
CB-1049,2025-10-06,56.5
CB-1049,2025-10-13,54.5
CB-1049,2025-10-20,56.8
CB-1049,2025-10-27,69.2
CB-1049,2025-11-03,70.0
CB-1049,2025-11-10,106.0
CB-1049,2025-11-17,86.2
CB-1049,2025-11-24,99.8
CB-1049,2025-12-01,81.2
CB-1049,2025-12-08,64.8
CB-1049,2025-12-15,82.2
CB-1049,2025-12-22,74.3
CB-1050,2024-01-01,27.0
CB-1050,2024-01-08,54.0
CB-1050,2024-01-15,52.7
CB-1050,2024-01-22,47.2
CB-1050,2024-01-29,64.5
CB-1050,2024-02-05,59.5
CB-1050,2024-02-12,73.8
CB-1050,2024-02-19,89.2
CB-1050,2024-02-26,77.2
CB-1050,2024-03-04,78.2
CB-1050,2024-03-11,69.2
CB-1050,2024-03-18,72.2
CB-1050,2024-03-25,80.0
CB-1050,2024-04-01,82.0
CB-1050,2024-04-08,80.2
CB-1050,2024-04-15,70.8
CB-1050,2024-04-22,75.8
CB-1050,2024-04-29,74.2
CB-1050,2024-05-06,72.5
CB-1050,2024-05-13,68.8
CB-1050,2024-05-20,57.0
CB-1050,2024-05-27,48.2
CB-1050,2024-06-03,45.2
CB-1050,2024-06-10,55.0
CB-1050,2024-06-17,55.5
CB-1050,2024-06-24,65.2
CB-1050,2024-07-01,55.8
CB-1050,2024-07-08,49.0
CB-1050,2024-07-15,47.8
CB-1050,2024-07-22,40.5
CB-1050,2024-07-29,51.8
CB-1050,2024-08-05,45.8
CB-1050,2024-08-12,36.5
CB-1050,2024-08-19,41.2
CB-1050,2024-08-26,40.5
CB-1050,2024-09-02,40.5
CB-1050,2024-09-09,44.8
CB-1050,2024-09-16,34.8
CB-1050,2024-09-23,34.2
CB-1050,2024-09-30,41.5
CB-1050,2024-10-07,46.2
CB-1050,2024-10-14,46.8
CB-1050,2024-10-21,47.2
CB-1050,2024-10-28,41.5
CB-1050,2024-11-04,45.2
CB-1050,2024-11-11,54.5
CB-1050,2024-11-18,42.2
CB-1050,2024-11-25,46.5
CB-1050,2024-12-02,39.5
CB-1050,2024-12-09,31.5
CB-1050,2024-12-16,45.0
CB-1050,2024-12-23,46.5
CB-1050,2024-12-30,44.2
CB-1050,2025-01-06,57.2
CB-1050,2025-01-13,64.5
CB-1050,2025-01-20,64.5
CB-1050,2025-01-27,70.0
CB-1050,2025-02-03,61.8
CB-1050,2025-02-10,65.5
CB-1050,2025-02-17,57.0
CB-1050,2025-02-24,70.8
CB-1050,2025-03-03,76.8
CB-1050,2025-03-10,70.8
CB-1050,2025-03-17,69.8
CB-1050,2025-03-24,62.2
CB-1050,2025-03-31,68.0
CB-1050,2025-04-07,59.8
CB-1050,2025-04-14,74.5
CB-1050,2025-04-21,76.0
CB-1050,2025-04-28,67.0
CB-1050,2025-05-05,81.0
CB-1050,2025-05-12,62.8
CB-1050,2025-05-19,63.2
CB-1050,2025-05-26,76.2
CB-1050,2025-06-02,77.8
CB-1050,2025-06-09,92.5
CB-1050,2025-06-16,86.8
CB-1050,2025-06-23,71.5
CB-1050,2025-06-30,59.5
CB-1050,2025-07-07,58.2
CB-1050,2025-07-14,54.2
CB-1050,2025-07-21,60.0
CB-1050,2025-07-28,70.2
CB-1050,2025-08-04,65.8
CB-1050,2025-08-11,62.2
CB-1050,2025-08-18,51.0
CB-1050,2025-08-25,43.0
CB-1050,2025-09-01,42.0
CB-1050,2025-09-08,51.0
CB-1050,2025-09-15,54.2
CB-1050,2025-09-22,54.0
CB-1050,2025-09-29,53.2
CB-1050,2025-10-06,46.5
CB-1050,2025-10-13,47.2
CB-1050,2025-10-20,39.0
CB-1050,2025-10-27,49.8
CB-1050,2025-11-03,53.5
CB-1050,2025-11-10,59.8
CB-1050,2025-11-17,63.8
CB-1050,2025-11-24,50.8
CB-1050,2025-12-01,51.8
CB-1050,2025-12-08,56.5
CB-1050,2025-12-15,58.2
CB-1050,2025-12-22,65.3
CB-1051,2024-01-01,36.0
CB-1051,2024-01-08,31.0
CB-1051,2024-01-15,30.3
CB-1051,2024-01-22,30.5
CB-1051,2024-01-29,25.2
CB-1051,2024-02-05,23.0
CB-1051,2024-02-12,19.8
CB-1051,2024-02-19,15.5
CB-1051,2024-02-26,20.5
CB-1051,2024-03-04,24.0
CB-1051,2024-03-11,27.2
CB-1051,2024-03-18,24.5
CB-1051,2024-03-25,28.0
CB-1051,2024-04-01,25.0
CB-1051,2024-04-08,30.0
CB-1051,2024-04-15,32.8
CB-1051,2024-04-22,25.5
CB-1051,2024-04-29,22.2
CB-1051,2024-05-06,17.8
CB-1051,2024-05-13,18.5
CB-1051,2024-05-20,17.5
CB-1051,2024-05-27,19.2
CB-1051,2024-06-03,19.5
CB-1051,2024-06-10,23.0
CB-1051,2024-06-17,28.8
CB-1051,2024-06-24,30.0
CB-1051,2024-07-01,28.0
CB-1051,2024-07-08,23.2
CB-1051,2024-07-15,18.2
CB-1051,2024-07-22,18.0
CB-1051,2024-07-29,18.0
CB-1051,2024-08-05,21.8
CB-1051,2024-08-12,23.5
CB-1051,2024-08-19,22.5
CB-1051,2024-08-26,22.8
CB-1051,2024-09-02,20.5
CB-1051,2024-09-09,18.0
CB-1051,2024-09-16,18.2
CB-1051,2024-09-23,15.8
CB-1051,2024-09-30,18.5
CB-1051,2024-10-07,19.5
CB-1051,2024-10-14,21.0
CB-1051,2024-10-21,21.5
CB-1051,2024-10-28,23.2
CB-1051,2024-11-04,25.5
CB-1051,2024-11-11,24.2
CB-1051,2024-11-18,24.8
CB-1051,2024-11-25,20.8
CB-1051,2024-12-02,19.5
CB-1051,2024-12-09,20.2
CB-1051,2024-12-16,22.5
CB-1051,2024-12-23,26.8
CB-1051,2024-12-30,24.2
CB-1051,2025-01-06,23.8
CB-1051,2025-01-13,22.5
CB-1051,2025-01-20,19.2
CB-1051,2025-01-27,28.0
CB-1051,2025-02-03,34.0
CB-1051,2025-02-10,38.2
CB-1051,2025-02-17,39.2
CB-1051,2025-02-24,34.0
CB-1051,2025-03-03,27.8
CB-1051,2025-03-10,27.8
CB-1051,2025-03-17,30.0
CB-1051,2025-03-24,34.5
CB-1051,2025-03-31,38.2
CB-1051,2025-04-07,35.8
CB-1051,2025-04-14,35.0
CB-1051,2025-04-21,33.8
CB-1051,2025-04-28,30.0
CB-1051,2025-05-05,32.2
CB-1051,2025-05-12,31.2
CB-1051,2025-05-19,25.8
CB-1051,2025-05-26,24.0
CB-1051,2025-06-02,21.0
CB-1051,2025-06-09,24.0
CB-1051,2025-06-16,30.0
CB-1051,2025-06-23,35.2
CB-1051,2025-06-30,39.2
CB-1051,2025-07-07,34.8
CB-1051,2025-07-14,32.0
CB-1051,2025-07-21,29.8
CB-1051,2025-07-28,23.8
CB-1051,2025-08-04,22.0
CB-1051,2025-08-11,15.5
CB-1051,2025-08-18,18.2
CB-1051,2025-08-25,17.5
CB-1051,2025-09-01,17.0
CB-1051,2025-09-08,18.5
CB-1051,2025-09-15,15.5
CB-1051,2025-09-22,19.8
CB-1051,2025-09-29,24.8
CB-1051,2025-10-06,24.0
CB-1051,2025-10-13,23.8
CB-1051,2025-10-20,18.8
CB-1051,2025-10-27,17.2
CB-1051,2025-11-03,21.0
CB-1051,2025-11-10,21.0
CB-1051,2025-11-17,23.8
CB-1051,2025-11-24,21.5
CB-1051,2025-12-01,25.2
CB-1051,2025-12-08,28.5
CB-1051,2025-12-15,30.8
CB-1051,2025-12-22,34.3
CB-1052,2024-01-01,80.0
CB-1052,2024-01-08,72.0
CB-1052,2024-01-15,73.0
CB-1052,2024-01-22,72.8
CB-1052,2024-01-29,75.8
CB-1052,2024-02-05,81.0
CB-1052,2024-02-12,82.2
CB-1052,2024-02-19,86.0
CB-1052,2024-02-26,80.2
CB-1052,2024-03-04,79.2
CB-1052,2024-03-11,81.8
CB-1052,2024-03-18,84.0
CB-1052,2024-03-25,86.0
CB-1052,2024-04-01,87.8
CB-1052,2024-04-08,89.8
CB-1052,2024-04-15,85.8
CB-1052,2024-04-22,89.2
CB-1052,2024-04-29,89.5
CB-1052,2024-05-06,89.8
CB-1052,2024-05-13,90.8
CB-1052,2024-05-20,88.8
CB-1052,2024-05-27,88.5
CB-1052,2024-06-03,81.8
CB-1052,2024-06-10,80.2
CB-1052,2024-06-17,78.0
CB-1052,2024-06-24,74.5
CB-1052,2024-07-01,76.0
CB-1052,2024-07-08,75.0
CB-1052,2024-07-15,72.8
CB-1052,2024-07-22,71.2
CB-1052,2024-07-29,70.0
CB-1052,2024-08-05,66.2
CB-1052,2024-08-12,65.8
CB-1052,2024-08-19,63.8
CB-1052,2024-08-26,60.2
CB-1052,2024-09-02,58.2
CB-1052,2024-09-09,58.8
CB-1052,2024-09-16,57.2
CB-1052,2024-09-23,58.2
CB-1052,2024-09-30,59.2
CB-1052,2024-10-07,57.0
CB-1052,2024-10-14,59.8
CB-1052,2024-10-21,60.2
CB-1052,2024-10-28,62.2
CB-1052,2024-11-04,65.0
CB-1052,2024-11-11,64.8
CB-1052,2024-11-18,65.2
CB-1052,2024-11-25,66.0
CB-1052,2024-12-02,68.5
CB-1052,2024-12-09,70.0
CB-1052,2024-12-16,74.8
CB-1052,2024-12-23,77.5
CB-1052,2024-12-30,78.8
CB-1052,2025-01-06,83.8
CB-1052,2025-01-13,84.0
CB-1052,2025-01-20,86.5
CB-1052,2025-01-27,88.8
CB-1052,2025-02-03,91.5
CB-1052,2025-02-10,92.5
CB-1052,2025-02-17,94.8
CB-1052,2025-02-24,96.8
CB-1052,2025-03-03,98.2
CB-1052,2025-03-10,100.5
CB-1052,2025-03-17,105.5
CB-1052,2025-03-24,106.0
CB-1052,2025-03-31,104.2
CB-1052,2025-04-07,104.5
CB-1052,2025-04-14,98.2
CB-1052,2025-04-21,96.0
CB-1052,2025-04-28,94.8
CB-1052,2025-05-05,96.2
CB-1052,2025-05-12,97.5
CB-1052,2025-05-19,97.2
CB-1052,2025-05-26,99.0
CB-1052,2025-06-02,97.8
CB-1052,2025-06-09,98.2
CB-1052,2025-06-16,95.5
CB-1052,2025-06-23,90.2
CB-1052,2025-06-30,88.0
CB-1052,2025-07-07,83.8
CB-1052,2025-07-14,82.5
CB-1052,2025-07-21,82.0
CB-1052,2025-07-28,78.5
CB-1052,2025-08-04,75.2
CB-1052,2025-08-11,74.0
CB-1052,2025-08-18,72.5
CB-1052,2025-08-25,67.8
CB-1052,2025-09-01,67.2
CB-1052,2025-09-08,64.5
CB-1052,2025-09-15,61.2
CB-1052,2025-09-22,61.8
CB-1052,2025-09-29,62.0
CB-1052,2025-10-06,63.2
CB-1052,2025-10-13,64.0
CB-1052,2025-10-20,65.5
CB-1052,2025-10-27,64.5
CB-1052,2025-11-03,66.8
CB-1052,2025-11-10,71.0
CB-1052,2025-11-17,72.8
CB-1052,2025-11-24,76.0
CB-1052,2025-12-01,78.5
CB-1052,2025-12-08,75.8
CB-1052,2025-12-15,79.2
CB-1052,2025-12-22,80.3
CB-1053,2024-01-01,78.0
CB-1053,2024-01-08,82.0
CB-1053,2024-01-15,82.7
CB-1053,2024-01-22,78.5
CB-1053,2024-01-29,80.5
CB-1053,2024-02-05,84.2
CB-1053,2024-02-12,85.8
CB-1053,2024-02-19,89.0
CB-1053,2024-02-26,90.2
CB-1053,2024-03-04,85.2
CB-1053,2024-03-11,87.8
CB-1053,2024-03-18,89.0
CB-1053,2024-03-25,89.2
CB-1053,2024-04-01,90.5
CB-1053,2024-04-08,87.5
CB-1053,2024-04-15,92.0
CB-1053,2024-04-22,91.8
CB-1053,2024-04-29,91.8
CB-1053,2024-05-06,89.8
CB-1053,2024-05-13,82.8
CB-1053,2024-05-20,79.2
CB-1053,2024-05-27,78.8
CB-1053,2024-06-03,80.8
CB-1053,2024-06-10,81.2
CB-1053,2024-06-17,84.0
CB-1053,2024-06-24,80.8
CB-1053,2024-07-01,76.8
CB-1053,2024-07-08,74.0
CB-1053,2024-07-15,70.8
CB-1053,2024-07-22,72.8
CB-1053,2024-07-29,68.8
CB-1053,2024-08-05,68.0
CB-1053,2024-08-12,66.5
CB-1053,2024-08-19,60.2
CB-1053,2024-08-26,62.0
CB-1053,2024-09-02,62.8
CB-1053,2024-09-09,60.2
CB-1053,2024-09-16,62.0
CB-1053,2024-09-23,63.0
CB-1053,2024-09-30,63.8
CB-1053,2024-10-07,63.8
CB-1053,2024-10-14,63.0
CB-1053,2024-10-21,60.5
CB-1053,2024-10-28,60.5
CB-1053,2024-11-04,60.0
CB-1053,2024-11-11,61.8
CB-1053,2024-11-18,64.8
CB-1053,2024-11-25,64.8
CB-1053,2024-12-02,69.0
CB-1053,2024-12-09,75.5
CB-1053,2024-12-16,77.5
CB-1053,2024-12-23,80.0
CB-1053,2024-12-30,84.0
CB-1053,2025-01-06,83.0
CB-1053,2025-01-13,88.2
CB-1053,2025-01-20,91.8
CB-1053,2025-01-27,92.0
CB-1053,2025-02-03,90.5
CB-1053,2025-02-10,87.0
CB-1053,2025-02-17,85.0
CB-1053,2025-02-24,88.0
CB-1053,2025-03-03,90.2
CB-1053,2025-03-10,97.5
CB-1053,2025-03-17,102.2
CB-1053,2025-03-24,101.8
CB-1053,2025-03-31,103.2
CB-1053,2025-04-07,102.0
CB-1053,2025-04-14,100.2
CB-1053,2025-04-21,98.5
CB-1053,2025-04-28,102.0
CB-1053,2025-05-05,100.5
CB-1053,2025-05-12,100.5
CB-1053,2025-05-19,102.2
CB-1053,2025-05-26,98.2
CB-1053,2025-06-02,96.5
CB-1053,2025-06-09,93.5
CB-1053,2025-06-16,93.8
CB-1053,2025-06-23,90.5
CB-1053,2025-06-30,90.0
CB-1053,2025-07-07,88.8
CB-1053,2025-07-14,84.0
CB-1053,2025-07-21,83.8
CB-1053,2025-07-28,80.5
CB-1053,2025-08-04,77.5
CB-1053,2025-08-11,75.8
CB-1053,2025-08-18,75.5
CB-1053,2025-08-25,72.0
CB-1053,2025-09-01,72.0
CB-1053,2025-09-08,68.8
CB-1053,2025-09-15,65.0
CB-1053,2025-09-22,67.0
CB-1053,2025-09-29,65.2
CB-1053,2025-10-06,64.8
CB-1053,2025-10-13,67.8
CB-1053,2025-10-20,67.2
CB-1053,2025-10-27,72.8
CB-1053,2025-11-03,74.8
CB-1053,2025-11-10,74.5
CB-1053,2025-11-17,74.5
CB-1053,2025-11-24,73.8
CB-1053,2025-12-01,74.0
CB-1053,2025-12-08,77.2
CB-1053,2025-12-15,81.5
CB-1053,2025-12-22,82.3
CB-1054,2024-01-01,118.0
CB-1054,2024-01-08,111.0
CB-1054,2024-01-15,115.0
CB-1054,2024-01-22,121.8
CB-1054,2024-01-29,127.0
CB-1054,2024-02-05,129.0
CB-1054,2024-02-12,129.2
CB-1054,2024-02-19,128.0
CB-1054,2024-02-26,126.8
CB-1054,2024-03-04,129.0
CB-1054,2024-03-11,133.5
CB-1054,2024-03-18,133.8
CB-1054,2024-03-25,140.2
CB-1054,2024-04-01,144.0
CB-1054,2024-04-08,146.5
CB-1054,2024-04-15,143.0
CB-1054,2024-04-22,134.5
CB-1054,2024-04-29,136.2
CB-1054,2024-05-06,134.5
CB-1054,2024-05-13,134.0
CB-1054,2024-05-20,135.0
CB-1054,2024-05-27,127.5
CB-1054,2024-06-03,121.8
CB-1054,2024-06-10,123.5
CB-1054,2024-06-17,119.5
CB-1054,2024-06-24,119.2
CB-1054,2024-07-01,114.0
CB-1054,2024-07-08,107.5
CB-1054,2024-07-15,109.0
CB-1054,2024-07-22,106.8
CB-1054,2024-07-29,104.5
CB-1054,2024-08-05,102.5
CB-1054,2024-08-12,93.2
CB-1054,2024-08-19,88.8
CB-1054,2024-08-26,91.0
CB-1054,2024-09-02,89.5
CB-1054,2024-09-09,94.5
CB-1054,2024-09-16,95.2
CB-1054,2024-09-23,92.0
CB-1054,2024-09-30,93.2
CB-1054,2024-10-07,85.2
CB-1054,2024-10-14,86.5
CB-1054,2024-10-21,87.5
CB-1054,2024-10-28,90.5
CB-1054,2024-11-04,99.0
CB-1054,2024-11-11,98.5
CB-1054,2024-11-18,103.8
CB-1054,2024-11-25,103.2
CB-1054,2024-12-02,102.5
CB-1054,2024-12-09,108.8
CB-1054,2024-12-16,109.5
CB-1054,2024-12-23,117.8
CB-1054,2024-12-30,124.5
CB-1054,2025-01-06,128.5
CB-1054,2025-01-13,135.2
CB-1054,2025-01-20,138.2
CB-1054,2025-01-27,143.2
CB-1054,2025-02-03,150.2
CB-1054,2025-02-10,153.0
CB-1054,2025-02-17,153.5
CB-1054,2025-02-24,158.0
CB-1054,2025-03-03,156.0
CB-1054,2025-03-10,156.2
CB-1054,2025-03-17,162.8
CB-1054,2025-03-24,165.2
CB-1054,2025-03-31,166.2
CB-1054,2025-04-07,165.2
CB-1054,2025-04-14,164.5
CB-1054,2025-04-21,161.2
CB-1054,2025-04-28,161.2
CB-1054,2025-05-05,160.2
CB-1054,2025-05-12,154.8
CB-1054,2025-05-19,150.0
CB-1054,2025-05-26,144.8
CB-1054,2025-06-02,143.2
CB-1054,2025-06-09,140.0
CB-1054,2025-06-16,135.8
CB-1054,2025-06-23,136.5
CB-1054,2025-06-30,135.8
CB-1054,2025-07-07,133.8
CB-1054,2025-07-14,130.5
CB-1054,2025-07-21,126.5
CB-1054,2025-07-28,120.0
CB-1054,2025-08-04,111.8
CB-1054,2025-08-11,111.0
CB-1054,2025-08-18,106.8
CB-1054,2025-08-25,109.5
CB-1054,2025-09-01,113.0
CB-1054,2025-09-08,111.2
CB-1054,2025-09-15,110.2
CB-1054,2025-09-22,104.5
CB-1054,2025-09-29,99.5
CB-1054,2025-10-06,95.0
CB-1054,2025-10-13,93.5
CB-1054,2025-10-20,94.2
CB-1054,2025-10-27,93.2
CB-1054,2025-11-03,97.5
CB-1054,2025-11-10,101.2
CB-1054,2025-11-17,103.8
CB-1054,2025-11-24,110.0
CB-1054,2025-12-01,114.0
CB-1054,2025-12-08,122.8
CB-1054,2025-12-15,129.0
CB-1054,2025-12-22,134.3
CB-1055,2024-01-01,79.0
CB-1055,2024-01-08,80.5
CB-1055,2024-01-15,86.0
CB-1055,2024-01-22,86.8
CB-1055,2024-01-29,88.5
CB-1055,2024-02-05,92.0
CB-1055,2024-02-12,92.8
CB-1055,2024-02-19,91.8
CB-1055,2024-02-26,95.8
CB-1055,2024-03-04,99.2
CB-1055,2024-03-11,101.2
CB-1055,2024-03-18,111.0
CB-1055,2024-03-25,114.5
CB-1055,2024-04-01,116.5
CB-1055,2024-04-08,121.8
CB-1055,2024-04-15,118.5
CB-1055,2024-04-22,115.8
CB-1055,2024-04-29,114.0
CB-1055,2024-05-06,106.0
CB-1055,2024-05-13,103.5
CB-1055,2024-05-20,100.5
CB-1055,2024-05-27,97.5
CB-1055,2024-06-03,95.5
CB-1055,2024-06-10,92.0
CB-1055,2024-06-17,91.8
CB-1055,2024-06-24,88.5
CB-1055,2024-07-01,84.2
CB-1055,2024-07-08,80.8
CB-1055,2024-07-15,76.0
CB-1055,2024-07-22,72.5
CB-1055,2024-07-29,74.0
CB-1055,2024-08-05,74.5
CB-1055,2024-08-12,75.8
CB-1055,2024-08-19,76.5
CB-1055,2024-08-26,75.8
CB-1055,2024-09-02,75.0
CB-1055,2024-09-09,72.8
CB-1055,2024-09-16,72.2
CB-1055,2024-09-23,71.5
CB-1055,2024-09-30,71.0
CB-1055,2024-10-07,72.5
CB-1055,2024-10-14,68.2
CB-1055,2024-10-21,67.5
CB-1055,2024-10-28,67.5
CB-1055,2024-11-04,69.0
CB-1055,2024-11-11,76.5
CB-1055,2024-11-18,76.5
CB-1055,2024-11-25,81.5
CB-1055,2024-12-02,80.2
CB-1055,2024-12-09,78.2
CB-1055,2024-12-16,83.0
CB-1055,2024-12-23,83.0
CB-1055,2024-12-30,84.8
CB-1055,2025-01-06,91.0
CB-1055,2025-01-13,95.8
CB-1055,2025-01-20,101.5
CB-1055,2025-01-27,106.5
CB-1055,2025-02-03,108.0
CB-1055,2025-02-10,109.0
CB-1055,2025-02-17,113.0
CB-1055,2025-02-24,109.5
CB-1055,2025-03-03,109.0
CB-1055,2025-03-10,110.8
CB-1055,2025-03-17,105.5
CB-1055,2025-03-24,112.2
CB-1055,2025-03-31,115.0
CB-1055,2025-04-07,113.5
CB-1055,2025-04-14,116.2
CB-1055,2025-04-21,118.0
CB-1055,2025-04-28,117.0
CB-1055,2025-05-05,116.5
CB-1055,2025-05-12,114.5
CB-1055,2025-05-19,111.2
CB-1055,2025-05-26,106.0
CB-1055,2025-06-02,105.8
CB-1055,2025-06-09,102.8
CB-1055,2025-06-16,102.8
CB-1055,2025-06-23,105.0
CB-1055,2025-06-30,103.8
CB-1055,2025-07-07,100.2
CB-1055,2025-07-14,94.5
CB-1055,2025-07-21,88.5
CB-1055,2025-07-28,82.5
CB-1055,2025-08-04,84.0
CB-1055,2025-08-11,84.8
CB-1055,2025-08-18,83.2
CB-1055,2025-08-25,82.0
CB-1055,2025-09-01,78.2
CB-1055,2025-09-08,75.5
CB-1055,2025-09-15,73.8
CB-1055,2025-09-22,71.5
CB-1055,2025-09-29,72.0
CB-1055,2025-10-06,68.2
CB-1055,2025-10-13,70.8
CB-1055,2025-10-20,74.2
CB-1055,2025-10-27,75.5
CB-1055,2025-11-03,80.0
CB-1055,2025-11-10,81.8
CB-1055,2025-11-17,85.0
CB-1055,2025-11-24,87.2
CB-1055,2025-12-01,88.8
CB-1055,2025-12-08,92.5
CB-1055,2025-12-15,95.0
CB-1055,2025-12-22,96.0
CB-1056,2024-01-01,0.0
CB-1056,2024-01-08,0.0
CB-1056,2024-01-15,0.0
CB-1056,2024-01-22,0.0
CB-1056,2024-01-29,0.0
CB-1056,2024-02-05,0.0
CB-1056,2024-02-12,0.0
CB-1056,2024-02-19,0.0
CB-1056,2024-02-26,0.0
CB-1056,2024-03-04,0.0
CB-1056,2024-03-11,0.0
CB-1056,2024-03-18,0.0
CB-1056,2024-03-25,0.0
CB-1056,2024-04-01,0.0
CB-1056,2024-04-08,0.0
CB-1056,2024-04-15,0.0
CB-1056,2024-04-22,0.0
CB-1056,2024-04-29,0.0
CB-1056,2024-05-06,0.0
CB-1056,2024-05-13,0.0
CB-1056,2024-05-20,0.0
CB-1056,2024-05-27,10.2
CB-1056,2024-06-03,10.2
CB-1056,2024-06-10,10.2
CB-1056,2024-06-17,10.2
CB-1056,2024-06-24,0.0
CB-1056,2024-07-01,0.0
CB-1056,2024-07-08,0.0
CB-1056,2024-07-15,0.0
CB-1056,2024-07-22,0.0
CB-1056,2024-07-29,0.0
CB-1056,2024-08-05,0.0
CB-1056,2024-08-12,0.0
CB-1056,2024-08-19,0.0
CB-1056,2024-08-26,0.0
CB-1056,2024-09-02,0.0
CB-1056,2024-09-09,6.8
CB-1056,2024-09-16,6.8
CB-1056,2024-09-23,6.8
CB-1056,2024-09-30,6.8
CB-1056,2024-10-07,0.0
CB-1056,2024-10-14,0.0
CB-1056,2024-10-21,0.0
CB-1056,2024-10-28,0.0
CB-1056,2024-11-04,0.0
CB-1056,2024-11-11,0.0
CB-1056,2024-11-18,0.0
CB-1056,2024-11-25,0.0
CB-1056,2024-12-02,0.0
CB-1056,2024-12-09,8.2
CB-1056,2024-12-16,8.2
CB-1056,2024-12-23,8.2
CB-1056,2024-12-30,8.2
CB-1056,2025-01-06,14.5
CB-1056,2025-01-13,14.5
CB-1056,2025-01-20,14.5
CB-1056,2025-01-27,14.5
CB-1056,2025-02-03,9.2
CB-1056,2025-02-10,9.2
CB-1056,2025-02-17,22.2
CB-1056,2025-02-24,22.2
CB-1056,2025-03-03,13.0
CB-1056,2025-03-10,13.0
CB-1056,2025-03-17,0.0
CB-1056,2025-03-24,0.0
CB-1056,2025-03-31,0.0
CB-1056,2025-04-07,0.0
CB-1056,2025-04-14,0.0
CB-1056,2025-04-21,10.0
CB-1056,2025-04-28,10.0
CB-1056,2025-05-05,10.0
CB-1056,2025-05-12,10.0
CB-1056,2025-05-19,0.0
CB-1056,2025-05-26,0.0
CB-1056,2025-06-02,0.0
CB-1056,2025-06-09,0.0
CB-1056,2025-06-16,4.2
CB-1056,2025-06-23,4.2
CB-1056,2025-06-30,4.2
CB-1056,2025-07-07,4.2
CB-1056,2025-07-14,0.0
CB-1056,2025-07-21,0.0
CB-1056,2025-07-28,0.0
CB-1056,2025-08-04,0.0
CB-1056,2025-08-11,6.0
CB-1056,2025-08-18,6.0
CB-1056,2025-08-25,6.0
CB-1056,2025-09-01,6.0
CB-1056,2025-09-08,4.2
CB-1056,2025-09-15,4.2
CB-1056,2025-09-22,10.0
CB-1056,2025-09-29,10.0
CB-1056,2025-10-06,5.8
CB-1056,2025-10-13,5.8
CB-1056,2025-10-20,10.2
CB-1056,2025-10-27,10.2
CB-1056,2025-11-03,10.2
CB-1056,2025-11-10,10.2
CB-1056,2025-11-17,0.0
CB-1056,2025-11-24,0.0
CB-1056,2025-12-01,0.0
CB-1056,2025-12-08,0.0
CB-1056,2025-12-15,5.8
CB-1056,2025-12-22,7.7
CB-1057,2024-01-01,24.0
CB-1057,2024-01-08,27.0
CB-1057,2024-01-15,25.0
CB-1057,2024-01-22,23.8
CB-1057,2024-01-29,22.2
CB-1057,2024-02-05,21.5
CB-1057,2024-02-12,25.0
CB-1057,2024-02-19,22.8
CB-1057,2024-02-26,26.5
CB-1057,2024-03-04,32.5
CB-1057,2024-03-11,35.5
CB-1057,2024-03-18,39.5
CB-1057,2024-03-25,35.5
CB-1057,2024-04-01,32.8
CB-1057,2024-04-08,22.5
CB-1057,2024-04-15,27.5
CB-1057,2024-04-22,31.0
CB-1057,2024-04-29,34.8
CB-1057,2024-05-06,36.5
CB-1057,2024-05-13,35.5
CB-1057,2024-05-20,35.5
CB-1057,2024-05-27,28.8
CB-1057,2024-06-03,29.5
CB-1057,2024-06-10,27.8
CB-1057,2024-06-17,29.0
CB-1057,2024-06-24,33.5
CB-1057,2024-07-01,38.8
CB-1057,2024-07-08,35.0
CB-1057,2024-07-15,30.2
CB-1057,2024-07-22,22.0
CB-1057,2024-07-29,22.0
CB-1057,2024-08-05,21.0
CB-1057,2024-08-12,25.5
CB-1057,2024-08-19,29.0
CB-1057,2024-08-26,26.0
CB-1057,2024-09-02,26.8
CB-1057,2024-09-09,24.8
CB-1057,2024-09-16,23.5
CB-1057,2024-09-23,22.0
CB-1057,2024-09-30,23.8
CB-1057,2024-10-07,22.2
CB-1057,2024-10-14,20.8
CB-1057,2024-10-21,23.0
CB-1057,2024-10-28,22.0
CB-1057,2024-11-04,23.8
CB-1057,2024-11-11,25.0
CB-1057,2024-11-18,21.8
CB-1057,2024-11-25,26.5
CB-1057,2024-12-02,30.0
CB-1057,2024-12-09,34.0
CB-1057,2024-12-16,36.5
CB-1057,2024-12-23,32.8
CB-1057,2024-12-30,33.8
CB-1057,2025-01-06,31.5
CB-1057,2025-01-13,31.8
CB-1057,2025-01-20,39.0
CB-1057,2025-01-27,36.0
CB-1057,2025-02-03,43.2
CB-1057,2025-02-10,41.2
CB-1057,2025-02-17,38.0
CB-1057,2025-02-24,45.5
CB-1057,2025-03-03,40.8
CB-1057,2025-03-10,45.0
CB-1057,2025-03-17,40.0
CB-1057,2025-03-24,37.2
CB-1057,2025-03-31,34.8
CB-1057,2025-04-07,35.2
CB-1057,2025-04-14,35.0
CB-1057,2025-04-21,36.5
CB-1057,2025-04-28,42.8
CB-1057,2025-05-05,42.8
CB-1057,2025-05-12,42.8
CB-1057,2025-05-19,41.8
CB-1057,2025-05-26,36.2
CB-1057,2025-06-02,32.2
CB-1057,2025-06-09,30.0
CB-1057,2025-06-16,22.5
CB-1057,2025-06-23,18.8
CB-1057,2025-06-30,19.5
CB-1057,2025-07-07,25.8
CB-1057,2025-07-14,25.8
CB-1057,2025-07-21,29.8
CB-1057,2025-07-28,29.0
CB-1057,2025-08-04,26.2
CB-1057,2025-08-11,31.0
CB-1057,2025-08-18,28.5
CB-1057,2025-08-25,30.5
CB-1057,2025-09-01,26.5
CB-1057,2025-09-08,25.0
CB-1057,2025-09-15,24.5
CB-1057,2025-09-22,25.5
CB-1057,2025-09-29,28.5
CB-1057,2025-10-06,26.5
CB-1057,2025-10-13,29.2
CB-1057,2025-10-20,26.5
CB-1057,2025-10-27,29.8
CB-1057,2025-11-03,27.2
CB-1057,2025-11-10,28.2
CB-1057,2025-11-17,29.0
CB-1057,2025-11-24,28.2
CB-1057,2025-12-01,29.5
CB-1057,2025-12-08,28.8
CB-1057,2025-12-15,27.5
CB-1057,2025-12-22,25.7
CB-1058,2024-01-01,21.0
CB-1058,2024-01-08,22.0
CB-1058,2024-01-15,20.3
CB-1058,2024-01-22,20.8
CB-1058,2024-01-29,19.2
CB-1058,2024-02-05,24.5
CB-1058,2024-02-12,28.8
CB-1058,2024-02-19,30.0
CB-1058,2024-02-26,35.2
CB-1058,2024-03-04,26.2
CB-1058,2024-03-11,18.5
CB-1058,2024-03-18,17.2
CB-1058,2024-03-25,11.8
CB-1058,2024-04-01,15.8
CB-1058,2024-04-08,22.0
CB-1058,2024-04-15,25.0
CB-1058,2024-04-22,25.5
CB-1058,2024-04-29,26.8
CB-1058,2024-05-06,26.0
CB-1058,2024-05-13,24.5
CB-1058,2024-05-20,25.5
CB-1058,2024-05-27,27.0
CB-1058,2024-06-03,26.5
CB-1058,2024-06-10,28.8
CB-1058,2024-06-17,27.8
CB-1058,2024-06-24,25.8
CB-1058,2024-07-01,25.2
CB-1058,2024-07-08,20.5
CB-1058,2024-07-15,22.5
CB-1058,2024-07-22,20.0
CB-1058,2024-07-29,15.0
CB-1058,2024-08-05,10.5
CB-1058,2024-08-12,11.0
CB-1058,2024-08-19,13.0
CB-1058,2024-08-26,20.0
CB-1058,2024-09-02,24.2
CB-1058,2024-09-09,20.0
CB-1058,2024-09-16,17.2
CB-1058,2024-09-23,14.2
CB-1058,2024-09-30,12.8
CB-1058,2024-10-07,17.2
CB-1058,2024-10-14,21.5
CB-1058,2024-10-21,22.2
CB-1058,2024-10-28,24.0
CB-1058,2024-11-04,19.8
CB-1058,2024-11-11,19.2
CB-1058,2024-11-18,19.2
CB-1058,2024-11-25,19.2
CB-1058,2024-12-02,22.8
CB-1058,2024-12-09,19.8
CB-1058,2024-12-16,20.5
CB-1058,2024-12-23,18.8
CB-1058,2024-12-30,21.0
CB-1058,2025-01-06,22.8
CB-1058,2025-01-13,25.8
CB-1058,2025-01-20,29.0
CB-1058,2025-01-27,27.0
CB-1058,2025-02-03,25.0
CB-1058,2025-02-10,25.0
CB-1058,2025-02-17,24.0
CB-1058,2025-02-24,23.8
CB-1058,2025-03-03,27.0
CB-1058,2025-03-10,25.8
CB-1058,2025-03-17,23.8
CB-1058,2025-03-24,24.5
CB-1058,2025-03-31,26.8
CB-1058,2025-04-07,25.8
CB-1058,2025-04-14,29.5
CB-1058,2025-04-21,30.5
CB-1058,2025-04-28,28.0
CB-1058,2025-05-05,26.0
CB-1058,2025-05-12,26.2
CB-1058,2025-05-19,27.8
CB-1058,2025-05-26,25.0
CB-1058,2025-06-02,26.2
CB-1058,2025-06-09,22.5
CB-1058,2025-06-16,21.5
CB-1058,2025-06-23,23.0
CB-1058,2025-06-30,21.5
CB-1058,2025-07-07,24.2
CB-1058,2025-07-14,19.2
CB-1058,2025-07-21,17.0
CB-1058,2025-07-28,15.2
CB-1058,2025-08-04,12.5
CB-1058,2025-08-11,16.8
CB-1058,2025-08-18,17.0
CB-1058,2025-08-25,20.0
CB-1058,2025-09-01,20.0
CB-1058,2025-09-08,18.5
CB-1058,2025-09-15,17.8
CB-1058,2025-09-22,17.0
CB-1058,2025-09-29,18.5
CB-1058,2025-10-06,21.0
CB-1058,2025-10-13,23.8
CB-1058,2025-10-20,23.0
CB-1058,2025-10-27,24.5
CB-1058,2025-11-03,25.0
CB-1058,2025-11-10,21.5
CB-1058,2025-11-17,21.2
CB-1058,2025-11-24,20.2
CB-1058,2025-12-01,16.2
CB-1058,2025-12-08,19.2
CB-1058,2025-12-15,18.8
CB-1058,2025-12-22,18.0
CB-1059,2024-01-01,66.0
CB-1059,2024-01-08,64.0
CB-1059,2024-01-15,62.3
CB-1059,2024-01-22,61.5
CB-1059,2024-01-29,61.8
CB-1059,2024-02-05,62.5
CB-1059,2024-02-12,65.8
CB-1059,2024-02-19,67.0
CB-1059,2024-02-26,69.8
CB-1059,2024-03-04,72.2
CB-1059,2024-03-11,73.2
CB-1059,2024-03-18,78.2
CB-1059,2024-03-25,77.0
CB-1059,2024-04-01,76.2
CB-1059,2024-04-08,75.2
CB-1059,2024-04-15,72.8
CB-1059,2024-04-22,73.0
CB-1059,2024-04-29,72.2
CB-1059,2024-05-06,69.5
CB-1059,2024-05-13,68.2
CB-1059,2024-05-20,68.0
CB-1059,2024-05-27,68.2
CB-1059,2024-06-03,71.5
CB-1059,2024-06-10,73.2
CB-1059,2024-06-17,72.0
CB-1059,2024-06-24,72.0
CB-1059,2024-07-01,69.8
CB-1059,2024-07-08,67.5
CB-1059,2024-07-15,67.0
CB-1059,2024-07-22,64.5
CB-1059,2024-07-29,62.5
CB-1059,2024-08-05,58.8
CB-1059,2024-08-12,55.2
CB-1059,2024-08-19,52.5
CB-1059,2024-08-26,51.2
CB-1059,2024-09-02,49.8
CB-1059,2024-09-09,48.8
CB-1059,2024-09-16,46.2
CB-1059,2024-09-23,47.0
CB-1059,2024-09-30,47.5
CB-1059,2024-10-07,48.2
CB-1059,2024-10-14,52.5
CB-1059,2024-10-21,51.8
CB-1059,2024-10-28,54.2
CB-1059,2024-11-04,53.5
CB-1059,2024-11-11,55.8
CB-1059,2024-11-18,58.0
CB-1059,2024-11-25,58.2
CB-1059,2024-12-02,63.0
CB-1059,2024-12-09,60.8
CB-1059,2024-12-16,61.2
CB-1059,2024-12-23,65.0
CB-1059,2024-12-30,62.8
CB-1059,2025-01-06,67.2
CB-1059,2025-01-13,70.5
CB-1059,2025-01-20,73.8
CB-1059,2025-01-27,76.0
CB-1059,2025-02-03,79.8
CB-1059,2025-02-10,80.0
CB-1059,2025-02-17,78.0
CB-1059,2025-02-24,80.0
CB-1059,2025-03-03,76.8
CB-1059,2025-03-10,79.2
CB-1059,2025-03-17,79.0
CB-1059,2025-03-24,82.8
CB-1059,2025-03-31,84.0
CB-1059,2025-04-07,81.5
CB-1059,2025-04-14,82.2
CB-1059,2025-04-21,81.2
CB-1059,2025-04-28,81.2
CB-1059,2025-05-05,82.5
CB-1059,2025-05-12,83.5
CB-1059,2025-05-19,83.5
CB-1059,2025-05-26,82.2
CB-1059,2025-06-02,79.2
CB-1059,2025-06-09,76.8
CB-1059,2025-06-16,74.0
CB-1059,2025-06-23,70.5
CB-1059,2025-06-30,68.8
CB-1059,2025-07-07,65.8
CB-1059,2025-07-14,62.8
CB-1059,2025-07-21,62.0
CB-1059,2025-07-28,62.2
CB-1059,2025-08-04,59.5
CB-1059,2025-08-11,56.5
CB-1059,2025-08-18,55.5
CB-1059,2025-08-25,53.2
CB-1059,2025-09-01,52.5
CB-1059,2025-09-08,52.8
CB-1059,2025-09-15,52.0
CB-1059,2025-09-22,51.2
CB-1059,2025-09-29,52.8
CB-1059,2025-10-06,52.8
CB-1059,2025-10-13,55.2
CB-1059,2025-10-20,57.0
CB-1059,2025-10-27,56.8
CB-1059,2025-11-03,58.8
CB-1059,2025-11-10,58.8
CB-1059,2025-11-17,61.2
CB-1059,2025-11-24,63.2
CB-1059,2025-12-01,66.0
CB-1059,2025-12-08,68.0
CB-1059,2025-12-15,70.8
CB-1059,2025-12-22,73.7
CB-1060,2024-01-01,78.0
CB-1060,2024-01-08,77.0
CB-1060,2024-01-15,81.3
CB-1060,2024-01-22,81.5
CB-1060,2024-01-29,82.2
CB-1060,2024-02-05,83.8
CB-1060,2024-02-12,81.0
CB-1060,2024-02-19,83.8
CB-1060,2024-02-26,84.5
CB-1060,2024-03-04,88.8
CB-1060,2024-03-11,89.8
CB-1060,2024-03-18,90.0
CB-1060,2024-03-25,94.5
CB-1060,2024-04-01,89.0
CB-1060,2024-04-08,95.2
CB-1060,2024-04-15,94.0
CB-1060,2024-04-22,91.8
CB-1060,2024-04-29,96.2
CB-1060,2024-05-06,93.0
CB-1060,2024-05-13,93.2
CB-1060,2024-05-20,93.5
CB-1060,2024-05-27,92.0
CB-1060,2024-06-03,92.0
CB-1060,2024-06-10,90.5
CB-1060,2024-06-17,89.8
CB-1060,2024-06-24,88.0
CB-1060,2024-07-01,80.2
CB-1060,2024-07-08,81.2
CB-1060,2024-07-15,75.2
CB-1060,2024-07-22,74.0
CB-1060,2024-07-29,74.8
CB-1060,2024-08-05,70.5
CB-1060,2024-08-12,68.8
CB-1060,2024-08-19,65.8
CB-1060,2024-08-26,64.0
CB-1060,2024-09-02,63.2
CB-1060,2024-09-09,63.8
CB-1060,2024-09-16,63.5
CB-1060,2024-09-23,60.8
CB-1060,2024-09-30,58.5
CB-1060,2024-10-07,58.5
CB-1060,2024-10-14,58.0
CB-1060,2024-10-21,62.5
CB-1060,2024-10-28,63.2
CB-1060,2024-11-04,64.2
CB-1060,2024-11-11,67.0
CB-1060,2024-11-18,64.5
CB-1060,2024-11-25,67.8
CB-1060,2024-12-02,69.2
CB-1060,2024-12-09,68.8
CB-1060,2024-12-16,74.8
CB-1060,2024-12-23,78.5
CB-1060,2024-12-30,83.2
CB-1060,2025-01-06,87.0
CB-1060,2025-01-13,90.8
CB-1060,2025-01-20,92.8
CB-1060,2025-01-27,93.5
CB-1060,2025-02-03,94.8
CB-1060,2025-02-10,94.0
CB-1060,2025-02-17,96.2
CB-1060,2025-02-24,98.0
CB-1060,2025-03-03,98.8
CB-1060,2025-03-10,98.0
CB-1060,2025-03-17,99.0
CB-1060,2025-03-24,98.8
CB-1060,2025-03-31,102.2
CB-1060,2025-04-07,108.5
CB-1060,2025-04-14,104.0
CB-1060,2025-04-21,104.8
CB-1060,2025-04-28,103.0
CB-1060,2025-05-05,100.2
CB-1060,2025-05-12,104.2
CB-1060,2025-05-19,100.2
CB-1060,2025-05-26,100.0
CB-1060,2025-06-02,99.2
CB-1060,2025-06-09,94.5
CB-1060,2025-06-16,94.8
CB-1060,2025-06-23,92.0
CB-1060,2025-06-30,88.2
CB-1060,2025-07-07,87.0
CB-1060,2025-07-14,85.8
CB-1060,2025-07-21,81.2
CB-1060,2025-07-28,80.0
CB-1060,2025-08-04,78.8
CB-1060,2025-08-11,76.0
CB-1060,2025-08-18,73.5
CB-1060,2025-08-25,70.2
CB-1060,2025-09-01,67.5
CB-1060,2025-09-08,64.8
CB-1060,2025-09-15,65.8
CB-1060,2025-09-22,63.5
CB-1060,2025-09-29,63.8
CB-1060,2025-10-06,65.5
CB-1060,2025-10-13,64.0
CB-1060,2025-10-20,67.2
CB-1060,2025-10-27,67.5
CB-1060,2025-11-03,69.5
CB-1060,2025-11-10,73.0
CB-1060,2025-11-17,73.0
CB-1060,2025-11-24,74.0
CB-1060,2025-12-01,74.8
CB-1060,2025-12-08,77.8
CB-1060,2025-12-15,82.0
CB-1060,2025-12-22,84.3
CB-1061,2024-01-01,0.0
CB-1061,2024-01-08,0.0
CB-1061,2024-01-15,17.7
CB-1061,2024-01-22,13.2
CB-1061,2024-01-29,13.2
CB-1061,2024-02-05,13.2
CB-1061,2024-02-12,1.8
CB-1061,2024-02-19,1.8
CB-1061,2024-02-26,1.8
CB-1061,2024-03-04,1.8
CB-1061,2024-03-11,0.0
CB-1061,2024-03-18,0.0
CB-1061,2024-03-25,0.0
CB-1061,2024-04-01,0.0
CB-1061,2024-04-08,0.0
CB-1061,2024-04-15,0.0
CB-1061,2024-04-22,0.0
CB-1061,2024-04-29,0.0
CB-1061,2024-05-06,0.0
CB-1061,2024-05-13,0.0
CB-1061,2024-05-20,0.0
CB-1061,2024-05-27,0.0
CB-1061,2024-06-03,0.0
CB-1061,2024-06-10,13.8
CB-1061,2024-06-17,13.8
CB-1061,2024-06-24,13.8
CB-1061,2024-07-01,13.8
CB-1061,2024-07-08,5.5
CB-1061,2024-07-15,5.5
CB-1061,2024-07-22,5.5
CB-1061,2024-07-29,5.5
CB-1061,2024-08-05,0.0
CB-1061,2024-08-12,1.8
CB-1061,2024-08-19,16.0
CB-1061,2024-08-26,16.0
CB-1061,2024-09-02,16.0
CB-1061,2024-09-09,14.2
CB-1061,2024-09-16,0.0
CB-1061,2024-09-23,5.0
CB-1061,2024-09-30,5.0
CB-1061,2024-10-07,5.0
CB-1061,2024-10-14,5.0
CB-1061,2024-10-21,0.0
CB-1061,2024-10-28,0.0
CB-1061,2024-11-04,2.5
CB-1061,2024-11-11,14.5
CB-1061,2024-11-18,14.5
CB-1061,2024-11-25,14.5
CB-1061,2024-12-02,12.0
CB-1061,2024-12-09,0.0
CB-1061,2024-12-16,0.0
CB-1061,2024-12-23,0.0
CB-1061,2024-12-30,0.0
CB-1061,2025-01-06,2.2
CB-1061,2025-01-13,2.2
CB-1061,2025-01-20,2.2
CB-1061,2025-01-27,2.2
CB-1061,2025-02-03,0.0
CB-1061,2025-02-10,0.0
CB-1061,2025-02-17,0.0
CB-1061,2025-02-24,3.0
CB-1061,2025-03-03,3.0
CB-1061,2025-03-10,3.0
CB-1061,2025-03-17,4.8
CB-1061,2025-03-24,1.8
CB-1061,2025-03-31,1.8
CB-1061,2025-04-07,6.0
CB-1061,2025-04-14,4.2
CB-1061,2025-04-21,4.2
CB-1061,2025-04-28,4.2
CB-1061,2025-05-05,0.0
CB-1061,2025-05-12,0.0
CB-1061,2025-05-19,0.0
CB-1061,2025-05-26,0.0
CB-1061,2025-06-02,0.0
CB-1061,2025-06-09,0.0
CB-1061,2025-06-16,0.0
CB-1061,2025-06-23,0.0
CB-1061,2025-06-30,0.0
CB-1061,2025-07-07,14.5
CB-1061,2025-07-14,14.5
CB-1061,2025-07-21,14.5
CB-1061,2025-07-28,14.5
CB-1061,2025-08-04,0.0
CB-1061,2025-08-11,0.0
CB-1061,2025-08-18,9.5
CB-1061,2025-08-25,9.5
CB-1061,2025-09-01,9.5
CB-1061,2025-09-08,9.5
CB-1061,2025-09-15,0.0
CB-1061,2025-09-22,0.0
CB-1061,2025-09-29,2.8
CB-1061,2025-10-06,8.0
CB-1061,2025-10-13,8.0
CB-1061,2025-10-20,8.0
CB-1061,2025-10-27,20.2
CB-1061,2025-11-03,24.5
CB-1061,2025-11-10,24.5
CB-1061,2025-11-17,24.5
CB-1061,2025-11-24,9.5
CB-1061,2025-12-01,0.0
CB-1061,2025-12-08,1.5
CB-1061,2025-12-15,1.5
CB-1061,2025-12-22,2.0
CB-1062,2024-01-01,27.0
CB-1062,2024-01-08,36.0
CB-1062,2024-01-15,45.3
CB-1062,2024-01-22,50.2
CB-1062,2024-01-29,53.8
CB-1062,2024-02-05,57.2
CB-1062,2024-02-12,55.5
CB-1062,2024-02-19,49.5
CB-1062,2024-02-26,55.0
CB-1062,2024-03-04,62.0
CB-1062,2024-03-11,63.2
CB-1062,2024-03-18,69.0
CB-1062,2024-03-25,69.8
CB-1062,2024-04-01,54.5
CB-1062,2024-04-08,54.5
CB-1062,2024-04-15,47.0
CB-1062,2024-04-22,41.0
CB-1062,2024-04-29,57.5
CB-1062,2024-05-06,53.8
CB-1062,2024-05-13,54.8
CB-1062,2024-05-20,61.8
CB-1062,2024-05-27,47.0
CB-1062,2024-06-03,45.2
CB-1062,2024-06-10,52.5
CB-1062,2024-06-17,46.5
CB-1062,2024-06-24,43.2
CB-1062,2024-07-01,46.0
CB-1062,2024-07-08,38.2
CB-1062,2024-07-15,42.2
CB-1062,2024-07-22,45.0
CB-1062,2024-07-29,45.2
CB-1062,2024-08-05,51.5
CB-1062,2024-08-12,42.5
CB-1062,2024-08-19,43.0
CB-1062,2024-08-26,40.0
CB-1062,2024-09-02,30.8
CB-1062,2024-09-09,33.8
CB-1062,2024-09-16,33.2
CB-1062,2024-09-23,31.0
CB-1062,2024-09-30,33.8
CB-1062,2024-10-07,33.0
CB-1062,2024-10-14,34.5
CB-1062,2024-10-21,33.8
CB-1062,2024-10-28,32.2
CB-1062,2024-11-04,32.5
CB-1062,2024-11-11,32.8
CB-1062,2024-11-18,34.2
CB-1062,2024-11-25,38.5
CB-1062,2024-12-02,33.2
CB-1062,2024-12-09,32.0
CB-1062,2024-12-16,33.8
CB-1062,2024-12-23,30.5
CB-1062,2024-12-30,45.8
CB-1062,2025-01-06,50.0
CB-1062,2025-01-13,53.5
CB-1062,2025-01-20,56.2
CB-1062,2025-01-27,50.8
CB-1062,2025-02-03,46.2
CB-1062,2025-02-10,45.8
CB-1062,2025-02-17,44.5
CB-1062,2025-02-24,44.2
CB-1062,2025-03-03,37.8
CB-1062,2025-03-10,33.5
CB-1062,2025-03-17,46.5
CB-1062,2025-03-24,52.8
CB-1062,2025-03-31,73.2
CB-1062,2025-04-07,86.5
CB-1062,2025-04-14,82.2
CB-1062,2025-04-21,75.2
CB-1062,2025-04-28,62.5
CB-1062,2025-05-05,60.5
CB-1062,2025-05-12,56.5
CB-1062,2025-05-19,70.2
CB-1062,2025-05-26,73.0
CB-1062,2025-06-02,75.5
CB-1062,2025-06-09,73.2
CB-1062,2025-06-16,65.8
CB-1062,2025-06-23,73.5
CB-1062,2025-06-30,58.5
CB-1062,2025-07-07,56.0
CB-1062,2025-07-14,44.5
CB-1062,2025-07-21,31.0
CB-1062,2025-07-28,36.5
CB-1062,2025-08-04,36.5
CB-1062,2025-08-11,39.8
CB-1062,2025-08-18,45.5
CB-1062,2025-08-25,35.8
CB-1062,2025-09-01,40.0
CB-1062,2025-09-08,38.0
CB-1062,2025-09-15,37.2
CB-1062,2025-09-22,45.2
CB-1062,2025-09-29,45.5
CB-1062,2025-10-06,46.2
CB-1062,2025-10-13,37.5
CB-1062,2025-10-20,36.2
CB-1062,2025-10-27,33.0
CB-1062,2025-11-03,30.5
CB-1062,2025-11-10,39.2
CB-1062,2025-11-17,38.8
CB-1062,2025-11-24,33.8
CB-1062,2025-12-01,41.5
CB-1062,2025-12-08,40.0
CB-1062,2025-12-15,41.0
CB-1062,2025-12-22,46.7
CB-1063,2024-01-01,28.0
CB-1063,2024-01-08,26.0
CB-1063,2024-01-15,28.7
CB-1063,2024-01-22,32.5
CB-1063,2024-01-29,35.0
CB-1063,2024-02-05,38.8
CB-1063,2024-02-12,40.0
CB-1063,2024-02-19,33.2
CB-1063,2024-02-26,29.5
CB-1063,2024-03-04,27.5
CB-1063,2024-03-11,24.0
CB-1063,2024-03-18,25.2
CB-1063,2024-03-25,22.5
CB-1063,2024-04-01,19.2
CB-1063,2024-04-08,20.8
CB-1063,2024-04-15,23.5
CB-1063,2024-04-22,26.8
CB-1063,2024-04-29,31.0
CB-1063,2024-05-06,30.2
CB-1063,2024-05-13,33.2
CB-1063,2024-05-20,34.5
CB-1063,2024-05-27,35.5
CB-1063,2024-06-03,36.8
CB-1063,2024-06-10,29.2
CB-1063,2024-06-17,28.8
CB-1063,2024-06-24,23.0
CB-1063,2024-07-01,21.5
CB-1063,2024-07-08,22.8
CB-1063,2024-07-15,23.2
CB-1063,2024-07-22,22.5
CB-1063,2024-07-29,22.0
CB-1063,2024-08-05,24.2
CB-1063,2024-08-12,24.5
CB-1063,2024-08-19,25.5
CB-1063,2024-08-26,25.0
CB-1063,2024-09-02,23.8
CB-1063,2024-09-09,24.5
CB-1063,2024-09-16,23.0
CB-1063,2024-09-23,21.0
CB-1063,2024-09-30,26.0
CB-1063,2024-10-07,22.5
CB-1063,2024-10-14,21.8
CB-1063,2024-10-21,22.5
CB-1063,2024-10-28,11.8
CB-1063,2024-11-04,13.2
CB-1063,2024-11-11,19.2
CB-1063,2024-11-18,19.0
CB-1063,2024-11-25,24.2
CB-1063,2024-12-02,26.8
CB-1063,2024-12-09,21.5
CB-1063,2024-12-16,21.2
CB-1063,2024-12-23,22.8
CB-1063,2024-12-30,19.5
CB-1063,2025-01-06,24.0
CB-1063,2025-01-13,24.5
CB-1063,2025-01-20,26.8
CB-1063,2025-01-27,29.2
CB-1063,2025-02-03,32.8
CB-1063,2025-02-10,38.0
CB-1063,2025-02-17,38.8
CB-1063,2025-02-24,35.2
CB-1063,2025-03-03,35.8
CB-1063,2025-03-10,34.5
CB-1063,2025-03-17,33.5
CB-1063,2025-03-24,42.0
CB-1063,2025-03-31,38.0
CB-1063,2025-04-07,43.8
CB-1063,2025-04-14,49.2
CB-1063,2025-04-21,48.0
CB-1063,2025-04-28,47.0
CB-1063,2025-05-05,35.0
CB-1063,2025-05-12,33.2
CB-1063,2025-05-19,30.8
CB-1063,2025-05-26,31.0
CB-1063,2025-06-02,41.0
CB-1063,2025-06-09,34.2
CB-1063,2025-06-16,31.8
CB-1063,2025-06-23,34.8
CB-1063,2025-06-30,27.2
CB-1063,2025-07-07,28.5
CB-1063,2025-07-14,31.5
CB-1063,2025-07-21,29.8
CB-1063,2025-07-28,35.0
CB-1063,2025-08-04,37.2
CB-1063,2025-08-11,33.8
CB-1063,2025-08-18,27.2
CB-1063,2025-08-25,21.2
CB-1063,2025-09-01,19.8
CB-1063,2025-09-08,16.0
CB-1063,2025-09-15,20.2
CB-1063,2025-09-22,23.2
CB-1063,2025-09-29,24.5
CB-1063,2025-10-06,26.8
CB-1063,2025-10-13,26.2
CB-1063,2025-10-20,25.5
CB-1063,2025-10-27,23.8
CB-1063,2025-11-03,25.2
CB-1063,2025-11-10,29.8
CB-1063,2025-11-17,28.8
CB-1063,2025-11-24,29.0
CB-1063,2025-12-01,31.2
CB-1063,2025-12-08,28.5
CB-1063,2025-12-15,33.8
CB-1063,2025-12-22,34.7
CB-1064,2024-01-01,79.0
CB-1064,2024-01-08,67.5
CB-1064,2024-01-15,64.3
CB-1064,2024-01-22,75.5
CB-1064,2024-01-29,79.8
CB-1064,2024-02-05,78.5
CB-1064,2024-02-12,85.8
CB-1064,2024-02-19,62.0
CB-1064,2024-02-26,54.8
CB-1064,2024-03-04,70.5
CB-1064,2024-03-11,69.5
CB-1064,2024-03-18,88.5
CB-1064,2024-03-25,71.8
CB-1064,2024-04-01,62.0
CB-1064,2024-04-08,65.5
CB-1064,2024-04-15,68.2
CB-1064,2024-04-22,97.0
CB-1064,2024-04-29,98.0
CB-1064,2024-05-06,93.5
CB-1064,2024-05-13,79.2
CB-1064,2024-05-20,69.2
CB-1064,2024-05-27,60.5
CB-1064,2024-06-03,47.5
CB-1064,2024-06-10,48.2
CB-1064,2024-06-17,57.8
CB-1064,2024-06-24,63.0
CB-1064,2024-07-01,75.0
CB-1064,2024-07-08,77.2
CB-1064,2024-07-15,55.2
CB-1064,2024-07-22,60.2
CB-1064,2024-07-29,45.2
CB-1064,2024-08-05,43.5
CB-1064,2024-08-12,51.8
CB-1064,2024-08-19,46.2
CB-1064,2024-08-26,53.2
CB-1064,2024-09-02,46.0
CB-1064,2024-09-09,41.5
CB-1064,2024-09-16,36.0
CB-1064,2024-09-23,35.5
CB-1064,2024-09-30,49.2
CB-1064,2024-10-07,47.2
CB-1064,2024-10-14,52.8
CB-1064,2024-10-21,58.0
CB-1064,2024-10-28,59.2
CB-1064,2024-11-04,65.8
CB-1064,2024-11-11,70.0
CB-1064,2024-11-18,69.8
CB-1064,2024-11-25,69.0
CB-1064,2024-12-02,62.8
CB-1064,2024-12-09,44.0
CB-1064,2024-12-16,49.8
CB-1064,2024-12-23,52.5
CB-1064,2024-12-30,67.2
CB-1064,2025-01-06,82.5
CB-1064,2025-01-13,93.2
CB-1064,2025-01-20,89.2
CB-1064,2025-01-27,91.5
CB-1064,2025-02-03,102.2
CB-1064,2025-02-10,107.2
CB-1064,2025-02-17,110.0
CB-1064,2025-02-24,103.0
CB-1064,2025-03-03,87.2
CB-1064,2025-03-10,88.0
CB-1064,2025-03-17,95.2
CB-1064,2025-03-24,105.5
CB-1064,2025-03-31,145.5
CB-1064,2025-04-07,135.2
CB-1064,2025-04-14,120.5
CB-1064,2025-04-21,114.5
CB-1064,2025-04-28,78.8
CB-1064,2025-05-05,71.8
CB-1064,2025-05-12,78.5
CB-1064,2025-05-19,74.2
CB-1064,2025-05-26,70.0
CB-1064,2025-06-02,83.8
CB-1064,2025-06-09,87.2
CB-1064,2025-06-16,88.0
CB-1064,2025-06-23,102.0
CB-1064,2025-06-30,90.8
CB-1064,2025-07-07,88.2
CB-1064,2025-07-14,92.2
CB-1064,2025-07-21,85.5
CB-1064,2025-07-28,84.2
CB-1064,2025-08-04,84.8
CB-1064,2025-08-11,79.2
CB-1064,2025-08-18,75.5
CB-1064,2025-08-25,78.5
CB-1064,2025-09-01,70.2
CB-1064,2025-09-08,70.5
CB-1064,2025-09-15,73.2
CB-1064,2025-09-22,61.0
CB-1064,2025-09-29,59.0
CB-1064,2025-10-06,55.0
CB-1064,2025-10-13,50.5
CB-1064,2025-10-20,46.2
CB-1064,2025-10-27,47.8
CB-1064,2025-11-03,52.8
CB-1064,2025-11-10,64.8
CB-1064,2025-11-17,78.2
CB-1064,2025-11-24,67.2
CB-1064,2025-12-01,72.0
CB-1064,2025-12-08,62.8
CB-1064,2025-12-15,65.2
CB-1064,2025-12-22,84.7
CB-1065,2024-01-01,64.0
CB-1065,2024-01-08,69.0
CB-1065,2024-01-15,68.7
CB-1065,2024-01-22,70.8
CB-1065,2024-01-29,74.2
CB-1065,2024-02-05,75.2
CB-1065,2024-02-12,74.5
CB-1065,2024-02-19,76.2
CB-1065,2024-02-26,75.5
CB-1065,2024-03-04,77.0
CB-1065,2024-03-11,79.2
CB-1065,2024-03-18,76.5
CB-1065,2024-03-25,81.0
CB-1065,2024-04-01,78.8
CB-1065,2024-04-08,82.2
CB-1065,2024-04-15,84.2
CB-1065,2024-04-22,80.2
CB-1065,2024-04-29,81.0
CB-1065,2024-05-06,76.5
CB-1065,2024-05-13,75.2
CB-1065,2024-05-20,73.2
CB-1065,2024-05-27,71.5
CB-1065,2024-06-03,73.2
CB-1065,2024-06-10,72.2
CB-1065,2024-06-17,70.0
CB-1065,2024-06-24,70.0
CB-1065,2024-07-01,67.0
CB-1065,2024-07-08,64.0
CB-1065,2024-07-15,65.2
CB-1065,2024-07-22,62.2
CB-1065,2024-07-29,59.0
CB-1065,2024-08-05,60.2
CB-1065,2024-08-12,57.8
CB-1065,2024-08-19,56.5
CB-1065,2024-08-26,56.2
CB-1065,2024-09-02,54.2
CB-1065,2024-09-09,53.0
CB-1065,2024-09-16,50.8
CB-1065,2024-09-23,50.2
CB-1065,2024-09-30,50.2
CB-1065,2024-10-07,51.8
CB-1065,2024-10-14,53.5
CB-1065,2024-10-21,56.2
CB-1065,2024-10-28,56.5
CB-1065,2024-11-04,56.2
CB-1065,2024-11-11,57.5
CB-1065,2024-11-18,58.0
CB-1065,2024-11-25,58.0
CB-1065,2024-12-02,60.2
CB-1065,2024-12-09,63.0
CB-1065,2024-12-16,62.2
CB-1065,2024-12-23,65.2
CB-1065,2024-12-30,67.0
CB-1065,2025-01-06,70.2
CB-1065,2025-01-13,72.0
CB-1065,2025-01-20,73.8
CB-1065,2025-01-27,75.5
CB-1065,2025-02-03,77.8
CB-1065,2025-02-10,82.5
CB-1065,2025-02-17,88.0
CB-1065,2025-02-24,91.8
CB-1065,2025-03-03,90.8
CB-1065,2025-03-10,92.5
CB-1065,2025-03-17,89.8
CB-1065,2025-03-24,90.8
CB-1065,2025-03-31,89.5
CB-1065,2025-04-07,87.8
CB-1065,2025-04-14,89.2
CB-1065,2025-04-21,89.5
CB-1065,2025-04-28,87.5
CB-1065,2025-05-05,90.5
CB-1065,2025-05-12,88.2
CB-1065,2025-05-19,81.8
CB-1065,2025-05-26,79.2
CB-1065,2025-06-02,72.8
CB-1065,2025-06-09,71.2
CB-1065,2025-06-16,72.2
CB-1065,2025-06-23,76.0
CB-1065,2025-06-30,75.5
CB-1065,2025-07-07,71.8
CB-1065,2025-07-14,69.2
CB-1065,2025-07-21,66.5
CB-1065,2025-07-28,65.8
CB-1065,2025-08-04,64.5
CB-1065,2025-08-11,64.5
CB-1065,2025-08-18,62.0
CB-1065,2025-08-25,59.2
CB-1065,2025-09-01,58.5
CB-1065,2025-09-08,57.8
CB-1065,2025-09-15,57.8
CB-1065,2025-09-22,57.5
CB-1065,2025-09-29,59.0
CB-1065,2025-10-06,60.2
CB-1065,2025-10-13,61.0
CB-1065,2025-10-20,64.0
CB-1065,2025-10-27,65.2
CB-1065,2025-11-03,63.2
CB-1065,2025-11-10,64.5
CB-1065,2025-11-17,63.0
CB-1065,2025-11-24,63.2
CB-1065,2025-12-01,65.2
CB-1065,2025-12-08,66.8
CB-1065,2025-12-15,69.8
CB-1065,2025-12-22,70.3
CB-1066,2024-01-01,38.0
CB-1066,2024-01-08,41.0
CB-1066,2024-01-15,41.3
CB-1066,2024-01-22,43.5
CB-1066,2024-01-29,47.0
CB-1066,2024-02-05,49.0
CB-1066,2024-02-12,50.8
CB-1066,2024-02-19,52.0
CB-1066,2024-02-26,52.0
CB-1066,2024-03-04,51.5
CB-1066,2024-03-11,54.0
CB-1066,2024-03-18,55.2
CB-1066,2024-03-25,57.2
CB-1066,2024-04-01,58.0
CB-1066,2024-04-08,58.5
CB-1066,2024-04-15,57.0
CB-1066,2024-04-22,56.5
CB-1066,2024-04-29,56.5
CB-1066,2024-05-06,54.5
CB-1066,2024-05-13,51.8
CB-1066,2024-05-20,50.0
CB-1066,2024-05-27,49.8
CB-1066,2024-06-03,48.5
CB-1066,2024-06-10,51.8
CB-1066,2024-06-17,49.8
CB-1066,2024-06-24,47.8
CB-1066,2024-07-01,46.2
CB-1066,2024-07-08,42.8
CB-1066,2024-07-15,43.5
CB-1066,2024-07-22,44.0
CB-1066,2024-07-29,43.0
CB-1066,2024-08-05,41.8
CB-1066,2024-08-12,39.0
CB-1066,2024-08-19,37.8
CB-1066,2024-08-26,38.2
CB-1066,2024-09-02,38.0
CB-1066,2024-09-09,37.2
CB-1066,2024-09-16,35.0
CB-1066,2024-09-23,34.0
CB-1066,2024-09-30,34.5
CB-1066,2024-10-07,34.0
CB-1066,2024-10-14,35.0
CB-1066,2024-10-21,36.5
CB-1066,2024-10-28,36.5
CB-1066,2024-11-04,40.0
CB-1066,2024-11-11,41.8
CB-1066,2024-11-18,40.8
CB-1066,2024-11-25,41.8
CB-1066,2024-12-02,41.8
CB-1066,2024-12-09,41.5
CB-1066,2024-12-16,43.0
CB-1066,2024-12-23,46.2
CB-1066,2024-12-30,47.0
CB-1066,2025-01-06,50.8
CB-1066,2025-01-13,52.8
CB-1066,2025-01-20,52.8
CB-1066,2025-01-27,55.8
CB-1066,2025-02-03,55.2
CB-1066,2025-02-10,57.8
CB-1066,2025-02-17,56.5
CB-1066,2025-02-24,57.5
CB-1066,2025-03-03,56.2
CB-1066,2025-03-10,56.0
CB-1066,2025-03-17,60.2
CB-1066,2025-03-24,61.0
CB-1066,2025-03-31,62.8
CB-1066,2025-04-07,61.8
CB-1066,2025-04-14,59.8
CB-1066,2025-04-21,59.0
CB-1066,2025-04-28,57.8
CB-1066,2025-05-05,58.8
CB-1066,2025-05-12,59.2
CB-1066,2025-05-19,57.8
CB-1066,2025-05-26,59.8
CB-1066,2025-06-02,58.8
CB-1066,2025-06-09,56.5
CB-1066,2025-06-16,53.5
CB-1066,2025-06-23,51.5
CB-1066,2025-06-30,49.0
CB-1066,2025-07-07,47.8
CB-1066,2025-07-14,48.8
CB-1066,2025-07-21,48.8
CB-1066,2025-07-28,48.2
CB-1066,2025-08-04,48.0
CB-1066,2025-08-11,45.2
CB-1066,2025-08-18,43.0
CB-1066,2025-08-25,42.0
CB-1066,2025-09-01,41.8
CB-1066,2025-09-08,41.8
CB-1066,2025-09-15,40.8
CB-1066,2025-09-22,41.2
CB-1066,2025-09-29,40.0
CB-1066,2025-10-06,39.8
CB-1066,2025-10-13,42.5
CB-1066,2025-10-20,41.2
CB-1066,2025-10-27,42.0
CB-1066,2025-11-03,44.0
CB-1066,2025-11-10,43.0
CB-1066,2025-11-17,45.0
CB-1066,2025-11-24,46.0
CB-1066,2025-12-01,47.0
CB-1066,2025-12-08,47.2
CB-1066,2025-12-15,51.2
CB-1066,2025-12-22,52.7
CB-1067,2024-01-01,76.0
CB-1067,2024-01-08,77.0
CB-1067,2024-01-15,75.7
CB-1067,2024-01-22,77.8
CB-1067,2024-01-29,79.8
CB-1067,2024-02-05,84.8
CB-1067,2024-02-12,87.0
CB-1067,2024-02-19,88.2
CB-1067,2024-02-26,89.2
CB-1067,2024-03-04,91.5
CB-1067,2024-03-11,93.5
CB-1067,2024-03-18,96.5
CB-1067,2024-03-25,100.8
CB-1067,2024-04-01,98.0
CB-1067,2024-04-08,97.2
CB-1067,2024-04-15,93.5
CB-1067,2024-04-22,93.0
CB-1067,2024-04-29,90.5
CB-1067,2024-05-06,93.0
CB-1067,2024-05-13,94.8
CB-1067,2024-05-20,92.5
CB-1067,2024-05-27,94.0
CB-1067,2024-06-03,89.8
CB-1067,2024-06-10,86.0
CB-1067,2024-06-17,84.2
CB-1067,2024-06-24,80.2
CB-1067,2024-07-01,75.5
CB-1067,2024-07-08,76.0
CB-1067,2024-07-15,71.2
CB-1067,2024-07-22,70.8
CB-1067,2024-07-29,75.0
CB-1067,2024-08-05,72.0
CB-1067,2024-08-12,73.0
CB-1067,2024-08-19,71.0
CB-1067,2024-08-26,69.5
CB-1067,2024-09-02,67.0
CB-1067,2024-09-09,64.5
CB-1067,2024-09-16,64.5
CB-1067,2024-09-23,61.8
CB-1067,2024-09-30,64.2
CB-1067,2024-10-07,64.0
CB-1067,2024-10-14,66.2
CB-1067,2024-10-21,70.0
CB-1067,2024-10-28,70.0
CB-1067,2024-11-04,72.5
CB-1067,2024-11-11,73.0
CB-1067,2024-11-18,70.5
CB-1067,2024-11-25,70.2
CB-1067,2024-12-02,73.8
CB-1067,2024-12-09,75.0
CB-1067,2024-12-16,78.8
CB-1067,2024-12-23,83.2
CB-1067,2024-12-30,79.8
CB-1067,2025-01-06,81.5
CB-1067,2025-01-13,83.2
CB-1067,2025-01-20,87.8
CB-1067,2025-01-27,96.5
CB-1067,2025-02-03,100.5
CB-1067,2025-02-10,105.0
CB-1067,2025-02-17,102.2
CB-1067,2025-02-24,103.5
CB-1067,2025-03-03,105.5
CB-1067,2025-03-10,108.8
CB-1067,2025-03-17,117.8
CB-1067,2025-03-24,113.8
CB-1067,2025-03-31,112.0
CB-1067,2025-04-07,108.0
CB-1067,2025-04-14,103.8
CB-1067,2025-04-21,107.0
CB-1067,2025-04-28,106.8
CB-1067,2025-05-05,109.5
CB-1067,2025-05-12,105.5
CB-1067,2025-05-19,101.8
CB-1067,2025-05-26,98.5
CB-1067,2025-06-02,93.8
CB-1067,2025-06-09,91.5
CB-1067,2025-06-16,91.2
CB-1067,2025-06-23,90.5
CB-1067,2025-06-30,87.2
CB-1067,2025-07-07,88.5
CB-1067,2025-07-14,86.0
CB-1067,2025-07-21,85.5
CB-1067,2025-07-28,84.2
CB-1067,2025-08-04,80.5
CB-1067,2025-08-11,77.8
CB-1067,2025-08-18,74.2
CB-1067,2025-08-25,74.0
CB-1067,2025-09-01,72.0
CB-1067,2025-09-08,72.5
CB-1067,2025-09-15,70.5
CB-1067,2025-09-22,70.0
CB-1067,2025-09-29,69.8
CB-1067,2025-10-06,70.2
CB-1067,2025-10-13,72.0
CB-1067,2025-10-20,74.0
CB-1067,2025-10-27,74.2
CB-1067,2025-11-03,72.2
CB-1067,2025-11-10,73.0
CB-1067,2025-11-17,70.5
CB-1067,2025-11-24,72.0
CB-1067,2025-12-01,77.8
CB-1067,2025-12-08,81.2
CB-1067,2025-12-15,85.5
CB-1067,2025-12-22,89.3
CB-1068,2024-01-01,52.0
CB-1068,2024-01-08,51.5
CB-1068,2024-01-15,55.3
CB-1068,2024-01-22,56.5
CB-1068,2024-01-29,61.5
CB-1068,2024-02-05,64.0
CB-1068,2024-02-12,65.5
CB-1068,2024-02-19,68.5
CB-1068,2024-02-26,66.5
CB-1068,2024-03-04,67.2
CB-1068,2024-03-11,68.2
CB-1068,2024-03-18,68.2
CB-1068,2024-03-25,67.8
CB-1068,2024-04-01,67.5
CB-1068,2024-04-08,63.0
CB-1068,2024-04-15,63.0
CB-1068,2024-04-22,64.2
CB-1068,2024-04-29,65.2
CB-1068,2024-05-06,66.0
CB-1068,2024-05-13,63.0
CB-1068,2024-05-20,61.8
CB-1068,2024-05-27,60.0
CB-1068,2024-06-03,61.2
CB-1068,2024-06-10,62.0
CB-1068,2024-06-17,64.0
CB-1068,2024-06-24,63.2
CB-1068,2024-07-01,62.8
CB-1068,2024-07-08,59.8
CB-1068,2024-07-15,53.8
CB-1068,2024-07-22,52.0
CB-1068,2024-07-29,47.5
CB-1068,2024-08-05,47.0
CB-1068,2024-08-12,46.5
CB-1068,2024-08-19,43.8
CB-1068,2024-08-26,46.0
CB-1068,2024-09-02,44.5
CB-1068,2024-09-09,43.2
CB-1068,2024-09-16,45.5
CB-1068,2024-09-23,43.0
CB-1068,2024-09-30,44.2
CB-1068,2024-10-07,45.0
CB-1068,2024-10-14,44.0
CB-1068,2024-10-21,45.5
CB-1068,2024-10-28,46.0
CB-1068,2024-11-04,48.5
CB-1068,2024-11-11,50.0
CB-1068,2024-11-18,51.5
CB-1068,2024-11-25,53.0
CB-1068,2024-12-02,54.0
CB-1068,2024-12-09,55.5
CB-1068,2024-12-16,55.0
CB-1068,2024-12-23,57.0
CB-1068,2024-12-30,58.8
CB-1068,2025-01-06,60.5
CB-1068,2025-01-13,65.8
CB-1068,2025-01-20,65.0
CB-1068,2025-01-27,69.0
CB-1068,2025-02-03,71.2
CB-1068,2025-02-10,71.8
CB-1068,2025-02-17,74.5
CB-1068,2025-02-24,71.2
CB-1068,2025-03-03,72.2
CB-1068,2025-03-10,73.5
CB-1068,2025-03-17,76.0
CB-1068,2025-03-24,78.8
CB-1068,2025-03-31,76.0
CB-1068,2025-04-07,73.0
CB-1068,2025-04-14,75.0
CB-1068,2025-04-21,73.2
CB-1068,2025-04-28,78.2
CB-1068,2025-05-05,78.8
CB-1068,2025-05-12,74.5
CB-1068,2025-05-19,76.0
CB-1068,2025-05-26,71.5
CB-1068,2025-06-02,73.5
CB-1068,2025-06-09,72.2
CB-1068,2025-06-16,70.5
CB-1068,2025-06-23,69.5
CB-1068,2025-06-30,66.5
CB-1068,2025-07-07,66.5
CB-1068,2025-07-14,63.8
CB-1068,2025-07-21,64.2
CB-1068,2025-07-28,61.0
CB-1068,2025-08-04,58.5
CB-1068,2025-08-11,57.8
CB-1068,2025-08-18,53.5
CB-1068,2025-08-25,53.2
CB-1068,2025-09-01,51.2
CB-1068,2025-09-08,49.0
CB-1068,2025-09-15,49.8
CB-1068,2025-09-22,49.2
CB-1068,2025-09-29,49.0
CB-1068,2025-10-06,50.0
CB-1068,2025-10-13,50.0
CB-1068,2025-10-20,50.0
CB-1068,2025-10-27,51.2
CB-1068,2025-11-03,51.8
CB-1068,2025-11-10,56.0
CB-1068,2025-11-17,56.2
CB-1068,2025-11-24,57.0
CB-1068,2025-12-01,58.8
CB-1068,2025-12-08,60.2
CB-1068,2025-12-15,62.2
CB-1068,2025-12-22,64.0
CB-1069,2024-01-01,127.0
CB-1069,2024-01-08,129.0
CB-1069,2024-01-15,125.7
CB-1069,2024-01-22,126.5
CB-1069,2024-01-29,122.5
CB-1069,2024-02-05,123.2
CB-1069,2024-02-12,125.2
CB-1069,2024-02-19,127.0
CB-1069,2024-02-26,129.5
CB-1069,2024-03-04,132.8
CB-1069,2024-03-11,132.0
CB-1069,2024-03-18,134.5
CB-1069,2024-03-25,137.0
CB-1069,2024-04-01,134.0
CB-1069,2024-04-08,142.5
CB-1069,2024-04-15,143.8
CB-1069,2024-04-22,150.0
CB-1069,2024-04-29,156.0
CB-1069,2024-05-06,149.2
CB-1069,2024-05-13,150.0
CB-1069,2024-05-20,140.8
CB-1069,2024-05-27,136.0
CB-1069,2024-06-03,134.2
CB-1069,2024-06-10,125.0
CB-1069,2024-06-17,127.5
CB-1069,2024-06-24,124.8
CB-1069,2024-07-01,125.0
CB-1069,2024-07-08,124.5
CB-1069,2024-07-15,120.0
CB-1069,2024-07-22,115.5
CB-1069,2024-07-29,110.8
CB-1069,2024-08-05,108.5
CB-1069,2024-08-12,105.8
CB-1069,2024-08-19,103.8
CB-1069,2024-08-26,98.0
CB-1069,2024-09-02,94.8
CB-1069,2024-09-09,90.5
CB-1069,2024-09-16,88.5
CB-1069,2024-09-23,94.0
CB-1069,2024-09-30,93.0
CB-1069,2024-10-07,96.0
CB-1069,2024-10-14,97.5
CB-1069,2024-10-21,91.5
CB-1069,2024-10-28,93.0
CB-1069,2024-11-04,95.5
CB-1069,2024-11-11,90.2
CB-1069,2024-11-18,94.8
CB-1069,2024-11-25,101.2
CB-1069,2024-12-02,106.0
CB-1069,2024-12-09,116.5
CB-1069,2024-12-16,124.5
CB-1069,2024-12-23,126.5
CB-1069,2024-12-30,129.8
CB-1069,2025-01-06,132.2
CB-1069,2025-01-13,134.5
CB-1069,2025-01-20,136.2
CB-1069,2025-01-27,142.2
CB-1069,2025-02-03,151.2
CB-1069,2025-02-10,158.8
CB-1069,2025-02-17,162.5
CB-1069,2025-02-24,158.8
CB-1069,2025-03-03,160.8
CB-1069,2025-03-10,160.5
CB-1069,2025-03-17,164.5
CB-1069,2025-03-24,166.8
CB-1069,2025-03-31,165.0
CB-1069,2025-04-07,160.0
CB-1069,2025-04-14,160.8
CB-1069,2025-04-21,166.8
CB-1069,2025-04-28,169.5
CB-1069,2025-05-05,173.8
CB-1069,2025-05-12,165.5
CB-1069,2025-05-19,159.2
CB-1069,2025-05-26,157.8
CB-1069,2025-06-02,150.0
CB-1069,2025-06-09,151.0
CB-1069,2025-06-16,151.0
CB-1069,2025-06-23,142.8
CB-1069,2025-06-30,148.0
CB-1069,2025-07-07,142.5
CB-1069,2025-07-14,132.2
CB-1069,2025-07-21,129.8
CB-1069,2025-07-28,117.0
CB-1069,2025-08-04,115.2
CB-1069,2025-08-11,114.5
CB-1069,2025-08-18,111.0
CB-1069,2025-08-25,112.8
CB-1069,2025-09-01,112.0
CB-1069,2025-09-08,109.8
CB-1069,2025-09-15,108.8
CB-1069,2025-09-22,115.0
CB-1069,2025-09-29,115.2
CB-1069,2025-10-06,116.5
CB-1069,2025-10-13,112.0
CB-1069,2025-10-20,103.5
CB-1069,2025-10-27,103.2
CB-1069,2025-11-03,104.0
CB-1069,2025-11-10,109.2
CB-1069,2025-11-17,117.8
CB-1069,2025-11-24,124.5
CB-1069,2025-12-01,129.0
CB-1069,2025-12-08,130.0
CB-1069,2025-12-15,133.8
CB-1069,2025-12-22,133.0
CB-1070,2024-01-01,0.0
CB-1070,2024-01-08,0.0
CB-1070,2024-01-15,0.0
CB-1070,2024-01-22,0.0
CB-1070,2024-01-29,0.0
CB-1070,2024-02-05,5.5
CB-1070,2024-02-12,5.5
CB-1070,2024-02-19,5.5
CB-1070,2024-02-26,5.5
CB-1070,2024-03-04,0.0
CB-1070,2024-03-11,0.0
CB-1070,2024-03-18,0.0
CB-1070,2024-03-25,8.8
CB-1070,2024-04-01,23.0
CB-1070,2024-04-08,23.0
CB-1070,2024-04-15,23.0
CB-1070,2024-04-22,14.2
CB-1070,2024-04-29,0.0
CB-1070,2024-05-06,0.0
CB-1070,2024-05-13,0.0
CB-1070,2024-05-20,0.0
CB-1070,2024-05-27,0.0
CB-1070,2024-06-03,9.2
CB-1070,2024-06-10,9.2
CB-1070,2024-06-17,9.2
CB-1070,2024-06-24,9.2
CB-1070,2024-07-01,6.8
CB-1070,2024-07-08,6.8
CB-1070,2024-07-15,15.8
CB-1070,2024-07-22,15.8
CB-1070,2024-07-29,9.0
CB-1070,2024-08-05,9.0
CB-1070,2024-08-12,0.0
CB-1070,2024-08-19,0.0
CB-1070,2024-08-26,1.5
CB-1070,2024-09-02,15.2
CB-1070,2024-09-09,15.2
CB-1070,2024-09-16,15.2
CB-1070,2024-09-23,13.8
CB-1070,2024-09-30,0.0
CB-1070,2024-10-07,0.0
CB-1070,2024-10-14,0.0
CB-1070,2024-10-21,13.5
CB-1070,2024-10-28,17.0
CB-1070,2024-11-04,17.0
CB-1070,2024-11-11,17.0
CB-1070,2024-11-18,3.5
CB-1070,2024-11-25,0.0
CB-1070,2024-12-02,0.0
CB-1070,2024-12-09,11.8
CB-1070,2024-12-16,11.8
CB-1070,2024-12-23,18.8
CB-1070,2024-12-30,18.8
CB-1070,2025-01-06,7.0
CB-1070,2025-01-13,7.0
CB-1070,2025-01-20,0.0
CB-1070,2025-01-27,0.0
CB-1070,2025-02-03,0.0
CB-1070,2025-02-10,0.0
CB-1070,2025-02-17,0.0
CB-1070,2025-02-24,0.0
CB-1070,2025-03-03,0.0
CB-1070,2025-03-10,0.0
CB-1070,2025-03-17,5.5
CB-1070,2025-03-24,12.0
CB-1070,2025-03-31,12.0
CB-1070,2025-04-07,12.0
CB-1070,2025-04-14,6.5
CB-1070,2025-04-21,0.0
CB-1070,2025-04-28,0.0
CB-1070,2025-05-05,0.0
CB-1070,2025-05-12,0.0
CB-1070,2025-05-19,0.0
CB-1070,2025-05-26,8.8
CB-1070,2025-06-02,8.8
CB-1070,2025-06-09,8.8
CB-1070,2025-06-16,8.8
CB-1070,2025-06-23,0.0
CB-1070,2025-06-30,0.0
CB-1070,2025-07-07,9.2
CB-1070,2025-07-14,9.2
CB-1070,2025-07-21,9.2
CB-1070,2025-07-28,9.2
CB-1070,2025-08-04,0.0
CB-1070,2025-08-11,0.0
CB-1070,2025-08-18,0.0
CB-1070,2025-08-25,0.0
CB-1070,2025-09-01,0.0
CB-1070,2025-09-08,0.0
CB-1070,2025-09-15,0.0
CB-1070,2025-09-22,0.0
CB-1070,2025-09-29,12.8
CB-1070,2025-10-06,12.8
CB-1070,2025-10-13,12.8
CB-1070,2025-10-20,12.8
CB-1070,2025-10-27,5.0
CB-1070,2025-11-03,5.0
CB-1070,2025-11-10,5.0
CB-1070,2025-11-17,5.0
CB-1070,2025-11-24,0.0
CB-1070,2025-12-01,0.0
CB-1070,2025-12-08,0.0
CB-1070,2025-12-15,0.0
CB-1070,2025-12-22,0.0
CB-1071,2024-01-01,94.0
CB-1071,2024-01-08,93.0
CB-1071,2024-01-15,94.7
CB-1071,2024-01-22,95.8
CB-1071,2024-01-29,97.2
CB-1071,2024-02-05,99.5
CB-1071,2024-02-12,100.5
CB-1071,2024-02-19,103.0
CB-1071,2024-02-26,106.2
CB-1071,2024-03-04,109.0
CB-1071,2024-03-11,108.8
CB-1071,2024-03-18,107.2
CB-1071,2024-03-25,108.0
CB-1071,2024-04-01,111.5
CB-1071,2024-04-08,114.8
CB-1071,2024-04-15,116.0
CB-1071,2024-04-22,115.2
CB-1071,2024-04-29,108.8
CB-1071,2024-05-06,110.2
CB-1071,2024-05-13,110.5
CB-1071,2024-05-20,107.0
CB-1071,2024-05-27,107.5
CB-1071,2024-06-03,101.5
CB-1071,2024-06-10,101.2
CB-1071,2024-06-17,100.0
CB-1071,2024-06-24,98.0
CB-1071,2024-07-01,97.8
CB-1071,2024-07-08,91.5
CB-1071,2024-07-15,89.8
CB-1071,2024-07-22,87.5
CB-1071,2024-07-29,81.5
CB-1071,2024-08-05,80.8
CB-1071,2024-08-12,78.2
CB-1071,2024-08-19,76.0
CB-1071,2024-08-26,76.8
CB-1071,2024-09-02,75.5
CB-1071,2024-09-09,76.2
CB-1071,2024-09-16,73.5
CB-1071,2024-09-23,72.5
CB-1071,2024-09-30,72.8
CB-1071,2024-10-07,71.8
CB-1071,2024-10-14,74.8
CB-1071,2024-10-21,80.2
CB-1071,2024-10-28,81.5
CB-1071,2024-11-04,84.0
CB-1071,2024-11-11,84.5
CB-1071,2024-11-18,80.8
CB-1071,2024-11-25,81.5
CB-1071,2024-12-02,83.5
CB-1071,2024-12-09,87.5
CB-1071,2024-12-16,93.0
CB-1071,2024-12-23,96.2
CB-1071,2024-12-30,97.5
CB-1071,2025-01-06,99.8
CB-1071,2025-01-13,103.5
CB-1071,2025-01-20,109.0
CB-1071,2025-01-27,110.5
CB-1071,2025-02-03,115.5
CB-1071,2025-02-10,115.2
CB-1071,2025-02-17,117.0
CB-1071,2025-02-24,121.0
CB-1071,2025-03-03,125.0
CB-1071,2025-03-10,127.2
CB-1071,2025-03-17,127.8
CB-1071,2025-03-24,130.8
CB-1071,2025-03-31,125.2
CB-1071,2025-04-07,126.2
CB-1071,2025-04-14,125.0
CB-1071,2025-04-21,121.8
CB-1071,2025-04-28,122.0
CB-1071,2025-05-05,123.8
CB-1071,2025-05-12,121.5
CB-1071,2025-05-19,122.2
CB-1071,2025-05-26,122.2
CB-1071,2025-06-02,114.0
CB-1071,2025-06-09,114.2
CB-1071,2025-06-16,107.2
CB-1071,2025-06-23,105.0
CB-1071,2025-06-30,104.2
CB-1071,2025-07-07,100.2
CB-1071,2025-07-14,98.0
CB-1071,2025-07-21,94.0
CB-1071,2025-07-28,94.0
CB-1071,2025-08-04,90.0
CB-1071,2025-08-11,89.0
CB-1071,2025-08-18,87.2
CB-1071,2025-08-25,84.5
CB-1071,2025-09-01,80.2
CB-1071,2025-09-08,83.2
CB-1071,2025-09-15,82.5
CB-1071,2025-09-22,82.2
CB-1071,2025-09-29,85.8
CB-1071,2025-10-06,79.5
CB-1071,2025-10-13,80.2
CB-1071,2025-10-20,79.0
CB-1071,2025-10-27,81.5
CB-1071,2025-11-03,86.0
CB-1071,2025-11-10,87.2
CB-1071,2025-11-17,89.2
CB-1071,2025-11-24,92.5
CB-1071,2025-12-01,93.2
CB-1071,2025-12-08,100.8
CB-1071,2025-12-15,110.2
CB-1071,2025-12-22,112.7
CB-1072,2024-01-01,0.0
CB-1072,2024-01-08,11.0
CB-1072,2024-01-15,7.3
CB-1072,2024-01-22,5.5
CB-1072,2024-01-29,5.5
CB-1072,2024-02-05,0.0
CB-1072,2024-02-12,0.0
CB-1072,2024-02-19,0.0
CB-1072,2024-02-26,0.0
CB-1072,2024-03-04,0.0
CB-1072,2024-03-11,0.0
CB-1072,2024-03-18,0.0
CB-1072,2024-03-25,0.0
CB-1072,2024-04-01,0.0
CB-1072,2024-04-08,10.5
CB-1072,2024-04-15,10.5
CB-1072,2024-04-22,10.5
CB-1072,2024-04-29,10.5
CB-1072,2024-05-06,0.0
CB-1072,2024-05-13,0.0
CB-1072,2024-05-20,0.0
CB-1072,2024-05-27,0.0
CB-1072,2024-06-03,0.0
CB-1072,2024-06-10,0.0
CB-1072,2024-06-17,0.0
CB-1072,2024-06-24,0.0
CB-1072,2024-07-01,0.0
CB-1072,2024-07-08,0.0
CB-1072,2024-07-15,0.0
CB-1072,2024-07-22,0.0
CB-1072,2024-07-29,0.0
CB-1072,2024-08-05,0.0
CB-1072,2024-08-12,0.0
CB-1072,2024-08-19,0.0
CB-1072,2024-08-26,4.8
CB-1072,2024-09-02,4.8
CB-1072,2024-09-09,14.0
CB-1072,2024-09-16,14.0
CB-1072,2024-09-23,9.2
CB-1072,2024-09-30,22.2
CB-1072,2024-10-07,13.0
CB-1072,2024-10-14,20.2
CB-1072,2024-10-21,20.2
CB-1072,2024-10-28,7.2
CB-1072,2024-11-04,7.2
CB-1072,2024-11-11,13.2
CB-1072,2024-11-18,13.2
CB-1072,2024-11-25,25.2
CB-1072,2024-12-02,25.2
CB-1072,2024-12-09,12.0
CB-1072,2024-12-16,12.0
CB-1072,2024-12-23,0.0
CB-1072,2024-12-30,0.0
CB-1072,2025-01-06,5.2
CB-1072,2025-01-13,5.2
CB-1072,2025-01-20,5.2
CB-1072,2025-01-27,5.2
CB-1072,2025-02-03,0.0
CB-1072,2025-02-10,0.0
CB-1072,2025-02-17,0.0
CB-1072,2025-02-24,3.2
CB-1072,2025-03-03,3.2
CB-1072,2025-03-10,3.2
CB-1072,2025-03-17,6.0
CB-1072,2025-03-24,2.8
CB-1072,2025-03-31,2.8
CB-1072,2025-04-07,2.8
CB-1072,2025-04-14,0.0
CB-1072,2025-04-21,0.0
CB-1072,2025-04-28,0.0
CB-1072,2025-05-05,0.0
CB-1072,2025-05-12,0.0
CB-1072,2025-05-19,0.0
CB-1072,2025-05-26,0.0
CB-1072,2025-06-02,5.5
CB-1072,2025-06-09,5.5
CB-1072,2025-06-16,5.5
CB-1072,2025-06-23,5.5
CB-1072,2025-06-30,0.0
CB-1072,2025-07-07,0.0
CB-1072,2025-07-14,10.0
CB-1072,2025-07-21,17.8
CB-1072,2025-07-28,17.8
CB-1072,2025-08-04,17.8
CB-1072,2025-08-11,7.8
CB-1072,2025-08-18,5.2
CB-1072,2025-08-25,5.2
CB-1072,2025-09-01,11.0
CB-1072,2025-09-08,11.0
CB-1072,2025-09-15,5.8
CB-1072,2025-09-22,5.8
CB-1072,2025-09-29,0.0
CB-1072,2025-10-06,0.0
CB-1072,2025-10-13,0.0
CB-1072,2025-10-20,0.0
CB-1072,2025-10-27,0.0
CB-1072,2025-11-03,0.0
CB-1072,2025-11-10,6.0
CB-1072,2025-11-17,6.0
CB-1072,2025-11-24,6.0
CB-1072,2025-12-01,6.0
CB-1072,2025-12-08,0.0
CB-1072,2025-12-15,0.0
CB-1072,2025-12-22,0.0
CB-1073,2024-01-01,0.0
CB-1073,2024-01-08,20.5
CB-1073,2024-01-15,13.7
CB-1073,2024-01-22,10.2
CB-1073,2024-01-29,10.2
CB-1073,2024-02-05,0.0
CB-1073,2024-02-12,6.0
CB-1073,2024-02-19,6.0
CB-1073,2024-02-26,9.0
CB-1073,2024-03-04,9.0
CB-1073,2024-03-11,3.0
CB-1073,2024-03-18,3.0
CB-1073,2024-03-25,0.0
CB-1073,2024-04-01,0.0
CB-1073,2024-04-08,9.5
CB-1073,2024-04-15,9.5
CB-1073,2024-04-22,9.5
CB-1073,2024-04-29,9.5
CB-1073,2024-05-06,12.0
CB-1073,2024-05-13,12.0
CB-1073,2024-05-20,24.5
CB-1073,2024-05-27,24.5
CB-1073,2024-06-03,12.5
CB-1073,2024-06-10,14.2
CB-1073,2024-06-17,1.8
CB-1073,2024-06-24,1.8
CB-1073,2024-07-01,8.0
CB-1073,2024-07-08,9.0
CB-1073,2024-07-15,9.0
CB-1073,2024-07-22,9.0
CB-1073,2024-07-29,2.8
CB-1073,2024-08-05,0.0
CB-1073,2024-08-12,0.0
CB-1073,2024-08-19,0.0
CB-1073,2024-08-26,1.8
CB-1073,2024-09-02,7.8
CB-1073,2024-09-09,7.8
CB-1073,2024-09-16,19.8
CB-1073,2024-09-23,18.0
CB-1073,2024-09-30,13.5
CB-1073,2024-10-07,15.5
CB-1073,2024-10-14,3.5
CB-1073,2024-10-21,15.8
CB-1073,2024-10-28,14.2
CB-1073,2024-11-04,12.2
CB-1073,2024-11-11,12.2
CB-1073,2024-11-18,0.0
CB-1073,2024-11-25,0.0
CB-1073,2024-12-02,0.0
CB-1073,2024-12-09,0.0
CB-1073,2024-12-16,6.2
CB-1073,2024-12-23,6.2
CB-1073,2024-12-30,6.2
CB-1073,2025-01-06,6.2
CB-1073,2025-01-13,0.0
CB-1073,2025-01-20,0.0
CB-1073,2025-01-27,0.0
CB-1073,2025-02-03,0.0
CB-1073,2025-02-10,0.0
CB-1073,2025-02-17,0.0
CB-1073,2025-02-24,0.0
CB-1073,2025-03-03,10.2
CB-1073,2025-03-10,21.5
CB-1073,2025-03-17,21.5
CB-1073,2025-03-24,21.5
CB-1073,2025-03-31,11.2
CB-1073,2025-04-07,0.0
CB-1073,2025-04-14,0.0
CB-1073,2025-04-21,0.0
CB-1073,2025-04-28,0.0
CB-1073,2025-05-05,0.0
CB-1073,2025-05-12,0.0
CB-1073,2025-05-19,0.0
CB-1073,2025-05-26,4.5
CB-1073,2025-06-02,4.5
CB-1073,2025-06-09,11.2
CB-1073,2025-06-16,20.8
CB-1073,2025-06-23,21.2
CB-1073,2025-06-30,21.2
CB-1073,2025-07-07,14.5
CB-1073,2025-07-14,5.0
CB-1073,2025-07-21,0.0
CB-1073,2025-07-28,0.0
CB-1073,2025-08-04,0.0
CB-1073,2025-08-11,2.8
CB-1073,2025-08-18,2.8
CB-1073,2025-08-25,2.8
CB-1073,2025-09-01,2.8
CB-1073,2025-09-08,0.0
CB-1073,2025-09-15,7.5
CB-1073,2025-09-22,7.5
CB-1073,2025-09-29,7.5
CB-1073,2025-10-06,7.5
CB-1073,2025-10-13,0.0
CB-1073,2025-10-20,14.5
CB-1073,2025-10-27,14.5
CB-1073,2025-11-03,14.5
CB-1073,2025-11-10,14.5
CB-1073,2025-11-17,0.0
CB-1073,2025-11-24,0.0
CB-1073,2025-12-01,0.0
CB-1073,2025-12-08,0.0
CB-1073,2025-12-15,0.0
CB-1073,2025-12-22,0.0
CB-1074,2024-01-01,73.0
CB-1074,2024-01-08,65.5
CB-1074,2024-01-15,66.7
CB-1074,2024-01-22,67.5
CB-1074,2024-01-29,68.5
CB-1074,2024-02-05,73.2
CB-1074,2024-02-12,75.8
CB-1074,2024-02-19,78.5
CB-1074,2024-02-26,80.0
CB-1074,2024-03-04,82.8
CB-1074,2024-03-11,84.5
CB-1074,2024-03-18,85.2
CB-1074,2024-03-25,86.8
CB-1074,2024-04-01,87.8
CB-1074,2024-04-08,86.8
CB-1074,2024-04-15,87.0
CB-1074,2024-04-22,87.8
CB-1074,2024-04-29,83.8
CB-1074,2024-05-06,87.0
CB-1074,2024-05-13,84.0
CB-1074,2024-05-20,80.5
CB-1074,2024-05-27,79.5
CB-1074,2024-06-03,78.2
CB-1074,2024-06-10,78.0
CB-1074,2024-06-17,76.0
CB-1074,2024-06-24,75.2
CB-1074,2024-07-01,70.0
CB-1074,2024-07-08,68.2
CB-1074,2024-07-15,66.8
CB-1074,2024-07-22,60.8
CB-1074,2024-07-29,59.0
CB-1074,2024-08-05,57.8
CB-1074,2024-08-12,57.5
CB-1074,2024-08-19,62.0
CB-1074,2024-08-26,60.2
CB-1074,2024-09-02,60.0
CB-1074,2024-09-09,56.8
CB-1074,2024-09-16,55.5
CB-1074,2024-09-23,54.8
CB-1074,2024-09-30,52.5
CB-1074,2024-10-07,53.8
CB-1074,2024-10-14,55.0
CB-1074,2024-10-21,56.5
CB-1074,2024-10-28,60.5
CB-1074,2024-11-04,61.0
CB-1074,2024-11-11,62.0
CB-1074,2024-11-18,62.5
CB-1074,2024-11-25,62.8
CB-1074,2024-12-02,65.8
CB-1074,2024-12-09,67.5
CB-1074,2024-12-16,71.0
CB-1074,2024-12-23,72.0
CB-1074,2024-12-30,75.5
CB-1074,2025-01-06,79.8
CB-1074,2025-01-13,80.8
CB-1074,2025-01-20,81.0
CB-1074,2025-01-27,82.8
CB-1074,2025-02-03,81.5
CB-1074,2025-02-10,84.5
CB-1074,2025-02-17,90.5
CB-1074,2025-02-24,90.5
CB-1074,2025-03-03,92.2
CB-1074,2025-03-10,93.5
CB-1074,2025-03-17,96.5
CB-1074,2025-03-24,98.2
CB-1074,2025-03-31,96.8
CB-1074,2025-04-07,94.8
CB-1074,2025-04-14,92.0
CB-1074,2025-04-21,89.5
CB-1074,2025-04-28,88.2
CB-1074,2025-05-05,91.0
CB-1074,2025-05-12,90.8
CB-1074,2025-05-19,90.8
CB-1074,2025-05-26,92.8
CB-1074,2025-06-02,90.0
CB-1074,2025-06-09,88.0
CB-1074,2025-06-16,87.8
CB-1074,2025-06-23,81.0
CB-1074,2025-06-30,78.2
CB-1074,2025-07-07,75.8
CB-1074,2025-07-14,71.8
CB-1074,2025-07-21,73.8
CB-1074,2025-07-28,73.0
CB-1074,2025-08-04,70.5
CB-1074,2025-08-11,71.2
CB-1074,2025-08-18,71.0
CB-1074,2025-08-25,68.2
CB-1074,2025-09-01,66.5
CB-1074,2025-09-08,60.0
CB-1074,2025-09-15,57.5
CB-1074,2025-09-22,55.8
CB-1074,2025-09-29,56.2
CB-1074,2025-10-06,60.2
CB-1074,2025-10-13,61.8
CB-1074,2025-10-20,65.8
CB-1074,2025-10-27,66.2
CB-1074,2025-11-03,70.2
CB-1074,2025-11-10,71.2
CB-1074,2025-11-17,69.5
CB-1074,2025-11-24,70.8
CB-1074,2025-12-01,69.5
CB-1074,2025-12-08,72.5
CB-1074,2025-12-15,75.2
CB-1074,2025-12-22,77.0
CB-1075,2024-01-01,98.0
CB-1075,2024-01-08,97.5
CB-1075,2024-01-15,103.0
CB-1075,2024-01-22,95.8
CB-1075,2024-01-29,101.8
CB-1075,2024-02-05,89.0
CB-1075,2024-02-12,72.0
CB-1075,2024-02-19,66.5
CB-1075,2024-02-26,59.2
CB-1075,2024-03-04,81.0
CB-1075,2024-03-11,88.2
CB-1075,2024-03-18,95.0
CB-1075,2024-03-25,93.8
CB-1075,2024-04-01,89.2
CB-1075,2024-04-08,90.5
CB-1075,2024-04-15,90.0
CB-1075,2024-04-22,80.5
CB-1075,2024-04-29,70.5
CB-1075,2024-05-06,83.0
CB-1075,2024-05-13,87.2
CB-1075,2024-05-20,91.2
CB-1075,2024-05-27,103.8
CB-1075,2024-06-03,88.2
CB-1075,2024-06-10,96.0
CB-1075,2024-06-17,109.8
CB-1075,2024-06-24,98.5
CB-1075,2024-07-01,90.5
CB-1075,2024-07-08,92.8
CB-1075,2024-07-15,83.0
CB-1075,2024-07-22,78.5
CB-1075,2024-07-29,92.2
CB-1075,2024-08-05,79.5
CB-1075,2024-08-12,82.8
CB-1075,2024-08-19,79.5
CB-1075,2024-08-26,74.2
CB-1075,2024-09-02,62.5
CB-1075,2024-09-09,57.8
CB-1075,2024-09-16,60.8
CB-1075,2024-09-23,60.0
CB-1075,2024-09-30,65.5
CB-1075,2024-10-07,60.5
CB-1075,2024-10-14,56.2
CB-1075,2024-10-21,60.0
CB-1075,2024-10-28,70.2
CB-1075,2024-11-04,69.8
CB-1075,2024-11-11,79.2
CB-1075,2024-11-18,79.2
CB-1075,2024-11-25,73.0
CB-1075,2024-12-02,68.2
CB-1075,2024-12-09,58.5
CB-1075,2024-12-16,52.8
CB-1075,2024-12-23,39.5
CB-1075,2024-12-30,63.0
CB-1075,2025-01-06,77.5
CB-1075,2025-01-13,85.5
CB-1075,2025-01-20,85.8
CB-1075,2025-01-27,62.2
CB-1075,2025-02-03,61.8
CB-1075,2025-02-10,81.8
CB-1075,2025-02-17,95.8
CB-1075,2025-02-24,121.0
CB-1075,2025-03-03,118.2
CB-1075,2025-03-10,102.8
CB-1075,2025-03-17,121.5
CB-1075,2025-03-24,111.2
CB-1075,2025-03-31,109.8
CB-1075,2025-04-07,122.8
CB-1075,2025-04-14,111.8
CB-1075,2025-04-21,124.8
CB-1075,2025-04-28,124.2
CB-1075,2025-05-05,122.8
CB-1075,2025-05-12,123.5
CB-1075,2025-05-19,115.5
CB-1075,2025-05-26,121.2
CB-1075,2025-06-02,102.2
CB-1075,2025-06-09,97.5
CB-1075,2025-06-16,88.0
CB-1075,2025-06-23,91.8
CB-1075,2025-06-30,92.0
CB-1075,2025-07-07,78.8
CB-1075,2025-07-14,67.8
CB-1075,2025-07-21,46.0
CB-1075,2025-07-28,49.2
CB-1075,2025-08-04,50.5
CB-1075,2025-08-11,62.5
CB-1075,2025-08-18,73.5
CB-1075,2025-08-25,67.5
CB-1075,2025-09-01,76.2
CB-1075,2025-09-08,74.0
CB-1075,2025-09-15,56.2
CB-1075,2025-09-22,54.0
CB-1075,2025-09-29,53.8
CB-1075,2025-10-06,63.0
CB-1075,2025-10-13,89.8
CB-1075,2025-10-20,84.0
CB-1075,2025-10-27,80.2
CB-1075,2025-11-03,61.5
CB-1075,2025-11-10,63.2
CB-1075,2025-11-17,80.8
CB-1075,2025-11-24,87.8
CB-1075,2025-12-01,101.5
CB-1075,2025-12-08,104.5
CB-1075,2025-12-15,110.0
CB-1075,2025-12-22,116.0
CB-1076,2024-01-01,81.0
CB-1076,2024-01-08,83.0
CB-1076,2024-01-15,76.3
CB-1076,2024-01-22,72.5
CB-1076,2024-01-29,77.2
CB-1076,2024-02-05,85.0
CB-1076,2024-02-12,83.0
CB-1076,2024-02-19,85.0
CB-1076,2024-02-26,81.8
CB-1076,2024-03-04,75.5
CB-1076,2024-03-11,77.8
CB-1076,2024-03-18,93.5
CB-1076,2024-03-25,94.5
CB-1076,2024-04-01,95.5
CB-1076,2024-04-08,111.8
CB-1076,2024-04-15,95.5
CB-1076,2024-04-22,91.8
CB-1076,2024-04-29,79.0
CB-1076,2024-05-06,64.8
CB-1076,2024-05-13,57.0
CB-1076,2024-05-20,61.5
CB-1076,2024-05-27,71.2
CB-1076,2024-06-03,69.2
CB-1076,2024-06-10,77.0
CB-1076,2024-06-17,75.0
CB-1076,2024-06-24,64.2
CB-1076,2024-07-01,65.5
CB-1076,2024-07-08,68.0
CB-1076,2024-07-15,52.2
CB-1076,2024-07-22,60.5
CB-1076,2024-07-29,49.2
CB-1076,2024-08-05,43.2
CB-1076,2024-08-12,45.5
CB-1076,2024-08-19,47.2
CB-1076,2024-08-26,49.0
CB-1076,2024-09-02,41.2
CB-1076,2024-09-09,46.5
CB-1076,2024-09-16,37.2
CB-1076,2024-09-23,35.5
CB-1076,2024-09-30,45.0
CB-1076,2024-10-07,35.8
CB-1076,2024-10-14,33.2
CB-1076,2024-10-21,38.0
CB-1076,2024-10-28,40.5
CB-1076,2024-11-04,56.8
CB-1076,2024-11-11,68.5
CB-1076,2024-11-18,71.8
CB-1076,2024-11-25,56.5
CB-1076,2024-12-02,54.2
CB-1076,2024-12-09,59.0
CB-1076,2024-12-16,69.2
CB-1076,2024-12-23,87.2
CB-1076,2024-12-30,79.8
CB-1076,2025-01-06,70.2
CB-1076,2025-01-13,78.0
CB-1076,2025-01-20,67.8
CB-1076,2025-01-27,69.2
CB-1076,2025-02-03,81.5
CB-1076,2025-02-10,67.2
CB-1076,2025-02-17,69.8
CB-1076,2025-02-24,91.0
CB-1076,2025-03-03,89.0
CB-1076,2025-03-10,90.5
CB-1076,2025-03-17,91.5
CB-1076,2025-03-24,96.8
CB-1076,2025-03-31,93.5
CB-1076,2025-04-07,107.5
CB-1076,2025-04-14,123.2
CB-1076,2025-04-21,102.8
CB-1076,2025-04-28,98.5
CB-1076,2025-05-05,97.8
CB-1076,2025-05-12,100.5
CB-1076,2025-05-19,89.8
CB-1076,2025-05-26,96.0
CB-1076,2025-06-02,82.5
CB-1076,2025-06-09,63.0
CB-1076,2025-06-16,76.5
CB-1076,2025-06-23,62.0
CB-1076,2025-06-30,58.0
CB-1076,2025-07-07,58.0
CB-1076,2025-07-14,51.2
CB-1076,2025-07-21,57.5
CB-1076,2025-07-28,52.8
CB-1076,2025-08-04,64.5
CB-1076,2025-08-11,68.2
CB-1076,2025-08-18,76.5
CB-1076,2025-08-25,80.0
CB-1076,2025-09-01,67.5
CB-1076,2025-09-08,72.8
CB-1076,2025-09-15,59.8
CB-1076,2025-09-22,59.2
CB-1076,2025-09-29,65.5
CB-1076,2025-10-06,50.8
CB-1076,2025-10-13,57.8
CB-1076,2025-10-20,62.5
CB-1076,2025-10-27,66.5
CB-1076,2025-11-03,78.8
CB-1076,2025-11-10,83.8
CB-1076,2025-11-17,81.8
CB-1076,2025-11-24,71.8
CB-1076,2025-12-01,82.0
CB-1076,2025-12-08,67.2
CB-1076,2025-12-15,60.8
CB-1076,2025-12-22,65.0
CB-1077,2024-01-01,0.0
CB-1077,2024-01-08,0.0
CB-1077,2024-01-15,0.0
CB-1077,2024-01-22,0.0
CB-1077,2024-01-29,0.0
CB-1077,2024-02-05,0.0
CB-1077,2024-02-12,0.0
CB-1077,2024-02-19,0.0
CB-1077,2024-02-26,9.8
CB-1077,2024-03-04,20.0
CB-1077,2024-03-11,31.2
CB-1077,2024-03-18,31.2
CB-1077,2024-03-25,21.5
CB-1077,2024-04-01,22.0
CB-1077,2024-04-08,10.8
CB-1077,2024-04-15,10.8
CB-1077,2024-04-22,14.0
CB-1077,2024-04-29,3.2
CB-1077,2024-05-06,3.2
CB-1077,2024-05-13,13.8
CB-1077,2024-05-20,21.5
CB-1077,2024-05-27,29.0
CB-1077,2024-06-03,29.0
CB-1077,2024-06-10,24.5
CB-1077,2024-06-17,13.5
CB-1077,2024-06-24,6.0
CB-1077,2024-07-01,6.0
CB-1077,2024-07-08,0.0
CB-1077,2024-07-15,0.0
CB-1077,2024-07-22,0.0
CB-1077,2024-07-29,4.5
CB-1077,2024-08-05,4.5
CB-1077,2024-08-12,4.5
CB-1077,2024-08-19,4.5
CB-1077,2024-08-26,0.0
CB-1077,2024-09-02,0.0
CB-1077,2024-09-09,0.0
CB-1077,2024-09-16,0.0
CB-1077,2024-09-23,0.0
CB-1077,2024-09-30,3.5
CB-1077,2024-10-07,7.0
CB-1077,2024-10-14,7.0
CB-1077,2024-10-21,10.5
CB-1077,2024-10-28,7.0
CB-1077,2024-11-04,3.5
CB-1077,2024-11-11,3.5
CB-1077,2024-11-18,0.0
CB-1077,2024-11-25,0.0
CB-1077,2024-12-02,7.0
CB-1077,2024-12-09,13.8
CB-1077,2024-12-16,13.8
CB-1077,2024-12-23,13.8
CB-1077,2024-12-30,6.8
CB-1077,2025-01-06,0.0
CB-1077,2025-01-13,0.0
CB-1077,2025-01-20,0.0
CB-1077,2025-01-27,0.0
CB-1077,2025-02-03,0.0
CB-1077,2025-02-10,8.5
CB-1077,2025-02-17,16.5
CB-1077,2025-02-24,25.5
CB-1077,2025-03-03,30.8
CB-1077,2025-03-10,22.2
CB-1077,2025-03-17,28.8
CB-1077,2025-03-24,19.8
CB-1077,2025-03-31,14.5
CB-1077,2025-04-07,27.2
CB-1077,2025-04-14,12.8
CB-1077,2025-04-21,12.8
CB-1077,2025-04-28,24.2
CB-1077,2025-05-05,11.5
CB-1077,2025-05-12,11.5
CB-1077,2025-05-19,14.2
CB-1077,2025-05-26,14.2
CB-1077,2025-06-02,14.2
CB-1077,2025-06-09,14.2
CB-1077,2025-06-16,11.5
CB-1077,2025-06-23,14.8
CB-1077,2025-06-30,14.8
CB-1077,2025-07-07,14.8
CB-1077,2025-07-14,14.8
CB-1077,2025-07-21,12.5
CB-1077,2025-07-28,12.5
CB-1077,2025-08-04,12.5
CB-1077,2025-08-11,12.5
CB-1077,2025-08-18,0.0
CB-1077,2025-08-25,12.2
CB-1077,2025-09-01,12.2
CB-1077,2025-09-08,12.2
CB-1077,2025-09-15,17.8
CB-1077,2025-09-22,5.5
CB-1077,2025-09-29,5.5
CB-1077,2025-10-06,5.5
CB-1077,2025-10-13,0.0
CB-1077,2025-10-20,8.0
CB-1077,2025-10-27,12.8
CB-1077,2025-11-03,12.8
CB-1077,2025-11-10,12.8
CB-1077,2025-11-17,4.8
CB-1077,2025-11-24,0.0
CB-1077,2025-12-01,0.0
CB-1077,2025-12-08,0.0
CB-1077,2025-12-15,6.0
CB-1077,2025-12-22,8.0
CB-1078,2024-01-01,35.0
CB-1078,2024-01-08,17.5
CB-1078,2024-01-15,11.7
CB-1078,2024-01-22,8.8
CB-1078,2024-01-29,0.0
CB-1078,2024-02-05,11.0
CB-1078,2024-02-12,11.0
CB-1078,2024-02-19,22.0
CB-1078,2024-02-26,22.0
CB-1078,2024-03-04,11.0
CB-1078,2024-03-11,11.0
CB-1078,2024-03-18,0.0
CB-1078,2024-03-25,11.8
CB-1078,2024-04-01,11.8
CB-1078,2024-04-08,11.8
CB-1078,2024-04-15,11.8
CB-1078,2024-04-22,13.0
CB-1078,2024-04-29,18.5
CB-1078,2024-05-06,18.5
CB-1078,2024-05-13,18.5
CB-1078,2024-05-20,5.5
CB-1078,2024-05-27,0.0
CB-1078,2024-06-03,8.0
CB-1078,2024-06-10,21.2
CB-1078,2024-06-17,21.2
CB-1078,2024-06-24,21.2
CB-1078,2024-07-01,20.0
CB-1078,2024-07-08,6.8
CB-1078,2024-07-15,6.8
CB-1078,2024-07-22,10.2
CB-1078,2024-07-29,3.5
CB-1078,2024-08-05,17.5
CB-1078,2024-08-12,17.5
CB-1078,2024-08-19,26.0
CB-1078,2024-08-26,26.0
CB-1078,2024-09-02,21.0
CB-1078,2024-09-09,28.8
CB-1078,2024-09-16,16.8
CB-1078,2024-09-23,16.8
CB-1078,2024-09-30,7.8
CB-1078,2024-10-07,0.0
CB-1078,2024-10-14,9.0
CB-1078,2024-10-21,18.0
CB-1078,2024-10-28,32.2
CB-1078,2024-11-04,32.2
CB-1078,2024-11-11,23.2
CB-1078,2024-11-18,14.2
CB-1078,2024-11-25,11.5
CB-1078,2024-12-02,14.5
CB-1078,2024-12-09,14.5
CB-1078,2024-12-16,14.5
CB-1078,2024-12-23,3.0
CB-1078,2024-12-30,0.0
CB-1078,2025-01-06,2.0
CB-1078,2025-01-13,2.0
CB-1078,2025-01-20,2.0
CB-1078,2025-01-27,8.5
CB-1078,2025-02-03,6.5
CB-1078,2025-02-10,6.5
CB-1078,2025-02-17,6.5
CB-1078,2025-02-24,0.0
CB-1078,2025-03-03,0.0
CB-1078,2025-03-10,0.0
CB-1078,2025-03-17,0.0
CB-1078,2025-03-24,1.2
CB-1078,2025-03-31,1.2
CB-1078,2025-04-07,11.2
CB-1078,2025-04-14,11.2
CB-1078,2025-04-21,10.0
CB-1078,2025-04-28,10.0
CB-1078,2025-05-05,0.0
CB-1078,2025-05-12,12.0
CB-1078,2025-05-19,12.0
CB-1078,2025-05-26,12.0
CB-1078,2025-06-02,12.0
CB-1078,2025-06-09,0.0
CB-1078,2025-06-16,0.0
CB-1078,2025-06-23,0.0
CB-1078,2025-06-30,0.0
CB-1078,2025-07-07,0.0
CB-1078,2025-07-14,5.0
CB-1078,2025-07-21,5.0
CB-1078,2025-07-28,5.0
CB-1078,2025-08-04,5.0
CB-1078,2025-08-11,0.0
CB-1078,2025-08-18,11.0
CB-1078,2025-08-25,11.0
CB-1078,2025-09-01,11.0
CB-1078,2025-09-08,11.0
CB-1078,2025-09-15,0.0
CB-1078,2025-09-22,10.8
CB-1078,2025-09-29,10.8
CB-1078,2025-10-06,10.8
CB-1078,2025-10-13,25.8
CB-1078,2025-10-20,20.8
CB-1078,2025-10-27,28.5
CB-1078,2025-11-03,28.5
CB-1078,2025-11-10,13.5
CB-1078,2025-11-17,7.8
CB-1078,2025-11-24,0.0
CB-1078,2025-12-01,0.0
CB-1078,2025-12-08,0.0
CB-1078,2025-12-15,0.0
CB-1078,2025-12-22,0.0
CB-1079,2024-01-01,46.0
CB-1079,2024-01-08,44.0
CB-1079,2024-01-15,45.7
CB-1079,2024-01-22,44.2
CB-1079,2024-01-29,44.2
CB-1079,2024-02-05,47.0
CB-1079,2024-02-12,48.8
CB-1079,2024-02-19,50.5
CB-1079,2024-02-26,51.0
CB-1079,2024-03-04,51.2
CB-1079,2024-03-11,49.8
CB-1079,2024-03-18,51.0
CB-1079,2024-03-25,53.2
CB-1079,2024-04-01,52.5
CB-1079,2024-04-08,51.2
CB-1079,2024-04-15,50.0
CB-1079,2024-04-22,48.8
CB-1079,2024-04-29,47.0
CB-1079,2024-05-06,48.2
CB-1079,2024-05-13,47.8
CB-1079,2024-05-20,48.8
CB-1079,2024-05-27,52.0
CB-1079,2024-06-03,50.2
CB-1079,2024-06-10,50.8
CB-1079,2024-06-17,47.0
CB-1079,2024-06-24,43.5
CB-1079,2024-07-01,45.0
CB-1079,2024-07-08,43.2
CB-1079,2024-07-15,42.8
CB-1079,2024-07-22,41.0
CB-1079,2024-07-29,39.0
CB-1079,2024-08-05,35.8
CB-1079,2024-08-12,34.8
CB-1079,2024-08-19,34.5
CB-1079,2024-08-26,32.5
CB-1079,2024-09-02,35.0
CB-1079,2024-09-09,35.5
CB-1079,2024-09-16,34.2
CB-1079,2024-09-23,35.8
CB-1079,2024-09-30,34.0
CB-1079,2024-10-07,34.2
CB-1079,2024-10-14,35.5
CB-1079,2024-10-21,34.2
CB-1079,2024-10-28,35.5
CB-1079,2024-11-04,35.2
CB-1079,2024-11-11,36.2
CB-1079,2024-11-18,36.8
CB-1079,2024-11-25,38.0
CB-1079,2024-12-02,38.5
CB-1079,2024-12-09,38.5
CB-1079,2024-12-16,40.0
CB-1079,2024-12-23,40.5
CB-1079,2024-12-30,42.2
CB-1079,2025-01-06,45.2
CB-1079,2025-01-13,47.5
CB-1079,2025-01-20,52.0
CB-1079,2025-01-27,51.5
CB-1079,2025-02-03,53.0
CB-1079,2025-02-10,54.2
CB-1079,2025-02-17,54.5
CB-1079,2025-02-24,58.8
CB-1079,2025-03-03,59.0
CB-1079,2025-03-10,60.0
CB-1079,2025-03-17,58.8
CB-1079,2025-03-24,59.2
CB-1079,2025-03-31,57.5
CB-1079,2025-04-07,58.2
CB-1079,2025-04-14,59.0
CB-1079,2025-04-21,57.2
CB-1079,2025-04-28,58.8
CB-1079,2025-05-05,57.2
CB-1079,2025-05-12,58.0
CB-1079,2025-05-19,61.5
CB-1079,2025-05-26,62.2
CB-1079,2025-06-02,60.8
CB-1079,2025-06-09,58.8
CB-1079,2025-06-16,54.5
CB-1079,2025-06-23,50.8
CB-1079,2025-06-30,48.8
CB-1079,2025-07-07,46.8
CB-1079,2025-07-14,45.5
CB-1079,2025-07-21,43.8
CB-1079,2025-07-28,43.0
CB-1079,2025-08-04,42.2
CB-1079,2025-08-11,40.5
CB-1079,2025-08-18,42.0
CB-1079,2025-08-25,40.8
CB-1079,2025-09-01,41.5
CB-1079,2025-09-08,39.5
CB-1079,2025-09-15,36.5
CB-1079,2025-09-22,37.2
CB-1079,2025-09-29,34.5
CB-1079,2025-10-06,35.8
CB-1079,2025-10-13,37.5
CB-1079,2025-10-20,37.8
CB-1079,2025-10-27,38.5
CB-1079,2025-11-03,39.8
CB-1079,2025-11-10,40.5
CB-1079,2025-11-17,42.8
CB-1079,2025-11-24,44.5
CB-1079,2025-12-01,44.5
CB-1079,2025-12-08,44.5
CB-1079,2025-12-15,44.8
CB-1079,2025-12-22,44.7
CB-1080,2024-01-01,43.0
CB-1080,2024-01-08,50.5
CB-1080,2024-01-15,51.7
CB-1080,2024-01-22,52.5
CB-1080,2024-01-29,54.8
CB-1080,2024-02-05,55.5
CB-1080,2024-02-12,56.8
CB-1080,2024-02-19,57.2
CB-1080,2024-02-26,59.8
CB-1080,2024-03-04,57.8
CB-1080,2024-03-11,56.5
CB-1080,2024-03-18,56.5
CB-1080,2024-03-25,57.2
CB-1080,2024-04-01,59.8
CB-1080,2024-04-08,63.2
CB-1080,2024-04-15,63.5
CB-1080,2024-04-22,63.5
CB-1080,2024-04-29,63.0
CB-1080,2024-05-06,60.0
CB-1080,2024-05-13,60.8
CB-1080,2024-05-20,59.0
CB-1080,2024-05-27,57.2
CB-1080,2024-06-03,57.2
CB-1080,2024-06-10,55.5
CB-1080,2024-06-17,54.2
CB-1080,2024-06-24,53.2
CB-1080,2024-07-01,50.5
CB-1080,2024-07-08,49.2
CB-1080,2024-07-15,47.0
CB-1080,2024-07-22,45.0
CB-1080,2024-07-29,44.8
CB-1080,2024-08-05,44.0
CB-1080,2024-08-12,43.8
CB-1080,2024-08-19,43.2
CB-1080,2024-08-26,42.0
CB-1080,2024-09-02,41.2
CB-1080,2024-09-09,38.8
CB-1080,2024-09-16,39.5
CB-1080,2024-09-23,38.2
CB-1080,2024-09-30,36.5
CB-1080,2024-10-07,38.0
CB-1080,2024-10-14,39.2
CB-1080,2024-10-21,42.8
CB-1080,2024-10-28,45.0
CB-1080,2024-11-04,46.5
CB-1080,2024-11-11,44.2
CB-1080,2024-11-18,44.0
CB-1080,2024-11-25,44.2
CB-1080,2024-12-02,44.8
CB-1080,2024-12-09,48.0
CB-1080,2024-12-16,49.0
CB-1080,2024-12-23,52.2
CB-1080,2024-12-30,52.5
CB-1080,2025-01-06,54.2
CB-1080,2025-01-13,55.5
CB-1080,2025-01-20,55.8
CB-1080,2025-01-27,60.0
CB-1080,2025-02-03,60.0
CB-1080,2025-02-10,62.8
CB-1080,2025-02-17,64.2
CB-1080,2025-02-24,64.2
CB-1080,2025-03-03,66.2
CB-1080,2025-03-10,66.8
CB-1080,2025-03-17,66.8
CB-1080,2025-03-24,68.2
CB-1080,2025-03-31,68.8
CB-1080,2025-04-07,68.2
CB-1080,2025-04-14,71.5
CB-1080,2025-04-21,71.8
CB-1080,2025-04-28,71.2
CB-1080,2025-05-05,71.8
CB-1080,2025-05-12,67.2
CB-1080,2025-05-19,65.0
CB-1080,2025-05-26,64.0
CB-1080,2025-06-02,61.0
CB-1080,2025-06-09,61.5
CB-1080,2025-06-16,60.0
CB-1080,2025-06-23,58.2
CB-1080,2025-06-30,57.5
CB-1080,2025-07-07,58.8
CB-1080,2025-07-14,57.0
CB-1080,2025-07-21,53.8
CB-1080,2025-07-28,51.2
CB-1080,2025-08-04,47.2
CB-1080,2025-08-11,48.0
CB-1080,2025-08-18,48.2
CB-1080,2025-08-25,50.0
CB-1080,2025-09-01,49.0
CB-1080,2025-09-08,46.8
CB-1080,2025-09-15,46.8
CB-1080,2025-09-22,45.2
CB-1080,2025-09-29,45.2
CB-1080,2025-10-06,46.0
CB-1080,2025-10-13,46.0
CB-1080,2025-10-20,46.2
CB-1080,2025-10-27,48.0
CB-1080,2025-11-03,48.8
CB-1080,2025-11-10,51.2
CB-1080,2025-11-17,53.2
CB-1080,2025-11-24,53.2
CB-1080,2025-12-01,54.8
CB-1080,2025-12-08,56.8
CB-1080,2025-12-15,59.0
CB-1080,2025-12-22,60.3
CB-1081,2024-01-01,0.0
CB-1081,2024-01-08,0.0
CB-1081,2024-01-15,0.0
CB-1081,2024-01-22,0.0
CB-1081,2024-01-29,0.0
CB-1081,2024-02-05,0.0
CB-1081,2024-02-12,0.0
CB-1081,2024-02-19,0.0
CB-1081,2024-02-26,7.2
CB-1081,2024-03-04,9.5
CB-1081,2024-03-11,9.5
CB-1081,2024-03-18,9.5
CB-1081,2024-03-25,13.5
CB-1081,2024-04-01,11.2
CB-1081,2024-04-08,11.2
CB-1081,2024-04-15,11.2
CB-1081,2024-04-22,0.0
CB-1081,2024-04-29,0.0
CB-1081,2024-05-06,0.0
CB-1081,2024-05-13,0.0
CB-1081,2024-05-20,0.0
CB-1081,2024-05-27,0.0
CB-1081,2024-06-03,0.0
CB-1081,2024-06-10,0.0
CB-1081,2024-06-17,0.0
CB-1081,2024-06-24,0.0
CB-1081,2024-07-01,9.0
CB-1081,2024-07-08,9.0
CB-1081,2024-07-15,9.0
CB-1081,2024-07-22,9.0
CB-1081,2024-07-29,0.0
CB-1081,2024-08-05,13.5
CB-1081,2024-08-12,26.5
CB-1081,2024-08-19,26.5
CB-1081,2024-08-26,26.5
CB-1081,2024-09-02,13.0
CB-1081,2024-09-09,0.0
CB-1081,2024-09-16,0.0
CB-1081,2024-09-23,0.0
CB-1081,2024-09-30,0.0
CB-1081,2024-10-07,10.5
CB-1081,2024-10-14,10.5
CB-1081,2024-10-21,10.5
CB-1081,2024-10-28,10.5
CB-1081,2024-11-04,14.0
CB-1081,2024-11-11,14.0
CB-1081,2024-11-18,14.0
CB-1081,2024-11-25,14.0
CB-1081,2024-12-02,0.0
CB-1081,2024-12-09,0.0
CB-1081,2024-12-16,11.5
CB-1081,2024-12-23,11.5
CB-1081,2024-12-30,11.5
CB-1081,2025-01-06,11.5
CB-1081,2025-01-13,0.0
CB-1081,2025-01-20,0.0
CB-1081,2025-01-27,0.0
CB-1081,2025-02-03,0.0
CB-1081,2025-02-10,0.0
CB-1081,2025-02-17,0.0
CB-1081,2025-02-24,9.2
CB-1081,2025-03-03,9.2
CB-1081,2025-03-10,9.2
CB-1081,2025-03-17,9.2
CB-1081,2025-03-24,0.0
CB-1081,2025-03-31,14.5
CB-1081,2025-04-07,14.5
CB-1081,2025-04-14,15.8
CB-1081,2025-04-21,15.8
CB-1081,2025-04-28,1.2
CB-1081,2025-05-05,4.5
CB-1081,2025-05-12,3.2
CB-1081,2025-05-19,14.5
CB-1081,2025-05-26,23.2
CB-1081,2025-06-02,20.0
CB-1081,2025-06-09,20.0
CB-1081,2025-06-16,8.8
CB-1081,2025-06-23,4.2
CB-1081,2025-06-30,7.0
CB-1081,2025-07-07,7.0
CB-1081,2025-07-14,7.0
CB-1081,2025-07-21,2.8
CB-1081,2025-07-28,11.8
CB-1081,2025-08-04,11.8
CB-1081,2025-08-11,11.8
CB-1081,2025-08-18,11.8
CB-1081,2025-08-25,0.0
CB-1081,2025-09-01,0.0
CB-1081,2025-09-08,0.0
CB-1081,2025-09-15,0.0
CB-1081,2025-09-22,8.0
CB-1081,2025-09-29,8.0
CB-1081,2025-10-06,21.0
CB-1081,2025-10-13,32.2
CB-1081,2025-10-20,24.2
CB-1081,2025-10-27,24.2
CB-1081,2025-11-03,11.2
CB-1081,2025-11-10,0.0
CB-1081,2025-11-17,0.0
CB-1081,2025-11-24,0.0
CB-1081,2025-12-01,0.0
CB-1081,2025-12-08,0.0
CB-1081,2025-12-15,0.0
CB-1081,2025-12-22,0.0
CB-1082,2024-01-01,74.0
CB-1082,2024-01-08,71.0
CB-1082,2024-01-15,76.3
CB-1082,2024-01-22,76.5
CB-1082,2024-01-29,77.5
CB-1082,2024-02-05,76.5
CB-1082,2024-02-12,77.0
CB-1082,2024-02-19,79.5
CB-1082,2024-02-26,82.0
CB-1082,2024-03-04,87.5
CB-1082,2024-03-11,86.5
CB-1082,2024-03-18,86.8
CB-1082,2024-03-25,88.2
CB-1082,2024-04-01,90.5
CB-1082,2024-04-08,91.5
CB-1082,2024-04-15,93.8
CB-1082,2024-04-22,92.5
CB-1082,2024-04-29,90.0
CB-1082,2024-05-06,90.0
CB-1082,2024-05-13,85.0
CB-1082,2024-05-20,84.2
CB-1082,2024-05-27,81.0
CB-1082,2024-06-03,77.2
CB-1082,2024-06-10,74.5
CB-1082,2024-06-17,72.0
CB-1082,2024-06-24,75.0
CB-1082,2024-07-01,74.5
CB-1082,2024-07-08,76.5
CB-1082,2024-07-15,77.8
CB-1082,2024-07-22,74.0
CB-1082,2024-07-29,71.2
CB-1082,2024-08-05,67.8
CB-1082,2024-08-12,63.0
CB-1082,2024-08-19,60.0
CB-1082,2024-08-26,59.0
CB-1082,2024-09-02,59.8
CB-1082,2024-09-09,60.0
CB-1082,2024-09-16,58.2
CB-1082,2024-09-23,57.5
CB-1082,2024-09-30,55.8
CB-1082,2024-10-07,55.2
CB-1082,2024-10-14,59.0
CB-1082,2024-10-21,64.0
CB-1082,2024-10-28,65.0
CB-1082,2024-11-04,65.0
CB-1082,2024-11-11,65.8
CB-1082,2024-11-18,63.2
CB-1082,2024-11-25,65.5
CB-1082,2024-12-02,67.5
CB-1082,2024-12-09,65.2
CB-1082,2024-12-16,68.5
CB-1082,2024-12-23,70.8
CB-1082,2024-12-30,76.0
CB-1082,2025-01-06,82.2
CB-1082,2025-01-13,82.5
CB-1082,2025-01-20,84.8
CB-1082,2025-01-27,81.2
CB-1082,2025-02-03,81.5
CB-1082,2025-02-10,87.0
CB-1082,2025-02-17,89.0
CB-1082,2025-02-24,96.5
CB-1082,2025-03-03,96.2
CB-1082,2025-03-10,96.0
CB-1082,2025-03-17,96.8
CB-1082,2025-03-24,97.8
CB-1082,2025-03-31,103.5
CB-1082,2025-04-07,105.5
CB-1082,2025-04-14,109.5
CB-1082,2025-04-21,106.2
CB-1082,2025-04-28,107.0
CB-1082,2025-05-05,102.8
CB-1082,2025-05-12,96.2
CB-1082,2025-05-19,97.0
CB-1082,2025-05-26,90.0
CB-1082,2025-06-02,91.2
CB-1082,2025-06-09,91.5
CB-1082,2025-06-16,90.0
CB-1082,2025-06-23,90.2
CB-1082,2025-06-30,87.0
CB-1082,2025-07-07,85.2
CB-1082,2025-07-14,80.0
CB-1082,2025-07-21,76.8
CB-1082,2025-07-28,75.0
CB-1082,2025-08-04,72.2
CB-1082,2025-08-11,70.8
CB-1082,2025-08-18,70.0
CB-1082,2025-08-25,70.0
CB-1082,2025-09-01,68.0
CB-1082,2025-09-08,66.8
CB-1082,2025-09-15,64.0
CB-1082,2025-09-22,61.2
CB-1082,2025-09-29,62.5
CB-1082,2025-10-06,64.5
CB-1082,2025-10-13,67.2
CB-1082,2025-10-20,69.5
CB-1082,2025-10-27,70.8
CB-1082,2025-11-03,72.5
CB-1082,2025-11-10,75.5
CB-1082,2025-11-17,78.5
CB-1082,2025-11-24,79.2
CB-1082,2025-12-01,78.0
CB-1082,2025-12-08,80.0
CB-1082,2025-12-15,81.5
CB-1082,2025-12-22,83.3
CB-1083,2024-01-01,95.0
CB-1083,2024-01-08,95.0
CB-1083,2024-01-15,91.7
CB-1083,2024-01-22,94.0
CB-1083,2024-01-29,94.5
CB-1083,2024-02-05,97.0
CB-1083,2024-02-12,102.2
CB-1083,2024-02-19,105.0
CB-1083,2024-02-26,108.0
CB-1083,2024-03-04,111.5
CB-1083,2024-03-11,106.8
CB-1083,2024-03-18,107.2
CB-1083,2024-03-25,111.0
CB-1083,2024-04-01,113.8
CB-1083,2024-04-08,122.0
CB-1083,2024-04-15,125.5
CB-1083,2024-04-22,122.8
CB-1083,2024-04-29,117.8
CB-1083,2024-05-06,116.2
CB-1083,2024-05-13,111.0
CB-1083,2024-05-20,107.5
CB-1083,2024-05-27,104.8
CB-1083,2024-06-03,99.2
CB-1083,2024-06-10,98.2
CB-1083,2024-06-17,97.5
CB-1083,2024-06-24,95.5
CB-1083,2024-07-01,94.2
CB-1083,2024-07-08,91.5
CB-1083,2024-07-15,90.2
CB-1083,2024-07-22,86.5
CB-1083,2024-07-29,83.0
CB-1083,2024-08-05,81.2
CB-1083,2024-08-12,75.8
CB-1083,2024-08-19,76.5
CB-1083,2024-08-26,79.2
CB-1083,2024-09-02,78.8
CB-1083,2024-09-09,80.8
CB-1083,2024-09-16,80.0
CB-1083,2024-09-23,80.2
CB-1083,2024-09-30,74.2
CB-1083,2024-10-07,72.5
CB-1083,2024-10-14,73.2
CB-1083,2024-10-21,70.2
CB-1083,2024-10-28,76.8
CB-1083,2024-11-04,79.0
CB-1083,2024-11-11,79.8
CB-1083,2024-11-18,82.0
CB-1083,2024-11-25,81.5
CB-1083,2024-12-02,83.2
CB-1083,2024-12-09,86.5
CB-1083,2024-12-16,88.5
CB-1083,2024-12-23,94.5
CB-1083,2024-12-30,100.0
CB-1083,2025-01-06,105.0
CB-1083,2025-01-13,107.2
CB-1083,2025-01-20,104.5
CB-1083,2025-01-27,106.0
CB-1083,2025-02-03,113.2
CB-1083,2025-02-10,121.2
CB-1083,2025-02-17,126.2
CB-1083,2025-02-24,129.5
CB-1083,2025-03-03,126.5
CB-1083,2025-03-10,121.8
CB-1083,2025-03-17,128.0
CB-1083,2025-03-24,127.8
CB-1083,2025-03-31,126.2
CB-1083,2025-04-07,130.0
CB-1083,2025-04-14,129.2
CB-1083,2025-04-21,127.2
CB-1083,2025-04-28,122.5
CB-1083,2025-05-05,122.2
CB-1083,2025-05-12,113.0
CB-1083,2025-05-19,112.2
CB-1083,2025-05-26,117.2
CB-1083,2025-06-02,115.2
CB-1083,2025-06-09,120.0
CB-1083,2025-06-16,119.5
CB-1083,2025-06-23,119.0
CB-1083,2025-06-30,113.8
CB-1083,2025-07-07,109.2
CB-1083,2025-07-14,104.2
CB-1083,2025-07-21,98.0
CB-1083,2025-07-28,96.2
CB-1083,2025-08-04,96.0
CB-1083,2025-08-11,93.5
CB-1083,2025-08-18,92.0
CB-1083,2025-08-25,91.2
CB-1083,2025-09-01,86.5
CB-1083,2025-09-08,87.0
CB-1083,2025-09-15,84.0
CB-1083,2025-09-22,83.0
CB-1083,2025-09-29,82.5
CB-1083,2025-10-06,80.5
CB-1083,2025-10-13,80.2
CB-1083,2025-10-20,77.8
CB-1083,2025-10-27,80.8
CB-1083,2025-11-03,81.5
CB-1083,2025-11-10,83.5
CB-1083,2025-11-17,90.0
CB-1083,2025-11-24,92.8
CB-1083,2025-12-01,94.2
CB-1083,2025-12-08,97.8
CB-1083,2025-12-15,100.8
CB-1083,2025-12-22,100.0
CB-1084,2024-01-01,103.0
CB-1084,2024-01-08,119.5
CB-1084,2024-01-15,121.3
CB-1084,2024-01-22,120.0
CB-1084,2024-01-29,128.2
CB-1084,2024-02-05,133.0
CB-1084,2024-02-12,134.2
CB-1084,2024-02-19,149.0
CB-1084,2024-02-26,149.8
CB-1084,2024-03-04,149.0
CB-1084,2024-03-11,151.0
CB-1084,2024-03-18,145.8
CB-1084,2024-03-25,149.2
CB-1084,2024-04-01,145.2
CB-1084,2024-04-08,158.0
CB-1084,2024-04-15,156.2
CB-1084,2024-04-22,154.5
CB-1084,2024-04-29,161.0
CB-1084,2024-05-06,156.2
CB-1084,2024-05-13,159.5
CB-1084,2024-05-20,155.5
CB-1084,2024-05-27,150.8
CB-1084,2024-06-03,137.5
CB-1084,2024-06-10,133.5
CB-1084,2024-06-17,129.5
CB-1084,2024-06-24,123.5
CB-1084,2024-07-01,125.2
CB-1084,2024-07-08,120.5
CB-1084,2024-07-15,120.5
CB-1084,2024-07-22,122.5
CB-1084,2024-07-29,120.8
CB-1084,2024-08-05,117.8
CB-1084,2024-08-12,113.0
CB-1084,2024-08-19,110.5
CB-1084,2024-08-26,105.0
CB-1084,2024-09-02,105.2
CB-1084,2024-09-09,110.2
CB-1084,2024-09-16,106.5
CB-1084,2024-09-23,109.5
CB-1084,2024-09-30,99.5
CB-1084,2024-10-07,95.2
CB-1084,2024-10-14,97.2
CB-1084,2024-10-21,98.2
CB-1084,2024-10-28,103.5
CB-1084,2024-11-04,105.5
CB-1084,2024-11-11,100.2
CB-1084,2024-11-18,102.0
CB-1084,2024-11-25,103.5
CB-1084,2024-12-02,110.2
CB-1084,2024-12-09,122.5
CB-1084,2024-12-16,124.5
CB-1084,2024-12-23,134.5
CB-1084,2024-12-30,135.5
CB-1084,2025-01-06,137.8
CB-1084,2025-01-13,139.8
CB-1084,2025-01-20,144.5
CB-1084,2025-01-27,144.2
CB-1084,2025-02-03,141.5
CB-1084,2025-02-10,148.2
CB-1084,2025-02-17,149.0
CB-1084,2025-02-24,158.0
CB-1084,2025-03-03,164.5
CB-1084,2025-03-10,173.8
CB-1084,2025-03-17,176.8
CB-1084,2025-03-24,178.0
CB-1084,2025-03-31,181.8
CB-1084,2025-04-07,179.0
CB-1084,2025-04-14,180.5
CB-1084,2025-04-21,180.5
CB-1084,2025-04-28,181.0
CB-1084,2025-05-05,170.0
CB-1084,2025-05-12,160.0
CB-1084,2025-05-19,155.8
CB-1084,2025-05-26,150.0
CB-1084,2025-06-02,154.8
CB-1084,2025-06-09,157.2
CB-1084,2025-06-16,155.8
CB-1084,2025-06-23,149.0
CB-1084,2025-06-30,143.2
CB-1084,2025-07-07,135.5
CB-1084,2025-07-14,130.8
CB-1084,2025-07-21,125.5
CB-1084,2025-07-28,122.5
CB-1084,2025-08-04,119.0
CB-1084,2025-08-11,113.8
CB-1084,2025-08-18,117.8
CB-1084,2025-08-25,114.8
CB-1084,2025-09-01,112.5
CB-1084,2025-09-08,110.2
CB-1084,2025-09-15,103.5
CB-1084,2025-09-22,98.5
CB-1084,2025-09-29,102.2
CB-1084,2025-10-06,105.2
CB-1084,2025-10-13,110.2
CB-1084,2025-10-20,116.8
CB-1084,2025-10-27,118.2
CB-1084,2025-11-03,118.5
CB-1084,2025-11-10,117.8
CB-1084,2025-11-17,118.2
CB-1084,2025-11-24,118.2
CB-1084,2025-12-01,120.5
CB-1084,2025-12-08,127.5
CB-1084,2025-12-15,132.8
CB-1084,2025-12-22,137.7
CB-1085,2024-01-01,41.0
CB-1085,2024-01-08,56.5
CB-1085,2024-01-15,62.7
CB-1085,2024-01-22,75.5
CB-1085,2024-01-29,84.2
CB-1085,2024-02-05,87.8
CB-1085,2024-02-12,89.0
CB-1085,2024-02-19,72.8
CB-1085,2024-02-26,72.5
CB-1085,2024-03-04,72.5
CB-1085,2024-03-11,78.2
CB-1085,2024-03-18,96.0
CB-1085,2024-03-25,100.5
CB-1085,2024-04-01,102.0
CB-1085,2024-04-08,86.2
CB-1085,2024-04-15,86.0
CB-1085,2024-04-22,81.5
CB-1085,2024-04-29,89.5
CB-1085,2024-05-06,115.0
CB-1085,2024-05-13,107.8
CB-1085,2024-05-20,104.0
CB-1085,2024-05-27,96.0
CB-1085,2024-06-03,85.8
CB-1085,2024-06-10,82.8
CB-1085,2024-06-17,85.0
CB-1085,2024-06-24,87.0
CB-1085,2024-07-01,85.5
CB-1085,2024-07-08,83.2
CB-1085,2024-07-15,74.0
CB-1085,2024-07-22,70.5
CB-1085,2024-07-29,60.0
CB-1085,2024-08-05,61.8
CB-1085,2024-08-12,72.0
CB-1085,2024-08-19,56.2
CB-1085,2024-08-26,60.0
CB-1085,2024-09-02,60.2
CB-1085,2024-09-09,61.8
CB-1085,2024-09-16,72.8
CB-1085,2024-09-23,60.8
CB-1085,2024-09-30,65.0
CB-1085,2024-10-07,64.0
CB-1085,2024-10-14,56.8
CB-1085,2024-10-21,64.0
CB-1085,2024-10-28,59.2
CB-1085,2024-11-04,62.5
CB-1085,2024-11-11,68.0
CB-1085,2024-11-18,80.0
CB-1085,2024-11-25,68.5
CB-1085,2024-12-02,59.2
CB-1085,2024-12-09,50.0
CB-1085,2024-12-16,40.5
CB-1085,2024-12-23,67.0
CB-1085,2024-12-30,93.5
CB-1085,2025-01-06,113.2
CB-1085,2025-01-13,117.2
CB-1085,2025-01-20,106.5
CB-1085,2025-01-27,97.0
CB-1085,2025-02-03,83.2
CB-1085,2025-02-10,85.8
CB-1085,2025-02-17,103.5
CB-1085,2025-02-24,91.2
CB-1085,2025-03-03,100.0
CB-1085,2025-03-10,107.0
CB-1085,2025-03-17,97.5
CB-1085,2025-03-24,102.2
CB-1085,2025-03-31,111.0
CB-1085,2025-04-07,117.2
CB-1085,2025-04-14,133.8
CB-1085,2025-04-21,138.2
CB-1085,2025-04-28,136.2
CB-1085,2025-05-05,143.8
CB-1085,2025-05-12,117.8
CB-1085,2025-05-19,105.2
CB-1085,2025-05-26,106.2
CB-1085,2025-06-02,99.0
CB-1085,2025-06-09,105.0
CB-1085,2025-06-16,114.0
CB-1085,2025-06-23,97.2
CB-1085,2025-06-30,84.8
CB-1085,2025-07-07,88.5
CB-1085,2025-07-14,77.5
CB-1085,2025-07-21,85.0
CB-1085,2025-07-28,80.2
CB-1085,2025-08-04,63.8
CB-1085,2025-08-11,72.5
CB-1085,2025-08-18,75.2
CB-1085,2025-08-25,79.0
CB-1085,2025-09-01,76.0
CB-1085,2025-09-08,62.8
CB-1085,2025-09-15,60.8
CB-1085,2025-09-22,54.2
CB-1085,2025-09-29,72.0
CB-1085,2025-10-06,94.5
CB-1085,2025-10-13,106.2
CB-1085,2025-10-20,104.2
CB-1085,2025-10-27,97.5
CB-1085,2025-11-03,93.0
CB-1085,2025-11-10,87.2
CB-1085,2025-11-17,92.8
CB-1085,2025-11-24,101.0
CB-1085,2025-12-01,97.5
CB-1085,2025-12-08,96.0
CB-1085,2025-12-15,88.8
CB-1085,2025-12-22,76.7
CB-1086,2024-01-01,0.0
CB-1086,2024-01-08,16.5
CB-1086,2024-01-15,29.0
CB-1086,2024-01-22,26.0
CB-1086,2024-01-29,26.0
CB-1086,2024-02-05,29.0
CB-1086,2024-02-12,25.8
CB-1086,2024-02-19,21.5
CB-1086,2024-02-26,21.5
CB-1086,2024-03-04,12.2
CB-1086,2024-03-11,4.5
CB-1086,2024-03-18,4.5
CB-1086,2024-03-25,4.5
CB-1086,2024-04-01,6.8
CB-1086,2024-04-08,4.2
CB-1086,2024-04-15,9.8
CB-1086,2024-04-22,9.8
CB-1086,2024-04-29,19.5
CB-1086,2024-05-06,30.2
CB-1086,2024-05-13,24.8
CB-1086,2024-05-20,24.8
CB-1086,2024-05-27,10.8
CB-1086,2024-06-03,0.0
CB-1086,2024-06-10,0.0
CB-1086,2024-06-17,0.0
CB-1086,2024-06-24,0.0
CB-1086,2024-07-01,0.0
CB-1086,2024-07-08,0.0
CB-1086,2024-07-15,4.8
CB-1086,2024-07-22,4.8
CB-1086,2024-07-29,11.8
CB-1086,2024-08-05,20.8
CB-1086,2024-08-12,16.0
CB-1086,2024-08-19,16.0
CB-1086,2024-08-26,9.0
CB-1086,2024-09-02,2.0
CB-1086,2024-09-09,2.0
CB-1086,2024-09-16,2.0
CB-1086,2024-09-23,2.0
CB-1086,2024-09-30,0.0
CB-1086,2024-10-07,0.0
CB-1086,2024-10-14,0.0
CB-1086,2024-10-21,0.0
CB-1086,2024-10-28,0.0
CB-1086,2024-11-04,2.0
CB-1086,2024-11-11,2.0
CB-1086,2024-11-18,2.0
CB-1086,2024-11-25,2.0
CB-1086,2024-12-02,0.0
CB-1086,2024-12-09,12.0
CB-1086,2024-12-16,24.5
CB-1086,2024-12-23,30.8
CB-1086,2024-12-30,30.8
CB-1086,2025-01-06,20.0
CB-1086,2025-01-13,13.5
CB-1086,2025-01-20,19.2
CB-1086,2025-01-27,25.8
CB-1086,2025-02-03,38.5
CB-1086,2025-02-10,32.5
CB-1086,2025-02-17,20.5
CB-1086,2025-02-24,14.0
CB-1086,2025-03-03,10.8
CB-1086,2025-03-10,24.2
CB-1086,2025-03-17,24.2
CB-1086,2025-03-24,24.2
CB-1086,2025-03-31,13.5
CB-1086,2025-04-07,0.0
CB-1086,2025-04-14,0.0
CB-1086,2025-04-21,4.5
CB-1086,2025-04-28,11.5
CB-1086,2025-05-05,11.5
CB-1086,2025-05-12,23.5
CB-1086,2025-05-19,29.8
CB-1086,2025-05-26,22.8
CB-1086,2025-06-02,22.8
CB-1086,2025-06-09,10.8
CB-1086,2025-06-16,3.0
CB-1086,2025-06-23,3.0
CB-1086,2025-06-30,3.0
CB-1086,2025-07-07,17.8
CB-1086,2025-07-14,14.8
CB-1086,2025-07-21,14.8
CB-1086,2025-07-28,14.8
CB-1086,2025-08-04,0.0
CB-1086,2025-08-11,3.8
CB-1086,2025-08-18,3.8
CB-1086,2025-08-25,3.8
CB-1086,2025-09-01,3.8
CB-1086,2025-09-08,5.5
CB-1086,2025-09-15,5.5
CB-1086,2025-09-22,5.5
CB-1086,2025-09-29,5.5
CB-1086,2025-10-06,10.5
CB-1086,2025-10-13,10.5
CB-1086,2025-10-20,10.5
CB-1086,2025-10-27,10.5
CB-1086,2025-11-03,0.0
CB-1086,2025-11-10,9.2
CB-1086,2025-11-17,9.2
CB-1086,2025-11-24,9.2
CB-1086,2025-12-01,9.2
CB-1086,2025-12-08,0.0
CB-1086,2025-12-15,0.0
CB-1086,2025-12-22,0.0
CB-1087,2024-01-01,72.0
CB-1087,2024-01-08,49.0
CB-1087,2024-01-15,46.3
CB-1087,2024-01-22,36.8
CB-1087,2024-01-29,47.5
CB-1087,2024-02-05,69.2
CB-1087,2024-02-12,80.2
CB-1087,2024-02-19,98.2
CB-1087,2024-02-26,78.2
CB-1087,2024-03-04,68.2
CB-1087,2024-03-11,79.2
CB-1087,2024-03-18,80.2
CB-1087,2024-03-25,87.5
CB-1087,2024-04-01,77.0
CB-1087,2024-04-08,74.5
CB-1087,2024-04-15,73.0
CB-1087,2024-04-22,64.5
CB-1087,2024-04-29,70.0
CB-1087,2024-05-06,51.0
CB-1087,2024-05-13,49.8
CB-1087,2024-05-20,62.2
CB-1087,2024-05-27,64.0
CB-1087,2024-06-03,76.0
CB-1087,2024-06-10,75.8
CB-1087,2024-06-17,79.0
CB-1087,2024-06-24,78.5
CB-1087,2024-07-01,89.0
CB-1087,2024-07-08,83.5
CB-1087,2024-07-15,70.8
CB-1087,2024-07-22,65.8
CB-1087,2024-07-29,45.8
CB-1087,2024-08-05,38.8
CB-1087,2024-08-12,43.2
CB-1087,2024-08-19,38.2
CB-1087,2024-08-26,39.0
CB-1087,2024-09-02,40.2
CB-1087,2024-09-09,36.5
CB-1087,2024-09-16,47.5
CB-1087,2024-09-23,56.5
CB-1087,2024-09-30,57.8
CB-1087,2024-10-07,58.8
CB-1087,2024-10-14,53.0
CB-1087,2024-10-21,39.2
CB-1087,2024-10-28,41.5
CB-1087,2024-11-04,47.2
CB-1087,2024-11-11,49.5
CB-1087,2024-11-18,67.0
CB-1087,2024-11-25,74.5
CB-1087,2024-12-02,66.8
CB-1087,2024-12-09,69.0
CB-1087,2024-12-16,54.5
CB-1087,2024-12-23,59.2
CB-1087,2024-12-30,56.8
CB-1087,2025-01-06,52.5
CB-1087,2025-01-13,55.5
CB-1087,2025-01-20,57.5
CB-1087,2025-01-27,78.8
CB-1087,2025-02-03,99.5
CB-1087,2025-02-10,109.2
CB-1087,2025-02-17,105.8
CB-1087,2025-02-24,104.8
CB-1087,2025-03-03,87.2
CB-1087,2025-03-10,70.2
CB-1087,2025-03-17,75.2
CB-1087,2025-03-24,62.0
CB-1087,2025-03-31,70.8
CB-1087,2025-04-07,86.2
CB-1087,2025-04-14,84.8
CB-1087,2025-04-21,99.5
CB-1087,2025-04-28,106.0
CB-1087,2025-05-05,105.8
CB-1087,2025-05-12,99.2
CB-1087,2025-05-19,91.5
CB-1087,2025-05-26,79.2
CB-1087,2025-06-02,74.8
CB-1087,2025-06-09,94.2
CB-1087,2025-06-16,92.8
CB-1087,2025-06-23,98.0
CB-1087,2025-06-30,92.8
CB-1087,2025-07-07,79.0
CB-1087,2025-07-14,80.2
CB-1087,2025-07-21,79.8
CB-1087,2025-07-28,83.5
CB-1087,2025-08-04,81.2
CB-1087,2025-08-11,82.0
CB-1087,2025-08-18,77.5
CB-1087,2025-08-25,74.5
CB-1087,2025-09-01,72.0
CB-1087,2025-09-08,59.5
CB-1087,2025-09-15,53.8
CB-1087,2025-09-22,53.5
CB-1087,2025-09-29,40.0
CB-1087,2025-10-06,49.0
CB-1087,2025-10-13,48.0
CB-1087,2025-10-20,46.5
CB-1087,2025-10-27,55.2
CB-1087,2025-11-03,52.5
CB-1087,2025-11-10,57.0
CB-1087,2025-11-17,60.8
CB-1087,2025-11-24,63.2
CB-1087,2025-12-01,62.2
CB-1087,2025-12-08,61.5
CB-1087,2025-12-15,71.5
CB-1087,2025-12-22,73.0
CB-1088,2024-01-01,0.0
CB-1088,2024-01-08,0.0
CB-1088,2024-01-15,0.0
CB-1088,2024-01-22,0.0
CB-1088,2024-01-29,0.0
CB-1088,2024-02-05,0.0
CB-1088,2024-02-12,12.0
CB-1088,2024-02-19,12.0
CB-1088,2024-02-26,12.0
CB-1088,2024-03-04,21.8
CB-1088,2024-03-11,9.8
CB-1088,2024-03-18,9.8
CB-1088,2024-03-25,9.8
CB-1088,2024-04-01,0.0
CB-1088,2024-04-08,0.0
CB-1088,2024-04-15,0.0
CB-1088,2024-04-22,0.0
CB-1088,2024-04-29,0.0
CB-1088,2024-05-06,0.0
CB-1088,2024-05-13,0.0
CB-1088,2024-05-20,0.0
CB-1088,2024-05-27,0.0
CB-1088,2024-06-03,0.0
CB-1088,2024-06-10,13.0
CB-1088,2024-06-17,15.0
CB-1088,2024-06-24,15.0
CB-1088,2024-07-01,15.0
CB-1088,2024-07-08,2.0
CB-1088,2024-07-15,0.0
CB-1088,2024-07-22,0.0
CB-1088,2024-07-29,0.0
CB-1088,2024-08-05,0.0
CB-1088,2024-08-12,0.0
CB-1088,2024-08-19,0.0
CB-1088,2024-08-26,0.0
CB-1088,2024-09-02,0.0
CB-1088,2024-09-09,0.0
CB-1088,2024-09-16,0.0
CB-1088,2024-09-23,11.0
CB-1088,2024-09-30,11.0
CB-1088,2024-10-07,11.0
CB-1088,2024-10-14,11.0
CB-1088,2024-10-21,0.0
CB-1088,2024-10-28,0.0
CB-1088,2024-11-04,0.0
CB-1088,2024-11-11,0.0
CB-1088,2024-11-18,0.0
CB-1088,2024-11-25,0.0
CB-1088,2024-12-02,0.0
CB-1088,2024-12-09,0.0
CB-1088,2024-12-16,8.0
CB-1088,2024-12-23,8.0
CB-1088,2024-12-30,8.0
CB-1088,2025-01-06,8.0
CB-1088,2025-01-13,0.0
CB-1088,2025-01-20,12.2
CB-1088,2025-01-27,12.2
CB-1088,2025-02-03,12.2
CB-1088,2025-02-10,12.2
CB-1088,2025-02-17,2.2
CB-1088,2025-02-24,2.2
CB-1088,2025-03-03,2.2
CB-1088,2025-03-10,2.2
CB-1088,2025-03-17,0.0
CB-1088,2025-03-24,0.0
CB-1088,2025-03-31,0.0
CB-1088,2025-04-07,0.0
CB-1088,2025-04-14,0.0
CB-1088,2025-04-21,0.0
CB-1088,2025-04-28,0.0
CB-1088,2025-05-05,0.0
CB-1088,2025-05-12,0.0
CB-1088,2025-05-19,0.0
CB-1088,2025-05-26,3.5
CB-1088,2025-06-02,3.5
CB-1088,2025-06-09,3.5
CB-1088,2025-06-16,3.5
CB-1088,2025-06-23,0.0
CB-1088,2025-06-30,1.5
CB-1088,2025-07-07,1.5
CB-1088,2025-07-14,1.5
CB-1088,2025-07-21,1.5
CB-1088,2025-07-28,0.0
CB-1088,2025-08-04,0.0
CB-1088,2025-08-11,0.0
CB-1088,2025-08-18,0.0
CB-1088,2025-08-25,10.2
CB-1088,2025-09-01,10.2
CB-1088,2025-09-08,10.2
CB-1088,2025-09-15,10.2
CB-1088,2025-09-22,0.0
CB-1088,2025-09-29,7.8
CB-1088,2025-10-06,7.8
CB-1088,2025-10-13,7.8
CB-1088,2025-10-20,7.8
CB-1088,2025-10-27,0.0
CB-1088,2025-11-03,8.2
CB-1088,2025-11-10,8.2
CB-1088,2025-11-17,14.2
CB-1088,2025-11-24,14.2
CB-1088,2025-12-01,6.0
CB-1088,2025-12-08,6.0
CB-1088,2025-12-15,0.0
CB-1088,2025-12-22,0.0
CB-1089,2024-01-01,82.0
CB-1089,2024-01-08,80.5
CB-1089,2024-01-15,81.7
CB-1089,2024-01-22,83.8
CB-1089,2024-01-29,88.0
CB-1089,2024-02-05,94.8
CB-1089,2024-02-12,95.8
CB-1089,2024-02-19,97.0
CB-1089,2024-02-26,97.0
CB-1089,2024-03-04,98.0
CB-1089,2024-03-11,101.0
CB-1089,2024-03-18,102.5
CB-1089,2024-03-25,101.0
CB-1089,2024-04-01,100.8
CB-1089,2024-04-08,101.8
CB-1089,2024-04-15,101.2
CB-1089,2024-04-22,103.5
CB-1089,2024-04-29,104.2
CB-1089,2024-05-06,101.5
CB-1089,2024-05-13,100.0
CB-1089,2024-05-20,101.5
CB-1089,2024-05-27,97.8
CB-1089,2024-06-03,99.2
CB-1089,2024-06-10,99.5
CB-1089,2024-06-17,94.8
CB-1089,2024-06-24,91.5
CB-1089,2024-07-01,89.2
CB-1089,2024-07-08,88.2
CB-1089,2024-07-15,87.8
CB-1089,2024-07-22,84.2
CB-1089,2024-07-29,82.5
CB-1089,2024-08-05,77.8
CB-1089,2024-08-12,72.8
CB-1089,2024-08-19,72.5
CB-1089,2024-08-26,70.2
CB-1089,2024-09-02,70.2
CB-1089,2024-09-09,70.0
CB-1089,2024-09-16,70.8
CB-1089,2024-09-23,69.2
CB-1089,2024-09-30,67.5
CB-1089,2024-10-07,67.0
CB-1089,2024-10-14,66.8
CB-1089,2024-10-21,67.2
CB-1089,2024-10-28,67.2
CB-1089,2024-11-04,71.0
CB-1089,2024-11-11,71.5
CB-1089,2024-11-18,76.0
CB-1089,2024-11-25,78.0
CB-1089,2024-12-02,78.8
CB-1089,2024-12-09,80.8
CB-1089,2024-12-16,79.2
CB-1089,2024-12-23,83.2
CB-1089,2024-12-30,90.0
CB-1089,2025-01-06,94.5
CB-1089,2025-01-13,97.8
CB-1089,2025-01-20,98.0
CB-1089,2025-01-27,93.8
CB-1089,2025-02-03,95.0
CB-1089,2025-02-10,97.5
CB-1089,2025-02-17,103.0
CB-1089,2025-02-24,103.5
CB-1089,2025-03-03,106.2
CB-1089,2025-03-10,111.8
CB-1089,2025-03-17,117.2
CB-1089,2025-03-24,118.8
CB-1089,2025-03-31,117.8
CB-1089,2025-04-07,113.5
CB-1089,2025-04-14,110.0
CB-1089,2025-04-21,111.2
CB-1089,2025-04-28,116.2
CB-1089,2025-05-05,117.2
CB-1089,2025-05-12,115.2
CB-1089,2025-05-19,120.0
CB-1089,2025-05-26,114.2
CB-1089,2025-06-02,113.0
CB-1089,2025-06-09,109.5
CB-1089,2025-06-16,100.8
CB-1089,2025-06-23,97.0
CB-1089,2025-06-30,97.5
CB-1089,2025-07-07,97.5
CB-1089,2025-07-14,98.0
CB-1089,2025-07-21,94.8
CB-1089,2025-07-28,89.8
CB-1089,2025-08-04,83.8
CB-1089,2025-08-11,78.5
CB-1089,2025-08-18,77.2
CB-1089,2025-08-25,76.8
CB-1089,2025-09-01,80.5
CB-1089,2025-09-08,81.2
CB-1089,2025-09-15,80.2
CB-1089,2025-09-22,74.2
CB-1089,2025-09-29,71.2
CB-1089,2025-10-06,72.2
CB-1089,2025-10-13,75.0
CB-1089,2025-10-20,79.8
CB-1089,2025-10-27,80.5
CB-1089,2025-11-03,82.8
CB-1089,2025-11-10,82.2
CB-1089,2025-11-17,84.0
CB-1089,2025-11-24,85.8
CB-1089,2025-12-01,88.2
CB-1089,2025-12-08,93.0
CB-1089,2025-12-15,95.2
CB-1089,2025-12-22,98.3
CB-1090,2024-01-01,0.0
CB-1090,2024-01-08,22.5
CB-1090,2024-01-15,15.0
CB-1090,2024-01-22,11.2
CB-1090,2024-01-29,17.0
CB-1090,2024-02-05,5.8
CB-1090,2024-02-12,5.8
CB-1090,2024-02-19,5.8
CB-1090,2024-02-26,0.0
CB-1090,2024-03-04,0.0
CB-1090,2024-03-11,11.0
CB-1090,2024-03-18,11.0
CB-1090,2024-03-25,11.0
CB-1090,2024-04-01,20.8
CB-1090,2024-04-08,9.8
CB-1090,2024-04-15,13.5
CB-1090,2024-04-22,17.5
CB-1090,2024-04-29,7.8
CB-1090,2024-05-06,7.8
CB-1090,2024-05-13,4.0
CB-1090,2024-05-20,0.0
CB-1090,2024-05-27,0.0
CB-1090,2024-06-03,0.0
CB-1090,2024-06-10,0.0
CB-1090,2024-06-17,7.2
CB-1090,2024-06-24,7.2
CB-1090,2024-07-01,7.2
CB-1090,2024-07-08,7.2
CB-1090,2024-07-15,0.0
CB-1090,2024-07-22,0.0
CB-1090,2024-07-29,0.0
CB-1090,2024-08-05,0.0
CB-1090,2024-08-12,0.0
CB-1090,2024-08-19,0.0
CB-1090,2024-08-26,0.0
CB-1090,2024-09-02,0.0
CB-1090,2024-09-09,0.0
CB-1090,2024-09-16,4.2
CB-1090,2024-09-23,4.2
CB-1090,2024-09-30,12.0
CB-1090,2024-10-07,12.0
CB-1090,2024-10-14,7.8
CB-1090,2024-10-21,7.8
CB-1090,2024-10-28,0.0
CB-1090,2024-11-04,0.0
CB-1090,2024-11-11,10.5
CB-1090,2024-11-18,19.5
CB-1090,2024-11-25,19.5
CB-1090,2024-12-02,19.5
CB-1090,2024-12-09,9.0
CB-1090,2024-12-16,0.0
CB-1090,2024-12-23,0.0
CB-1090,2024-12-30,0.0
CB-1090,2025-01-06,0.0
CB-1090,2025-01-13,9.8
CB-1090,2025-01-20,9.8
CB-1090,2025-01-27,9.8
CB-1090,2025-02-03,9.8
CB-1090,2025-02-10,9.0
CB-1090,2025-02-17,14.0
CB-1090,2025-02-24,17.5
CB-1090,2025-03-03,17.5
CB-1090,2025-03-10,8.5
CB-1090,2025-03-17,3.5
CB-1090,2025-03-24,0.0
CB-1090,2025-03-31,0.0
CB-1090,2025-04-07,0.0
CB-1090,2025-04-14,0.0
CB-1090,2025-04-21,11.0
CB-1090,2025-04-28,11.0
CB-1090,2025-05-05,11.0
CB-1090,2025-05-12,11.0
CB-1090,2025-05-19,0.0
CB-1090,2025-05-26,0.0
CB-1090,2025-06-02,0.0
CB-1090,2025-06-09,0.0
CB-1090,2025-06-16,0.0
CB-1090,2025-06-23,0.0
CB-1090,2025-06-30,12.5
CB-1090,2025-07-07,12.5
CB-1090,2025-07-14,12.5
CB-1090,2025-07-21,12.5
CB-1090,2025-07-28,0.0
CB-1090,2025-08-04,0.0
CB-1090,2025-08-11,5.5
CB-1090,2025-08-18,5.5
CB-1090,2025-08-25,5.5
CB-1090,2025-09-01,15.5
CB-1090,2025-09-08,10.0
CB-1090,2025-09-15,10.0
CB-1090,2025-09-22,10.0
CB-1090,2025-09-29,0.0
CB-1090,2025-10-06,0.0
CB-1090,2025-10-13,10.8
CB-1090,2025-10-20,23.2
CB-1090,2025-10-27,23.2
CB-1090,2025-11-03,23.2
CB-1090,2025-11-10,19.8
CB-1090,2025-11-17,7.2
CB-1090,2025-11-24,7.2
CB-1090,2025-12-01,12.8
CB-1090,2025-12-08,5.5
CB-1090,2025-12-15,5.5
CB-1090,2025-12-22,7.3
CB-1091,2024-01-01,0.0
CB-1091,2024-01-08,0.0
CB-1091,2024-01-15,0.0
CB-1091,2024-01-22,0.0
CB-1091,2024-01-29,0.0
CB-1091,2024-02-05,0.0
CB-1091,2024-02-12,0.0
CB-1091,2024-02-19,0.0
CB-1091,2024-02-26,0.0
CB-1091,2024-03-04,0.0
CB-1091,2024-03-11,1.8
CB-1091,2024-03-18,16.0
CB-1091,2024-03-25,16.0
CB-1091,2024-04-01,16.0
CB-1091,2024-04-08,14.2
CB-1091,2024-04-15,9.0
CB-1091,2024-04-22,14.5
CB-1091,2024-04-29,14.5
CB-1091,2024-05-06,14.5
CB-1091,2024-05-13,10.2
CB-1091,2024-05-20,4.8
CB-1091,2024-05-27,13.5
CB-1091,2024-06-03,13.5
CB-1091,2024-06-10,8.8
CB-1091,2024-06-17,8.8
CB-1091,2024-06-24,0.0
CB-1091,2024-07-01,0.0
CB-1091,2024-07-08,0.0
CB-1091,2024-07-15,0.0
CB-1091,2024-07-22,0.0
CB-1091,2024-07-29,0.0
CB-1091,2024-08-05,2.2
CB-1091,2024-08-12,2.2
CB-1091,2024-08-19,2.2
CB-1091,2024-08-26,2.2
CB-1091,2024-09-02,0.0
CB-1091,2024-09-09,0.0
CB-1091,2024-09-16,3.8
CB-1091,2024-09-23,3.8
CB-1091,2024-09-30,3.8
CB-1091,2024-10-07,3.8
CB-1091,2024-10-14,0.0
CB-1091,2024-10-21,0.0
CB-1091,2024-10-28,0.0
CB-1091,2024-11-04,0.0
CB-1091,2024-11-11,0.0
CB-1091,2024-11-18,5.5
CB-1091,2024-11-25,5.5
CB-1091,2024-12-02,5.5
CB-1091,2024-12-09,11.5
CB-1091,2024-12-16,6.0
CB-1091,2024-12-23,17.2
CB-1091,2024-12-30,17.2
CB-1091,2025-01-06,11.2
CB-1091,2025-01-13,11.2
CB-1091,2025-01-20,0.0
CB-1091,2025-01-27,13.8
CB-1091,2025-02-03,13.8
CB-1091,2025-02-10,26.0
CB-1091,2025-02-17,26.0
CB-1091,2025-02-24,12.2
CB-1091,2025-03-03,12.2
CB-1091,2025-03-10,0.0
CB-1091,2025-03-17,0.0
CB-1091,2025-03-24,0.0
CB-1091,2025-03-31,0.0
CB-1091,2025-04-07,0.0
CB-1091,2025-04-14,0.0
CB-1091,2025-04-21,0.0
CB-1091,2025-04-28,0.0
CB-1091,2025-05-05,0.0
CB-1091,2025-05-12,0.0
CB-1091,2025-05-19,0.0
CB-1091,2025-05-26,8.8
CB-1091,2025-06-02,8.8
CB-1091,2025-06-09,10.8
CB-1091,2025-06-16,10.8
CB-1091,2025-06-23,2.0
CB-1091,2025-06-30,2.0
CB-1091,2025-07-07,12.5
CB-1091,2025-07-14,12.5
CB-1091,2025-07-21,12.5
CB-1091,2025-07-28,12.5
CB-1091,2025-08-04,0.0
CB-1091,2025-08-11,0.0
CB-1091,2025-08-18,0.0
CB-1091,2025-08-25,0.0
CB-1091,2025-09-01,13.0
CB-1091,2025-09-08,13.0
CB-1091,2025-09-15,13.0
CB-1091,2025-09-22,13.0
CB-1091,2025-09-29,0.0
CB-1091,2025-10-06,0.0
CB-1091,2025-10-13,0.0
CB-1091,2025-10-20,0.0
CB-1091,2025-10-27,5.2
CB-1091,2025-11-03,5.2
CB-1091,2025-11-10,5.2
CB-1091,2025-11-17,5.2
CB-1091,2025-11-24,0.0
CB-1091,2025-12-01,0.0
CB-1091,2025-12-08,0.0
CB-1091,2025-12-15,0.0
CB-1091,2025-12-22,0.0
CB-1092,2024-01-01,21.0
CB-1092,2024-01-08,25.0
CB-1092,2024-01-15,20.7
CB-1092,2024-01-22,17.0
CB-1092,2024-01-29,21.5
CB-1092,2024-02-05,21.0
CB-1092,2024-02-12,25.2
CB-1092,2024-02-19,34.2
CB-1092,2024-02-26,36.8
CB-1092,2024-03-04,39.8
CB-1092,2024-03-11,46.5
CB-1092,2024-03-18,46.0
CB-1092,2024-03-25,43.0
CB-1092,2024-04-01,42.5
CB-1092,2024-04-08,33.2
CB-1092,2024-04-15,34.5
CB-1092,2024-04-22,26.5
CB-1092,2024-04-29,23.8
CB-1092,2024-05-06,27.2
CB-1092,2024-05-13,21.8
CB-1092,2024-05-20,27.2
CB-1092,2024-05-27,33.5
CB-1092,2024-06-03,35.8
CB-1092,2024-06-10,35.5
CB-1092,2024-06-17,34.8
CB-1092,2024-06-24,25.8
CB-1092,2024-07-01,23.8
CB-1092,2024-07-08,24.2
CB-1092,2024-07-15,20.2
CB-1092,2024-07-22,23.0
CB-1092,2024-07-29,21.5
CB-1092,2024-08-05,23.5
CB-1092,2024-08-12,27.2
CB-1092,2024-08-19,25.8
CB-1092,2024-08-26,28.2
CB-1092,2024-09-02,25.8
CB-1092,2024-09-09,26.8
CB-1092,2024-09-16,26.2
CB-1092,2024-09-23,23.5
CB-1092,2024-09-30,20.8
CB-1092,2024-10-07,18.5
CB-1092,2024-10-14,17.2
CB-1092,2024-10-21,15.0
CB-1092,2024-10-28,20.5
CB-1092,2024-11-04,20.8
CB-1092,2024-11-11,25.2
CB-1092,2024-11-18,30.5
CB-1092,2024-11-25,28.8
CB-1092,2024-12-02,33.0
CB-1092,2024-12-09,33.5
CB-1092,2024-12-16,31.2
CB-1092,2024-12-23,34.0
CB-1092,2024-12-30,37.5
CB-1092,2025-01-06,35.5
CB-1092,2025-01-13,33.5
CB-1092,2025-01-20,29.5
CB-1092,2025-01-27,28.5
CB-1092,2025-02-03,34.5
CB-1092,2025-02-10,36.2
CB-1092,2025-02-17,33.2
CB-1092,2025-02-24,28.8
CB-1092,2025-03-03,27.8
CB-1092,2025-03-10,29.8
CB-1092,2025-03-17,37.5
CB-1092,2025-03-24,38.2
CB-1092,2025-03-31,40.0
CB-1092,2025-04-07,41.5
CB-1092,2025-04-14,43.0
CB-1092,2025-04-21,45.2
CB-1092,2025-04-28,43.2
CB-1092,2025-05-05,43.2
CB-1092,2025-05-12,37.8
CB-1092,2025-05-19,37.8
CB-1092,2025-05-26,37.8
CB-1092,2025-06-02,39.0
CB-1092,2025-06-09,42.5
CB-1092,2025-06-16,37.8
CB-1092,2025-06-23,32.2
CB-1092,2025-06-30,26.8
CB-1092,2025-07-07,25.2
CB-1092,2025-07-14,27.0
CB-1092,2025-07-21,25.8
CB-1092,2025-07-28,23.2
CB-1092,2025-08-04,17.0
CB-1092,2025-08-11,10.0
CB-1092,2025-08-18,11.8
CB-1092,2025-08-25,19.0
CB-1092,2025-09-01,27.2
CB-1092,2025-09-08,31.2
CB-1092,2025-09-15,31.5
CB-1092,2025-09-22,23.2
CB-1092,2025-09-29,16.5
CB-1092,2025-10-06,16.0
CB-1092,2025-10-13,15.5
CB-1092,2025-10-20,18.5
CB-1092,2025-10-27,22.2
CB-1092,2025-11-03,27.0
CB-1092,2025-11-10,27.2
CB-1092,2025-11-17,28.2
CB-1092,2025-11-24,25.8
CB-1092,2025-12-01,21.5
CB-1092,2025-12-08,19.2
CB-1092,2025-12-15,22.0
CB-1092,2025-12-22,23.3
CB-1093,2024-01-01,62.0
CB-1093,2024-01-08,71.5
CB-1093,2024-01-15,71.0
CB-1093,2024-01-22,73.2
CB-1093,2024-01-29,78.8
CB-1093,2024-02-05,76.8
CB-1093,2024-02-12,79.8
CB-1093,2024-02-19,81.2
CB-1093,2024-02-26,81.5
CB-1093,2024-03-04,85.0
CB-1093,2024-03-11,83.8
CB-1093,2024-03-18,84.8
CB-1093,2024-03-25,84.2
CB-1093,2024-04-01,84.8
CB-1093,2024-04-08,88.8
CB-1093,2024-04-15,89.0
CB-1093,2024-04-22,90.2
CB-1093,2024-04-29,90.2
CB-1093,2024-05-06,89.0
CB-1093,2024-05-13,89.2
CB-1093,2024-05-20,87.2
CB-1093,2024-05-27,85.0
CB-1093,2024-06-03,83.8
CB-1093,2024-06-10,78.8
CB-1093,2024-06-17,75.2
CB-1093,2024-06-24,73.8
CB-1093,2024-07-01,70.0
CB-1093,2024-07-08,67.2
CB-1093,2024-07-15,67.8
CB-1093,2024-07-22,67.0
CB-1093,2024-07-29,63.5
CB-1093,2024-08-05,64.5
CB-1093,2024-08-12,59.2
CB-1093,2024-08-19,55.5
CB-1093,2024-08-26,58.2
CB-1093,2024-09-02,55.8
CB-1093,2024-09-09,58.0
CB-1093,2024-09-16,58.8
CB-1093,2024-09-23,54.5
CB-1093,2024-09-30,54.8
CB-1093,2024-10-07,54.8
CB-1093,2024-10-14,56.2
CB-1093,2024-10-21,57.2
CB-1093,2024-10-28,57.5
CB-1093,2024-11-04,57.5
CB-1093,2024-11-11,55.5
CB-1093,2024-11-18,60.0
CB-1093,2024-11-25,62.5
CB-1093,2024-12-02,65.0
CB-1093,2024-12-09,67.8
CB-1093,2024-12-16,67.8
CB-1093,2024-12-23,69.2
CB-1093,2024-12-30,70.2
CB-1093,2025-01-06,73.0
CB-1093,2025-01-13,75.8
CB-1093,2025-01-20,77.5
CB-1093,2025-01-27,82.2
CB-1093,2025-02-03,85.2
CB-1093,2025-02-10,86.8
CB-1093,2025-02-17,89.8
CB-1093,2025-02-24,95.2
CB-1093,2025-03-03,100.5
CB-1093,2025-03-10,100.8
CB-1093,2025-03-17,100.2
CB-1093,2025-03-24,94.8
CB-1093,2025-03-31,93.2
CB-1093,2025-04-07,94.8
CB-1093,2025-04-14,97.0
CB-1093,2025-04-21,102.5
CB-1093,2025-04-28,99.8
CB-1093,2025-05-05,101.0
CB-1093,2025-05-12,100.2
CB-1093,2025-05-19,94.0
CB-1093,2025-05-26,94.2
CB-1093,2025-06-02,89.8
CB-1093,2025-06-09,89.2
CB-1093,2025-06-16,87.5
CB-1093,2025-06-23,82.8
CB-1093,2025-06-30,80.2
CB-1093,2025-07-07,74.2
CB-1093,2025-07-14,72.2
CB-1093,2025-07-21,67.5
CB-1093,2025-07-28,66.8
CB-1093,2025-08-04,65.5
CB-1093,2025-08-11,65.2
CB-1093,2025-08-18,67.5
CB-1093,2025-08-25,65.5
CB-1093,2025-09-01,64.2
CB-1093,2025-09-08,62.0
CB-1093,2025-09-15,62.5
CB-1093,2025-09-22,62.0
CB-1093,2025-09-29,61.5
CB-1093,2025-10-06,60.5
CB-1093,2025-10-13,57.2
CB-1093,2025-10-20,59.2
CB-1093,2025-10-27,61.5
CB-1093,2025-11-03,66.0
CB-1093,2025-11-10,71.0
CB-1093,2025-11-17,76.0
CB-1093,2025-11-24,77.8
CB-1093,2025-12-01,77.8
CB-1093,2025-12-08,76.5
CB-1093,2025-12-15,76.5
CB-1093,2025-12-22,77.3
CB-1094,2024-01-01,31.0
CB-1094,2024-01-08,45.5
CB-1094,2024-01-15,50.0
CB-1094,2024-01-22,52.2
CB-1094,2024-01-29,55.5
CB-1094,2024-02-05,61.5
CB-1094,2024-02-12,72.8
CB-1094,2024-02-19,67.5
CB-1094,2024-02-26,76.0
CB-1094,2024-03-04,55.0
CB-1094,2024-03-11,48.8
CB-1094,2024-03-18,44.8
CB-1094,2024-03-25,38.5
CB-1094,2024-04-01,47.2
CB-1094,2024-04-08,42.2
CB-1094,2024-04-15,57.5
CB-1094,2024-04-22,49.8
CB-1094,2024-04-29,54.8
CB-1094,2024-05-06,52.8
CB-1094,2024-05-13,55.8
CB-1094,2024-05-20,67.5
CB-1094,2024-05-27,62.5
CB-1094,2024-06-03,61.8
CB-1094,2024-06-10,59.8
CB-1094,2024-06-17,59.5
CB-1094,2024-06-24,59.8
CB-1094,2024-07-01,59.5
CB-1094,2024-07-08,49.2
CB-1094,2024-07-15,42.2
CB-1094,2024-07-22,38.0
CB-1094,2024-07-29,35.0
CB-1094,2024-08-05,40.2
CB-1094,2024-08-12,39.8
CB-1094,2024-08-19,45.2
CB-1094,2024-08-26,47.5
CB-1094,2024-09-02,49.2
CB-1094,2024-09-09,50.0
CB-1094,2024-09-16,54.0
CB-1094,2024-09-23,51.0
CB-1094,2024-09-30,42.0
CB-1094,2024-10-07,42.2
CB-1094,2024-10-14,35.8
CB-1094,2024-10-21,37.8
CB-1094,2024-10-28,42.8
CB-1094,2024-11-04,40.2
CB-1094,2024-11-11,44.0
CB-1094,2024-11-18,49.0
CB-1094,2024-11-25,43.2
CB-1094,2024-12-02,53.0
CB-1094,2024-12-09,55.0
CB-1094,2024-12-16,52.8
CB-1094,2024-12-23,48.2
CB-1094,2024-12-30,43.2
CB-1094,2025-01-06,46.8
CB-1094,2025-01-13,59.0
CB-1094,2025-01-20,73.8
CB-1094,2025-01-27,83.8
CB-1094,2025-02-03,76.2
CB-1094,2025-02-10,67.5
CB-1094,2025-02-17,73.2
CB-1094,2025-02-24,62.5
CB-1094,2025-03-03,76.8
CB-1094,2025-03-10,83.0
CB-1094,2025-03-17,78.0
CB-1094,2025-03-24,82.0
CB-1094,2025-03-31,70.2
CB-1094,2025-04-07,77.0
CB-1094,2025-04-14,79.2
CB-1094,2025-04-21,83.2
CB-1094,2025-04-28,86.2
CB-1094,2025-05-05,74.8
CB-1094,2025-05-12,71.0
CB-1094,2025-05-19,70.2
CB-1094,2025-05-26,76.0
CB-1094,2025-06-02,70.0
CB-1094,2025-06-09,59.5
CB-1094,2025-06-16,56.0
CB-1094,2025-06-23,41.0
CB-1094,2025-06-30,42.0
CB-1094,2025-07-07,45.8
CB-1094,2025-07-14,46.0
CB-1094,2025-07-21,62.8
CB-1094,2025-07-28,54.2
CB-1094,2025-08-04,65.2
CB-1094,2025-08-11,60.5
CB-1094,2025-08-18,51.5
CB-1094,2025-08-25,53.2
CB-1094,2025-09-01,46.5
CB-1094,2025-09-08,47.0
CB-1094,2025-09-15,44.8
CB-1094,2025-09-22,42.5
CB-1094,2025-09-29,38.5
CB-1094,2025-10-06,41.8
CB-1094,2025-10-13,41.2
CB-1094,2025-10-20,54.5
CB-1094,2025-10-27,60.0
CB-1094,2025-11-03,54.8
CB-1094,2025-11-10,64.2
CB-1094,2025-11-17,60.8
CB-1094,2025-11-24,57.5
CB-1094,2025-12-01,62.5
CB-1094,2025-12-08,57.2
CB-1094,2025-12-15,45.0
CB-1094,2025-12-22,41.3
CB-1095,2024-01-01,19.0
CB-1095,2024-01-08,9.5
CB-1095,2024-01-15,6.3
CB-1095,2024-01-22,4.8
CB-1095,2024-01-29,0.0
CB-1095,2024-02-05,15.0
CB-1095,2024-02-12,27.5
CB-1095,2024-02-19,27.5
CB-1095,2024-02-26,27.5
CB-1095,2024-03-04,12.5
CB-1095,2024-03-11,0.0
CB-1095,2024-03-18,0.0
CB-1095,2024-03-25,12.2
CB-1095,2024-04-01,20.5
CB-1095,2024-04-08,20.5
CB-1095,2024-04-15,20.5
CB-1095,2024-04-22,8.2
CB-1095,2024-04-29,0.0
CB-1095,2024-05-06,0.0
CB-1095,2024-05-13,0.0
CB-1095,2024-05-20,0.0
CB-1095,2024-05-27,0.0
CB-1095,2024-06-03,0.0
CB-1095,2024-06-10,0.0
CB-1095,2024-06-17,0.0
CB-1095,2024-06-24,0.0
CB-1095,2024-07-01,4.5
CB-1095,2024-07-08,4.5
CB-1095,2024-07-15,4.5
CB-1095,2024-07-22,4.5
CB-1095,2024-07-29,0.0
CB-1095,2024-08-05,0.0
CB-1095,2024-08-12,0.0
CB-1095,2024-08-19,0.0
CB-1095,2024-08-26,3.2
CB-1095,2024-09-02,3.2
CB-1095,2024-09-09,3.2
CB-1095,2024-09-16,7.0
CB-1095,2024-09-23,3.8
CB-1095,2024-09-30,3.8
CB-1095,2024-10-07,3.8
CB-1095,2024-10-14,0.0
CB-1095,2024-10-21,6.0
CB-1095,2024-10-28,9.0
CB-1095,2024-11-04,9.0
CB-1095,2024-11-11,9.0
CB-1095,2024-11-18,12.5
CB-1095,2024-11-25,9.5
CB-1095,2024-12-02,22.5
CB-1095,2024-12-09,22.5
CB-1095,2024-12-16,13.0
CB-1095,2024-12-23,13.0
CB-1095,2024-12-30,0.0
CB-1095,2025-01-06,0.0
CB-1095,2025-01-13,0.0
CB-1095,2025-01-20,0.0
CB-1095,2025-01-27,8.8
CB-1095,2025-02-03,8.8
CB-1095,2025-02-10,8.8
CB-1095,2025-02-17,8.8
CB-1095,2025-02-24,0.0
CB-1095,2025-03-03,0.0
CB-1095,2025-03-10,0.0
CB-1095,2025-03-17,0.0
CB-1095,2025-03-24,0.0
CB-1095,2025-03-31,0.0
CB-1095,2025-04-07,0.0
CB-1095,2025-04-14,0.0
CB-1095,2025-04-21,0.0
CB-1095,2025-04-28,0.0
CB-1095,2025-05-05,0.0
CB-1095,2025-05-12,4.5
CB-1095,2025-05-19,4.5
CB-1095,2025-05-26,4.5
CB-1095,2025-06-02,4.5
CB-1095,2025-06-09,0.0
CB-1095,2025-06-16,4.2
CB-1095,2025-06-23,4.2
CB-1095,2025-06-30,15.0
CB-1095,2025-07-07,15.0
CB-1095,2025-07-14,10.8
CB-1095,2025-07-21,10.8
CB-1095,2025-07-28,0.0
CB-1095,2025-08-04,0.0
CB-1095,2025-08-11,6.0
CB-1095,2025-08-18,6.0
CB-1095,2025-08-25,18.8
CB-1095,2025-09-01,18.8
CB-1095,2025-09-08,12.8
CB-1095,2025-09-15,12.8
CB-1095,2025-09-22,0.0
CB-1095,2025-09-29,0.0
CB-1095,2025-10-06,1.8
CB-1095,2025-10-13,1.8
CB-1095,2025-10-20,1.8
CB-1095,2025-10-27,1.8
CB-1095,2025-11-03,0.0
CB-1095,2025-11-10,0.0
CB-1095,2025-11-17,0.0
CB-1095,2025-11-24,0.0
CB-1095,2025-12-01,0.0
CB-1095,2025-12-08,0.0
CB-1095,2025-12-15,0.0
CB-1095,2025-12-22,0.0
CB-1096,2024-01-01,51.0
CB-1096,2024-01-08,48.5
CB-1096,2024-01-15,48.0
CB-1096,2024-01-22,48.2
CB-1096,2024-01-29,48.2
CB-1096,2024-02-05,48.2
CB-1096,2024-02-12,49.5
CB-1096,2024-02-19,51.2
CB-1096,2024-02-26,52.8
CB-1096,2024-03-04,56.8
CB-1096,2024-03-11,60.0
CB-1096,2024-03-18,62.0
CB-1096,2024-03-25,63.2
CB-1096,2024-04-01,62.0
CB-1096,2024-04-08,59.5
CB-1096,2024-04-15,57.8
CB-1096,2024-04-22,57.0
CB-1096,2024-04-29,57.8
CB-1096,2024-05-06,58.5
CB-1096,2024-05-13,57.8
CB-1096,2024-05-20,57.2
CB-1096,2024-05-27,56.8
CB-1096,2024-06-03,56.0
CB-1096,2024-06-10,55.0
CB-1096,2024-06-17,52.2
CB-1096,2024-06-24,48.8
CB-1096,2024-07-01,46.0
CB-1096,2024-07-08,45.0
CB-1096,2024-07-15,44.8
CB-1096,2024-07-22,43.2
CB-1096,2024-07-29,42.2
CB-1096,2024-08-05,41.0
CB-1096,2024-08-12,38.8
CB-1096,2024-08-19,39.2
CB-1096,2024-08-26,38.5
CB-1096,2024-09-02,37.0
CB-1096,2024-09-09,37.2
CB-1096,2024-09-16,36.8
CB-1096,2024-09-23,36.0
CB-1096,2024-09-30,36.2
CB-1096,2024-10-07,36.8
CB-1096,2024-10-14,36.0
CB-1096,2024-10-21,35.8
CB-1096,2024-10-28,35.2
CB-1096,2024-11-04,35.2
CB-1096,2024-11-11,35.8
CB-1096,2024-11-18,38.0
CB-1096,2024-11-25,42.0
CB-1096,2024-12-02,42.5
CB-1096,2024-12-09,44.8
CB-1096,2024-12-16,48.5
CB-1096,2024-12-23,49.0
CB-1096,2024-12-30,51.2
CB-1096,2025-01-06,53.0
CB-1096,2025-01-13,53.0
CB-1096,2025-01-20,56.0
CB-1096,2025-01-27,57.5
CB-1096,2025-02-03,58.2
CB-1096,2025-02-10,57.5
CB-1096,2025-02-17,57.0
CB-1096,2025-02-24,57.0
CB-1096,2025-03-03,58.2
CB-1096,2025-03-10,59.5
CB-1096,2025-03-17,61.5
CB-1096,2025-03-24,63.0
CB-1096,2025-03-31,64.5
CB-1096,2025-04-07,63.8
CB-1096,2025-04-14,62.5
CB-1096,2025-04-21,61.5
CB-1096,2025-04-28,60.0
CB-1096,2025-05-05,64.2
CB-1096,2025-05-12,64.5
CB-1096,2025-05-19,65.0
CB-1096,2025-05-26,68.2
CB-1096,2025-06-02,63.2
CB-1096,2025-06-09,62.0
CB-1096,2025-06-16,59.0
CB-1096,2025-06-23,53.5
CB-1096,2025-06-30,51.8
CB-1096,2025-07-07,49.2
CB-1096,2025-07-14,49.5
CB-1096,2025-07-21,48.0
CB-1096,2025-07-28,49.0
CB-1096,2025-08-04,47.0
CB-1096,2025-08-11,46.0
CB-1096,2025-08-18,46.0
CB-1096,2025-08-25,42.8
CB-1096,2025-09-01,41.8
CB-1096,2025-09-08,40.8
CB-1096,2025-09-15,40.0
CB-1096,2025-09-22,42.2
CB-1096,2025-09-29,42.8
CB-1096,2025-10-06,42.8
CB-1096,2025-10-13,41.8
CB-1096,2025-10-20,41.2
CB-1096,2025-10-27,41.8
CB-1096,2025-11-03,42.5
CB-1096,2025-11-10,44.2
CB-1096,2025-11-17,45.8
CB-1096,2025-11-24,46.8
CB-1096,2025-12-01,47.8
CB-1096,2025-12-08,49.8
CB-1096,2025-12-15,47.5
CB-1096,2025-12-22,47.7
CB-1097,2024-01-01,54.0
CB-1097,2024-01-08,43.0
CB-1097,2024-01-15,28.7
CB-1097,2024-01-22,21.5
CB-1097,2024-01-29,21.2
CB-1097,2024-02-05,13.2
CB-1097,2024-02-12,13.2
CB-1097,2024-02-19,13.2
CB-1097,2024-02-26,0.0
CB-1097,2024-03-04,0.0
CB-1097,2024-03-11,0.0
CB-1097,2024-03-18,0.0
CB-1097,2024-03-25,2.2
CB-1097,2024-04-01,3.8
CB-1097,2024-04-08,16.8
CB-1097,2024-04-15,16.8
CB-1097,2024-04-22,14.5
CB-1097,2024-04-29,13.0
CB-1097,2024-05-06,0.0
CB-1097,2024-05-13,10.8
CB-1097,2024-05-20,19.2
CB-1097,2024-05-27,19.2
CB-1097,2024-06-03,19.2
CB-1097,2024-06-10,20.0
CB-1097,2024-06-17,13.0
CB-1097,2024-06-24,16.5
CB-1097,2024-07-01,16.5
CB-1097,2024-07-08,5.0
CB-1097,2024-07-15,18.2
CB-1097,2024-07-22,14.8
CB-1097,2024-07-29,14.8
CB-1097,2024-08-05,14.8
CB-1097,2024-08-12,0.0
CB-1097,2024-08-19,0.0
CB-1097,2024-08-26,0.0
CB-1097,2024-09-02,0.0
CB-1097,2024-09-09,0.0
CB-1097,2024-09-16,0.0
CB-1097,2024-09-23,13.0
CB-1097,2024-09-30,13.0
CB-1097,2024-10-07,28.0
CB-1097,2024-10-14,28.0
CB-1097,2024-10-21,20.0
CB-1097,2024-10-28,20.0
CB-1097,2024-11-04,5.0
CB-1097,2024-11-11,5.0
CB-1097,2024-11-18,9.0
CB-1097,2024-11-25,9.0
CB-1097,2024-12-02,22.0
CB-1097,2024-12-09,35.5
CB-1097,2024-12-16,26.5
CB-1097,2024-12-23,37.8
CB-1097,2024-12-30,24.8
CB-1097,2025-01-06,11.2
CB-1097,2025-01-13,11.2
CB-1097,2025-01-20,2.0
CB-1097,2025-01-27,2.0
CB-1097,2025-02-03,6.5
CB-1097,2025-02-10,6.5
CB-1097,2025-02-17,16.5
CB-1097,2025-02-24,16.5
CB-1097,2025-03-03,12.0
CB-1097,2025-03-10,19.2
CB-1097,2025-03-17,7.2
CB-1097,2025-03-24,7.2
CB-1097,2025-03-31,7.2
CB-1097,2025-04-07,0.0
CB-1097,2025-04-14,0.0
CB-1097,2025-04-21,10.2
CB-1097,2025-04-28,23.2
CB-1097,2025-05-05,23.2
CB-1097,2025-05-12,34.2
CB-1097,2025-05-19,24.0
CB-1097,2025-05-26,25.5
CB-1097,2025-06-02,25.5
CB-1097,2025-06-09,14.5
CB-1097,2025-06-16,14.5
CB-1097,2025-06-23,0.0
CB-1097,2025-06-30,0.0
CB-1097,2025-07-07,3.2
CB-1097,2025-07-14,3.2
CB-1097,2025-07-21,3.2
CB-1097,2025-07-28,3.2
CB-1097,2025-08-04,0.0
CB-1097,2025-08-11,0.0
CB-1097,2025-08-18,0.0
CB-1097,2025-08-25,0.0
CB-1097,2025-09-01,0.0
CB-1097,2025-09-08,0.0
CB-1097,2025-09-15,0.0
CB-1097,2025-09-22,5.8
CB-1097,2025-09-29,16.2
CB-1097,2025-10-06,16.2
CB-1097,2025-10-13,16.2
CB-1097,2025-10-20,10.5
CB-1097,2025-10-27,0.0
CB-1097,2025-11-03,0.0
CB-1097,2025-11-10,0.0
CB-1097,2025-11-17,0.0
CB-1097,2025-11-24,0.0
CB-1097,2025-12-01,2.8
CB-1097,2025-12-08,9.8
CB-1097,2025-12-15,23.5
CB-1097,2025-12-22,31.3
CB-1098,2024-01-01,48.0
CB-1098,2024-01-08,42.5
CB-1098,2024-01-15,49.0
CB-1098,2024-01-22,42.2
CB-1098,2024-01-29,47.2
CB-1098,2024-02-05,51.5
CB-1098,2024-02-12,48.5
CB-1098,2024-02-19,49.0
CB-1098,2024-02-26,41.2
CB-1098,2024-03-04,48.0
CB-1098,2024-03-11,48.8
CB-1098,2024-03-18,58.5
CB-1098,2024-03-25,59.2
CB-1098,2024-04-01,53.5
CB-1098,2024-04-08,47.8
CB-1098,2024-04-15,47.0
CB-1098,2024-04-22,53.2
CB-1098,2024-04-29,54.5
CB-1098,2024-05-06,56.5
CB-1098,2024-05-13,53.5
CB-1098,2024-05-20,53.2
CB-1098,2024-05-27,49.8
CB-1098,2024-06-03,52.0
CB-1098,2024-06-10,61.0
CB-1098,2024-06-17,53.2
CB-1098,2024-06-24,57.5
CB-1098,2024-07-01,52.8
CB-1098,2024-07-08,45.8
CB-1098,2024-07-15,51.2
CB-1098,2024-07-22,43.5
CB-1098,2024-07-29,42.5
CB-1098,2024-08-05,31.8
CB-1098,2024-08-12,25.8
CB-1098,2024-08-19,28.5
CB-1098,2024-08-26,28.5
CB-1098,2024-09-02,35.0
CB-1098,2024-09-09,31.8
CB-1098,2024-09-16,28.8
CB-1098,2024-09-23,28.2
CB-1098,2024-09-30,27.5
CB-1098,2024-10-07,30.8
CB-1098,2024-10-14,27.8
CB-1098,2024-10-21,29.8
CB-1098,2024-10-28,27.5
CB-1098,2024-11-04,25.2
CB-1098,2024-11-11,34.2
CB-1098,2024-11-18,36.2
CB-1098,2024-11-25,32.0
CB-1098,2024-12-02,35.5
CB-1098,2024-12-09,36.8
CB-1098,2024-12-16,36.2
CB-1098,2024-12-23,53.2
CB-1098,2024-12-30,53.5
CB-1098,2025-01-06,53.8
CB-1098,2025-01-13,63.8
CB-1098,2025-01-20,60.8
CB-1098,2025-01-27,59.0
CB-1098,2025-02-03,53.0
CB-1098,2025-02-10,55.5
CB-1098,2025-02-17,50.2
CB-1098,2025-02-24,64.0
CB-1098,2025-03-03,67.5
CB-1098,2025-03-10,63.0
CB-1098,2025-03-17,60.2
CB-1098,2025-03-24,51.8
CB-1098,2025-03-31,49.5
CB-1098,2025-04-07,50.0
CB-1098,2025-04-14,58.2
CB-1098,2025-04-21,64.2
CB-1098,2025-04-28,66.2
CB-1098,2025-05-05,59.2
CB-1098,2025-05-12,59.0
CB-1098,2025-05-19,50.0
CB-1098,2025-05-26,57.2
CB-1098,2025-06-02,60.8
CB-1098,2025-06-09,56.8
CB-1098,2025-06-16,63.0
CB-1098,2025-06-23,55.5
CB-1098,2025-06-30,47.0
CB-1098,2025-07-07,42.5
CB-1098,2025-07-14,43.5
CB-1098,2025-07-21,42.8
CB-1098,2025-07-28,42.0
CB-1098,2025-08-04,46.8
CB-1098,2025-08-11,38.8
CB-1098,2025-08-18,34.0
CB-1098,2025-08-25,35.8
CB-1098,2025-09-01,37.2
CB-1098,2025-09-08,31.5
CB-1098,2025-09-15,31.2
CB-1098,2025-09-22,35.5
CB-1098,2025-09-29,37.5
CB-1098,2025-10-06,46.8
CB-1098,2025-10-13,47.0
CB-1098,2025-10-20,53.0
CB-1098,2025-10-27,42.5
CB-1098,2025-11-03,42.5
CB-1098,2025-11-10,48.8
CB-1098,2025-11-17,40.2
CB-1098,2025-11-24,50.0
CB-1098,2025-12-01,48.0
CB-1098,2025-12-08,50.8
CB-1098,2025-12-15,47.5
CB-1098,2025-12-22,42.7
CB-1099,2024-01-01,28.0
CB-1099,2024-01-08,14.0
CB-1099,2024-01-15,19.3
CB-1099,2024-01-22,14.5
CB-1099,2024-01-29,7.5
CB-1099,2024-02-05,10.0
CB-1099,2024-02-12,2.5
CB-1099,2024-02-19,2.5
CB-1099,2024-02-26,2.5
CB-1099,2024-03-04,0.0
CB-1099,2024-03-11,0.0
CB-1099,2024-03-18,0.0
CB-1099,2024-03-25,0.0
CB-1099,2024-04-01,8.8
CB-1099,2024-04-08,8.8
CB-1099,2024-04-15,8.8
CB-1099,2024-04-22,10.8
CB-1099,2024-04-29,2.0
CB-1099,2024-05-06,2.0
CB-1099,2024-05-13,2.0
CB-1099,2024-05-20,13.0
CB-1099,2024-05-27,13.0
CB-1099,2024-06-03,13.0
CB-1099,2024-06-10,25.8
CB-1099,2024-06-17,12.8
CB-1099,2024-06-24,12.8
CB-1099,2024-07-01,12.8
CB-1099,2024-07-08,0.0
CB-1099,2024-07-15,0.0
CB-1099,2024-07-22,0.0
CB-1099,2024-07-29,0.0
CB-1099,2024-08-05,0.0
CB-1099,2024-08-12,7.0
CB-1099,2024-08-19,7.0
CB-1099,2024-08-26,10.2
CB-1099,2024-09-02,10.2
CB-1099,2024-09-09,3.2
CB-1099,2024-09-16,3.2
CB-1099,2024-09-23,9.8
CB-1099,2024-09-30,9.8
CB-1099,2024-10-07,9.8
CB-1099,2024-10-14,9.8
CB-1099,2024-10-21,0.0
CB-1099,2024-10-28,0.0
CB-1099,2024-11-04,9.2
CB-1099,2024-11-11,9.2
CB-1099,2024-11-18,9.2
CB-1099,2024-11-25,12.5
CB-1099,2024-12-02,3.2
CB-1099,2024-12-09,12.5
CB-1099,2024-12-16,12.5
CB-1099,2024-12-23,13.5
CB-1099,2024-12-30,13.5
CB-1099,2025-01-06,4.2
CB-1099,2025-01-13,4.2
CB-1099,2025-01-20,0.0
CB-1099,2025-01-27,1.5
CB-1099,2025-02-03,7.5
CB-1099,2025-02-10,7.5
CB-1099,2025-02-17,7.5
CB-1099,2025-02-24,14.5
CB-1099,2025-03-03,8.5
CB-1099,2025-03-10,8.5
CB-1099,2025-03-17,8.5
CB-1099,2025-03-24,10.0
CB-1099,2025-03-31,10.0
CB-1099,2025-04-07,10.0
CB-1099,2025-04-14,21.0
CB-1099,2025-04-21,11.0
CB-1099,2025-04-28,11.0
CB-1099,2025-05-05,21.5
CB-1099,2025-05-12,10.5
CB-1099,2025-05-19,10.5
CB-1099,2025-05-26,10.5
CB-1099,2025-06-02,5.2
CB-1099,2025-06-09,5.2
CB-1099,2025-06-16,5.2
CB-1099,2025-06-23,5.2
CB-1099,2025-06-30,0.0
CB-1099,2025-07-07,0.0
CB-1099,2025-07-14,0.0
CB-1099,2025-07-21,0.0
CB-1099,2025-07-28,0.0
CB-1099,2025-08-04,12.8
CB-1099,2025-08-11,12.8
CB-1099,2025-08-18,12.8
CB-1099,2025-08-25,12.8
CB-1099,2025-09-01,0.0
CB-1099,2025-09-08,0.0
CB-1099,2025-09-15,0.0
CB-1099,2025-09-22,0.0
CB-1099,2025-09-29,2.0
CB-1099,2025-10-06,2.0
CB-1099,2025-10-13,2.0
CB-1099,2025-10-20,2.0
CB-1099,2025-10-27,0.0
CB-1099,2025-11-03,0.0
CB-1099,2025-11-10,0.0
CB-1099,2025-11-17,7.8
CB-1099,2025-11-24,12.5
CB-1099,2025-12-01,15.5
CB-1099,2025-12-08,24.8
CB-1099,2025-12-15,17.0
CB-1099,2025-12-22,16.3
CB-1100,2024-01-01,118.0
CB-1100,2024-01-08,118.0
CB-1100,2024-01-15,118.7
CB-1100,2024-01-22,120.2
CB-1100,2024-01-29,124.2
CB-1100,2024-02-05,126.8
CB-1100,2024-02-12,130.8
CB-1100,2024-02-19,130.2
CB-1100,2024-02-26,137.8
CB-1100,2024-03-04,139.5
CB-1100,2024-03-11,140.8
CB-1100,2024-03-18,146.5
CB-1100,2024-03-25,139.5
CB-1100,2024-04-01,141.0
CB-1100,2024-04-08,140.8
CB-1100,2024-04-15,136.5
CB-1100,2024-04-22,138.5
CB-1100,2024-04-29,133.0
CB-1100,2024-05-06,136.5
CB-1100,2024-05-13,139.8
CB-1100,2024-05-20,138.2
CB-1100,2024-05-27,136.0
CB-1100,2024-06-03,126.8
CB-1100,2024-06-10,125.2
CB-1100,2024-06-17,130.5
CB-1100,2024-06-24,134.8
CB-1100,2024-07-01,136.0
CB-1100,2024-07-08,130.5
CB-1100,2024-07-15,115.5
CB-1100,2024-07-22,111.8
CB-1100,2024-07-29,104.2
CB-1100,2024-08-05,98.0
CB-1100,2024-08-12,94.8
CB-1100,2024-08-19,92.0
CB-1100,2024-08-26,92.0
CB-1100,2024-09-02,92.8
CB-1100,2024-09-09,93.8
CB-1100,2024-09-16,89.0
CB-1100,2024-09-23,87.2
CB-1100,2024-09-30,85.8
CB-1100,2024-10-07,83.5
CB-1100,2024-10-14,85.0
CB-1100,2024-10-21,85.2
CB-1100,2024-10-28,88.8
CB-1100,2024-11-04,94.5
CB-1100,2024-11-11,95.2
CB-1100,2024-11-18,99.2
CB-1100,2024-11-25,105.2
CB-1100,2024-12-02,105.0
CB-1100,2024-12-09,112.0
CB-1100,2024-12-16,116.5
CB-1100,2024-12-23,119.0
CB-1100,2024-12-30,125.8
CB-1100,2025-01-06,127.5
CB-1100,2025-01-13,131.5
CB-1100,2025-01-20,132.8
CB-1100,2025-01-27,135.5
CB-1100,2025-02-03,136.5
CB-1100,2025-02-10,143.2
CB-1100,2025-02-17,149.5
CB-1100,2025-02-24,149.2
CB-1100,2025-03-03,154.5
CB-1100,2025-03-10,152.2
CB-1100,2025-03-17,147.0
CB-1100,2025-03-24,145.8
CB-1100,2025-03-31,145.5
CB-1100,2025-04-07,145.2
CB-1100,2025-04-14,144.2
CB-1100,2025-04-21,150.0
CB-1100,2025-04-28,154.8
CB-1100,2025-05-05,157.0
CB-1100,2025-05-12,159.2
CB-1100,2025-05-19,151.0
CB-1100,2025-05-26,146.8
CB-1100,2025-06-02,141.8
CB-1100,2025-06-09,140.2
CB-1100,2025-06-16,147.5
CB-1100,2025-06-23,140.0
CB-1100,2025-06-30,128.8
CB-1100,2025-07-07,121.2
CB-1100,2025-07-14,113.8
CB-1100,2025-07-21,112.2
CB-1100,2025-07-28,113.5
CB-1100,2025-08-04,109.8
CB-1100,2025-08-11,104.8
CB-1100,2025-08-18,99.5
CB-1100,2025-08-25,101.0
CB-1100,2025-09-01,101.2
CB-1100,2025-09-08,99.2
CB-1100,2025-09-15,99.0
CB-1100,2025-09-22,97.5
CB-1100,2025-09-29,98.2
CB-1100,2025-10-06,100.0
CB-1100,2025-10-13,102.8
CB-1100,2025-10-20,103.2
CB-1100,2025-10-27,102.5
CB-1100,2025-11-03,102.8
CB-1100,2025-11-10,104.0
CB-1100,2025-11-17,112.0
CB-1100,2025-11-24,114.2
CB-1100,2025-12-01,118.2
CB-1100,2025-12-08,123.0
CB-1100,2025-12-15,121.5
CB-1100,2025-12-22,126.3
CB-1101,2024-01-01,68.0
CB-1101,2024-01-08,78.5
CB-1101,2024-01-15,80.3
CB-1101,2024-01-22,74.0
CB-1101,2024-01-29,71.5
CB-1101,2024-02-05,64.8
CB-1101,2024-02-12,60.0
CB-1101,2024-02-19,57.2
CB-1101,2024-02-26,64.0
CB-1101,2024-03-04,66.0
CB-1101,2024-03-11,66.0
CB-1101,2024-03-18,64.2
CB-1101,2024-03-25,60.0
CB-1101,2024-04-01,48.0
CB-1101,2024-04-08,45.0
CB-1101,2024-04-15,49.0
CB-1101,2024-04-22,50.0
CB-1101,2024-04-29,71.2
CB-1101,2024-05-06,77.2
CB-1101,2024-05-13,87.8
CB-1101,2024-05-20,88.8
CB-1101,2024-05-27,83.0
CB-1101,2024-06-03,88.2
CB-1101,2024-06-10,75.2
CB-1101,2024-06-17,66.5
CB-1101,2024-06-24,62.5
CB-1101,2024-07-01,51.2
CB-1101,2024-07-08,54.5
CB-1101,2024-07-15,55.8
CB-1101,2024-07-22,48.5
CB-1101,2024-07-29,53.8
CB-1101,2024-08-05,46.8
CB-1101,2024-08-12,49.2
CB-1101,2024-08-19,52.5
CB-1101,2024-08-26,38.8
CB-1101,2024-09-02,39.2
CB-1101,2024-09-09,33.5
CB-1101,2024-09-16,33.2
CB-1101,2024-09-23,37.8
CB-1101,2024-09-30,40.5
CB-1101,2024-10-07,37.5
CB-1101,2024-10-14,44.5
CB-1101,2024-10-21,46.5
CB-1101,2024-10-28,49.5
CB-1101,2024-11-04,53.8
CB-1101,2024-11-11,43.2
CB-1101,2024-11-18,52.5
CB-1101,2024-11-25,43.5
CB-1101,2024-12-02,48.5
CB-1101,2024-12-09,47.0
CB-1101,2024-12-16,38.5
CB-1101,2024-12-23,45.5
CB-1101,2024-12-30,40.8
CB-1101,2025-01-06,48.8
CB-1101,2025-01-13,38.2
CB-1101,2025-01-20,41.5
CB-1101,2025-01-27,48.0
CB-1101,2025-02-03,41.2
CB-1101,2025-02-10,66.5
CB-1101,2025-02-17,66.0
CB-1101,2025-02-24,66.2
CB-1101,2025-03-03,71.8
CB-1101,2025-03-10,63.0
CB-1101,2025-03-17,76.0
CB-1101,2025-03-24,94.2
CB-1101,2025-03-31,103.2
CB-1101,2025-04-07,111.0
CB-1101,2025-04-14,113.8
CB-1101,2025-04-21,99.0
CB-1101,2025-04-28,103.8
CB-1101,2025-05-05,101.0
CB-1101,2025-05-12,89.8
CB-1101,2025-05-19,89.2
CB-1101,2025-05-26,67.2
CB-1101,2025-06-02,62.5
CB-1101,2025-06-09,51.5
CB-1101,2025-06-16,38.8
CB-1101,2025-06-23,49.0
CB-1101,2025-06-30,39.8
CB-1101,2025-07-07,46.8
CB-1101,2025-07-14,54.8
CB-1101,2025-07-21,52.8
CB-1101,2025-07-28,52.8
CB-1101,2025-08-04,55.2
CB-1101,2025-08-11,52.8
CB-1101,2025-08-18,52.5
CB-1101,2025-08-25,50.5
CB-1101,2025-09-01,44.8
CB-1101,2025-09-08,49.0
CB-1101,2025-09-15,50.5
CB-1101,2025-09-22,52.0
CB-1101,2025-09-29,50.2
CB-1101,2025-10-06,41.5
CB-1101,2025-10-13,35.0
CB-1101,2025-10-20,32.8
CB-1101,2025-10-27,35.2
CB-1101,2025-11-03,43.2
CB-1101,2025-11-10,43.8
CB-1101,2025-11-17,50.8
CB-1101,2025-11-24,51.8
CB-1101,2025-12-01,56.0
CB-1101,2025-12-08,58.2
CB-1101,2025-12-15,57.5
CB-1101,2025-12-22,59.3
CB-1102,2024-01-01,70.0
CB-1102,2024-01-08,71.5
CB-1102,2024-01-15,75.3
CB-1102,2024-01-22,78.0
CB-1102,2024-01-29,77.8
CB-1102,2024-02-05,80.8
CB-1102,2024-02-12,81.0
CB-1102,2024-02-19,79.8
CB-1102,2024-02-26,84.5
CB-1102,2024-03-04,82.0
CB-1102,2024-03-11,85.5
CB-1102,2024-03-18,88.2
CB-1102,2024-03-25,86.8
CB-1102,2024-04-01,89.2
CB-1102,2024-04-08,83.8
CB-1102,2024-04-15,82.2
CB-1102,2024-04-22,82.8
CB-1102,2024-04-29,80.8
CB-1102,2024-05-06,84.5
CB-1102,2024-05-13,86.2
CB-1102,2024-05-20,85.8
CB-1102,2024-05-27,86.2
CB-1102,2024-06-03,84.0
CB-1102,2024-06-10,80.0
CB-1102,2024-06-17,76.8
CB-1102,2024-06-24,74.2
CB-1102,2024-07-01,71.0
CB-1102,2024-07-08,69.2
CB-1102,2024-07-15,68.8
CB-1102,2024-07-22,68.0
CB-1102,2024-07-29,64.8
CB-1102,2024-08-05,63.5
CB-1102,2024-08-12,61.8
CB-1102,2024-08-19,63.0
CB-1102,2024-08-26,63.0
CB-1102,2024-09-02,61.5
CB-1102,2024-09-09,64.0
CB-1102,2024-09-16,60.5
CB-1102,2024-09-23,60.5
CB-1102,2024-09-30,58.8
CB-1102,2024-10-07,57.2
CB-1102,2024-10-14,56.2
CB-1102,2024-10-21,57.5
CB-1102,2024-10-28,59.0
CB-1102,2024-11-04,58.2
CB-1102,2024-11-11,59.2
CB-1102,2024-11-18,62.2
CB-1102,2024-11-25,64.2
CB-1102,2024-12-02,64.8
CB-1102,2024-12-09,70.5
CB-1102,2024-12-16,70.2
CB-1102,2024-12-23,73.8
CB-1102,2024-12-30,79.2
CB-1102,2025-01-06,80.8
CB-1102,2025-01-13,80.2
CB-1102,2025-01-20,83.2
CB-1102,2025-01-27,84.2
CB-1102,2025-02-03,85.0
CB-1102,2025-02-10,90.8
CB-1102,2025-02-17,88.5
CB-1102,2025-02-24,90.8
CB-1102,2025-03-03,90.2
CB-1102,2025-03-10,91.2
CB-1102,2025-03-17,95.8
CB-1102,2025-03-24,98.2
CB-1102,2025-03-31,99.8
CB-1102,2025-04-07,103.2
CB-1102,2025-04-14,104.8
CB-1102,2025-04-21,101.5
CB-1102,2025-04-28,100.5
CB-1102,2025-05-05,94.0
CB-1102,2025-05-12,91.5
CB-1102,2025-05-19,89.5
CB-1102,2025-05-26,92.2
CB-1102,2025-06-02,92.0
CB-1102,2025-06-09,87.8
CB-1102,2025-06-16,87.5
CB-1102,2025-06-23,82.0
CB-1102,2025-06-30,81.0
CB-1102,2025-07-07,82.0
CB-1102,2025-07-14,79.5
CB-1102,2025-07-21,78.5
CB-1102,2025-07-28,76.5
CB-1102,2025-08-04,70.5
CB-1102,2025-08-11,69.0
CB-1102,2025-08-18,67.2
CB-1102,2025-08-25,66.8
CB-1102,2025-09-01,68.5
CB-1102,2025-09-08,66.8
CB-1102,2025-09-15,67.0
CB-1102,2025-09-22,65.0
CB-1102,2025-09-29,64.5
CB-1102,2025-10-06,64.2
CB-1102,2025-10-13,64.0
CB-1102,2025-10-20,64.5
CB-1102,2025-10-27,67.5
CB-1102,2025-11-03,72.2
CB-1102,2025-11-10,74.5
CB-1102,2025-11-17,79.2
CB-1102,2025-11-24,76.8
CB-1102,2025-12-01,73.8
CB-1102,2025-12-08,74.5
CB-1102,2025-12-15,74.8
CB-1102,2025-12-22,77.3
CB-1103,2024-01-01,114.0
CB-1103,2024-01-08,105.5
CB-1103,2024-01-15,102.3
CB-1103,2024-01-22,96.0
CB-1103,2024-01-29,80.2
CB-1103,2024-02-05,75.2
CB-1103,2024-02-12,84.5
CB-1103,2024-02-19,82.2
CB-1103,2024-02-26,86.0
CB-1103,2024-03-04,94.5
CB-1103,2024-03-11,89.8
CB-1103,2024-03-18,87.0
CB-1103,2024-03-25,89.0
CB-1103,2024-04-01,78.0
CB-1103,2024-04-08,70.2
CB-1103,2024-04-15,84.0
CB-1103,2024-04-22,80.0
CB-1103,2024-04-29,90.8
CB-1103,2024-05-06,90.2
CB-1103,2024-05-13,97.2
CB-1103,2024-05-20,103.8
CB-1103,2024-05-27,94.2
CB-1103,2024-06-03,95.8
CB-1103,2024-06-10,76.5
CB-1103,2024-06-17,62.0
CB-1103,2024-06-24,59.5
CB-1103,2024-07-01,52.8
CB-1103,2024-07-08,44.0
CB-1103,2024-07-15,52.5
CB-1103,2024-07-22,41.2
CB-1103,2024-07-29,39.0
CB-1103,2024-08-05,47.5
CB-1103,2024-08-12,46.8
CB-1103,2024-08-19,54.2
CB-1103,2024-08-26,54.5
CB-1103,2024-09-02,48.5
CB-1103,2024-09-09,47.2
CB-1103,2024-09-16,48.8
CB-1103,2024-09-23,44.8
CB-1103,2024-09-30,49.5
CB-1103,2024-10-07,51.0
CB-1103,2024-10-14,50.2
CB-1103,2024-10-21,66.5
CB-1103,2024-10-28,65.5
CB-1103,2024-11-04,64.0
CB-1103,2024-11-11,64.0
CB-1103,2024-11-18,48.8
CB-1103,2024-11-25,55.0
CB-1103,2024-12-02,54.2
CB-1103,2024-12-09,55.2
CB-1103,2024-12-16,59.2
CB-1103,2024-12-23,51.5
CB-1103,2024-12-30,46.5
CB-1103,2025-01-06,49.0
CB-1103,2025-01-13,60.5
CB-1103,2025-01-20,70.2
CB-1103,2025-01-27,94.8
CB-1103,2025-02-03,105.2
CB-1103,2025-02-10,105.2
CB-1103,2025-02-17,120.0
CB-1103,2025-02-24,109.8
CB-1103,2025-03-03,106.2
CB-1103,2025-03-10,103.2
CB-1103,2025-03-17,102.2
CB-1103,2025-03-24,103.8
CB-1103,2025-03-31,98.5
CB-1103,2025-04-07,103.5
CB-1103,2025-04-14,84.5
CB-1103,2025-04-21,88.2
CB-1103,2025-04-28,96.0
CB-1103,2025-05-05,89.0
CB-1103,2025-05-12,98.8
CB-1103,2025-05-19,82.2
CB-1103,2025-05-26,78.8
CB-1103,2025-06-02,75.2
CB-1103,2025-06-09,89.0
CB-1103,2025-06-16,99.2
CB-1103,2025-06-23,92.2
CB-1103,2025-06-30,84.8
CB-1103,2025-07-07,71.0
CB-1103,2025-07-14,65.8
CB-1103,2025-07-21,63.0
CB-1103,2025-07-28,71.8
CB-1103,2025-08-04,65.2
CB-1103,2025-08-11,69.0
CB-1103,2025-08-18,72.0
CB-1103,2025-08-25,69.5
CB-1103,2025-09-01,66.0
CB-1103,2025-09-08,63.2
CB-1103,2025-09-15,64.8
CB-1103,2025-09-22,69.0
CB-1103,2025-09-29,68.0
CB-1103,2025-10-06,62.2
CB-1103,2025-10-13,59.8
CB-1103,2025-10-20,59.0
CB-1103,2025-10-27,49.8
CB-1103,2025-11-03,45.2
CB-1103,2025-11-10,52.8
CB-1103,2025-11-17,59.5
CB-1103,2025-11-24,63.5
CB-1103,2025-12-01,76.2
CB-1103,2025-12-08,70.5
CB-1103,2025-12-15,62.0
CB-1103,2025-12-22,69.7
CB-1104,2024-01-01,110.0
CB-1104,2024-01-08,112.5
CB-1104,2024-01-15,111.3
CB-1104,2024-01-22,116.2
CB-1104,2024-01-29,119.2
CB-1104,2024-02-05,121.8
CB-1104,2024-02-12,128.2
CB-1104,2024-02-19,128.8
CB-1104,2024-02-26,134.8
CB-1104,2024-03-04,135.5
CB-1104,2024-03-11,132.8
CB-1104,2024-03-18,133.8
CB-1104,2024-03-25,132.8
CB-1104,2024-04-01,132.5
CB-1104,2024-04-08,133.0
CB-1104,2024-04-15,134.5
CB-1104,2024-04-22,131.8
CB-1104,2024-04-29,130.5
CB-1104,2024-05-06,135.8
CB-1104,2024-05-13,131.8
CB-1104,2024-05-20,135.0
CB-1104,2024-05-27,136.8
CB-1104,2024-06-03,132.2
CB-1104,2024-06-10,130.8
CB-1104,2024-06-17,118.2
CB-1104,2024-06-24,112.5
CB-1104,2024-07-01,108.2
CB-1104,2024-07-08,106.2
CB-1104,2024-07-15,105.8
CB-1104,2024-07-22,105.2
CB-1104,2024-07-29,100.2
CB-1104,2024-08-05,97.2
CB-1104,2024-08-12,98.2
CB-1104,2024-08-19,97.2
CB-1104,2024-08-26,99.5
CB-1104,2024-09-02,98.0
CB-1104,2024-09-09,98.2
CB-1104,2024-09-16,95.2
CB-1104,2024-09-23,97.8
CB-1104,2024-09-30,94.5
CB-1104,2024-10-07,92.2
CB-1104,2024-10-14,95.0
CB-1104,2024-10-21,92.2
CB-1104,2024-10-28,96.8
CB-1104,2024-11-04,100.8
CB-1104,2024-11-11,97.2
CB-1104,2024-11-18,101.8
CB-1104,2024-11-25,103.5
CB-1104,2024-12-02,108.2
CB-1104,2024-12-09,111.2
CB-1104,2024-12-16,112.2
CB-1104,2024-12-23,115.0
CB-1104,2024-12-30,117.8
CB-1104,2025-01-06,127.2
CB-1104,2025-01-13,131.8
CB-1104,2025-01-20,134.2
CB-1104,2025-01-27,136.2
CB-1104,2025-02-03,138.5
CB-1104,2025-02-10,142.2
CB-1104,2025-02-17,151.2
CB-1104,2025-02-24,154.8
CB-1104,2025-03-03,153.8
CB-1104,2025-03-10,154.8
CB-1104,2025-03-17,161.8
CB-1104,2025-03-24,167.8
CB-1104,2025-03-31,163.0
CB-1104,2025-04-07,163.2
CB-1104,2025-04-14,157.8
CB-1104,2025-04-21,151.5
CB-1104,2025-04-28,158.5
CB-1104,2025-05-05,156.0
CB-1104,2025-05-12,152.8
CB-1104,2025-05-19,147.5
CB-1104,2025-05-26,150.0
CB-1104,2025-06-02,147.8
CB-1104,2025-06-09,140.5
CB-1104,2025-06-16,143.8
CB-1104,2025-06-23,132.8
CB-1104,2025-06-30,128.0
CB-1104,2025-07-07,125.5
CB-1104,2025-07-14,124.0
CB-1104,2025-07-21,122.8
CB-1104,2025-07-28,115.8
CB-1104,2025-08-04,112.5
CB-1104,2025-08-11,105.2
CB-1104,2025-08-18,105.8
CB-1104,2025-08-25,113.0
CB-1104,2025-09-01,115.2
CB-1104,2025-09-08,113.0
CB-1104,2025-09-15,108.5
CB-1104,2025-09-22,106.2
CB-1104,2025-09-29,102.2
CB-1104,2025-10-06,100.8
CB-1104,2025-10-13,102.2
CB-1104,2025-10-20,97.5
CB-1104,2025-10-27,99.0
CB-1104,2025-11-03,102.0
CB-1104,2025-11-10,107.0
CB-1104,2025-11-17,111.8
CB-1104,2025-11-24,113.0
CB-1104,2025-12-01,113.0
CB-1104,2025-12-08,115.8
CB-1104,2025-12-15,120.8
CB-1104,2025-12-22,124.7
CB-1105,2024-01-01,85.0
CB-1105,2024-01-08,79.5
CB-1105,2024-01-15,80.0
CB-1105,2024-01-22,82.5
CB-1105,2024-01-29,81.2
CB-1105,2024-02-05,84.5
CB-1105,2024-02-12,86.5
CB-1105,2024-02-19,84.2
CB-1105,2024-02-26,87.5
CB-1105,2024-03-04,89.2
CB-1105,2024-03-11,91.5
CB-1105,2024-03-18,92.8
CB-1105,2024-03-25,93.2
CB-1105,2024-04-01,96.2
CB-1105,2024-04-08,99.5
CB-1105,2024-04-15,104.0
CB-1105,2024-04-22,101.5
CB-1105,2024-04-29,99.0
CB-1105,2024-05-06,93.2
CB-1105,2024-05-13,90.2
CB-1105,2024-05-20,89.8
CB-1105,2024-05-27,84.5
CB-1105,2024-06-03,83.2
CB-1105,2024-06-10,82.2
CB-1105,2024-06-17,82.2
CB-1105,2024-06-24,83.8
CB-1105,2024-07-01,82.5
CB-1105,2024-07-08,79.8
CB-1105,2024-07-15,77.8
CB-1105,2024-07-22,74.8
CB-1105,2024-07-29,72.5
CB-1105,2024-08-05,72.2
CB-1105,2024-08-12,70.0
CB-1105,2024-08-19,68.8
CB-1105,2024-08-26,67.2
CB-1105,2024-09-02,63.5
CB-1105,2024-09-09,61.8
CB-1105,2024-09-16,61.2
CB-1105,2024-09-23,60.0
CB-1105,2024-09-30,59.8
CB-1105,2024-10-07,59.5
CB-1105,2024-10-14,59.8
CB-1105,2024-10-21,62.0
CB-1105,2024-10-28,63.0
CB-1105,2024-11-04,62.5
CB-1105,2024-11-11,64.8
CB-1105,2024-11-18,65.8
CB-1105,2024-11-25,66.5
CB-1105,2024-12-02,72.5
CB-1105,2024-12-09,71.8
CB-1105,2024-12-16,75.8
CB-1105,2024-12-23,79.8
CB-1105,2024-12-30,77.2
CB-1105,2025-01-06,82.5
CB-1105,2025-01-13,82.8
CB-1105,2025-01-20,84.5
CB-1105,2025-01-27,89.8
CB-1105,2025-02-03,91.5
CB-1105,2025-02-10,93.8
CB-1105,2025-02-17,93.0
CB-1105,2025-02-24,98.8
CB-1105,2025-03-03,100.2
CB-1105,2025-03-10,101.0
CB-1105,2025-03-17,103.5
CB-1105,2025-03-24,103.5
CB-1105,2025-03-31,101.8
CB-1105,2025-04-07,103.8
CB-1105,2025-04-14,105.0
CB-1105,2025-04-21,101.8
CB-1105,2025-04-28,101.5
CB-1105,2025-05-05,99.0
CB-1105,2025-05-12,99.0
CB-1105,2025-05-19,99.2
CB-1105,2025-05-26,98.2
CB-1105,2025-06-02,97.5
CB-1105,2025-06-09,97.0
CB-1105,2025-06-16,91.2
CB-1105,2025-06-23,90.5
CB-1105,2025-06-30,86.5
CB-1105,2025-07-07,80.5
CB-1105,2025-07-14,81.5
CB-1105,2025-07-21,78.2
CB-1105,2025-07-28,75.8
CB-1105,2025-08-04,77.2
CB-1105,2025-08-11,76.0
CB-1105,2025-08-18,72.2
CB-1105,2025-08-25,70.5
CB-1105,2025-09-01,68.0
CB-1105,2025-09-08,65.2
CB-1105,2025-09-15,69.2
CB-1105,2025-09-22,71.5
CB-1105,2025-09-29,71.0
CB-1105,2025-10-06,70.0
CB-1105,2025-10-13,69.2
CB-1105,2025-10-20,67.5
CB-1105,2025-10-27,70.0
CB-1105,2025-11-03,73.5
CB-1105,2025-11-10,73.2
CB-1105,2025-11-17,78.2
CB-1105,2025-11-24,82.2
CB-1105,2025-12-01,83.8
CB-1105,2025-12-08,88.5
CB-1105,2025-12-15,89.2
CB-1105,2025-12-22,87.0
CB-1106,2024-01-01,59.0
CB-1106,2024-01-08,64.5
CB-1106,2024-01-15,61.0
CB-1106,2024-01-22,61.5
CB-1106,2024-01-29,65.0
CB-1106,2024-02-05,64.0
CB-1106,2024-02-12,67.5
CB-1106,2024-02-19,68.2
CB-1106,2024-02-26,66.5
CB-1106,2024-03-04,65.5
CB-1106,2024-03-11,65.8
CB-1106,2024-03-18,66.2
CB-1106,2024-03-25,68.5
CB-1106,2024-04-01,70.2
CB-1106,2024-04-08,70.8
CB-1106,2024-04-15,71.5
CB-1106,2024-04-22,71.0
CB-1106,2024-04-29,71.0
CB-1106,2024-05-06,69.5
CB-1106,2024-05-13,69.5
CB-1106,2024-05-20,70.0
CB-1106,2024-05-27,69.8
CB-1106,2024-06-03,69.2
CB-1106,2024-06-10,67.5
CB-1106,2024-06-17,61.8
CB-1106,2024-06-24,59.8
CB-1106,2024-07-01,58.2
CB-1106,2024-07-08,55.5
CB-1106,2024-07-15,55.8
CB-1106,2024-07-22,54.0
CB-1106,2024-07-29,54.0
CB-1106,2024-08-05,54.8
CB-1106,2024-08-12,53.2
CB-1106,2024-08-19,51.8
CB-1106,2024-08-26,49.2
CB-1106,2024-09-02,48.0
CB-1106,2024-09-09,48.2
CB-1106,2024-09-16,48.2
CB-1106,2024-09-23,48.8
CB-1106,2024-09-30,47.2
CB-1106,2024-10-07,48.5
CB-1106,2024-10-14,48.8
CB-1106,2024-10-21,48.0
CB-1106,2024-10-28,49.2
CB-1106,2024-11-04,50.2
CB-1106,2024-11-11,51.0
CB-1106,2024-11-18,54.2
CB-1106,2024-11-25,55.2
CB-1106,2024-12-02,54.8
CB-1106,2024-12-09,58.0
CB-1106,2024-12-16,57.8
CB-1106,2024-12-23,61.5
CB-1106,2024-12-30,65.0
CB-1106,2025-01-06,65.0
CB-1106,2025-01-13,68.0
CB-1106,2025-01-20,68.2
CB-1106,2025-01-27,70.2
CB-1106,2025-02-03,76.2
CB-1106,2025-02-10,77.8
CB-1106,2025-02-17,81.0
CB-1106,2025-02-24,82.0
CB-1106,2025-03-03,80.5
CB-1106,2025-03-10,81.8
CB-1106,2025-03-17,80.2
CB-1106,2025-03-24,81.2
CB-1106,2025-03-31,81.0
CB-1106,2025-04-07,80.0
CB-1106,2025-04-14,83.0
CB-1106,2025-04-21,82.5
CB-1106,2025-04-28,82.2
CB-1106,2025-05-05,85.2
CB-1106,2025-05-12,79.8
CB-1106,2025-05-19,80.2
CB-1106,2025-05-26,77.8
CB-1106,2025-06-02,74.2
CB-1106,2025-06-09,74.8
CB-1106,2025-06-16,69.8
CB-1106,2025-06-23,71.2
CB-1106,2025-06-30,71.5
CB-1106,2025-07-07,70.0
CB-1106,2025-07-14,69.8
CB-1106,2025-07-21,66.0
CB-1106,2025-07-28,64.0
CB-1106,2025-08-04,60.2
CB-1106,2025-08-11,58.8
CB-1106,2025-08-18,56.5
CB-1106,2025-08-25,50.5
CB-1106,2025-09-01,51.5
CB-1106,2025-09-08,52.2
CB-1106,2025-09-15,51.8
CB-1106,2025-09-22,54.8
CB-1106,2025-09-29,56.2
CB-1106,2025-10-06,54.2
CB-1106,2025-10-13,55.5
CB-1106,2025-10-20,53.5
CB-1106,2025-10-27,52.2
CB-1106,2025-11-03,54.5
CB-1106,2025-11-10,55.8
CB-1106,2025-11-17,59.5
CB-1106,2025-11-24,62.2
CB-1106,2025-12-01,66.0
CB-1106,2025-12-08,67.2
CB-1106,2025-12-15,71.2
CB-1106,2025-12-22,73.7
CB-1107,2024-01-01,105.0
CB-1107,2024-01-08,104.0
CB-1107,2024-01-15,106.3
CB-1107,2024-01-22,110.5
CB-1107,2024-01-29,114.0
CB-1107,2024-02-05,120.8
CB-1107,2024-02-12,121.5
CB-1107,2024-02-19,119.5
CB-1107,2024-02-26,121.0
CB-1107,2024-03-04,120.0
CB-1107,2024-03-11,123.0
CB-1107,2024-03-18,123.8
CB-1107,2024-03-25,127.8
CB-1107,2024-04-01,127.5
CB-1107,2024-04-08,131.8
CB-1107,2024-04-15,134.2
CB-1107,2024-04-22,132.5
CB-1107,2024-04-29,134.0
CB-1107,2024-05-06,127.2
CB-1107,2024-05-13,126.8
CB-1107,2024-05-20,127.8
CB-1107,2024-05-27,125.0
CB-1107,2024-06-03,126.8
CB-1107,2024-06-10,124.8
CB-1107,2024-06-17,118.2
CB-1107,2024-06-24,115.2
CB-1107,2024-07-01,111.5
CB-1107,2024-07-08,108.8
CB-1107,2024-07-15,102.5
CB-1107,2024-07-22,99.8
CB-1107,2024-07-29,95.5
CB-1107,2024-08-05,90.5
CB-1107,2024-08-12,93.0
CB-1107,2024-08-19,89.0
CB-1107,2024-08-26,85.0
CB-1107,2024-09-02,85.5
CB-1107,2024-09-09,79.5
CB-1107,2024-09-16,76.5
CB-1107,2024-09-23,79.8
CB-1107,2024-09-30,78.5
CB-1107,2024-10-07,81.8
CB-1107,2024-10-14,84.8
CB-1107,2024-10-21,82.0
CB-1107,2024-10-28,81.0
CB-1107,2024-11-04,81.5
CB-1107,2024-11-11,82.0
CB-1107,2024-11-18,87.2
CB-1107,2024-11-25,91.0
CB-1107,2024-12-02,95.0
CB-1107,2024-12-09,101.0
CB-1107,2024-12-16,104.5
CB-1107,2024-12-23,110.0
CB-1107,2024-12-30,112.2
CB-1107,2025-01-06,116.0
CB-1107,2025-01-13,119.5
CB-1107,2025-01-20,115.8
CB-1107,2025-01-27,121.8
CB-1107,2025-02-03,125.0
CB-1107,2025-02-10,129.0
CB-1107,2025-02-17,134.5
CB-1107,2025-02-24,134.5
CB-1107,2025-03-03,133.2
CB-1107,2025-03-10,135.8
CB-1107,2025-03-17,136.8
CB-1107,2025-03-24,136.0
CB-1107,2025-03-31,141.2
CB-1107,2025-04-07,137.5
CB-1107,2025-04-14,138.8
CB-1107,2025-04-21,143.5
CB-1107,2025-04-28,143.8
CB-1107,2025-05-05,146.5
CB-1107,2025-05-12,150.0
CB-1107,2025-05-19,144.8
CB-1107,2025-05-26,139.2
CB-1107,2025-06-02,132.8
CB-1107,2025-06-09,128.0
CB-1107,2025-06-16,124.2
CB-1107,2025-06-23,120.5
CB-1107,2025-06-30,120.2
CB-1107,2025-07-07,119.0
CB-1107,2025-07-14,118.0
CB-1107,2025-07-21,119.8
CB-1107,2025-07-28,114.0
CB-1107,2025-08-04,104.8
CB-1107,2025-08-11,102.5
CB-1107,2025-08-18,94.5
CB-1107,2025-08-25,93.2
CB-1107,2025-09-01,91.8
CB-1107,2025-09-08,87.2
CB-1107,2025-09-15,85.0
CB-1107,2025-09-22,84.0
CB-1107,2025-09-29,86.2
CB-1107,2025-10-06,88.2
CB-1107,2025-10-13,94.0
CB-1107,2025-10-20,97.0
CB-1107,2025-10-27,96.2
CB-1107,2025-11-03,99.2
CB-1107,2025-11-10,99.5
CB-1107,2025-11-17,100.8
CB-1107,2025-11-24,106.8
CB-1107,2025-12-01,109.2
CB-1107,2025-12-08,110.8
CB-1107,2025-12-15,114.2
CB-1107,2025-12-22,115.7
CB-1108,2024-01-01,98.0
CB-1108,2024-01-08,95.5
CB-1108,2024-01-15,94.0
CB-1108,2024-01-22,96.8
CB-1108,2024-01-29,103.2
CB-1108,2024-02-05,108.2
CB-1108,2024-02-12,114.8
CB-1108,2024-02-19,113.0
CB-1108,2024-02-26,113.0
CB-1108,2024-03-04,115.2
CB-1108,2024-03-11,115.0
CB-1108,2024-03-18,121.8
CB-1108,2024-03-25,122.0
CB-1108,2024-04-01,119.8
CB-1108,2024-04-08,122.5
CB-1108,2024-04-15,125.0
CB-1108,2024-04-22,123.8
CB-1108,2024-04-29,123.5
CB-1108,2024-05-06,121.0
CB-1108,2024-05-13,118.5
CB-1108,2024-05-20,114.5
CB-1108,2024-05-27,116.0
CB-1108,2024-06-03,112.8
CB-1108,2024-06-10,109.0
CB-1108,2024-06-17,108.0
CB-1108,2024-06-24,102.8
CB-1108,2024-07-01,104.5
CB-1108,2024-07-08,98.5
CB-1108,2024-07-15,97.8
CB-1108,2024-07-22,99.5
CB-1108,2024-07-29,95.0
CB-1108,2024-08-05,92.8
CB-1108,2024-08-12,87.5
CB-1108,2024-08-19,81.0
CB-1108,2024-08-26,78.2
CB-1108,2024-09-02,79.2
CB-1108,2024-09-09,78.0
CB-1108,2024-09-16,76.8
CB-1108,2024-09-23,74.8
CB-1108,2024-09-30,74.0
CB-1108,2024-10-07,79.5
CB-1108,2024-10-14,80.0
CB-1108,2024-10-21,80.5
CB-1108,2024-10-28,80.2
CB-1108,2024-11-04,79.8
CB-1108,2024-11-11,83.2
CB-1108,2024-11-18,85.5
CB-1108,2024-11-25,89.2
CB-1108,2024-12-02,89.5
CB-1108,2024-12-09,93.2
CB-1108,2024-12-16,103.8
CB-1108,2024-12-23,109.0
CB-1108,2024-12-30,113.8
CB-1108,2025-01-06,115.0
CB-1108,2025-01-13,109.8
CB-1108,2025-01-20,113.8
CB-1108,2025-01-27,119.0
CB-1108,2025-02-03,122.5
CB-1108,2025-02-10,131.8
CB-1108,2025-02-17,132.8
CB-1108,2025-02-24,135.5
CB-1108,2025-03-03,139.8
CB-1108,2025-03-10,138.0
CB-1108,2025-03-17,136.8
CB-1108,2025-03-24,135.5
CB-1108,2025-03-31,137.8
CB-1108,2025-04-07,137.0
CB-1108,2025-04-14,140.8
CB-1108,2025-04-21,137.5
CB-1108,2025-04-28,136.2
CB-1108,2025-05-05,137.2
CB-1108,2025-05-12,131.2
CB-1108,2025-05-19,131.8
CB-1108,2025-05-26,129.8
CB-1108,2025-06-02,123.2
CB-1108,2025-06-09,121.0
CB-1108,2025-06-16,118.5
CB-1108,2025-06-23,118.0
CB-1108,2025-06-30,116.5
CB-1108,2025-07-07,117.0
CB-1108,2025-07-14,114.5
CB-1108,2025-07-21,105.2
CB-1108,2025-07-28,104.2
CB-1108,2025-08-04,99.5
CB-1108,2025-08-11,95.8
CB-1108,2025-08-18,91.5
CB-1108,2025-08-25,89.0
CB-1108,2025-09-01,89.8
CB-1108,2025-09-08,89.0
CB-1108,2025-09-15,93.0
CB-1108,2025-09-22,93.2
CB-1108,2025-09-29,91.2
CB-1108,2025-10-06,90.2
CB-1108,2025-10-13,88.0
CB-1108,2025-10-20,85.2
CB-1108,2025-10-27,86.2
CB-1108,2025-11-03,89.5
CB-1108,2025-11-10,96.0
CB-1108,2025-11-17,102.5
CB-1108,2025-11-24,104.2
CB-1108,2025-12-01,104.0
CB-1108,2025-12-08,103.5
CB-1108,2025-12-15,107.8
CB-1108,2025-12-22,110.7
CB-1109,2024-01-01,47.0
CB-1109,2024-01-08,43.5
CB-1109,2024-01-15,46.7
CB-1109,2024-01-22,46.0
CB-1109,2024-01-29,47.5
CB-1109,2024-02-05,50.0
CB-1109,2024-02-12,49.5
CB-1109,2024-02-19,51.5
CB-1109,2024-02-26,52.0
CB-1109,2024-03-04,53.5
CB-1109,2024-03-11,55.5
CB-1109,2024-03-18,57.8
CB-1109,2024-03-25,58.2
CB-1109,2024-04-01,60.0
CB-1109,2024-04-08,59.2
CB-1109,2024-04-15,59.0
CB-1109,2024-04-22,58.8
CB-1109,2024-04-29,56.0
CB-1109,2024-05-06,55.5
CB-1109,2024-05-13,54.2
CB-1109,2024-05-20,53.0
CB-1109,2024-05-27,53.0
CB-1109,2024-06-03,52.8
CB-1109,2024-06-10,51.0
CB-1109,2024-06-17,47.2
CB-1109,2024-06-24,47.2
CB-1109,2024-07-01,44.8
CB-1109,2024-07-08,42.8
CB-1109,2024-07-15,43.2
CB-1109,2024-07-22,40.2
CB-1109,2024-07-29,39.0
CB-1109,2024-08-05,38.0
CB-1109,2024-08-12,37.5
CB-1109,2024-08-19,37.0
CB-1109,2024-08-26,38.0
CB-1109,2024-09-02,38.5
CB-1109,2024-09-09,39.2
CB-1109,2024-09-16,38.2
CB-1109,2024-09-23,36.8
CB-1109,2024-09-30,36.5
CB-1109,2024-10-07,35.2
CB-1109,2024-10-14,35.5
CB-1109,2024-10-21,36.2
CB-1109,2024-10-28,37.2
CB-1109,2024-11-04,38.5
CB-1109,2024-11-11,38.8
CB-1109,2024-11-18,39.0
CB-1109,2024-11-25,38.2
CB-1109,2024-12-02,39.5
CB-1109,2024-12-09,42.0
CB-1109,2024-12-16,43.5
CB-1109,2024-12-23,46.2
CB-1109,2024-12-30,48.2
CB-1109,2025-01-06,50.0
CB-1109,2025-01-13,50.5
CB-1109,2025-01-20,51.5
CB-1109,2025-01-27,53.0
CB-1109,2025-02-03,55.8
CB-1109,2025-02-10,58.0
CB-1109,2025-02-17,60.2
CB-1109,2025-02-24,62.0
CB-1109,2025-03-03,61.0
CB-1109,2025-03-10,63.5
CB-1109,2025-03-17,65.0
CB-1109,2025-03-24,66.0
CB-1109,2025-03-31,67.2
CB-1109,2025-04-07,69.0
CB-1109,2025-04-14,66.8
CB-1109,2025-04-21,67.5
CB-1109,2025-04-28,67.2
CB-1109,2025-05-05,65.2
CB-1109,2025-05-12,64.8
CB-1109,2025-05-19,62.2
CB-1109,2025-05-26,62.0
CB-1109,2025-06-02,58.2
CB-1109,2025-06-09,57.2
CB-1109,2025-06-16,52.8
CB-1109,2025-06-23,49.5
CB-1109,2025-06-30,48.5
CB-1109,2025-07-07,47.0
CB-1109,2025-07-14,50.5
CB-1109,2025-07-21,51.0
CB-1109,2025-07-28,49.0
CB-1109,2025-08-04,48.5
CB-1109,2025-08-11,45.2
CB-1109,2025-08-18,42.2
CB-1109,2025-08-25,42.8
CB-1109,2025-09-01,41.8
CB-1109,2025-09-08,39.2
CB-1109,2025-09-15,38.2
CB-1109,2025-09-22,38.0
CB-1109,2025-09-29,37.8
CB-1109,2025-10-06,38.5
CB-1109,2025-10-13,39.0
CB-1109,2025-10-20,39.2
CB-1109,2025-10-27,40.5
CB-1109,2025-11-03,41.8
CB-1109,2025-11-10,44.8
CB-1109,2025-11-17,45.2
CB-1109,2025-11-24,46.0
CB-1109,2025-12-01,47.2
CB-1109,2025-12-08,48.0
CB-1109,2025-12-15,49.5
CB-1109,2025-12-22,50.0
CB-1110,2024-01-01,82.0
CB-1110,2024-01-08,90.0
CB-1110,2024-01-15,101.3
CB-1110,2024-01-22,104.2
CB-1110,2024-01-29,100.2
CB-1110,2024-02-05,103.2
CB-1110,2024-02-12,110.8
CB-1110,2024-02-19,98.8
CB-1110,2024-02-26,124.0
CB-1110,2024-03-04,124.0
CB-1110,2024-03-11,106.2
CB-1110,2024-03-18,107.0
CB-1110,2024-03-25,88.2
CB-1110,2024-04-01,68.5
CB-1110,2024-04-08,69.0
CB-1110,2024-04-15,74.5
CB-1110,2024-04-22,66.8
CB-1110,2024-04-29,89.5
CB-1110,2024-05-06,90.2
CB-1110,2024-05-13,86.0
CB-1110,2024-05-20,91.2
CB-1110,2024-05-27,86.2
CB-1110,2024-06-03,87.0
CB-1110,2024-06-10,85.0
CB-1110,2024-06-17,86.5
CB-1110,2024-06-24,81.0
CB-1110,2024-07-01,70.2
CB-1110,2024-07-08,71.5
CB-1110,2024-07-15,72.0
CB-1110,2024-07-22,74.0
CB-1110,2024-07-29,78.2
CB-1110,2024-08-05,82.2
CB-1110,2024-08-12,70.8
CB-1110,2024-08-19,59.8
CB-1110,2024-08-26,58.2
CB-1110,2024-09-02,61.2
CB-1110,2024-09-09,67.0
CB-1110,2024-09-16,70.2
CB-1110,2024-09-23,80.0
CB-1110,2024-09-30,69.8
CB-1110,2024-10-07,81.5
CB-1110,2024-10-14,80.5
CB-1110,2024-10-21,66.8
CB-1110,2024-10-28,68.5
CB-1110,2024-11-04,56.0
CB-1110,2024-11-11,55.5
CB-1110,2024-11-18,80.0
CB-1110,2024-11-25,85.2
CB-1110,2024-12-02,92.0
CB-1110,2024-12-09,96.2
CB-1110,2024-12-16,77.8
CB-1110,2024-12-23,86.0
CB-1110,2024-12-30,72.5
CB-1110,2025-01-06,69.5
CB-1110,2025-01-13,74.5
CB-1110,2025-01-20,81.0
CB-1110,2025-01-27,93.5
CB-1110,2025-02-03,109.0
CB-1110,2025-02-10,113.8
CB-1110,2025-02-17,116.5
CB-1110,2025-02-24,106.8
CB-1110,2025-03-03,111.8
CB-1110,2025-03-10,111.0
CB-1110,2025-03-17,109.0
CB-1110,2025-03-24,117.0
CB-1110,2025-03-31,110.8
CB-1110,2025-04-07,112.0
CB-1110,2025-04-14,93.2
CB-1110,2025-04-21,88.5
CB-1110,2025-04-28,82.0
CB-1110,2025-05-05,83.0
CB-1110,2025-05-12,84.5
CB-1110,2025-05-19,92.2
CB-1110,2025-05-26,79.2
CB-1110,2025-06-02,73.0
CB-1110,2025-06-09,86.5
CB-1110,2025-06-16,93.0
CB-1110,2025-06-23,106.5
CB-1110,2025-06-30,109.0
CB-1110,2025-07-07,91.5
CB-1110,2025-07-14,95.0
CB-1110,2025-07-21,108.0
CB-1110,2025-07-28,104.8
CB-1110,2025-08-04,126.2
CB-1110,2025-08-11,107.8
CB-1110,2025-08-18,83.0
CB-1110,2025-08-25,75.8
CB-1110,2025-09-01,55.2
CB-1110,2025-09-08,73.0
CB-1110,2025-09-15,78.5
CB-1110,2025-09-22,77.2
CB-1110,2025-09-29,73.0
CB-1110,2025-10-06,65.8
CB-1110,2025-10-13,74.2
CB-1110,2025-10-20,77.2
CB-1110,2025-10-27,71.5
CB-1110,2025-11-03,58.2
CB-1110,2025-11-10,65.8
CB-1110,2025-11-17,75.8
CB-1110,2025-11-24,91.0
CB-1110,2025-12-01,115.5
CB-1110,2025-12-08,121.8
CB-1110,2025-12-15,119.5
CB-1110,2025-12-22,130.3
CB-1111,2024-01-01,87.0
CB-1111,2024-01-08,88.5
CB-1111,2024-01-15,89.3
CB-1111,2024-01-22,96.2
CB-1111,2024-01-29,98.8
CB-1111,2024-02-05,109.0
CB-1111,2024-02-12,113.5
CB-1111,2024-02-19,117.8
CB-1111,2024-02-26,122.5
CB-1111,2024-03-04,116.2
CB-1111,2024-03-11,122.8
CB-1111,2024-03-18,123.5
CB-1111,2024-03-25,123.2
CB-1111,2024-04-01,126.8
CB-1111,2024-04-08,121.5
CB-1111,2024-04-15,117.8
CB-1111,2024-04-22,119.8
CB-1111,2024-04-29,119.0
CB-1111,2024-05-06,116.0
CB-1111,2024-05-13,113.5
CB-1111,2024-05-20,113.2
CB-1111,2024-05-27,111.8
CB-1111,2024-06-03,113.0
CB-1111,2024-06-10,110.0
CB-1111,2024-06-17,104.5
CB-1111,2024-06-24,105.0
CB-1111,2024-07-01,100.8
CB-1111,2024-07-08,101.2
CB-1111,2024-07-15,99.8
CB-1111,2024-07-22,94.8
CB-1111,2024-07-29,93.0
CB-1111,2024-08-05,88.5
CB-1111,2024-08-12,86.0
CB-1111,2024-08-19,82.5
CB-1111,2024-08-26,82.5
CB-1111,2024-09-02,82.2
CB-1111,2024-09-09,84.5
CB-1111,2024-09-16,85.0
CB-1111,2024-09-23,81.0
CB-1111,2024-09-30,82.0
CB-1111,2024-10-07,78.5
CB-1111,2024-10-14,81.8
CB-1111,2024-10-21,88.0
CB-1111,2024-10-28,86.5
CB-1111,2024-11-04,89.8
CB-1111,2024-11-11,87.5
CB-1111,2024-11-18,87.5
CB-1111,2024-11-25,92.2
CB-1111,2024-12-02,96.0
CB-1111,2024-12-09,101.8
CB-1111,2024-12-16,105.0
CB-1111,2024-12-23,112.5
CB-1111,2024-12-30,112.8
CB-1111,2025-01-06,110.8
CB-1111,2025-01-13,110.8
CB-1111,2025-01-20,112.2
CB-1111,2025-01-27,116.2
CB-1111,2025-02-03,123.5
CB-1111,2025-02-10,128.5
CB-1111,2025-02-17,126.5
CB-1111,2025-02-24,127.0
CB-1111,2025-03-03,130.2
CB-1111,2025-03-10,133.2
CB-1111,2025-03-17,137.0
CB-1111,2025-03-24,141.2
CB-1111,2025-03-31,139.2
CB-1111,2025-04-07,135.8
CB-1111,2025-04-14,130.2
CB-1111,2025-04-21,137.0
CB-1111,2025-04-28,141.5
CB-1111,2025-05-05,147.8
CB-1111,2025-05-12,148.8
CB-1111,2025-05-19,138.5
CB-1111,2025-05-26,130.0
CB-1111,2025-06-02,120.8
CB-1111,2025-06-09,118.2
CB-1111,2025-06-16,118.5
CB-1111,2025-06-23,119.5
CB-1111,2025-06-30,117.5
CB-1111,2025-07-07,115.0
CB-1111,2025-07-14,110.2
CB-1111,2025-07-21,104.0
CB-1111,2025-07-28,103.2
CB-1111,2025-08-04,102.0
CB-1111,2025-08-11,98.5
CB-1111,2025-08-18,97.8
CB-1111,2025-08-25,94.2
CB-1111,2025-09-01,90.8
CB-1111,2025-09-08,86.8
CB-1111,2025-09-15,82.5
CB-1111,2025-09-22,82.8
CB-1111,2025-09-29,84.8
CB-1111,2025-10-06,84.2
CB-1111,2025-10-13,88.2
CB-1111,2025-10-20,91.0
CB-1111,2025-10-27,87.5
CB-1111,2025-11-03,91.5
CB-1111,2025-11-10,96.2
CB-1111,2025-11-17,98.5
CB-1111,2025-11-24,101.0
CB-1111,2025-12-01,106.0
CB-1111,2025-12-08,104.5
CB-1111,2025-12-15,108.5
CB-1111,2025-12-22,114.7
CB-1112,2024-01-01,0.0
CB-1112,2024-01-08,0.0
CB-1112,2024-01-15,19.3
CB-1112,2024-01-22,22.8
CB-1112,2024-01-29,22.8
CB-1112,2024-02-05,22.8
CB-1112,2024-02-12,8.2
CB-1112,2024-02-19,0.0
CB-1112,2024-02-26,0.0
CB-1112,2024-03-04,0.0
CB-1112,2024-03-11,0.0
CB-1112,2024-03-18,0.0
CB-1112,2024-03-25,0.0
CB-1112,2024-04-01,0.0
CB-1112,2024-04-08,1.5
CB-1112,2024-04-15,1.5
CB-1112,2024-04-22,1.5
CB-1112,2024-04-29,1.5
CB-1112,2024-05-06,0.0
CB-1112,2024-05-13,0.0
CB-1112,2024-05-20,0.0
CB-1112,2024-05-27,0.0
CB-1112,2024-06-03,0.0
CB-1112,2024-06-10,0.0
CB-1112,2024-06-17,0.0
CB-1112,2024-06-24,0.0
CB-1112,2024-07-01,0.0
CB-1112,2024-07-08,0.0
CB-1112,2024-07-15,3.0
CB-1112,2024-07-22,3.0
CB-1112,2024-07-29,3.0
CB-1112,2024-08-05,3.0
CB-1112,2024-08-12,0.0
CB-1112,2024-08-19,0.0
CB-1112,2024-08-26,0.0
CB-1112,2024-09-02,0.0
CB-1112,2024-09-09,0.0
CB-1112,2024-09-16,0.0
CB-1112,2024-09-23,0.0
CB-1112,2024-09-30,0.0
CB-1112,2024-10-07,2.2
CB-1112,2024-10-14,2.2
CB-1112,2024-10-21,2.2
CB-1112,2024-10-28,2.2
CB-1112,2024-11-04,0.0
CB-1112,2024-11-11,0.0
CB-1112,2024-11-18,0.0
CB-1112,2024-11-25,0.0
CB-1112,2024-12-02,0.0
CB-1112,2024-12-09,0.0
CB-1112,2024-12-16,7.0
CB-1112,2024-12-23,7.0
CB-1112,2024-12-30,15.5
CB-1112,2025-01-06,15.5
CB-1112,2025-01-13,8.5
CB-1112,2025-01-20,8.5
CB-1112,2025-01-27,0.0
CB-1112,2025-02-03,0.0
CB-1112,2025-02-10,0.0
CB-1112,2025-02-17,0.0
CB-1112,2025-02-24,0.0
CB-1112,2025-03-03,0.0
CB-1112,2025-03-10,0.0
CB-1112,2025-03-17,0.0
CB-1112,2025-03-24,0.0
CB-1112,2025-03-31,0.0
CB-1112,2025-04-07,0.0
CB-1112,2025-04-14,0.0
CB-1112,2025-04-21,0.0
CB-1112,2025-04-28,0.0
CB-1112,2025-05-05,0.0
CB-1112,2025-05-12,0.0
CB-1112,2025-05-19,0.0
CB-1112,2025-05-26,0.0
CB-1112,2025-06-02,0.0
CB-1112,2025-06-09,0.0
CB-1112,2025-06-16,0.0
CB-1112,2025-06-23,0.0
CB-1112,2025-06-30,0.0
CB-1112,2025-07-07,0.0
CB-1112,2025-07-14,0.0
CB-1112,2025-07-21,0.0
CB-1112,2025-07-28,0.0
CB-1112,2025-08-04,0.0
CB-1112,2025-08-11,0.0
CB-1112,2025-08-18,0.0
CB-1112,2025-08-25,10.5
CB-1112,2025-09-01,10.5
CB-1112,2025-09-08,13.5
CB-1112,2025-09-15,13.5
CB-1112,2025-09-22,3.0
CB-1112,2025-09-29,3.0
CB-1112,2025-10-06,0.0
CB-1112,2025-10-13,0.0
CB-1112,2025-10-20,0.0
CB-1112,2025-10-27,0.0
CB-1112,2025-11-03,0.0
CB-1112,2025-11-10,11.8
CB-1112,2025-11-17,18.5
CB-1112,2025-11-24,18.5
CB-1112,2025-12-01,18.5
CB-1112,2025-12-08,14.5
CB-1112,2025-12-15,7.8
CB-1112,2025-12-22,10.3
CB-1113,2024-01-01,120.0
CB-1113,2024-01-08,115.5
CB-1113,2024-01-15,114.3
CB-1113,2024-01-22,120.0
CB-1113,2024-01-29,121.8
CB-1113,2024-02-05,126.8
CB-1113,2024-02-12,134.5
CB-1113,2024-02-19,132.8
CB-1113,2024-02-26,134.5
CB-1113,2024-03-04,138.0
CB-1113,2024-03-11,133.5
CB-1113,2024-03-18,137.5
CB-1113,2024-03-25,138.0
CB-1113,2024-04-01,140.2
CB-1113,2024-04-08,146.5
CB-1113,2024-04-15,147.0
CB-1113,2024-04-22,144.0
CB-1113,2024-04-29,140.5
CB-1113,2024-05-06,134.5
CB-1113,2024-05-13,131.5
CB-1113,2024-05-20,127.8
CB-1113,2024-05-27,121.5
CB-1113,2024-06-03,125.2
CB-1113,2024-06-10,123.5
CB-1113,2024-06-17,126.0
CB-1113,2024-06-24,124.8
CB-1113,2024-07-01,116.0
CB-1113,2024-07-08,112.2
CB-1113,2024-07-15,109.0
CB-1113,2024-07-22,111.2
CB-1113,2024-07-29,110.2
CB-1113,2024-08-05,107.0
CB-1113,2024-08-12,102.2
CB-1113,2024-08-19,96.0
CB-1113,2024-08-26,94.5
CB-1113,2024-09-02,92.0
CB-1113,2024-09-09,92.5
CB-1113,2024-09-16,92.5
CB-1113,2024-09-23,94.2
CB-1113,2024-09-30,95.0
CB-1113,2024-10-07,98.2
CB-1113,2024-10-14,99.5
CB-1113,2024-10-21,100.0
CB-1113,2024-10-28,100.0
CB-1113,2024-11-04,99.2
CB-1113,2024-11-11,100.0
CB-1113,2024-11-18,101.8
CB-1113,2024-11-25,107.8
CB-1113,2024-12-02,112.0
CB-1113,2024-12-09,118.2
CB-1113,2024-12-16,119.5
CB-1113,2024-12-23,123.8
CB-1113,2024-12-30,130.0
CB-1113,2025-01-06,133.8
CB-1113,2025-01-13,139.5
CB-1113,2025-01-20,143.2
CB-1113,2025-01-27,141.8
CB-1113,2025-02-03,144.2
CB-1113,2025-02-10,148.2
CB-1113,2025-02-17,145.5
CB-1113,2025-02-24,152.5
CB-1113,2025-03-03,150.2
CB-1113,2025-03-10,150.0
CB-1113,2025-03-17,155.8
CB-1113,2025-03-24,153.2
CB-1113,2025-03-31,158.5
CB-1113,2025-04-07,160.5
CB-1113,2025-04-14,157.8
CB-1113,2025-04-21,161.2
CB-1113,2025-04-28,157.5
CB-1113,2025-05-05,163.0
CB-1113,2025-05-12,163.2
CB-1113,2025-05-19,155.8
CB-1113,2025-05-26,152.5
CB-1113,2025-06-02,145.8
CB-1113,2025-06-09,141.8
CB-1113,2025-06-16,138.0
CB-1113,2025-06-23,139.8
CB-1113,2025-06-30,131.8
CB-1113,2025-07-07,131.0
CB-1113,2025-07-14,133.5
CB-1113,2025-07-21,128.2
CB-1113,2025-07-28,131.2
CB-1113,2025-08-04,122.2
CB-1113,2025-08-11,115.0
CB-1113,2025-08-18,111.0
CB-1113,2025-08-25,107.8
CB-1113,2025-09-01,113.5
CB-1113,2025-09-08,116.2
CB-1113,2025-09-15,113.8
CB-1113,2025-09-22,106.8
CB-1113,2025-09-29,101.0
CB-1113,2025-10-06,97.0
CB-1113,2025-10-13,102.5
CB-1113,2025-10-20,104.8
CB-1113,2025-10-27,107.8
CB-1113,2025-11-03,113.2
CB-1113,2025-11-10,109.0
CB-1113,2025-11-17,112.5
CB-1113,2025-11-24,113.5
CB-1113,2025-12-01,114.8
CB-1113,2025-12-08,121.0
CB-1113,2025-12-15,123.2
CB-1113,2025-12-22,126.7
CB-1114,2024-01-01,45.0
CB-1114,2024-01-08,43.5
CB-1114,2024-01-15,45.3
CB-1114,2024-01-22,45.8
CB-1114,2024-01-29,46.2
CB-1114,2024-02-05,47.5
CB-1114,2024-02-12,47.8
CB-1114,2024-02-19,51.0
CB-1114,2024-02-26,52.2
CB-1114,2024-03-04,52.5
CB-1114,2024-03-11,54.5
CB-1114,2024-03-18,52.5
CB-1114,2024-03-25,53.5
CB-1114,2024-04-01,54.5
CB-1114,2024-04-08,55.0
CB-1114,2024-04-15,55.0
CB-1114,2024-04-22,56.0
CB-1114,2024-04-29,55.2
CB-1114,2024-05-06,53.0
CB-1114,2024-05-13,54.2
CB-1114,2024-05-20,52.0
CB-1114,2024-05-27,54.5
CB-1114,2024-06-03,53.8
CB-1114,2024-06-10,51.5
CB-1114,2024-06-17,52.0
CB-1114,2024-06-24,47.0
CB-1114,2024-07-01,44.5
CB-1114,2024-07-08,42.5
CB-1114,2024-07-15,40.2
CB-1114,2024-07-22,39.2
CB-1114,2024-07-29,40.0
CB-1114,2024-08-05,40.0
CB-1114,2024-08-12,39.8
CB-1114,2024-08-19,40.8
CB-1114,2024-08-26,39.8
CB-1114,2024-09-02,39.5
CB-1114,2024-09-09,37.8
CB-1114,2024-09-16,36.2
CB-1114,2024-09-23,35.0
CB-1114,2024-09-30,33.5
CB-1114,2024-10-07,33.2
CB-1114,2024-10-14,34.0
CB-1114,2024-10-21,33.5
CB-1114,2024-10-28,34.5
CB-1114,2024-11-04,35.2
CB-1114,2024-11-11,36.5
CB-1114,2024-11-18,40.5
CB-1114,2024-11-25,41.8
CB-1114,2024-12-02,42.2
CB-1114,2024-12-09,41.5
CB-1114,2024-12-16,42.2
CB-1114,2024-12-23,42.8
CB-1114,2024-12-30,46.0
CB-1114,2025-01-06,50.5
CB-1114,2025-01-13,49.8
CB-1114,2025-01-20,52.8
CB-1114,2025-01-27,54.8
CB-1114,2025-02-03,56.0
CB-1114,2025-02-10,56.5
CB-1114,2025-02-17,56.2
CB-1114,2025-02-24,54.2
CB-1114,2025-03-03,54.8
CB-1114,2025-03-10,58.5
CB-1114,2025-03-17,56.8
CB-1114,2025-03-24,58.5
CB-1114,2025-03-31,59.0
CB-1114,2025-04-07,58.8
CB-1114,2025-04-14,62.2
CB-1114,2025-04-21,62.0
CB-1114,2025-04-28,59.5
CB-1114,2025-05-05,58.8
CB-1114,2025-05-12,57.8
CB-1114,2025-05-19,58.0
CB-1114,2025-05-26,59.0
CB-1114,2025-06-02,58.0
CB-1114,2025-06-09,58.0
CB-1114,2025-06-16,55.5
CB-1114,2025-06-23,52.0
CB-1114,2025-06-30,51.0
CB-1114,2025-07-07,48.5
CB-1114,2025-07-14,48.0
CB-1114,2025-07-21,46.8
CB-1114,2025-07-28,46.5
CB-1114,2025-08-04,45.8
CB-1114,2025-08-11,44.0
CB-1114,2025-08-18,43.5
CB-1114,2025-08-25,41.8
CB-1114,2025-09-01,39.5
CB-1114,2025-09-08,40.8
CB-1114,2025-09-15,40.5
CB-1114,2025-09-22,40.8
CB-1114,2025-09-29,41.2
CB-1114,2025-10-06,40.8
CB-1114,2025-10-13,41.0
CB-1114,2025-10-20,40.2
CB-1114,2025-10-27,41.8
CB-1114,2025-11-03,42.0
CB-1114,2025-11-10,44.5
CB-1114,2025-11-17,45.0
CB-1114,2025-11-24,45.8
CB-1114,2025-12-01,47.8
CB-1114,2025-12-08,47.5
CB-1114,2025-12-15,50.2
CB-1114,2025-12-22,51.3
CB-1115,2024-01-01,50.0
CB-1115,2024-01-08,52.0
CB-1115,2024-01-15,54.0
CB-1115,2024-01-22,55.0
CB-1115,2024-01-29,59.5
CB-1115,2024-02-05,62.5
CB-1115,2024-02-12,64.0
CB-1115,2024-02-19,64.5
CB-1115,2024-02-26,62.5
CB-1115,2024-03-04,65.0
CB-1115,2024-03-11,64.2
CB-1115,2024-03-18,66.0
CB-1115,2024-03-25,68.2
CB-1115,2024-04-01,65.5
CB-1115,2024-04-08,65.5
CB-1115,2024-04-15,64.2
CB-1115,2024-04-22,62.8
CB-1115,2024-04-29,62.0
CB-1115,2024-05-06,64.5
CB-1115,2024-05-13,64.8
CB-1115,2024-05-20,64.0
CB-1115,2024-05-27,64.0
CB-1115,2024-06-03,62.0
CB-1115,2024-06-10,60.5
CB-1115,2024-06-17,60.8
CB-1115,2024-06-24,57.8
CB-1115,2024-07-01,56.8
CB-1115,2024-07-08,55.5
CB-1115,2024-07-15,52.8
CB-1115,2024-07-22,52.0
CB-1115,2024-07-29,48.0
CB-1115,2024-08-05,45.0
CB-1115,2024-08-12,43.2
CB-1115,2024-08-19,43.2
CB-1115,2024-08-26,42.8
CB-1115,2024-09-02,42.2
CB-1115,2024-09-09,41.5
CB-1115,2024-09-16,40.0
CB-1115,2024-09-23,40.2
CB-1115,2024-09-30,41.2
CB-1115,2024-10-07,43.0
CB-1115,2024-10-14,44.8
CB-1115,2024-10-21,47.2
CB-1115,2024-10-28,46.8
CB-1115,2024-11-04,46.0
CB-1115,2024-11-11,46.8
CB-1115,2024-11-18,45.8
CB-1115,2024-11-25,49.5
CB-1115,2024-12-02,52.0
CB-1115,2024-12-09,54.8
CB-1115,2024-12-16,58.0
CB-1115,2024-12-23,60.2
CB-1115,2024-12-30,61.5
CB-1115,2025-01-06,61.5
CB-1115,2025-01-13,62.0
CB-1115,2025-01-20,60.5
CB-1115,2025-01-27,64.8
CB-1115,2025-02-03,67.5
CB-1115,2025-02-10,69.0
CB-1115,2025-02-17,74.2
CB-1115,2025-02-24,72.5
CB-1115,2025-03-03,70.0
CB-1115,2025-03-10,73.0
CB-1115,2025-03-17,70.0
CB-1115,2025-03-24,71.2
CB-1115,2025-03-31,74.8
CB-1115,2025-04-07,74.0
CB-1115,2025-04-14,77.2
CB-1115,2025-04-21,78.2
CB-1115,2025-04-28,78.2
CB-1115,2025-05-05,75.8
CB-1115,2025-05-12,74.0
CB-1115,2025-05-19,70.0
CB-1115,2025-05-26,70.0
CB-1115,2025-06-02,68.0
CB-1115,2025-06-09,65.8
CB-1115,2025-06-16,64.5
CB-1115,2025-06-23,59.8
CB-1115,2025-06-30,59.8
CB-1115,2025-07-07,57.8
CB-1115,2025-07-14,59.0
CB-1115,2025-07-21,58.5
CB-1115,2025-07-28,56.5
CB-1115,2025-08-04,55.5
CB-1115,2025-08-11,54.0
CB-1115,2025-08-18,53.5
CB-1115,2025-08-25,51.8
CB-1115,2025-09-01,50.2
CB-1115,2025-09-08,48.8
CB-1115,2025-09-15,47.5
CB-1115,2025-09-22,47.2
CB-1115,2025-09-29,48.5
CB-1115,2025-10-06,47.2
CB-1115,2025-10-13,48.5
CB-1115,2025-10-20,50.5
CB-1115,2025-10-27,49.2
CB-1115,2025-11-03,50.5
CB-1115,2025-11-10,50.0
CB-1115,2025-11-17,51.0
CB-1115,2025-11-24,53.5
CB-1115,2025-12-01,54.5
CB-1115,2025-12-08,55.0
CB-1115,2025-12-15,57.5
CB-1115,2025-12-22,58.0
CB-1116,2024-01-01,41.0
CB-1116,2024-01-08,49.5
CB-1116,2024-01-15,68.3
CB-1116,2024-01-22,71.5
CB-1116,2024-01-29,74.5
CB-1116,2024-02-05,72.2
CB-1116,2024-02-12,45.8
CB-1116,2024-02-19,47.0
CB-1116,2024-02-26,54.0
CB-1116,2024-03-04,54.8
CB-1116,2024-03-11,63.0
CB-1116,2024-03-18,51.2
CB-1116,2024-03-25,50.0
CB-1116,2024-04-01,53.0
CB-1116,2024-04-08,65.2
CB-1116,2024-04-15,72.5
CB-1116,2024-04-22,75.2
CB-1116,2024-04-29,77.5
CB-1116,2024-05-06,77.5
CB-1116,2024-05-13,64.8
CB-1116,2024-05-20,51.8
CB-1116,2024-05-27,46.5
CB-1116,2024-06-03,46.2
CB-1116,2024-06-10,65.8
CB-1116,2024-06-17,70.2
CB-1116,2024-06-24,68.0
CB-1116,2024-07-01,52.0
CB-1116,2024-07-08,45.0
CB-1116,2024-07-15,41.8
CB-1116,2024-07-22,55.8
CB-1116,2024-07-29,60.2
CB-1116,2024-08-05,63.5
CB-1116,2024-08-12,67.8
CB-1116,2024-08-19,50.0
CB-1116,2024-08-26,53.0
CB-1116,2024-09-02,46.5
CB-1116,2024-09-09,42.0
CB-1116,2024-09-16,48.5
CB-1116,2024-09-23,50.2
CB-1116,2024-09-30,49.5
CB-1116,2024-10-07,50.2
CB-1116,2024-10-14,43.0
CB-1116,2024-10-21,40.2
CB-1116,2024-10-28,39.5
CB-1116,2024-11-04,33.0
CB-1116,2024-11-11,39.2
CB-1116,2024-11-18,40.2
CB-1116,2024-11-25,35.2
CB-1116,2024-12-02,42.8
CB-1116,2024-12-09,42.2
CB-1116,2024-12-16,54.0
CB-1116,2024-12-23,62.5
CB-1116,2024-12-30,71.2
CB-1116,2025-01-06,74.0
CB-1116,2025-01-13,56.0
CB-1116,2025-01-20,60.5
CB-1116,2025-01-27,53.0
CB-1116,2025-02-03,53.2
CB-1116,2025-02-10,58.8
CB-1116,2025-02-17,57.0
CB-1116,2025-02-24,69.0
CB-1116,2025-03-03,78.2
CB-1116,2025-03-10,95.8
CB-1116,2025-03-17,107.2
CB-1116,2025-03-24,87.8
CB-1116,2025-03-31,74.2
CB-1116,2025-04-07,52.5
CB-1116,2025-04-14,45.2
CB-1116,2025-04-21,53.8
CB-1116,2025-04-28,58.0
CB-1116,2025-05-05,67.8
CB-1116,2025-05-12,65.2
CB-1116,2025-05-19,59.8
CB-1116,2025-05-26,54.2
CB-1116,2025-06-02,54.2
CB-1116,2025-06-09,57.0
CB-1116,2025-06-16,64.2
CB-1116,2025-06-23,65.8
CB-1116,2025-06-30,53.0
CB-1116,2025-07-07,49.5
CB-1116,2025-07-14,44.5
CB-1116,2025-07-21,41.8
CB-1116,2025-07-28,43.2
CB-1116,2025-08-04,30.5
CB-1116,2025-08-11,28.2
CB-1116,2025-08-18,31.2
CB-1116,2025-08-25,33.0
CB-1116,2025-09-01,39.2
CB-1116,2025-09-08,41.8
CB-1116,2025-09-15,51.5
CB-1116,2025-09-22,49.2
CB-1116,2025-09-29,49.0
CB-1116,2025-10-06,51.0
CB-1116,2025-10-13,37.8
CB-1116,2025-10-20,45.8
CB-1116,2025-10-27,49.2
CB-1116,2025-11-03,49.8
CB-1116,2025-11-10,61.8
CB-1116,2025-11-17,52.2
CB-1116,2025-11-24,46.2
CB-1116,2025-12-01,55.0
CB-1116,2025-12-08,55.2
CB-1116,2025-12-15,70.5
CB-1116,2025-12-22,80.7
CB-1117,2024-01-01,0.0
CB-1117,2024-01-08,17.0
CB-1117,2024-01-15,27.3
CB-1117,2024-01-22,28.2
CB-1117,2024-01-29,28.2
CB-1117,2024-02-05,23.8
CB-1117,2024-02-12,11.8
CB-1117,2024-02-19,4.0
CB-1117,2024-02-26,4.0
CB-1117,2024-03-04,0.0
CB-1117,2024-03-11,10.0
CB-1117,2024-03-18,10.0
CB-1117,2024-03-25,10.0
CB-1117,2024-04-01,18.5
CB-1117,2024-04-08,8.5
CB-1117,2024-04-15,8.5
CB-1117,2024-04-22,8.5
CB-1117,2024-04-29,0.0
CB-1117,2024-05-06,0.0
CB-1117,2024-05-13,0.0
CB-1117,2024-05-20,0.0
CB-1117,2024-05-27,13.8
CB-1117,2024-06-03,13.8
CB-1117,2024-06-10,13.8
CB-1117,2024-06-17,13.8
CB-1117,2024-06-24,0.0
CB-1117,2024-07-01,0.0
CB-1117,2024-07-08,0.0
CB-1117,2024-07-15,0.0
CB-1117,2024-07-22,0.0
CB-1117,2024-07-29,0.0
CB-1117,2024-08-05,0.0
CB-1117,2024-08-12,0.0
CB-1117,2024-08-19,0.0
CB-1117,2024-08-26,0.0
CB-1117,2024-09-02,0.0
CB-1117,2024-09-09,0.0
CB-1117,2024-09-16,0.0
CB-1117,2024-09-23,0.0
CB-1117,2024-09-30,0.0
CB-1117,2024-10-07,9.2
CB-1117,2024-10-14,9.2
CB-1117,2024-10-21,9.2
CB-1117,2024-10-28,9.2
CB-1117,2024-11-04,5.2
CB-1117,2024-11-11,5.2
CB-1117,2024-11-18,5.2
CB-1117,2024-11-25,5.2
CB-1117,2024-12-02,7.0
CB-1117,2024-12-09,7.0
CB-1117,2024-12-16,7.0
CB-1117,2024-12-23,7.0
CB-1117,2024-12-30,0.0
CB-1117,2025-01-06,0.0
CB-1117,2025-01-13,0.0
CB-1117,2025-01-20,0.0
CB-1117,2025-01-27,0.0
CB-1117,2025-02-03,0.0
CB-1117,2025-02-10,0.0
CB-1117,2025-02-17,0.0
CB-1117,2025-02-24,0.0
CB-1117,2025-03-03,0.0
CB-1117,2025-03-10,0.0
CB-1117,2025-03-17,0.0
CB-1117,2025-03-24,0.0
CB-1117,2025-03-31,0.0
CB-1117,2025-04-07,0.0
CB-1117,2025-04-14,9.5
CB-1117,2025-04-21,9.5
CB-1117,2025-04-28,9.5
CB-1117,2025-05-05,9.5
CB-1117,2025-05-12,12.8
CB-1117,2025-05-19,12.8
CB-1117,2025-05-26,12.8
CB-1117,2025-06-02,12.8
CB-1117,2025-06-09,10.0
CB-1117,2025-06-16,10.0
CB-1117,2025-06-23,10.0
CB-1117,2025-06-30,10.0
CB-1117,2025-07-07,0.0
CB-1117,2025-07-14,0.0
CB-1117,2025-07-21,0.0
CB-1117,2025-07-28,6.8
CB-1117,2025-08-04,16.2
CB-1117,2025-08-11,16.2
CB-1117,2025-08-18,16.2
CB-1117,2025-08-25,18.5
CB-1117,2025-09-01,9.0
CB-1117,2025-09-08,10.8
CB-1117,2025-09-15,10.8
CB-1117,2025-09-22,1.8
CB-1117,2025-09-29,1.8
CB-1117,2025-10-06,11.0
CB-1117,2025-10-13,11.0
CB-1117,2025-10-20,11.0
CB-1117,2025-10-27,11.0
CB-1117,2025-11-03,0.0
CB-1117,2025-11-10,0.0
CB-1117,2025-11-17,0.0
CB-1117,2025-11-24,0.0
CB-1117,2025-12-01,0.0
CB-1117,2025-12-08,0.0
CB-1117,2025-12-15,0.0
CB-1117,2025-12-22,0.0
CB-1118,2024-01-01,108.0
CB-1118,2024-01-08,116.0
CB-1118,2024-01-15,117.3
CB-1118,2024-01-22,118.8
CB-1118,2024-01-29,122.5
CB-1118,2024-02-05,127.8
CB-1118,2024-02-12,128.5
CB-1118,2024-02-19,130.0
CB-1118,2024-02-26,129.5
CB-1118,2024-03-04,129.2
CB-1118,2024-03-11,131.2
CB-1118,2024-03-18,132.2
CB-1118,2024-03-25,135.2
CB-1118,2024-04-01,134.2
CB-1118,2024-04-08,132.8
CB-1118,2024-04-15,127.8
CB-1118,2024-04-22,130.0
CB-1118,2024-04-29,123.2
CB-1118,2024-05-06,127.8
CB-1118,2024-05-13,136.5
CB-1118,2024-05-20,133.0
CB-1118,2024-05-27,139.8
CB-1118,2024-06-03,135.0
CB-1118,2024-06-10,132.0
CB-1118,2024-06-17,128.5
CB-1118,2024-06-24,116.8
CB-1118,2024-07-01,113.5
CB-1118,2024-07-08,110.2
CB-1118,2024-07-15,109.2
CB-1118,2024-07-22,110.5
CB-1118,2024-07-29,108.2
CB-1118,2024-08-05,103.8
CB-1118,2024-08-12,99.8
CB-1118,2024-08-19,103.2
CB-1118,2024-08-26,99.5
CB-1118,2024-09-02,97.5
CB-1118,2024-09-09,97.8
CB-1118,2024-09-16,90.8
CB-1118,2024-09-23,90.5
CB-1118,2024-09-30,90.2
CB-1118,2024-10-07,89.2
CB-1118,2024-10-14,91.8
CB-1118,2024-10-21,90.5
CB-1118,2024-10-28,91.5
CB-1118,2024-11-04,93.8
CB-1118,2024-11-11,95.2
CB-1118,2024-11-18,101.5
CB-1118,2024-11-25,102.2
CB-1118,2024-12-02,103.5
CB-1118,2024-12-09,106.5
CB-1118,2024-12-16,108.2
CB-1118,2024-12-23,118.2
CB-1118,2024-12-30,125.8
CB-1118,2025-01-06,127.8
CB-1118,2025-01-13,138.2
CB-1118,2025-01-20,135.5
CB-1118,2025-01-27,137.0
CB-1118,2025-02-03,145.5
CB-1118,2025-02-10,137.8
CB-1118,2025-02-17,141.2
CB-1118,2025-02-24,142.2
CB-1118,2025-03-03,142.8
CB-1118,2025-03-10,151.5
CB-1118,2025-03-17,153.8
CB-1118,2025-03-24,156.2
CB-1118,2025-03-31,159.8
CB-1118,2025-04-07,160.0
CB-1118,2025-04-14,160.2
CB-1118,2025-04-21,160.5
CB-1118,2025-04-28,161.8
CB-1118,2025-05-05,160.0
CB-1118,2025-05-12,156.5
CB-1118,2025-05-19,148.2
CB-1118,2025-05-26,136.0
CB-1118,2025-06-02,131.2
CB-1118,2025-06-09,129.5
CB-1118,2025-06-16,130.2
CB-1118,2025-06-23,131.8
CB-1118,2025-06-30,128.0
CB-1118,2025-07-07,122.5
CB-1118,2025-07-14,122.0
CB-1118,2025-07-21,120.8
CB-1118,2025-07-28,116.5
CB-1118,2025-08-04,116.0
CB-1118,2025-08-11,107.5
CB-1118,2025-08-18,98.8
CB-1118,2025-08-25,97.5
CB-1118,2025-09-01,97.2
CB-1118,2025-09-08,98.0
CB-1118,2025-09-15,98.2
CB-1118,2025-09-22,98.8
CB-1118,2025-09-29,96.2
CB-1118,2025-10-06,96.5
CB-1118,2025-10-13,102.8
CB-1118,2025-10-20,103.5
CB-1118,2025-10-27,105.2
CB-1118,2025-11-03,108.0
CB-1118,2025-11-10,107.5
CB-1118,2025-11-17,113.8
CB-1118,2025-11-24,120.8
CB-1118,2025-12-01,123.2
CB-1118,2025-12-08,128.8
CB-1118,2025-12-15,131.2
CB-1118,2025-12-22,130.0
CB-1119,2024-01-01,0.0
CB-1119,2024-01-08,0.0
CB-1119,2024-01-15,0.0
CB-1119,2024-01-22,0.0
CB-1119,2024-01-29,0.0
CB-1119,2024-02-05,0.0
CB-1119,2024-02-12,0.0
CB-1119,2024-02-19,2.0
CB-1119,2024-02-26,2.0
CB-1119,2024-03-04,2.0
CB-1119,2024-03-11,16.2
CB-1119,2024-03-18,14.2
CB-1119,2024-03-25,14.2
CB-1119,2024-04-01,14.2
CB-1119,2024-04-08,0.0
CB-1119,2024-04-15,0.0
CB-1119,2024-04-22,0.0
CB-1119,2024-04-29,0.0
CB-1119,2024-05-06,6.5
CB-1119,2024-05-13,6.5
CB-1119,2024-05-20,20.5
CB-1119,2024-05-27,33.8
CB-1119,2024-06-03,27.2
CB-1119,2024-06-10,27.2
CB-1119,2024-06-17,13.2
CB-1119,2024-06-24,0.0
CB-1119,2024-07-01,0.0
CB-1119,2024-07-08,12.2
CB-1119,2024-07-15,12.2
CB-1119,2024-07-22,13.8
CB-1119,2024-07-29,13.8
CB-1119,2024-08-05,14.0
CB-1119,2024-08-12,28.2
CB-1119,2024-08-19,26.8
CB-1119,2024-08-26,26.8
CB-1119,2024-09-02,14.2
CB-1119,2024-09-09,12.2
CB-1119,2024-09-16,12.2
CB-1119,2024-09-23,12.2
CB-1119,2024-09-30,12.2
CB-1119,2024-10-07,15.0
CB-1119,2024-10-14,15.0
CB-1119,2024-10-21,26.2
CB-1119,2024-10-28,35.2
CB-1119,2024-11-04,20.2
CB-1119,2024-11-11,20.2
CB-1119,2024-11-18,14.0
CB-1119,2024-11-25,5.0
CB-1119,2024-12-02,12.8
CB-1119,2024-12-09,12.8
CB-1119,2024-12-16,7.8
CB-1119,2024-12-23,7.8
CB-1119,2024-12-30,1.8
CB-1119,2025-01-06,1.8
CB-1119,2025-01-13,1.8
CB-1119,2025-01-20,1.8
CB-1119,2025-01-27,0.0
CB-1119,2025-02-03,0.0
CB-1119,2025-02-10,0.0
CB-1119,2025-02-17,0.0
CB-1119,2025-02-24,0.0
CB-1119,2025-03-03,0.0
CB-1119,2025-03-10,0.0
CB-1119,2025-03-17,0.0
CB-1119,2025-03-24,0.0
CB-1119,2025-03-31,6.2
CB-1119,2025-04-07,6.2
CB-1119,2025-04-14,6.2
CB-1119,2025-04-21,17.2
CB-1119,2025-04-28,11.0
CB-1119,2025-05-05,11.0
CB-1119,2025-05-12,11.0
CB-1119,2025-05-19,0.0
CB-1119,2025-05-26,0.0
CB-1119,2025-06-02,0.0
CB-1119,2025-06-09,0.0
CB-1119,2025-06-16,0.0
CB-1119,2025-06-23,0.0
CB-1119,2025-06-30,7.8
CB-1119,2025-07-07,7.8
CB-1119,2025-07-14,7.8
CB-1119,2025-07-21,7.8
CB-1119,2025-07-28,0.0
CB-1119,2025-08-04,0.0
CB-1119,2025-08-11,0.0
CB-1119,2025-08-18,0.0
CB-1119,2025-08-25,0.0
CB-1119,2025-09-01,0.0
CB-1119,2025-09-08,0.0
CB-1119,2025-09-15,0.0
CB-1119,2025-09-22,15.0
CB-1119,2025-09-29,15.0
CB-1119,2025-10-06,15.0
CB-1119,2025-10-13,20.5
CB-1119,2025-10-20,5.5
CB-1119,2025-10-27,5.5
CB-1119,2025-11-03,5.5
CB-1119,2025-11-10,0.0
CB-1119,2025-11-17,8.2
CB-1119,2025-11-24,8.2
CB-1119,2025-12-01,11.0
CB-1119,2025-12-08,15.0
CB-1119,2025-12-15,6.8
CB-1119,2025-12-22,9.0
CB-1120,2024-01-01,0.0
CB-1120,2024-01-08,0.0
CB-1120,2024-01-15,0.0
CB-1120,2024-01-22,0.0
CB-1120,2024-01-29,0.0
CB-1120,2024-02-05,0.0
CB-1120,2024-02-12,0.0
CB-1120,2024-02-19,0.0
CB-1120,2024-02-26,0.0
CB-1120,2024-03-04,0.0
CB-1120,2024-03-11,0.0
CB-1120,2024-03-18,0.0
CB-1120,2024-03-25,0.0
CB-1120,2024-04-01,0.0
CB-1120,2024-04-08,0.0
CB-1120,2024-04-15,6.0
CB-1120,2024-04-22,6.0
CB-1120,2024-04-29,6.0
CB-1120,2024-05-06,6.0
CB-1120,2024-05-13,2.5
CB-1120,2024-05-20,2.5
CB-1120,2024-05-27,10.5
CB-1120,2024-06-03,10.5
CB-1120,2024-06-10,8.0
CB-1120,2024-06-17,8.0
CB-1120,2024-06-24,6.5
CB-1120,2024-07-01,6.5
CB-1120,2024-07-08,6.5
CB-1120,2024-07-15,6.5
CB-1120,2024-07-22,0.0
CB-1120,2024-07-29,4.5
CB-1120,2024-08-05,4.5
CB-1120,2024-08-12,4.5
CB-1120,2024-08-19,4.5
CB-1120,2024-08-26,0.0
CB-1120,2024-09-02,0.0
CB-1120,2024-09-09,6.5
CB-1120,2024-09-16,6.5
CB-1120,2024-09-23,6.5
CB-1120,2024-09-30,6.5
CB-1120,2024-10-07,0.0
CB-1120,2024-10-14,6.8
CB-1120,2024-10-21,19.8
CB-1120,2024-10-28,30.5
CB-1120,2024-11-04,30.5
CB-1120,2024-11-11,23.8
CB-1120,2024-11-18,10.8
CB-1120,2024-11-25,0.0
CB-1120,2024-12-02,0.0
CB-1120,2024-12-09,0.0
CB-1120,2024-12-16,0.0
CB-1120,2024-12-23,0.0
CB-1120,2024-12-30,0.0
CB-1120,2025-01-06,0.0
CB-1120,2025-01-13,0.0
CB-1120,2025-01-20,0.0
CB-1120,2025-01-27,0.0
CB-1120,2025-02-03,0.0
CB-1120,2025-02-10,0.0
CB-1120,2025-02-17,0.0
CB-1120,2025-02-24,0.0
CB-1120,2025-03-03,0.0
CB-1120,2025-03-10,0.0
CB-1120,2025-03-17,0.0
CB-1120,2025-03-24,0.0
CB-1120,2025-03-31,0.0
CB-1120,2025-04-07,10.0
CB-1120,2025-04-14,10.0
CB-1120,2025-04-21,10.0
CB-1120,2025-04-28,10.0
CB-1120,2025-05-05,0.0
CB-1120,2025-05-12,0.0
CB-1120,2025-05-19,0.0
CB-1120,2025-05-26,0.0
CB-1120,2025-06-02,0.0
CB-1120,2025-06-09,0.0
CB-1120,2025-06-16,0.0
CB-1120,2025-06-23,6.8
CB-1120,2025-06-30,6.8
CB-1120,2025-07-07,6.8
CB-1120,2025-07-14,6.8
CB-1120,2025-07-21,0.0
CB-1120,2025-07-28,0.0
CB-1120,2025-08-04,0.0
CB-1120,2025-08-11,0.0
CB-1120,2025-08-18,0.0
CB-1120,2025-08-25,0.0
CB-1120,2025-09-01,6.2
CB-1120,2025-09-08,6.2
CB-1120,2025-09-15,6.2
CB-1120,2025-09-22,6.2
CB-1120,2025-09-29,0.0
CB-1120,2025-10-06,0.0
CB-1120,2025-10-13,0.0
CB-1120,2025-10-20,0.0
CB-1120,2025-10-27,0.0
CB-1120,2025-11-03,8.0
CB-1120,2025-11-10,8.0
CB-1120,2025-11-17,8.0
CB-1120,2025-11-24,8.0
CB-1120,2025-12-01,8.0
CB-1120,2025-12-08,8.0
CB-1120,2025-12-15,8.0
CB-1120,2025-12-22,10.7
CB-1121,2024-01-01,0.0
CB-1121,2024-01-08,0.0
CB-1121,2024-01-15,0.0
CB-1121,2024-01-22,12.2
CB-1121,2024-01-29,12.2
CB-1121,2024-02-05,12.2
CB-1121,2024-02-12,12.2
CB-1121,2024-02-19,0.0
CB-1121,2024-02-26,5.5
CB-1121,2024-03-04,5.5
CB-1121,2024-03-11,5.5
CB-1121,2024-03-18,5.5
CB-1121,2024-03-25,0.0
CB-1121,2024-04-01,0.0
CB-1121,2024-04-08,0.0
CB-1121,2024-04-15,0.0
CB-1121,2024-04-22,11.8
CB-1121,2024-04-29,11.8
CB-1121,2024-05-06,16.0
CB-1121,2024-05-13,16.0
CB-1121,2024-05-20,4.2
CB-1121,2024-05-27,9.2
CB-1121,2024-06-03,10.8
CB-1121,2024-06-10,10.8
CB-1121,2024-06-17,10.8
CB-1121,2024-06-24,5.8
CB-1121,2024-07-01,7.2
CB-1121,2024-07-08,20.2
CB-1121,2024-07-15,20.2
CB-1121,2024-07-22,20.2
CB-1121,2024-07-29,13.0
CB-1121,2024-08-05,5.8
CB-1121,2024-08-12,5.8
CB-1121,2024-08-19,5.8
CB-1121,2024-08-26,5.8
CB-1121,2024-09-02,12.2
CB-1121,2024-09-09,16.2
CB-1121,2024-09-16,16.2
CB-1121,2024-09-23,16.2
CB-1121,2024-09-30,4.0
CB-1121,2024-10-07,0.0
CB-1121,2024-10-14,2.0
CB-1121,2024-10-21,14.5
CB-1121,2024-10-28,20.2
CB-1121,2024-11-04,20.2
CB-1121,2024-11-11,18.2
CB-1121,2024-11-18,5.8
CB-1121,2024-11-25,7.5
CB-1121,2024-12-02,7.5
CB-1121,2024-12-09,18.5
CB-1121,2024-12-16,32.2
CB-1121,2024-12-23,24.8
CB-1121,2024-12-30,32.2
CB-1121,2025-01-06,21.2
CB-1121,2025-01-13,7.5
CB-1121,2025-01-20,7.5
CB-1121,2025-01-27,0.0
CB-1121,2025-02-03,2.2
CB-1121,2025-02-10,2.2
CB-1121,2025-02-17,2.2
CB-1121,2025-02-24,2.2
CB-1121,2025-03-03,0.0
CB-1121,2025-03-10,0.0
CB-1121,2025-03-17,0.0
CB-1121,2025-03-24,0.0
CB-1121,2025-03-31,0.0
CB-1121,2025-04-07,0.0
CB-1121,2025-04-14,0.0
CB-1121,2025-04-21,0.0
CB-1121,2025-04-28,0.0
CB-1121,2025-05-05,0.0
CB-1121,2025-05-12,10.0
CB-1121,2025-05-19,10.0
CB-1121,2025-05-26,10.0
CB-1121,2025-06-02,21.5
CB-1121,2025-06-09,11.5
CB-1121,2025-06-16,11.5
CB-1121,2025-06-23,20.5
CB-1121,2025-06-30,15.0
CB-1121,2025-07-07,15.0
CB-1121,2025-07-14,15.0
CB-1121,2025-07-21,6.0
CB-1121,2025-07-28,0.0
CB-1121,2025-08-04,0.0
CB-1121,2025-08-11,0.0
CB-1121,2025-08-18,0.0
CB-1121,2025-08-25,6.2
CB-1121,2025-09-01,15.2
CB-1121,2025-09-08,15.2
CB-1121,2025-09-15,15.2
CB-1121,2025-09-22,9.0
CB-1121,2025-09-29,14.0
CB-1121,2025-10-06,14.0
CB-1121,2025-10-13,28.8
CB-1121,2025-10-20,28.8
CB-1121,2025-10-27,14.8
CB-1121,2025-11-03,18.5
CB-1121,2025-11-10,3.8
CB-1121,2025-11-17,3.8
CB-1121,2025-11-24,3.8
CB-1121,2025-12-01,9.8
CB-1121,2025-12-08,9.8
CB-1121,2025-12-15,9.8
CB-1121,2025-12-22,13.0
CB-1122,2024-01-01,18.0
CB-1122,2024-01-08,41.0
CB-1122,2024-01-15,56.3
CB-1122,2024-01-22,57.0
CB-1122,2024-01-29,58.5
CB-1122,2024-02-05,56.2
CB-1122,2024-02-12,58.5
CB-1122,2024-02-19,62.0
CB-1122,2024-02-26,64.5
CB-1122,2024-03-04,82.2
CB-1122,2024-03-11,68.0
CB-1122,2024-03-18,65.8
CB-1122,2024-03-25,68.5
CB-1122,2024-04-01,48.2
CB-1122,2024-04-08,53.2
CB-1122,2024-04-15,58.8
CB-1122,2024-04-22,72.8
CB-1122,2024-04-29,76.5
CB-1122,2024-05-06,72.8
CB-1122,2024-05-13,70.8
CB-1122,2024-05-20,64.8
CB-1122,2024-05-27,67.2
CB-1122,2024-06-03,73.5
CB-1122,2024-06-10,68.8
CB-1122,2024-06-17,65.0
CB-1122,2024-06-24,61.2
CB-1122,2024-07-01,63.5
CB-1122,2024-07-08,73.2
CB-1122,2024-07-15,72.0
CB-1122,2024-07-22,71.2
CB-1122,2024-07-29,65.5
CB-1122,2024-08-05,50.5
CB-1122,2024-08-12,51.5
CB-1122,2024-08-19,52.0
CB-1122,2024-08-26,48.2
CB-1122,2024-09-02,53.8
CB-1122,2024-09-09,50.0
CB-1122,2024-09-16,44.0
CB-1122,2024-09-23,46.8
CB-1122,2024-09-30,44.0
CB-1122,2024-10-07,47.8
CB-1122,2024-10-14,55.2
CB-1122,2024-10-21,53.8
CB-1122,2024-10-28,51.5
CB-1122,2024-11-04,48.5
CB-1122,2024-11-11,47.8
CB-1122,2024-11-18,51.8
CB-1122,2024-11-25,56.8
CB-1122,2024-12-02,58.0
CB-1122,2024-12-09,63.2
CB-1122,2024-12-16,59.5
CB-1122,2024-12-23,73.2
CB-1122,2024-12-30,80.0
CB-1122,2025-01-06,70.5
CB-1122,2025-01-13,77.0
CB-1122,2025-01-20,70.2
CB-1122,2025-01-27,65.8
CB-1122,2025-02-03,64.5
CB-1122,2025-02-10,58.2
CB-1122,2025-02-17,58.8
CB-1122,2025-02-24,50.5
CB-1122,2025-03-03,51.2
CB-1122,2025-03-10,62.8
CB-1122,2025-03-17,58.5
CB-1122,2025-03-24,66.0
CB-1122,2025-03-31,73.0
CB-1122,2025-04-07,59.5
CB-1122,2025-04-14,64.2
CB-1122,2025-04-21,63.2
CB-1122,2025-04-28,62.5
CB-1122,2025-05-05,74.2
CB-1122,2025-05-12,68.2
CB-1122,2025-05-19,68.2
CB-1122,2025-05-26,58.0
CB-1122,2025-06-02,56.5
CB-1122,2025-06-09,57.2
CB-1122,2025-06-16,57.0
CB-1122,2025-06-23,62.0
CB-1122,2025-06-30,58.0
CB-1122,2025-07-07,58.2
CB-1122,2025-07-14,60.0
CB-1122,2025-07-21,72.5
CB-1122,2025-07-28,74.2
CB-1122,2025-08-04,69.5
CB-1122,2025-08-11,71.0
CB-1122,2025-08-18,61.5
CB-1122,2025-08-25,57.0
CB-1122,2025-09-01,62.2
CB-1122,2025-09-08,54.0
CB-1122,2025-09-15,53.2
CB-1122,2025-09-22,57.8
CB-1122,2025-09-29,53.2
CB-1122,2025-10-06,55.5
CB-1122,2025-10-13,48.0
CB-1122,2025-10-20,33.0
CB-1122,2025-10-27,42.2
CB-1122,2025-11-03,46.5
CB-1122,2025-11-10,52.5
CB-1122,2025-11-17,66.2
CB-1122,2025-11-24,53.0
CB-1122,2025-12-01,51.5
CB-1122,2025-12-08,51.0
CB-1122,2025-12-15,43.0
CB-1122,2025-12-22,44.0
CB-1123,2024-01-01,46.0
CB-1123,2024-01-08,50.0
CB-1123,2024-01-15,52.3
CB-1123,2024-01-22,53.0
CB-1123,2024-01-29,55.2
CB-1123,2024-02-05,56.2
CB-1123,2024-02-12,56.2
CB-1123,2024-02-19,59.0
CB-1123,2024-02-26,62.8
CB-1123,2024-03-04,65.5
CB-1123,2024-03-11,64.0
CB-1123,2024-03-18,62.5
CB-1123,2024-03-25,60.8
CB-1123,2024-04-01,59.8
CB-1123,2024-04-08,60.5
CB-1123,2024-04-15,59.0
CB-1123,2024-04-22,60.2
CB-1123,2024-04-29,58.8
CB-1123,2024-05-06,58.5
CB-1123,2024-05-13,58.5
CB-1123,2024-05-20,56.5
CB-1123,2024-05-27,55.2
CB-1123,2024-06-03,56.2
CB-1123,2024-06-10,55.2
CB-1123,2024-06-17,51.8
CB-1123,2024-06-24,52.8
CB-1123,2024-07-01,51.5
CB-1123,2024-07-08,51.0
CB-1123,2024-07-15,51.0
CB-1123,2024-07-22,49.5
CB-1123,2024-07-29,48.2
CB-1123,2024-08-05,48.2
CB-1123,2024-08-12,47.0
CB-1123,2024-08-19,44.5
CB-1123,2024-08-26,43.5
CB-1123,2024-09-02,41.2
CB-1123,2024-09-09,41.0
CB-1123,2024-09-16,40.0
CB-1123,2024-09-23,39.5
CB-1123,2024-09-30,38.8
CB-1123,2024-10-07,39.5
CB-1123,2024-10-14,40.5
CB-1123,2024-10-21,40.5
CB-1123,2024-10-28,42.5
CB-1123,2024-11-04,42.5
CB-1123,2024-11-11,42.8
CB-1123,2024-11-18,44.8
CB-1123,2024-11-25,46.2
CB-1123,2024-12-02,47.5
CB-1123,2024-12-09,49.0
CB-1123,2024-12-16,49.8
CB-1123,2024-12-23,50.5
CB-1123,2024-12-30,54.5
CB-1123,2025-01-06,57.2
CB-1123,2025-01-13,59.2
CB-1123,2025-01-20,60.2
CB-1123,2025-01-27,61.0
CB-1123,2025-02-03,61.5
CB-1123,2025-02-10,62.2
CB-1123,2025-02-17,66.0
CB-1123,2025-02-24,67.0
CB-1123,2025-03-03,65.2
CB-1123,2025-03-10,66.8
CB-1123,2025-03-17,66.5
CB-1123,2025-03-24,66.0
CB-1123,2025-03-31,70.2
CB-1123,2025-04-07,68.0
CB-1123,2025-04-14,310.2
CB-1123,2025-04-21,309.0
CB-1123,2025-04-28,308.8
CB-1123,2025-05-05,306.5
CB-1123,2025-05-12,62.0
CB-1123,2025-05-19,60.0
CB-1123,2025-05-26,58.0
CB-1123,2025-06-02,63.5
CB-1123,2025-06-09,63.0
CB-1123,2025-06-16,63.8
CB-1123,2025-06-23,63.5
CB-1123,2025-06-30,59.5
CB-1123,2025-07-07,58.0
CB-1123,2025-07-14,57.5
CB-1123,2025-07-21,55.5
CB-1123,2025-07-28,54.2
CB-1123,2025-08-04,53.0
CB-1123,2025-08-11,50.5
CB-1123,2025-08-18,49.5
CB-1123,2025-08-25,47.8
CB-1123,2025-09-01,48.0
CB-1123,2025-09-08,46.5
CB-1123,2025-09-15,46.5
CB-1123,2025-09-22,47.0
CB-1123,2025-09-29,45.0
CB-1123,2025-10-06,46.5
CB-1123,2025-10-13,45.0
CB-1123,2025-10-20,45.0
CB-1123,2025-10-27,46.0
CB-1123,2025-11-03,46.5
CB-1123,2025-11-10,49.0
CB-1123,2025-11-17,50.8
CB-1123,2025-11-24,51.5
CB-1123,2025-12-01,52.0
CB-1123,2025-12-08,53.2
CB-1123,2025-12-15,55.0
CB-1123,2025-12-22,57.0
CB-1124,2024-01-01,87.0
CB-1124,2024-01-08,88.0
CB-1124,2024-01-15,90.7
CB-1124,2024-01-22,92.5
CB-1124,2024-01-29,99.0
CB-1124,2024-02-05,105.2
CB-1124,2024-02-12,108.2
CB-1124,2024-02-19,112.5
CB-1124,2024-02-26,114.0
CB-1124,2024-03-04,113.8
CB-1124,2024-03-11,116.0
CB-1124,2024-03-18,117.2
CB-1124,2024-03-25,117.2
CB-1124,2024-04-01,116.0
CB-1124,2024-04-08,114.0
CB-1124,2024-04-15,112.0
CB-1124,2024-04-22,109.0
CB-1124,2024-04-29,106.8
CB-1124,2024-05-06,108.8
CB-1124,2024-05-13,108.8
CB-1124,2024-05-20,106.0
CB-1124,2024-05-27,107.0
CB-1124,2024-06-03,103.0
CB-1124,2024-06-10,100.5
CB-1124,2024-06-17,98.8
CB-1124,2024-06-24,94.2
CB-1124,2024-07-01,93.0
CB-1124,2024-07-08,87.2
CB-1124,2024-07-15,86.2
CB-1124,2024-07-22,85.5
CB-1124,2024-07-29,82.0
CB-1124,2024-08-05,82.8
CB-1124,2024-08-12,83.5
CB-1124,2024-08-19,79.8
CB-1124,2024-08-26,79.5
CB-1124,2024-09-02,73.8
CB-1124,2024-09-09,72.2
CB-1124,2024-09-16,70.8
CB-1124,2024-09-23,72.5
CB-1124,2024-09-30,75.5
CB-1124,2024-10-07,75.5
CB-1124,2024-10-14,80.8
CB-1124,2024-10-21,77.2
CB-1124,2024-10-28,78.5
CB-1124,2024-11-04,76.8
CB-1124,2024-11-11,78.2
CB-1124,2024-11-18,80.5
CB-1124,2024-11-25,82.0
CB-1124,2024-12-02,87.0
CB-1124,2024-12-09,86.8
CB-1124,2024-12-16,89.8
CB-1124,2024-12-23,94.8
CB-1124,2024-12-30,95.8
CB-1124,2025-01-06,99.8
CB-1124,2025-01-13,107.0
CB-1124,2025-01-20,109.2
CB-1124,2025-01-27,112.8
CB-1124,2025-02-03,116.2
CB-1124,2025-02-10,116.8
CB-1124,2025-02-17,117.2
CB-1124,2025-02-24,121.5
CB-1124,2025-03-03,124.8
CB-1124,2025-03-10,120.8
CB-1124,2025-03-17,129.2
CB-1124,2025-03-24,133.0
CB-1124,2025-03-31,130.8
CB-1124,2025-04-07,132.8
CB-1124,2025-04-14,128.8
CB-1124,2025-04-21,120.8
CB-1124,2025-04-28,125.5
CB-1124,2025-05-05,126.0
CB-1124,2025-05-12,127.8
CB-1124,2025-05-19,127.5
CB-1124,2025-05-26,121.8
CB-1124,2025-06-02,123.5
CB-1124,2025-06-09,116.2
CB-1124,2025-06-16,116.2
CB-1124,2025-06-23,116.0
CB-1124,2025-06-30,109.0
CB-1124,2025-07-07,104.2
CB-1124,2025-07-14,97.8
CB-1124,2025-07-21,93.5
CB-1124,2025-07-28,92.5
CB-1124,2025-08-04,94.5
CB-1124,2025-08-11,94.5
CB-1124,2025-08-18,88.8
CB-1124,2025-08-25,82.2
CB-1124,2025-09-01,83.2
CB-1124,2025-09-08,83.2
CB-1124,2025-09-15,85.0
CB-1124,2025-09-22,88.8
CB-1124,2025-09-29,81.5
CB-1124,2025-10-06,79.5
CB-1124,2025-10-13,82.8
CB-1124,2025-10-20,84.2
CB-1124,2025-10-27,86.5
CB-1124,2025-11-03,87.2
CB-1124,2025-11-10,85.5
CB-1124,2025-11-17,86.2
CB-1124,2025-11-24,94.5
CB-1124,2025-12-01,99.2
CB-1124,2025-12-08,100.8
CB-1124,2025-12-15,104.5
CB-1124,2025-12-22,101.0
CB-1125,2024-01-01,93.0
CB-1125,2024-01-08,82.0
CB-1125,2024-01-15,71.3
CB-1125,2024-01-22,68.0
CB-1125,2024-01-29,52.5
CB-1125,2024-02-05,52.5
CB-1125,2024-02-12,61.2
CB-1125,2024-02-19,60.0
CB-1125,2024-02-26,85.5
CB-1125,2024-03-04,93.2
CB-1125,2024-03-11,79.5
CB-1125,2024-03-18,74.0
CB-1125,2024-03-25,54.0
CB-1125,2024-04-01,60.2
CB-1125,2024-04-08,79.5
CB-1125,2024-04-15,103.5
CB-1125,2024-04-22,110.5
CB-1125,2024-04-29,97.2
CB-1125,2024-05-06,81.5
CB-1125,2024-05-13,71.5
CB-1125,2024-05-20,69.0
CB-1125,2024-05-27,67.5
CB-1125,2024-06-03,85.0
CB-1125,2024-06-10,80.2
CB-1125,2024-06-17,87.8
CB-1125,2024-06-24,78.2
CB-1125,2024-07-01,81.5
CB-1125,2024-07-08,78.2
CB-1125,2024-07-15,72.2
CB-1125,2024-07-22,84.2
CB-1125,2024-07-29,64.5
CB-1125,2024-08-05,69.0
CB-1125,2024-08-12,68.0
CB-1125,2024-08-19,58.8
CB-1125,2024-08-26,56.8
CB-1125,2024-09-02,52.0
CB-1125,2024-09-09,46.2
CB-1125,2024-09-16,55.2
CB-1125,2024-09-23,61.5
CB-1125,2024-09-30,60.8
CB-1125,2024-10-07,64.2
CB-1125,2024-10-14,48.8
CB-1125,2024-10-21,43.2
CB-1125,2024-10-28,45.8
CB-1125,2024-11-04,49.5
CB-1125,2024-11-11,61.5
CB-1125,2024-11-18,73.8
CB-1125,2024-11-25,79.0
CB-1125,2024-12-02,72.8
CB-1125,2024-12-09,73.0
CB-1125,2024-12-16,69.8
CB-1125,2024-12-23,64.2
CB-1125,2024-12-30,79.0
CB-1125,2025-01-06,74.8
CB-1125,2025-01-13,76.8
CB-1125,2025-01-20,87.0
CB-1125,2025-01-27,77.0
CB-1125,2025-02-03,82.2
CB-1125,2025-02-10,81.5
CB-1125,2025-02-17,84.5
CB-1125,2025-02-24,84.5
CB-1125,2025-03-03,81.5
CB-1125,2025-03-10,92.5
CB-1125,2025-03-17,90.2
CB-1125,2025-03-24,103.0
CB-1125,2025-03-31,118.0
CB-1125,2025-04-07,126.5
CB-1125,2025-04-14,132.2
CB-1125,2025-04-21,118.2
CB-1125,2025-04-28,115.2
CB-1125,2025-05-05,92.5
CB-1125,2025-05-12,79.0
CB-1125,2025-05-19,72.8
CB-1125,2025-05-26,65.5
CB-1125,2025-06-02,72.0
CB-1125,2025-06-09,73.2
CB-1125,2025-06-16,74.5
CB-1125,2025-06-23,64.5
CB-1125,2025-06-30,72.2
CB-1125,2025-07-07,72.5
CB-1125,2025-07-14,72.8
CB-1125,2025-07-21,83.5
CB-1125,2025-07-28,80.5
CB-1125,2025-08-04,80.2
CB-1125,2025-08-11,68.5
CB-1125,2025-08-18,78.5
CB-1125,2025-08-25,54.8
CB-1125,2025-09-01,49.0
CB-1125,2025-09-08,57.2
CB-1125,2025-09-15,38.5
CB-1125,2025-09-22,49.2
CB-1125,2025-09-29,39.5
CB-1125,2025-10-06,45.0
CB-1125,2025-10-13,55.2
CB-1125,2025-10-20,50.0
CB-1125,2025-10-27,54.0
CB-1125,2025-11-03,55.0
CB-1125,2025-11-10,48.5
CB-1125,2025-11-17,51.2
CB-1125,2025-11-24,53.5
CB-1125,2025-12-01,59.5
CB-1125,2025-12-08,67.5
CB-1125,2025-12-15,66.0
CB-1125,2025-12-22,74.3
CB-1126,2024-01-01,117.0
CB-1126,2024-01-08,125.0
CB-1126,2024-01-15,124.0
CB-1126,2024-01-22,121.5
CB-1126,2024-01-29,125.5
CB-1126,2024-02-05,124.8
CB-1126,2024-02-12,127.5
CB-1126,2024-02-19,134.5
CB-1126,2024-02-26,138.0
CB-1126,2024-03-04,141.0
CB-1126,2024-03-11,143.2
CB-1126,2024-03-18,149.5
CB-1126,2024-03-25,152.2
CB-1126,2024-04-01,155.2
CB-1126,2024-04-08,156.0
CB-1126,2024-04-15,147.2
CB-1126,2024-04-22,146.5
CB-1126,2024-04-29,143.5
CB-1126,2024-05-06,140.2
CB-1126,2024-05-13,140.8
CB-1126,2024-05-20,133.0
CB-1126,2024-05-27,133.2
CB-1126,2024-06-03,134.2
CB-1126,2024-06-10,132.5
CB-1126,2024-06-17,132.0
CB-1126,2024-06-24,124.2
CB-1126,2024-07-01,114.2
CB-1126,2024-07-08,107.5
CB-1126,2024-07-15,102.8
CB-1126,2024-07-22,99.2
CB-1126,2024-07-29,101.8
CB-1126,2024-08-05,103.5
CB-1126,2024-08-12,102.0
CB-1126,2024-08-19,104.2
CB-1126,2024-08-26,100.0
CB-1126,2024-09-02,96.2
CB-1126,2024-09-09,95.0
CB-1126,2024-09-16,93.2
CB-1126,2024-09-23,94.2
CB-1126,2024-09-30,94.5
CB-1126,2024-10-07,91.8
CB-1126,2024-10-14,88.8
CB-1126,2024-10-21,91.8
CB-1126,2024-10-28,89.0
CB-1126,2024-11-04,96.8
CB-1126,2024-11-11,101.8
CB-1126,2024-11-18,100.8
CB-1126,2024-11-25,106.0
CB-1126,2024-12-02,111.0
CB-1126,2024-12-09,116.8
CB-1126,2024-12-16,121.8
CB-1126,2024-12-23,127.8
CB-1126,2024-12-30,125.5
CB-1126,2025-01-06,126.8
CB-1126,2025-01-13,129.2
CB-1126,2025-01-20,132.8
CB-1126,2025-01-27,143.8
CB-1126,2025-02-03,146.8
CB-1126,2025-02-10,148.8
CB-1126,2025-02-17,148.0
CB-1126,2025-02-24,146.0
CB-1126,2025-03-03,146.2
CB-1126,2025-03-10,152.5
CB-1126,2025-03-17,153.2
CB-1126,2025-03-24,156.2
CB-1126,2025-03-31,156.2
CB-1126,2025-04-07,156.0
CB-1126,2025-04-14,160.0
CB-1126,2025-04-21,162.8
CB-1126,2025-04-28,165.5
CB-1126,2025-05-05,169.8
CB-1126,2025-05-12,170.5
CB-1126,2025-05-19,167.0
CB-1126,2025-05-26,163.2
CB-1126,2025-06-02,155.2
CB-1126,2025-06-09,153.8
CB-1126,2025-06-16,148.5
CB-1126,2025-06-23,147.0
CB-1126,2025-06-30,141.5
CB-1126,2025-07-07,134.0
CB-1126,2025-07-14,130.5
CB-1126,2025-07-21,128.8
CB-1126,2025-07-28,124.8
CB-1126,2025-08-04,120.2
CB-1126,2025-08-11,112.5
CB-1126,2025-08-18,108.2
CB-1126,2025-08-25,105.2
CB-1126,2025-09-01,106.5
CB-1126,2025-09-08,108.0
CB-1126,2025-09-15,103.8
CB-1126,2025-09-22,108.2
CB-1126,2025-09-29,103.2
CB-1126,2025-10-06,105.8
CB-1126,2025-10-13,108.2
CB-1126,2025-10-20,101.8
CB-1126,2025-10-27,110.0
CB-1126,2025-11-03,110.8
CB-1126,2025-11-10,111.8
CB-1126,2025-11-17,116.8
CB-1126,2025-11-24,112.8
CB-1126,2025-12-01,120.5
CB-1126,2025-12-08,123.0
CB-1126,2025-12-15,126.0
CB-1126,2025-12-22,132.0
CB-1127,2024-01-01,66.0
CB-1127,2024-01-08,65.5
CB-1127,2024-01-15,64.7
CB-1127,2024-01-22,65.2
CB-1127,2024-01-29,65.2
CB-1127,2024-02-05,66.2
CB-1127,2024-02-12,67.2
CB-1127,2024-02-19,67.8
CB-1127,2024-02-26,68.8
CB-1127,2024-03-04,69.0
CB-1127,2024-03-11,72.8
CB-1127,2024-03-18,75.8
CB-1127,2024-03-25,75.8
CB-1127,2024-04-01,75.5
CB-1127,2024-04-08,73.8
CB-1127,2024-04-15,75.8
CB-1127,2024-04-22,75.5
CB-1127,2024-04-29,76.5
CB-1127,2024-05-06,76.2
CB-1127,2024-05-13,72.0
CB-1127,2024-05-20,71.8
CB-1127,2024-05-27,72.5
CB-1127,2024-06-03,71.5
CB-1127,2024-06-10,71.2
CB-1127,2024-06-17,71.2
CB-1127,2024-06-24,69.0
CB-1127,2024-07-01,68.8
CB-1127,2024-07-08,67.5
CB-1127,2024-07-15,67.5
CB-1127,2024-07-22,66.2
CB-1127,2024-07-29,62.0
CB-1127,2024-08-05,59.8
CB-1127,2024-08-12,56.5
CB-1127,2024-08-19,55.8
CB-1127,2024-08-26,54.2
CB-1127,2024-09-02,52.8
CB-1127,2024-09-09,50.5
CB-1127,2024-09-16,48.5
CB-1127,2024-09-23,49.0
CB-1127,2024-09-30,49.0
CB-1127,2024-10-07,48.5
CB-1127,2024-10-14,49.0
CB-1127,2024-10-21,50.0
CB-1127,2024-10-28,50.5
CB-1127,2024-11-04,55.0
CB-1127,2024-11-11,55.0
CB-1127,2024-11-18,56.5
CB-1127,2024-11-25,58.0
CB-1127,2024-12-02,57.8
CB-1127,2024-12-09,63.0
CB-1127,2024-12-16,64.8
CB-1127,2024-12-23,66.0
CB-1127,2024-12-30,70.5
CB-1127,2025-01-06,69.2
CB-1127,2025-01-13,69.0
CB-1127,2025-01-20,70.8
CB-1127,2025-01-27,68.2
CB-1127,2025-02-03,67.8
CB-1127,2025-02-10,71.2
CB-1127,2025-02-17,73.8
CB-1127,2025-02-24,79.2
CB-1127,2025-03-03,84.5
CB-1127,2025-03-10,87.2
CB-1127,2025-03-17,86.8
CB-1127,2025-03-24,87.0
CB-1127,2025-03-31,88.8
CB-1127,2025-04-07,88.5
CB-1127,2025-04-14,90.8
CB-1127,2025-04-21,86.8
CB-1127,2025-04-28,85.8
CB-1127,2025-05-05,87.2
CB-1127,2025-05-12,86.0
CB-1127,2025-05-19,86.0
CB-1127,2025-05-26,82.5
CB-1127,2025-06-02,77.5
CB-1127,2025-06-09,74.8
CB-1127,2025-06-16,74.8
CB-1127,2025-06-23,73.5
CB-1127,2025-06-30,73.5
CB-1127,2025-07-07,72.8
CB-1127,2025-07-14,68.8
CB-1127,2025-07-21,65.8
CB-1127,2025-07-28,61.8
CB-1127,2025-08-04,59.2
CB-1127,2025-08-11,61.0
CB-1127,2025-08-18,62.5
CB-1127,2025-08-25,63.0
CB-1127,2025-09-01,62.2
CB-1127,2025-09-08,57.8
CB-1127,2025-09-15,55.0
CB-1127,2025-09-22,52.8
CB-1127,2025-09-29,54.2
CB-1127,2025-10-06,54.0
CB-1127,2025-10-13,54.8
CB-1127,2025-10-20,55.2
CB-1127,2025-10-27,54.2
CB-1127,2025-11-03,58.0
CB-1127,2025-11-10,60.0
CB-1127,2025-11-17,62.5
CB-1127,2025-11-24,65.2
CB-1127,2025-12-01,65.5
CB-1127,2025-12-08,66.8
CB-1127,2025-12-15,70.5
CB-1127,2025-12-22,71.0
CB-1128,2024-01-01,76.0
CB-1128,2024-01-08,71.0
CB-1128,2024-01-15,70.3
CB-1128,2024-01-22,73.0
CB-1128,2024-01-29,73.0
CB-1128,2024-02-05,74.2
CB-1128,2024-02-12,79.8
CB-1128,2024-02-19,78.5
CB-1128,2024-02-26,80.5
CB-1128,2024-03-04,83.2
CB-1128,2024-03-11,81.8
CB-1128,2024-03-18,83.0
CB-1128,2024-03-25,85.2
CB-1128,2024-04-01,87.0
CB-1128,2024-04-08,89.5
CB-1128,2024-04-15,90.0
CB-1128,2024-04-22,92.2
CB-1128,2024-04-29,88.2
CB-1128,2024-05-06,83.0
CB-1128,2024-05-13,86.0
CB-1128,2024-05-20,81.8
CB-1128,2024-05-27,84.0
CB-1128,2024-06-03,85.8
CB-1128,2024-06-10,82.0
CB-1128,2024-06-17,79.8
CB-1128,2024-06-24,76.0
CB-1128,2024-07-01,74.5
CB-1128,2024-07-08,72.5
CB-1128,2024-07-15,72.0
CB-1128,2024-07-22,73.8
CB-1128,2024-07-29,71.2
CB-1128,2024-08-05,67.0
CB-1128,2024-08-12,65.8
CB-1128,2024-08-19,60.8
CB-1128,2024-08-26,59.2
CB-1128,2024-09-02,59.5
CB-1128,2024-09-09,55.8
CB-1128,2024-09-16,57.2
CB-1128,2024-09-23,56.8
CB-1128,2024-09-30,57.5
CB-1128,2024-10-07,57.2
CB-1128,2024-10-14,56.5
CB-1128,2024-10-21,56.0
CB-1128,2024-10-28,56.0
CB-1128,2024-11-04,58.0
CB-1128,2024-11-11,62.0
CB-1128,2024-11-18,64.2
CB-1128,2024-11-25,63.5
CB-1128,2024-12-02,67.8
CB-1128,2024-12-09,68.2
CB-1128,2024-12-16,70.8
CB-1128,2024-12-23,75.2
CB-1128,2024-12-30,74.2
CB-1128,2025-01-06,79.2
CB-1128,2025-01-13,82.0
CB-1128,2025-01-20,82.2
CB-1128,2025-01-27,86.5
CB-1128,2025-02-03,87.8
CB-1128,2025-02-10,90.0
CB-1128,2025-02-17,93.2
CB-1128,2025-02-24,92.5
CB-1128,2025-03-03,90.0
CB-1128,2025-03-10,94.0
CB-1128,2025-03-17,96.5
CB-1128,2025-03-24,96.0
CB-1128,2025-03-31,99.0
CB-1128,2025-04-07,96.5
CB-1128,2025-04-14,95.8
CB-1128,2025-04-21,96.8
CB-1128,2025-04-28,93.2
CB-1128,2025-05-05,94.2
CB-1128,2025-05-12,94.5
CB-1128,2025-05-19,96.0
CB-1128,2025-05-26,97.0
CB-1128,2025-06-02,93.5
CB-1128,2025-06-09,90.2
CB-1128,2025-06-16,86.8
CB-1128,2025-06-23,86.0
CB-1128,2025-06-30,85.5
CB-1128,2025-07-07,82.0
CB-1128,2025-07-14,79.8
CB-1128,2025-07-21,76.8
CB-1128,2025-07-28,75.0
CB-1128,2025-08-04,77.5
CB-1128,2025-08-11,75.0
CB-1128,2025-08-18,74.0
CB-1128,2025-08-25,70.0
CB-1128,2025-09-01,67.5
CB-1128,2025-09-08,68.5
CB-1128,2025-09-15,64.2
CB-1128,2025-09-22,64.5
CB-1128,2025-09-29,64.2
CB-1128,2025-10-06,63.5
CB-1128,2025-10-13,65.2
CB-1128,2025-10-20,63.0
CB-1128,2025-10-27,63.8
CB-1128,2025-11-03,65.2
CB-1128,2025-11-10,66.0
CB-1128,2025-11-17,69.5
CB-1128,2025-11-24,70.8
CB-1128,2025-12-01,71.8
CB-1128,2025-12-08,75.2
CB-1128,2025-12-15,75.5
CB-1128,2025-12-22,75.3
CB-1129,2024-01-01,0.0
CB-1129,2024-01-08,0.0
CB-1129,2024-01-15,0.0
CB-1129,2024-01-22,0.0
CB-1129,2024-01-29,0.0
CB-1129,2024-02-05,11.8
CB-1129,2024-02-12,20.2
CB-1129,2024-02-19,20.2
CB-1129,2024-02-26,20.2
CB-1129,2024-03-04,20.8
CB-1129,2024-03-11,12.2
CB-1129,2024-03-18,12.2
CB-1129,2024-03-25,12.2
CB-1129,2024-04-01,0.0
CB-1129,2024-04-08,0.0
CB-1129,2024-04-15,10.0
CB-1129,2024-04-22,10.0
CB-1129,2024-04-29,10.0
CB-1129,2024-05-06,17.2
CB-1129,2024-05-13,7.2
CB-1129,2024-05-20,7.2
CB-1129,2024-05-27,15.0
CB-1129,2024-06-03,7.8
CB-1129,2024-06-10,14.0
CB-1129,2024-06-17,14.0
CB-1129,2024-06-24,6.2
CB-1129,2024-07-01,14.8
CB-1129,2024-07-08,22.5
CB-1129,2024-07-15,22.5
CB-1129,2024-07-22,22.5
CB-1129,2024-07-29,23.0
CB-1129,2024-08-05,21.2
CB-1129,2024-08-12,21.2
CB-1129,2024-08-19,21.2
CB-1129,2024-08-26,12.2
CB-1129,2024-09-02,3.8
CB-1129,2024-09-09,3.8
CB-1129,2024-09-16,3.8
CB-1129,2024-09-23,16.0
CB-1129,2024-09-30,12.2
CB-1129,2024-10-07,12.2
CB-1129,2024-10-14,12.2
CB-1129,2024-10-21,4.8
CB-1129,2024-10-28,4.8
CB-1129,2024-11-04,4.8
CB-1129,2024-11-11,4.8
CB-1129,2024-11-18,0.0
CB-1129,2024-11-25,7.5
CB-1129,2024-12-02,7.5
CB-1129,2024-12-09,21.8
CB-1129,2024-12-16,21.8
CB-1129,2024-12-23,14.2
CB-1129,2024-12-30,14.2
CB-1129,2025-01-06,14.8
CB-1129,2025-01-13,14.8
CB-1129,2025-01-20,24.2
CB-1129,2025-01-27,24.2
CB-1129,2025-02-03,9.5
CB-1129,2025-02-10,9.5
CB-1129,2025-02-17,0.0
CB-1129,2025-02-24,3.0
CB-1129,2025-03-03,14.5
CB-1129,2025-03-10,14.5
CB-1129,2025-03-17,14.5
CB-1129,2025-03-24,15.5
CB-1129,2025-03-31,4.0
CB-1129,2025-04-07,14.5
CB-1129,2025-04-14,14.5
CB-1129,2025-04-21,10.5
CB-1129,2025-04-28,10.5
CB-1129,2025-05-05,0.0
CB-1129,2025-05-12,13.5
CB-1129,2025-05-19,15.2
CB-1129,2025-05-26,15.2
CB-1129,2025-06-02,22.8
CB-1129,2025-06-09,9.2
CB-1129,2025-06-16,7.5
CB-1129,2025-06-23,7.5
CB-1129,2025-06-30,0.0
CB-1129,2025-07-07,0.0
CB-1129,2025-07-14,12.5
CB-1129,2025-07-21,16.2
CB-1129,2025-07-28,22.0
CB-1129,2025-08-04,22.0
CB-1129,2025-08-11,9.5
CB-1129,2025-08-18,5.8
CB-1129,2025-08-25,0.0
CB-1129,2025-09-01,0.0
CB-1129,2025-09-08,3.2
CB-1129,2025-09-15,3.2
CB-1129,2025-09-22,9.5
CB-1129,2025-09-29,9.5
CB-1129,2025-10-06,6.2
CB-1129,2025-10-13,16.8
CB-1129,2025-10-20,10.5
CB-1129,2025-10-27,10.5
CB-1129,2025-11-03,10.5
CB-1129,2025-11-10,0.0
CB-1129,2025-11-17,0.0
CB-1129,2025-11-24,9.8
CB-1129,2025-12-01,9.8
CB-1129,2025-12-08,17.2
CB-1129,2025-12-15,17.2
CB-1129,2025-12-22,10.0
CB-1130,2024-01-01,27.0
CB-1130,2024-01-08,25.0
CB-1130,2024-01-15,25.7
CB-1130,2024-01-22,25.0
CB-1130,2024-01-29,24.5
CB-1130,2024-02-05,24.2
CB-1130,2024-02-12,25.8
CB-1130,2024-02-19,26.8
CB-1130,2024-02-26,26.5
CB-1130,2024-03-04,27.0
CB-1130,2024-03-11,25.0
CB-1130,2024-03-18,24.8
CB-1130,2024-03-25,25.0
CB-1130,2024-04-01,24.2
CB-1130,2024-04-08,26.2
CB-1130,2024-04-15,28.0
CB-1130,2024-04-22,32.0
CB-1130,2024-04-29,31.8
CB-1130,2024-05-06,31.2
CB-1130,2024-05-13,25.0
CB-1130,2024-05-20,22.5
CB-1130,2024-05-27,20.5
CB-1130,2024-06-03,16.5
CB-1130,2024-06-10,20.8
CB-1130,2024-06-17,17.2
CB-1130,2024-06-24,18.2
CB-1130,2024-07-01,18.8
CB-1130,2024-07-08,18.8
CB-1130,2024-07-15,17.8
CB-1130,2024-07-22,18.5
CB-1130,2024-07-29,18.2
CB-1130,2024-08-05,17.8
CB-1130,2024-08-12,20.2
CB-1130,2024-08-19,17.0
CB-1130,2024-08-26,18.8
CB-1130,2024-09-02,16.2
CB-1130,2024-09-09,15.0
CB-1130,2024-09-16,16.2
CB-1130,2024-09-23,15.2
CB-1130,2024-09-30,19.8
CB-1130,2024-10-07,19.5
CB-1130,2024-10-14,20.2
CB-1130,2024-10-21,19.5
CB-1130,2024-10-28,14.0
CB-1130,2024-11-04,16.5
CB-1130,2024-11-11,18.2
CB-1130,2024-11-18,17.2
CB-1130,2024-11-25,18.2
CB-1130,2024-12-02,16.8
CB-1130,2024-12-09,18.5
CB-1130,2024-12-16,18.8
CB-1130,2024-12-23,23.2
CB-1130,2024-12-30,23.8
CB-1130,2025-01-06,20.8
CB-1130,2025-01-13,22.8
CB-1130,2025-01-20,25.2
CB-1130,2025-01-27,22.8
CB-1130,2025-02-03,23.8
CB-1130,2025-02-10,27.5
CB-1130,2025-02-17,24.8
CB-1130,2025-02-24,26.5
CB-1130,2025-03-03,31.0
CB-1130,2025-03-10,31.8
CB-1130,2025-03-17,32.2
CB-1130,2025-03-24,33.0
CB-1130,2025-03-31,29.5
CB-1130,2025-04-07,27.8
CB-1130,2025-04-14,23.8
CB-1130,2025-04-21,28.5
CB-1130,2025-04-28,33.8
CB-1130,2025-05-05,32.2
CB-1130,2025-05-12,36.0
CB-1130,2025-05-19,35.0
CB-1130,2025-05-26,35.0
CB-1130,2025-06-02,38.5
CB-1130,2025-06-09,33.2
CB-1130,2025-06-16,29.2
CB-1130,2025-06-23,25.0
CB-1130,2025-06-30,19.8
CB-1130,2025-07-07,26.5
CB-1130,2025-07-14,29.5
CB-1130,2025-07-21,26.2
CB-1130,2025-07-28,26.5
CB-1130,2025-08-04,21.0
CB-1130,2025-08-11,17.0
CB-1130,2025-08-18,17.8
CB-1130,2025-08-25,19.0
CB-1130,2025-09-01,18.5
CB-1130,2025-09-08,14.5
CB-1130,2025-09-15,12.0
CB-1130,2025-09-22,8.8
CB-1130,2025-09-29,9.0
CB-1130,2025-10-06,13.5
CB-1130,2025-10-13,14.5
CB-1130,2025-10-20,14.2
CB-1130,2025-10-27,14.0
CB-1130,2025-11-03,12.0
CB-1130,2025-11-10,13.2
CB-1130,2025-11-17,14.8
CB-1130,2025-11-24,18.2
CB-1130,2025-12-01,19.0
CB-1130,2025-12-08,20.0
CB-1130,2025-12-15,20.8
CB-1130,2025-12-22,18.7
CB-1131,2024-01-01,22.0
CB-1131,2024-01-08,30.0
CB-1131,2024-01-15,30.3
CB-1131,2024-01-22,28.5
CB-1131,2024-01-29,33.2
CB-1131,2024-02-05,40.8
CB-1131,2024-02-12,40.5
CB-1131,2024-02-19,45.2
CB-1131,2024-02-26,41.0
CB-1131,2024-03-04,29.5
CB-1131,2024-03-11,30.2
CB-1131,2024-03-18,29.5
CB-1131,2024-03-25,33.5
CB-1131,2024-04-01,38.8
CB-1131,2024-04-08,35.5
CB-1131,2024-04-15,34.8
CB-1131,2024-04-22,38.2
CB-1131,2024-04-29,33.5
CB-1131,2024-05-06,38.2
CB-1131,2024-05-13,41.5
CB-1131,2024-05-20,35.8
CB-1131,2024-05-27,41.5
CB-1131,2024-06-03,36.5
CB-1131,2024-06-10,37.5
CB-1131,2024-06-17,40.8
CB-1131,2024-06-24,38.8
CB-1131,2024-07-01,47.0
CB-1131,2024-07-08,41.8
CB-1131,2024-07-15,37.8
CB-1131,2024-07-22,40.8
CB-1131,2024-07-29,41.5
CB-1131,2024-08-05,39.8
CB-1131,2024-08-12,40.2
CB-1131,2024-08-19,38.0
CB-1131,2024-08-26,31.8
CB-1131,2024-09-02,34.5
CB-1131,2024-09-09,36.5
CB-1131,2024-09-16,32.0
CB-1131,2024-09-23,33.0
CB-1131,2024-09-30,31.5
CB-1131,2024-10-07,26.2
CB-1131,2024-10-14,25.2
CB-1131,2024-10-21,22.8
CB-1131,2024-10-28,25.8
CB-1131,2024-11-04,32.2
CB-1131,2024-11-11,37.8
CB-1131,2024-11-18,41.8
CB-1131,2024-11-25,41.5
CB-1131,2024-12-02,40.8
CB-1131,2024-12-09,41.0
CB-1131,2024-12-16,42.5
CB-1131,2024-12-23,37.5
CB-1131,2024-12-30,35.0
CB-1131,2025-01-06,31.2
CB-1131,2025-01-13,35.2
CB-1131,2025-01-20,48.0
CB-1131,2025-01-27,43.2
CB-1131,2025-02-03,54.8
CB-1131,2025-02-10,51.8
CB-1131,2025-02-17,50.5
CB-1131,2025-02-24,62.8
CB-1131,2025-03-03,63.5
CB-1131,2025-03-10,64.8
CB-1131,2025-03-17,54.8
CB-1131,2025-03-24,52.2
CB-1131,2025-03-31,48.5
CB-1131,2025-04-07,46.8
CB-1131,2025-04-14,56.0
CB-1131,2025-04-21,56.0
CB-1131,2025-04-28,50.5
CB-1131,2025-05-05,46.2
CB-1131,2025-05-12,41.0
CB-1131,2025-05-19,41.5
CB-1131,2025-05-26,35.2
CB-1131,2025-06-02,36.0
CB-1131,2025-06-09,28.8
CB-1131,2025-06-16,24.5
CB-1131,2025-06-23,36.0
CB-1131,2025-06-30,33.5
CB-1131,2025-07-07,42.8
CB-1131,2025-07-14,53.8
CB-1131,2025-07-21,53.0
CB-1131,2025-07-28,56.8
CB-1131,2025-08-04,55.8
CB-1131,2025-08-11,40.5
CB-1131,2025-08-18,30.0
CB-1131,2025-08-25,28.8
CB-1131,2025-09-01,26.5
CB-1131,2025-09-08,33.5
CB-1131,2025-09-15,36.2
CB-1131,2025-09-22,36.5
CB-1131,2025-09-29,35.8
CB-1131,2025-10-06,32.2
CB-1131,2025-10-13,33.8
CB-1131,2025-10-20,31.0
CB-1131,2025-10-27,32.0
CB-1131,2025-11-03,33.8
CB-1131,2025-11-10,33.5
CB-1131,2025-11-17,39.2
CB-1131,2025-11-24,43.0
CB-1131,2025-12-01,46.0
CB-1131,2025-12-08,44.8
CB-1131,2025-12-15,44.2
CB-1131,2025-12-22,41.0
CB-1132,2024-01-01,75.0
CB-1132,2024-01-08,71.5
CB-1132,2024-01-15,73.3
CB-1132,2024-01-22,74.5
CB-1132,2024-01-29,69.0
CB-1132,2024-02-05,64.8
CB-1132,2024-02-12,70.0
CB-1132,2024-02-19,65.0
CB-1132,2024-02-26,60.0
CB-1132,2024-03-04,68.8
CB-1132,2024-03-11,61.0
CB-1132,2024-03-18,71.2
CB-1132,2024-03-25,80.5
CB-1132,2024-04-01,75.2
CB-1132,2024-04-08,83.2
CB-1132,2024-04-15,66.0
CB-1132,2024-04-22,61.2
CB-1132,2024-04-29,56.0
CB-1132,2024-05-06,34.8
CB-1132,2024-05-13,47.2
CB-1132,2024-05-20,46.8
CB-1132,2024-05-27,55.2
CB-1132,2024-06-03,68.2
CB-1132,2024-06-10,65.5
CB-1132,2024-06-17,64.8
CB-1132,2024-06-24,55.0
CB-1132,2024-07-01,52.0
CB-1132,2024-07-08,51.5
CB-1132,2024-07-15,52.0
CB-1132,2024-07-22,51.2
CB-1132,2024-07-29,44.5
CB-1132,2024-08-05,40.0
CB-1132,2024-08-12,37.0
CB-1132,2024-08-19,38.5
CB-1132,2024-08-26,41.5
CB-1132,2024-09-02,38.0
CB-1132,2024-09-09,40.5
CB-1132,2024-09-16,42.2
CB-1132,2024-09-23,50.0
CB-1132,2024-09-30,54.5
CB-1132,2024-10-07,59.2
CB-1132,2024-10-14,54.5
CB-1132,2024-10-21,41.8
CB-1132,2024-10-28,39.5
CB-1132,2024-11-04,38.0
CB-1132,2024-11-11,45.0
CB-1132,2024-11-18,57.5
CB-1132,2024-11-25,48.0
CB-1132,2024-12-02,51.8
CB-1132,2024-12-09,52.0
CB-1132,2024-12-16,41.0
CB-1132,2024-12-23,57.2
CB-1132,2024-12-30,54.2
CB-1132,2025-01-06,56.8
CB-1132,2025-01-13,71.5
CB-1132,2025-01-20,72.2
CB-1132,2025-01-27,64.8
CB-1132,2025-02-03,63.5
CB-1132,2025-02-10,50.0
CB-1132,2025-02-17,53.0
CB-1132,2025-02-24,71.2
CB-1132,2025-03-03,65.5
CB-1132,2025-03-10,71.8
CB-1132,2025-03-17,62.8
CB-1132,2025-03-24,51.8
CB-1132,2025-03-31,62.5
CB-1132,2025-04-07,64.2
CB-1132,2025-04-14,74.0
CB-1132,2025-04-21,83.5
CB-1132,2025-04-28,87.2
CB-1132,2025-05-05,82.5
CB-1132,2025-05-12,86.0
CB-1132,2025-05-19,87.0
CB-1132,2025-05-26,88.0
CB-1132,2025-06-02,92.5
CB-1132,2025-06-09,78.5
CB-1132,2025-06-16,63.0
CB-1132,2025-06-23,46.5
CB-1132,2025-06-30,46.0
CB-1132,2025-07-07,52.8
CB-1132,2025-07-14,62.5
CB-1132,2025-07-21,64.2
CB-1132,2025-07-28,62.2
CB-1132,2025-08-04,56.0
CB-1132,2025-08-11,45.8
CB-1132,2025-08-18,50.0
CB-1132,2025-08-25,50.8
CB-1132,2025-09-01,50.8
CB-1132,2025-09-08,54.0
CB-1132,2025-09-15,52.8
CB-1132,2025-09-22,53.2
CB-1132,2025-09-29,49.2
CB-1132,2025-10-06,51.8
CB-1132,2025-10-13,50.8
CB-1132,2025-10-20,47.0
CB-1132,2025-10-27,52.2
CB-1132,2025-11-03,51.0
CB-1132,2025-11-10,56.0
CB-1132,2025-11-17,54.2
CB-1132,2025-11-24,61.0
CB-1132,2025-12-01,61.2
CB-1132,2025-12-08,55.5
CB-1132,2025-12-15,59.5
CB-1132,2025-12-22,52.3
CB-1133,2024-01-01,58.0
CB-1133,2024-01-08,36.5
CB-1133,2024-01-15,32.3
CB-1133,2024-01-22,36.0
CB-1133,2024-01-29,30.8
CB-1133,2024-02-05,39.5
CB-1133,2024-02-12,43.0
CB-1133,2024-02-19,39.2
CB-1133,2024-02-26,39.5
CB-1133,2024-03-04,28.8
CB-1133,2024-03-11,25.5
CB-1133,2024-03-18,31.5
CB-1133,2024-03-25,37.0
CB-1133,2024-04-01,51.0
CB-1133,2024-04-08,57.0
CB-1133,2024-04-15,45.2
CB-1133,2024-04-22,38.5
CB-1133,2024-04-29,38.0
CB-1133,2024-05-06,41.8
CB-1133,2024-05-13,54.5
CB-1133,2024-05-20,55.2
CB-1133,2024-05-27,45.2
CB-1133,2024-06-03,38.5
CB-1133,2024-06-10,32.8
CB-1133,2024-06-17,37.8
CB-1133,2024-06-24,42.0
CB-1133,2024-07-01,41.2
CB-1133,2024-07-08,40.5
CB-1133,2024-07-15,35.8
CB-1133,2024-07-22,35.8
CB-1133,2024-07-29,33.0
CB-1133,2024-08-05,29.2
CB-1133,2024-08-12,30.8
CB-1133,2024-08-19,24.2
CB-1133,2024-08-26,29.5
CB-1133,2024-09-02,27.0
CB-1133,2024-09-09,21.8
CB-1133,2024-09-16,27.8
CB-1133,2024-09-23,23.5
CB-1133,2024-09-30,25.0
CB-1133,2024-10-07,27.5
CB-1133,2024-10-14,25.8
CB-1133,2024-10-21,25.5
CB-1133,2024-10-28,27.5
CB-1133,2024-11-04,26.8
CB-1133,2024-11-11,25.5
CB-1133,2024-11-18,33.5
CB-1133,2024-11-25,35.2
CB-1133,2024-12-02,35.2
CB-1133,2024-12-09,36.2
CB-1133,2024-12-16,36.2
CB-1133,2024-12-23,32.8
CB-1133,2024-12-30,36.2
CB-1133,2025-01-06,38.2
CB-1133,2025-01-13,28.8
CB-1133,2025-01-20,32.2
CB-1133,2025-01-27,33.5
CB-1133,2025-02-03,32.2
CB-1133,2025-02-10,39.5
CB-1133,2025-02-17,50.2
CB-1133,2025-02-24,50.5
CB-1133,2025-03-03,48.5
CB-1133,2025-03-10,44.5
CB-1133,2025-03-17,37.0
CB-1133,2025-03-24,35.2
CB-1133,2025-03-31,42.0
CB-1133,2025-04-07,47.0
CB-1133,2025-04-14,55.2
CB-1133,2025-04-21,56.5
CB-1133,2025-04-28,51.0
CB-1133,2025-05-05,54.0
CB-1133,2025-05-12,51.2
CB-1133,2025-05-19,51.5
CB-1133,2025-05-26,54.5
CB-1133,2025-06-02,51.2
CB-1133,2025-06-09,44.5
CB-1133,2025-06-16,35.2
CB-1133,2025-06-23,37.0
CB-1133,2025-06-30,36.5
CB-1133,2025-07-07,41.0
CB-1133,2025-07-14,45.0
CB-1133,2025-07-21,42.8
CB-1133,2025-07-28,39.5
CB-1133,2025-08-04,34.0
CB-1133,2025-08-11,35.8
CB-1133,2025-08-18,34.2
CB-1133,2025-08-25,33.5
CB-1133,2025-09-01,34.8
CB-1133,2025-09-08,37.0
CB-1133,2025-09-15,34.5
CB-1133,2025-09-22,33.0
CB-1133,2025-09-29,29.8
CB-1133,2025-10-06,25.2
CB-1133,2025-10-13,23.2
CB-1133,2025-10-20,24.2
CB-1133,2025-10-27,27.2
CB-1133,2025-11-03,28.8
CB-1133,2025-11-10,33.8
CB-1133,2025-11-17,35.8
CB-1133,2025-11-24,39.8
CB-1133,2025-12-01,40.0
CB-1133,2025-12-08,37.2
CB-1133,2025-12-15,37.0
CB-1133,2025-12-22,31.3
CB-1134,2024-01-01,0.0
CB-1134,2024-01-08,0.0
CB-1134,2024-01-15,0.0
CB-1134,2024-01-22,0.0
CB-1134,2024-01-29,0.0
CB-1134,2024-02-05,0.0
CB-1134,2024-02-12,0.0
CB-1134,2024-02-19,0.0
CB-1134,2024-02-26,12.2
CB-1134,2024-03-04,12.2
CB-1134,2024-03-11,12.2
CB-1134,2024-03-18,12.2
CB-1134,2024-03-25,0.0
CB-1134,2024-04-01,0.0
CB-1134,2024-04-08,10.0
CB-1134,2024-04-15,10.0
CB-1134,2024-04-22,13.5
CB-1134,2024-04-29,13.5
CB-1134,2024-05-06,15.0
CB-1134,2024-05-13,15.0
CB-1134,2024-05-20,11.5
CB-1134,2024-05-27,11.5
CB-1134,2024-06-03,12.2
CB-1134,2024-06-10,17.2
CB-1134,2024-06-17,17.2
CB-1134,2024-06-24,17.2
CB-1134,2024-07-01,5.0
CB-1134,2024-07-08,0.0
CB-1134,2024-07-15,3.5
CB-1134,2024-07-22,3.5
CB-1134,2024-07-29,3.5
CB-1134,2024-08-05,3.5
CB-1134,2024-08-12,0.0
CB-1134,2024-08-19,0.0
CB-1134,2024-08-26,9.8
CB-1134,2024-09-02,23.5
CB-1134,2024-09-09,23.5
CB-1134,2024-09-16,23.5
CB-1134,2024-09-23,13.8
CB-1134,2024-09-30,0.0
CB-1134,2024-10-07,9.5
CB-1134,2024-10-14,9.5
CB-1134,2024-10-21,9.5
CB-1134,2024-10-28,24.2
CB-1134,2024-11-04,14.8
CB-1134,2024-11-11,14.8
CB-1134,2024-11-18,14.8
CB-1134,2024-11-25,0.0
CB-1134,2024-12-02,0.0
CB-1134,2024-12-09,12.8
CB-1134,2024-12-16,12.8
CB-1134,2024-12-23,12.8
CB-1134,2024-12-30,12.8
CB-1134,2025-01-06,13.0
CB-1134,2025-01-13,13.0
CB-1134,2025-01-20,13.0
CB-1134,2025-01-27,13.0
CB-1134,2025-02-03,0.0
CB-1134,2025-02-10,0.0
CB-1134,2025-02-17,0.0
CB-1134,2025-02-24,0.0
CB-1134,2025-03-03,0.0
CB-1134,2025-03-10,0.0
CB-1134,2025-03-17,10.8
CB-1134,2025-03-24,10.8
CB-1134,2025-03-31,10.8
CB-1134,2025-04-07,10.8
CB-1134,2025-04-14,0.0
CB-1134,2025-04-21,8.0
CB-1134,2025-04-28,8.0
CB-1134,2025-05-05,8.0
CB-1134,2025-05-12,8.0
CB-1134,2025-05-19,0.0
CB-1134,2025-05-26,3.8
CB-1134,2025-06-02,3.8
CB-1134,2025-06-09,3.8
CB-1134,2025-06-16,3.8
CB-1134,2025-06-23,0.0
CB-1134,2025-06-30,12.0
CB-1134,2025-07-07,12.0
CB-1134,2025-07-14,12.0
CB-1134,2025-07-21,12.0
CB-1134,2025-07-28,0.0
CB-1134,2025-08-04,0.0
CB-1134,2025-08-11,11.0
CB-1134,2025-08-18,11.0
CB-1134,2025-08-25,11.0
CB-1134,2025-09-01,11.0
CB-1134,2025-09-08,0.0
CB-1134,2025-09-15,0.0
CB-1134,2025-09-22,0.0
CB-1134,2025-09-29,0.0
CB-1134,2025-10-06,13.0
CB-1134,2025-10-13,13.0
CB-1134,2025-10-20,13.0
CB-1134,2025-10-27,13.0
CB-1134,2025-11-03,10.5
CB-1134,2025-11-10,18.0
CB-1134,2025-11-17,18.0
CB-1134,2025-11-24,32.8
CB-1134,2025-12-01,22.2
CB-1134,2025-12-08,14.8
CB-1134,2025-12-15,24.0
CB-1134,2025-12-22,12.3
CB-1135,2024-01-01,36.0
CB-1135,2024-01-08,27.0
CB-1135,2024-01-15,32.7
CB-1135,2024-01-22,31.2
CB-1135,2024-01-29,28.0
CB-1135,2024-02-05,34.0
CB-1135,2024-02-12,30.5
CB-1135,2024-02-19,31.8
CB-1135,2024-02-26,37.0
CB-1135,2024-03-04,39.8
CB-1135,2024-03-11,39.8
CB-1135,2024-03-18,38.8
CB-1135,2024-03-25,38.5
CB-1135,2024-04-01,38.0
CB-1135,2024-04-08,46.5
CB-1135,2024-04-15,46.0
CB-1135,2024-04-22,44.5
CB-1135,2024-04-29,46.5
CB-1135,2024-05-06,47.8
CB-1135,2024-05-13,47.8
CB-1135,2024-05-20,45.8
CB-1135,2024-05-27,42.0
CB-1135,2024-06-03,32.2
CB-1135,2024-06-10,32.5
CB-1135,2024-06-17,35.0
CB-1135,2024-06-24,37.5
CB-1135,2024-07-01,34.5
CB-1135,2024-07-08,40.2
CB-1135,2024-07-15,37.0
CB-1135,2024-07-22,32.2
CB-1135,2024-07-29,39.5
CB-1135,2024-08-05,35.2
CB-1135,2024-08-12,35.2
CB-1135,2024-08-19,35.2
CB-1135,2024-08-26,30.0
CB-1135,2024-09-02,30.0
CB-1135,2024-09-09,29.8
CB-1135,2024-09-16,29.8
CB-1135,2024-09-23,26.8
CB-1135,2024-09-30,23.0
CB-1135,2024-10-07,20.2
CB-1135,2024-10-14,18.2
CB-1135,2024-10-21,18.0
CB-1135,2024-10-28,19.0
CB-1135,2024-11-04,20.0
CB-1135,2024-11-11,24.8
CB-1135,2024-11-18,26.8
CB-1135,2024-11-25,25.8
CB-1135,2024-12-02,30.5
CB-1135,2024-12-09,32.8
CB-1135,2024-12-16,36.2
CB-1135,2024-12-23,41.0
CB-1135,2024-12-30,45.8
CB-1135,2025-01-06,45.0
CB-1135,2025-01-13,48.0
CB-1135,2025-01-20,47.0
CB-1135,2025-01-27,45.5
CB-1135,2025-02-03,38.2
CB-1135,2025-02-10,35.2
CB-1135,2025-02-17,44.2
CB-1135,2025-02-24,48.5
CB-1135,2025-03-03,56.2
CB-1135,2025-03-10,51.2
CB-1135,2025-03-17,41.0
CB-1135,2025-03-24,33.2
CB-1135,2025-03-31,31.0
CB-1135,2025-04-07,34.0
CB-1135,2025-04-14,37.8
CB-1135,2025-04-21,47.8
CB-1135,2025-04-28,49.8
CB-1135,2025-05-05,55.5
CB-1135,2025-05-12,52.0
CB-1135,2025-05-19,37.8
CB-1135,2025-05-26,30.8
CB-1135,2025-06-02,22.8
CB-1135,2025-06-09,26.2
CB-1135,2025-06-16,33.0
CB-1135,2025-06-23,33.2
CB-1135,2025-06-30,38.8
CB-1135,2025-07-07,42.0
CB-1135,2025-07-14,45.8
CB-1135,2025-07-21,50.5
CB-1135,2025-07-28,48.5
CB-1135,2025-08-04,45.0
CB-1135,2025-08-11,41.8
CB-1135,2025-08-18,32.8
CB-1135,2025-08-25,36.5
CB-1135,2025-09-01,32.2
CB-1135,2025-09-08,26.5
CB-1135,2025-09-15,31.0
CB-1135,2025-09-22,27.8
CB-1135,2025-09-29,26.2
CB-1135,2025-10-06,27.0
CB-1135,2025-10-13,29.5
CB-1135,2025-10-20,29.5
CB-1135,2025-10-27,34.0
CB-1135,2025-11-03,34.2
CB-1135,2025-11-10,35.5
CB-1135,2025-11-17,39.0
CB-1135,2025-11-24,42.0
CB-1135,2025-12-01,45.5
CB-1135,2025-12-08,48.0
CB-1135,2025-12-15,49.0
CB-1135,2025-12-22,49.0
CB-1136,2024-01-01,65.0
CB-1136,2024-01-08,68.0
CB-1136,2024-01-15,69.3
CB-1136,2024-01-22,72.0
CB-1136,2024-01-29,74.2
CB-1136,2024-02-05,78.5
CB-1136,2024-02-12,78.8
CB-1136,2024-02-19,76.8
CB-1136,2024-02-26,79.2
CB-1136,2024-03-04,77.2
CB-1136,2024-03-11,78.5
CB-1136,2024-03-18,81.2
CB-1136,2024-03-25,80.8
CB-1136,2024-04-01,82.8
CB-1136,2024-04-08,84.0
CB-1136,2024-04-15,84.0
CB-1136,2024-04-22,85.0
CB-1136,2024-04-29,86.0
CB-1136,2024-05-06,88.8
CB-1136,2024-05-13,89.0
CB-1136,2024-05-20,88.2
CB-1136,2024-05-27,85.0
CB-1136,2024-06-03,81.8
CB-1136,2024-06-10,80.5
CB-1136,2024-06-17,80.2
CB-1136,2024-06-24,75.8
CB-1136,2024-07-01,72.8
CB-1136,2024-07-08,70.5
CB-1136,2024-07-15,66.5
CB-1136,2024-07-22,66.2
CB-1136,2024-07-29,63.0
CB-1136,2024-08-05,61.8
CB-1136,2024-08-12,59.2
CB-1136,2024-08-19,56.8
CB-1136,2024-08-26,58.0
CB-1136,2024-09-02,56.5
CB-1136,2024-09-09,56.5
CB-1136,2024-09-16,57.0
CB-1136,2024-09-23,55.5
CB-1136,2024-09-30,56.0
CB-1136,2024-10-07,54.2
CB-1136,2024-10-14,53.8
CB-1136,2024-10-21,53.8
CB-1136,2024-10-28,53.5
CB-1136,2024-11-04,56.0
CB-1136,2024-11-11,60.0
CB-1136,2024-11-18,64.0
CB-1136,2024-11-25,66.2
CB-1136,2024-12-02,69.5
CB-1136,2024-12-09,71.2
CB-1136,2024-12-16,72.0
CB-1136,2024-12-23,72.0
CB-1136,2024-12-30,72.2
CB-1136,2025-01-06,72.2
CB-1136,2025-01-13,74.5
CB-1136,2025-01-20,79.2
CB-1136,2025-01-27,80.5
CB-1136,2025-02-03,85.0
CB-1136,2025-02-10,85.8
CB-1136,2025-02-17,85.2
CB-1136,2025-02-24,88.5
CB-1136,2025-03-03,87.8
CB-1136,2025-03-10,91.8
CB-1136,2025-03-17,94.5
CB-1136,2025-03-24,98.0
CB-1136,2025-03-31,99.8
CB-1136,2025-04-07,98.0
CB-1136,2025-04-14,101.8
CB-1136,2025-04-21,96.5
CB-1136,2025-04-28,99.2
CB-1136,2025-05-05,102.2
CB-1136,2025-05-12,99.0
CB-1136,2025-05-19,100.2
CB-1136,2025-05-26,98.8
CB-1136,2025-06-02,93.2
CB-1136,2025-06-09,88.8
CB-1136,2025-06-16,86.8
CB-1136,2025-06-23,81.0
CB-1136,2025-06-30,78.0
CB-1136,2025-07-07,78.5
CB-1136,2025-07-14,75.8
CB-1136,2025-07-21,74.5
CB-1136,2025-07-28,71.8
CB-1136,2025-08-04,68.2
CB-1136,2025-08-11,66.0
CB-1136,2025-08-18,62.8
CB-1136,2025-08-25,63.2
CB-1136,2025-09-01,63.2
CB-1136,2025-09-08,64.2
CB-1136,2025-09-15,65.8
CB-1136,2025-09-22,65.2
CB-1136,2025-09-29,63.2
CB-1136,2025-10-06,63.8
CB-1136,2025-10-13,62.8
CB-1136,2025-10-20,64.8
CB-1136,2025-10-27,67.8
CB-1136,2025-11-03,67.0
CB-1136,2025-11-10,68.2
CB-1136,2025-11-17,68.0
CB-1136,2025-11-24,66.2
CB-1136,2025-12-01,68.8
CB-1136,2025-12-08,74.2
CB-1136,2025-12-15,76.0
CB-1136,2025-12-22,79.3
CB-1137,2024-01-01,100.0
CB-1137,2024-01-08,112.0
CB-1137,2024-01-15,109.3
CB-1137,2024-01-22,109.8
CB-1137,2024-01-29,111.5
CB-1137,2024-02-05,108.5
CB-1137,2024-02-12,116.0
CB-1137,2024-02-19,120.2
CB-1137,2024-02-26,127.2
CB-1137,2024-03-04,127.5
CB-1137,2024-03-11,127.5
CB-1137,2024-03-18,125.0
CB-1137,2024-03-25,120.0
CB-1137,2024-04-01,124.8
CB-1137,2024-04-08,124.0
CB-1137,2024-04-15,126.8
CB-1137,2024-04-22,131.8
CB-1137,2024-04-29,132.5
CB-1137,2024-05-06,134.5
CB-1137,2024-05-13,130.0
CB-1137,2024-05-20,130.0
CB-1137,2024-05-27,130.0
CB-1137,2024-06-03,123.2
CB-1137,2024-06-10,119.8
CB-1137,2024-06-17,110.2
CB-1137,2024-06-24,102.0
CB-1137,2024-07-01,104.0
CB-1137,2024-07-08,105.0
CB-1137,2024-07-15,104.0
CB-1137,2024-07-22,101.0
CB-1137,2024-07-29,91.8
CB-1137,2024-08-05,90.5
CB-1137,2024-08-12,89.0
CB-1137,2024-08-19,91.8
CB-1137,2024-08-26,93.2
CB-1137,2024-09-02,91.5
CB-1137,2024-09-09,90.0
CB-1137,2024-09-16,83.5
CB-1137,2024-09-23,80.2
CB-1137,2024-09-30,76.5
CB-1137,2024-10-07,78.5
CB-1137,2024-10-14,80.2
CB-1137,2024-10-21,84.5
CB-1137,2024-10-28,88.2
CB-1137,2024-11-04,88.0
CB-1137,2024-11-11,88.5
CB-1137,2024-11-18,89.8
CB-1137,2024-11-25,91.8
CB-1137,2024-12-02,97.2
CB-1137,2024-12-09,101.2
CB-1137,2024-12-16,105.5
CB-1137,2024-12-23,113.2
CB-1137,2024-12-30,115.5
CB-1137,2025-01-06,122.5
CB-1137,2025-01-13,126.0
CB-1137,2025-01-20,130.5
CB-1137,2025-01-27,134.2
CB-1137,2025-02-03,137.5
CB-1137,2025-02-10,139.2
CB-1137,2025-02-17,135.2
CB-1137,2025-02-24,133.5
CB-1137,2025-03-03,137.5
CB-1137,2025-03-10,136.5
CB-1137,2025-03-17,142.2
CB-1137,2025-03-24,148.0
CB-1137,2025-03-31,147.8
CB-1137,2025-04-07,149.5
CB-1137,2025-04-14,145.0
CB-1137,2025-04-21,144.2
CB-1137,2025-04-28,139.8
CB-1137,2025-05-05,136.5
CB-1137,2025-05-12,142.5
CB-1137,2025-05-19,137.2
CB-1137,2025-05-26,133.2
CB-1137,2025-06-02,133.5
CB-1137,2025-06-09,128.5
CB-1137,2025-06-16,122.2
CB-1137,2025-06-23,124.5
CB-1137,2025-06-30,119.8
CB-1137,2025-07-07,113.8
CB-1137,2025-07-14,114.5
CB-1137,2025-07-21,112.5
CB-1137,2025-07-28,111.8
CB-1137,2025-08-04,106.8
CB-1137,2025-08-11,104.8
CB-1137,2025-08-18,98.2
CB-1137,2025-08-25,96.0
CB-1137,2025-09-01,96.5
CB-1137,2025-09-08,95.5
CB-1137,2025-09-15,91.8
CB-1137,2025-09-22,90.0
CB-1137,2025-09-29,90.0
CB-1137,2025-10-06,89.0
CB-1137,2025-10-13,93.5
CB-1137,2025-10-20,95.5
CB-1137,2025-10-27,95.5
CB-1137,2025-11-03,101.2
CB-1137,2025-11-10,98.5
CB-1137,2025-11-17,99.5
CB-1137,2025-11-24,105.5
CB-1137,2025-12-01,110.5
CB-1137,2025-12-08,123.0
CB-1137,2025-12-15,128.2
CB-1137,2025-12-22,130.7
CB-1138,2024-01-01,71.0
CB-1138,2024-01-08,79.0
CB-1138,2024-01-15,79.0
CB-1138,2024-01-22,79.8
CB-1138,2024-01-29,74.0
CB-1138,2024-02-05,68.5
CB-1138,2024-02-12,64.0
CB-1138,2024-02-19,54.5
CB-1138,2024-02-26,50.8
CB-1138,2024-03-04,51.2
CB-1138,2024-03-11,54.0
CB-1138,2024-03-18,63.5
CB-1138,2024-03-25,79.0
CB-1138,2024-04-01,83.5
CB-1138,2024-04-08,83.5
CB-1138,2024-04-15,76.5
CB-1138,2024-04-22,78.5
CB-1138,2024-04-29,76.0
CB-1138,2024-05-06,74.2
CB-1138,2024-05-13,78.5
CB-1138,2024-05-20,66.5
CB-1138,2024-05-27,62.5
CB-1138,2024-06-03,60.5
CB-1138,2024-06-10,58.2
CB-1138,2024-06-17,65.2
CB-1138,2024-06-24,69.2
CB-1138,2024-07-01,79.8
CB-1138,2024-07-08,86.2
CB-1138,2024-07-15,91.0
CB-1138,2024-07-22,89.8
CB-1138,2024-07-29,82.0
CB-1138,2024-08-05,71.5
CB-1138,2024-08-12,63.5
CB-1138,2024-08-19,56.2
CB-1138,2024-08-26,45.5
CB-1138,2024-09-02,53.8
CB-1138,2024-09-09,43.5
CB-1138,2024-09-16,48.0
CB-1138,2024-09-23,50.5
CB-1138,2024-09-30,48.5
CB-1138,2024-10-07,59.8
CB-1138,2024-10-14,60.5
CB-1138,2024-10-21,71.0
CB-1138,2024-10-28,67.0
CB-1138,2024-11-04,73.5
CB-1138,2024-11-11,76.0
CB-1138,2024-11-18,67.0
CB-1138,2024-11-25,69.0
CB-1138,2024-12-02,59.0
CB-1138,2024-12-09,56.0
CB-1138,2024-12-16,52.8
CB-1138,2024-12-23,56.8
CB-1138,2024-12-30,51.0
CB-1138,2025-01-06,38.2
CB-1138,2025-01-13,48.0
CB-1138,2025-01-20,42.8
CB-1138,2025-01-27,47.5
CB-1138,2025-02-03,45.2
CB-1138,2025-02-10,43.2
CB-1138,2025-02-17,48.8
CB-1138,2025-02-24,51.8
CB-1138,2025-03-03,76.8
CB-1138,2025-03-10,95.0
CB-1138,2025-03-17,101.5
CB-1138,2025-03-24,115.0
CB-1138,2025-03-31,121.2
CB-1138,2025-04-07,102.8
CB-1138,2025-04-14,102.0
CB-1138,2025-04-21,101.2
CB-1138,2025-04-28,88.5
CB-1138,2025-05-05,89.5
CB-1138,2025-05-12,89.0
CB-1138,2025-05-19,69.2
CB-1138,2025-05-26,63.5
CB-1138,2025-06-02,63.2
CB-1138,2025-06-09,60.5
CB-1138,2025-06-16,71.0
CB-1138,2025-06-23,83.2
CB-1138,2025-06-30,80.2
CB-1138,2025-07-07,69.2
CB-1138,2025-07-14,68.8
CB-1138,2025-07-21,55.5
CB-1138,2025-07-28,55.8
CB-1138,2025-08-04,49.8
CB-1138,2025-08-11,46.5
CB-1138,2025-08-18,57.8
CB-1138,2025-08-25,54.5
CB-1138,2025-09-01,68.5
CB-1138,2025-09-08,65.8
CB-1138,2025-09-15,48.2
CB-1138,2025-09-22,48.8
CB-1138,2025-09-29,38.8
CB-1138,2025-10-06,37.5
CB-1138,2025-10-13,48.8
CB-1138,2025-10-20,63.5
CB-1138,2025-10-27,61.5
CB-1138,2025-11-03,61.8
CB-1138,2025-11-10,56.0
CB-1138,2025-11-17,40.8
CB-1138,2025-11-24,51.0
CB-1138,2025-12-01,55.8
CB-1138,2025-12-08,51.5
CB-1138,2025-12-15,61.2
CB-1138,2025-12-22,58.0
CB-1139,2024-01-01,0.0
CB-1139,2024-01-08,0.0
CB-1139,2024-01-15,0.0
CB-1139,2024-01-22,0.0
CB-1139,2024-01-29,0.0
CB-1139,2024-02-05,0.0
CB-1139,2024-02-12,0.0
CB-1139,2024-02-19,0.0
CB-1139,2024-02-26,0.0
CB-1139,2024-03-04,0.0
CB-1139,2024-03-11,0.0
CB-1139,2024-03-18,0.0
CB-1139,2024-03-25,0.0
CB-1139,2024-04-01,0.0
CB-1139,2024-04-08,0.0
CB-1139,2024-04-15,13.0
CB-1139,2024-04-22,13.0
CB-1139,2024-04-29,13.0
CB-1139,2024-05-06,13.0
CB-1139,2024-05-13,12.8
CB-1139,2024-05-20,12.8
CB-1139,2024-05-27,27.0
CB-1139,2024-06-03,27.0
CB-1139,2024-06-10,14.2
CB-1139,2024-06-17,14.2
CB-1139,2024-06-24,5.0
CB-1139,2024-07-01,5.0
CB-1139,2024-07-08,5.0
CB-1139,2024-07-15,11.5
CB-1139,2024-07-22,6.5
CB-1139,2024-07-29,6.5
CB-1139,2024-08-05,6.5
CB-1139,2024-08-12,0.0
CB-1139,2024-08-19,3.8
CB-1139,2024-08-26,13.5
CB-1139,2024-09-02,26.0
CB-1139,2024-09-09,26.0
CB-1139,2024-09-16,35.8
CB-1139,2024-09-23,26.0
CB-1139,2024-09-30,27.8
CB-1139,2024-10-07,27.8
CB-1139,2024-10-14,14.2
CB-1139,2024-10-21,14.2
CB-1139,2024-10-28,0.0
CB-1139,2024-11-04,0.0
CB-1139,2024-11-11,0.0
CB-1139,2024-11-18,0.0
CB-1139,2024-11-25,10.2
CB-1139,2024-12-02,10.2
CB-1139,2024-12-09,13.5
CB-1139,2024-12-16,13.5
CB-1139,2024-12-23,3.2
CB-1139,2024-12-30,18.0
CB-1139,2025-01-06,14.8
CB-1139,2025-01-13,14.8
CB-1139,2025-01-20,14.8
CB-1139,2025-01-27,0.0
CB-1139,2025-02-03,0.0
CB-1139,2025-02-10,0.0
CB-1139,2025-02-17,0.0
CB-1139,2025-02-24,8.2
CB-1139,2025-03-03,8.2
CB-1139,2025-03-10,8.2
CB-1139,2025-03-17,8.2
CB-1139,2025-03-24,0.0
CB-1139,2025-03-31,0.0
CB-1139,2025-04-07,0.0
CB-1139,2025-04-14,0.0
CB-1139,2025-04-21,0.0
CB-1139,2025-04-28,0.0
CB-1139,2025-05-05,0.0
CB-1139,2025-05-12,0.0
CB-1139,2025-05-19,0.0
CB-1139,2025-05-26,0.0
CB-1139,2025-06-02,0.0
CB-1139,2025-06-09,0.0
CB-1139,2025-06-16,0.0
CB-1139,2025-06-23,0.0
CB-1139,2025-06-30,0.0
CB-1139,2025-07-07,0.0
CB-1139,2025-07-14,0.0
CB-1139,2025-07-21,0.0
CB-1139,2025-07-28,0.0
CB-1139,2025-08-04,0.0
CB-1139,2025-08-11,0.0
CB-1139,2025-08-18,15.0
CB-1139,2025-08-25,15.0
CB-1139,2025-09-01,15.0
CB-1139,2025-09-08,15.0
CB-1139,2025-09-15,0.0
CB-1139,2025-09-22,0.0
CB-1139,2025-09-29,0.0
CB-1139,2025-10-06,0.0
CB-1139,2025-10-13,0.0
CB-1139,2025-10-20,8.0
CB-1139,2025-10-27,8.0
CB-1139,2025-11-03,8.0
CB-1139,2025-11-10,10.5
CB-1139,2025-11-17,2.5
CB-1139,2025-11-24,2.5
CB-1139,2025-12-01,2.5
CB-1139,2025-12-08,0.0
CB-1139,2025-12-15,0.0
CB-1139,2025-12-22,0.0
CB-1140,2024-01-01,28.0
CB-1140,2024-01-08,16.0
CB-1140,2024-01-15,19.7
CB-1140,2024-01-22,25.2
CB-1140,2024-01-29,28.5
CB-1140,2024-02-05,35.2
CB-1140,2024-02-12,41.2
CB-1140,2024-02-19,37.8
CB-1140,2024-02-26,33.8
CB-1140,2024-03-04,33.0
CB-1140,2024-03-11,25.5
CB-1140,2024-03-18,29.0
CB-1140,2024-03-25,32.2
CB-1140,2024-04-01,35.8
CB-1140,2024-04-08,37.8
CB-1140,2024-04-15,35.8
CB-1140,2024-04-22,28.2
CB-1140,2024-04-29,27.2
CB-1140,2024-05-06,28.5
CB-1140,2024-05-13,25.0
CB-1140,2024-05-20,30.8
CB-1140,2024-05-27,28.5
CB-1140,2024-06-03,32.5
CB-1140,2024-06-10,32.2
CB-1140,2024-06-17,32.8
CB-1140,2024-06-24,30.0
CB-1140,2024-07-01,23.0
CB-1140,2024-07-08,25.5
CB-1140,2024-07-15,23.2
CB-1140,2024-07-22,25.0
CB-1140,2024-07-29,26.5
CB-1140,2024-08-05,24.2
CB-1140,2024-08-12,26.0
CB-1140,2024-08-19,25.0
CB-1140,2024-08-26,23.5
CB-1140,2024-09-02,24.8
CB-1140,2024-09-09,23.0
CB-1140,2024-09-16,24.5
CB-1140,2024-09-23,25.0
CB-1140,2024-09-30,25.2
CB-1140,2024-10-07,24.2
CB-1140,2024-10-14,21.0
CB-1140,2024-10-21,18.0
CB-1140,2024-10-28,14.0
CB-1140,2024-11-04,18.8
CB-1140,2024-11-11,16.8
CB-1140,2024-11-18,22.8
CB-1140,2024-11-25,25.0
CB-1140,2024-12-02,25.0
CB-1140,2024-12-09,25.0
CB-1140,2024-12-16,22.8
CB-1140,2024-12-23,29.5
CB-1140,2024-12-30,29.5
CB-1140,2025-01-06,35.0
CB-1140,2025-01-13,31.0
CB-1140,2025-01-20,24.0
CB-1140,2025-01-27,27.2
CB-1140,2025-02-03,28.0
CB-1140,2025-02-10,34.0
CB-1140,2025-02-17,39.8
CB-1140,2025-02-24,31.8
CB-1140,2025-03-03,34.8
CB-1140,2025-03-10,34.2
CB-1140,2025-03-17,34.8
CB-1140,2025-03-24,37.5
CB-1140,2025-03-31,31.0
CB-1140,2025-04-07,31.0
CB-1140,2025-04-14,32.0
CB-1140,2025-04-21,35.2
CB-1140,2025-04-28,40.5
CB-1140,2025-05-05,44.5
CB-1140,2025-05-12,41.2
CB-1140,2025-05-19,39.5
CB-1140,2025-05-26,37.2
CB-1140,2025-06-02,36.5
CB-1140,2025-06-09,37.2
CB-1140,2025-06-16,34.5
CB-1140,2025-06-23,31.0
CB-1140,2025-06-30,30.2
CB-1140,2025-07-07,26.5
CB-1140,2025-07-14,27.5
CB-1140,2025-07-21,36.8
CB-1140,2025-07-28,34.8
CB-1140,2025-08-04,39.8
CB-1140,2025-08-11,37.5
CB-1140,2025-08-18,33.2
CB-1140,2025-08-25,31.0
CB-1140,2025-09-01,27.5
CB-1140,2025-09-08,32.8
CB-1140,2025-09-15,29.5
CB-1140,2025-09-22,29.2
CB-1140,2025-09-29,26.5
CB-1140,2025-10-06,24.2
CB-1140,2025-10-13,23.8
CB-1140,2025-10-20,26.2
CB-1140,2025-10-27,24.8
CB-1140,2025-11-03,24.5
CB-1140,2025-11-10,24.8
CB-1140,2025-11-17,25.0
CB-1140,2025-11-24,29.5
CB-1140,2025-12-01,27.8
CB-1140,2025-12-08,29.2
CB-1140,2025-12-15,26.0
CB-1140,2025-12-22,25.0
CB-1141,2024-01-01,37.0
CB-1141,2024-01-08,45.0
CB-1141,2024-01-15,41.7
CB-1141,2024-01-22,39.5
CB-1141,2024-01-29,40.2
CB-1141,2024-02-05,29.5
CB-1141,2024-02-12,26.2
CB-1141,2024-02-19,26.5
CB-1141,2024-02-26,24.0
CB-1141,2024-03-04,26.0
CB-1141,2024-03-11,33.8
CB-1141,2024-03-18,36.2
CB-1141,2024-03-25,39.5
CB-1141,2024-04-01,42.8
CB-1141,2024-04-08,40.0
CB-1141,2024-04-15,41.0
CB-1141,2024-04-22,39.5
CB-1141,2024-04-29,43.2
CB-1141,2024-05-06,39.8
CB-1141,2024-05-13,37.8
CB-1141,2024-05-20,41.8
CB-1141,2024-05-27,43.5
CB-1141,2024-06-03,49.8
CB-1141,2024-06-10,49.5
CB-1141,2024-06-17,45.0
CB-1141,2024-06-24,38.8
CB-1141,2024-07-01,28.5
CB-1141,2024-07-08,23.0
CB-1141,2024-07-15,21.5
CB-1141,2024-07-22,21.8
CB-1141,2024-07-29,29.8
CB-1141,2024-08-05,36.0
CB-1141,2024-08-12,34.0
CB-1141,2024-08-19,35.5
CB-1141,2024-08-26,30.0
CB-1141,2024-09-02,27.8
CB-1141,2024-09-09,31.0
CB-1141,2024-09-16,31.5
CB-1141,2024-09-23,31.5
CB-1141,2024-09-30,32.0
CB-1141,2024-10-07,25.8
CB-1141,2024-10-14,26.2
CB-1141,2024-10-21,27.5
CB-1141,2024-10-28,25.8
CB-1141,2024-11-04,25.5
CB-1141,2024-11-11,22.0
CB-1141,2024-11-18,26.5
CB-1141,2024-11-25,26.2
CB-1141,2024-12-02,34.2
CB-1141,2024-12-09,36.5
CB-1141,2024-12-16,37.0
CB-1141,2024-12-23,39.8
CB-1141,2024-12-30,36.0
CB-1141,2025-01-06,37.2
CB-1141,2025-01-13,40.8
CB-1141,2025-01-20,43.0
CB-1141,2025-01-27,46.8
CB-1141,2025-02-03,56.0
CB-1141,2025-02-10,56.0
CB-1141,2025-02-17,58.2
CB-1141,2025-02-24,60.8
CB-1141,2025-03-03,56.0
CB-1141,2025-03-10,55.2
CB-1141,2025-03-17,44.0
CB-1141,2025-03-24,44.5
CB-1141,2025-03-31,41.0
CB-1141,2025-04-07,36.0
CB-1141,2025-04-14,44.0
CB-1141,2025-04-21,36.2
CB-1141,2025-04-28,29.8
CB-1141,2025-05-05,36.2
CB-1141,2025-05-12,38.2
CB-1141,2025-05-19,34.8
CB-1141,2025-05-26,38.8
CB-1141,2025-06-02,36.2
CB-1141,2025-06-09,32.5
CB-1141,2025-06-16,44.8
CB-1141,2025-06-23,49.5
CB-1141,2025-06-30,40.8
CB-1141,2025-07-07,40.2
CB-1141,2025-07-14,33.5
CB-1141,2025-07-21,24.8
CB-1141,2025-07-28,24.0
CB-1141,2025-08-04,21.2
CB-1141,2025-08-11,20.0
CB-1141,2025-08-18,24.2
CB-1141,2025-08-25,30.5
CB-1141,2025-09-01,33.5
CB-1141,2025-09-08,36.8
CB-1141,2025-09-15,34.8
CB-1141,2025-09-22,33.2
CB-1141,2025-09-29,31.5
CB-1141,2025-10-06,28.5
CB-1141,2025-10-13,34.5
CB-1141,2025-10-20,27.2
CB-1141,2025-10-27,23.0
CB-1141,2025-11-03,25.8
CB-1141,2025-11-10,20.8
CB-1141,2025-11-17,23.5
CB-1141,2025-11-24,26.2
CB-1141,2025-12-01,23.2
CB-1141,2025-12-08,28.0
CB-1141,2025-12-15,37.5
CB-1141,2025-12-22,42.7
CB-1142,2024-01-01,26.0
CB-1142,2024-01-08,29.0
CB-1142,2024-01-15,29.7
CB-1142,2024-01-22,45.8
CB-1142,2024-01-29,58.2
CB-1142,2024-02-05,67.8
CB-1142,2024-02-12,78.8
CB-1142,2024-02-19,72.5
CB-1142,2024-02-26,64.5
CB-1142,2024-03-04,68.5
CB-1142,2024-03-11,66.8
CB-1142,2024-03-18,60.2
CB-1142,2024-03-25,71.5
CB-1142,2024-04-01,65.8
CB-1142,2024-04-08,68.8
CB-1142,2024-04-15,75.5
CB-1142,2024-04-22,77.2
CB-1142,2024-04-29,81.0
CB-1142,2024-05-06,73.2
CB-1142,2024-05-13,75.2
CB-1142,2024-05-20,70.5
CB-1142,2024-05-27,71.0
CB-1142,2024-06-03,81.2
CB-1142,2024-06-10,74.5
CB-1142,2024-06-17,74.5
CB-1142,2024-06-24,60.5
CB-1142,2024-07-01,52.2
CB-1142,2024-07-08,52.5
CB-1142,2024-07-15,54.2
CB-1142,2024-07-22,61.0
CB-1142,2024-07-29,62.8
CB-1142,2024-08-05,54.8
CB-1142,2024-08-12,44.8
CB-1142,2024-08-19,40.8
CB-1142,2024-08-26,47.5
CB-1142,2024-09-02,51.8
CB-1142,2024-09-09,53.0
CB-1142,2024-09-16,56.5
CB-1142,2024-09-23,39.0
CB-1142,2024-09-30,39.5
CB-1142,2024-10-07,41.0
CB-1142,2024-10-14,41.2
CB-1142,2024-10-21,38.5
CB-1142,2024-10-28,39.0
CB-1142,2024-11-04,42.8
CB-1142,2024-11-11,46.2
CB-1142,2024-11-18,63.2
CB-1142,2024-11-25,62.2
CB-1142,2024-12-02,66.0
CB-1142,2024-12-09,65.0
CB-1142,2024-12-16,70.0
CB-1142,2024-12-23,77.0
CB-1142,2024-12-30,60.5
CB-1142,2025-01-06,67.8
CB-1142,2025-01-13,58.2
CB-1142,2025-01-20,57.8
CB-1142,2025-01-27,62.2
CB-1142,2025-02-03,70.0
CB-1142,2025-02-10,71.0
CB-1142,2025-02-17,86.0
CB-1142,2025-02-24,94.0
CB-1142,2025-03-03,77.8
CB-1142,2025-03-10,92.0
CB-1142,2025-03-17,81.5
CB-1142,2025-03-24,84.5
CB-1142,2025-03-31,82.2
CB-1142,2025-04-07,69.5
CB-1142,2025-04-14,73.0
CB-1142,2025-04-21,64.0
CB-1142,2025-04-28,69.0
CB-1142,2025-05-05,68.5
CB-1142,2025-05-12,65.0
CB-1142,2025-05-19,83.2
CB-1142,2025-05-26,83.8
CB-1142,2025-06-02,80.8
CB-1142,2025-06-09,96.0
CB-1142,2025-06-16,81.5
CB-1142,2025-06-23,80.5
CB-1142,2025-06-30,81.0
CB-1142,2025-07-07,60.0
CB-1142,2025-07-14,61.2
CB-1142,2025-07-21,65.5
CB-1142,2025-07-28,68.0
CB-1142,2025-08-04,73.5
CB-1142,2025-08-11,76.5
CB-1142,2025-08-18,71.0
CB-1142,2025-08-25,69.5
CB-1142,2025-09-01,68.0
CB-1142,2025-09-08,56.8
CB-1142,2025-09-15,66.8
CB-1142,2025-09-22,62.0
CB-1142,2025-09-29,55.2
CB-1142,2025-10-06,55.0
CB-1142,2025-10-13,38.2
CB-1142,2025-10-20,46.0
CB-1142,2025-10-27,59.5
CB-1142,2025-11-03,63.2
CB-1142,2025-11-10,72.0
CB-1142,2025-11-17,70.0
CB-1142,2025-11-24,66.2
CB-1142,2025-12-01,83.8
CB-1142,2025-12-08,93.0
CB-1142,2025-12-15,92.5
CB-1142,2025-12-22,94.7
CB-1143,2024-01-01,21.0
CB-1143,2024-01-08,23.0
CB-1143,2024-01-15,32.0
CB-1143,2024-01-22,37.2
CB-1143,2024-01-29,40.8
CB-1143,2024-02-05,45.0
CB-1143,2024-02-12,46.5
CB-1143,2024-02-19,37.2
CB-1143,2024-02-26,37.0
CB-1143,2024-03-04,44.0
CB-1143,2024-03-11,41.5
CB-1143,2024-03-18,43.8
CB-1143,2024-03-25,46.2
CB-1143,2024-04-01,43.0
CB-1143,2024-04-08,32.8
CB-1143,2024-04-15,37.5
CB-1143,2024-04-22,35.5
CB-1143,2024-04-29,25.5
CB-1143,2024-05-06,34.8
CB-1143,2024-05-13,33.2
CB-1143,2024-05-20,34.0
CB-1143,2024-05-27,38.2
CB-1143,2024-06-03,33.8
CB-1143,2024-06-10,28.8
CB-1143,2024-06-17,25.8
CB-1143,2024-06-24,28.5
CB-1143,2024-07-01,31.5
CB-1143,2024-07-08,35.0
CB-1143,2024-07-15,33.2
CB-1143,2024-07-22,28.8
CB-1143,2024-07-29,29.2
CB-1143,2024-08-05,29.8
CB-1143,2024-08-12,30.8
CB-1143,2024-08-19,24.5
CB-1143,2024-08-26,20.2
CB-1143,2024-09-02,17.5
CB-1143,2024-09-09,16.0
CB-1143,2024-09-16,21.2
CB-1143,2024-09-23,24.5
CB-1143,2024-09-30,25.5
CB-1143,2024-10-07,30.2
CB-1143,2024-10-14,27.8
CB-1143,2024-10-21,25.5
CB-1143,2024-10-28,21.0
CB-1143,2024-11-04,18.0
CB-1143,2024-11-11,19.5
CB-1143,2024-11-18,24.5
CB-1143,2024-11-25,31.5
CB-1143,2024-12-02,36.5
CB-1143,2024-12-09,39.0
CB-1143,2024-12-16,33.5
CB-1143,2024-12-23,30.0
CB-1143,2024-12-30,29.0
CB-1143,2025-01-06,37.8
CB-1143,2025-01-13,43.5
CB-1143,2025-01-20,46.8
CB-1143,2025-01-27,46.5
CB-1143,2025-02-03,41.2
CB-1143,2025-02-10,48.8
CB-1143,2025-02-17,55.8
CB-1143,2025-02-24,58.2
CB-1143,2025-03-03,59.5
CB-1143,2025-03-10,53.5
CB-1143,2025-03-17,51.2
CB-1143,2025-03-24,48.8
CB-1143,2025-03-31,45.0
CB-1143,2025-04-07,48.0
CB-1143,2025-04-14,46.0
CB-1143,2025-04-21,51.5
CB-1143,2025-04-28,61.5
CB-1143,2025-05-05,59.0
CB-1143,2025-05-12,59.8
CB-1143,2025-05-19,67.5
CB-1143,2025-05-26,60.8
CB-1143,2025-06-02,53.8
CB-1143,2025-06-09,50.5
CB-1143,2025-06-16,42.8
CB-1143,2025-06-23,36.5
CB-1143,2025-06-30,37.0
CB-1143,2025-07-07,40.5
CB-1143,2025-07-14,33.0
CB-1143,2025-07-21,36.0
CB-1143,2025-07-28,40.5
CB-1143,2025-08-04,34.0
CB-1143,2025-08-11,30.0
CB-1143,2025-08-18,25.8
CB-1143,2025-08-25,23.5
CB-1143,2025-09-01,25.5
CB-1143,2025-09-08,27.2
CB-1143,2025-09-15,27.8
CB-1143,2025-09-22,25.2
CB-1143,2025-09-29,27.5
CB-1143,2025-10-06,27.0
CB-1143,2025-10-13,28.5
CB-1143,2025-10-20,26.2
CB-1143,2025-10-27,22.8
CB-1143,2025-11-03,26.8
CB-1143,2025-11-10,35.5
CB-1143,2025-11-17,40.2
CB-1143,2025-11-24,42.0
CB-1143,2025-12-01,44.8
CB-1143,2025-12-08,42.0
CB-1143,2025-12-15,40.8
CB-1143,2025-12-22,42.7
CB-1144,2024-01-01,34.0
CB-1144,2024-01-08,33.5
CB-1144,2024-01-15,37.7
CB-1144,2024-01-22,34.5
CB-1144,2024-01-29,36.2
CB-1144,2024-02-05,36.8
CB-1144,2024-02-12,36.5
CB-1144,2024-02-19,38.0
CB-1144,2024-02-26,35.2
CB-1144,2024-03-04,37.5
CB-1144,2024-03-11,36.2
CB-1144,2024-03-18,34.8
CB-1144,2024-03-25,40.2
CB-1144,2024-04-01,40.5
CB-1144,2024-04-08,39.2
CB-1144,2024-04-15,40.5
CB-1144,2024-04-22,37.5
CB-1144,2024-04-29,37.0
CB-1144,2024-05-06,32.0
CB-1144,2024-05-13,34.0
CB-1144,2024-05-20,34.2
CB-1144,2024-05-27,25.0
CB-1144,2024-06-03,29.8
CB-1144,2024-06-10,30.0
CB-1144,2024-06-17,28.8
CB-1144,2024-06-24,36.8
CB-1144,2024-07-01,34.5
CB-1144,2024-07-08,29.2
CB-1144,2024-07-15,22.8
CB-1144,2024-07-22,22.2
CB-1144,2024-07-29,24.0
CB-1144,2024-08-05,28.2
CB-1144,2024-08-12,30.2
CB-1144,2024-08-19,28.8
CB-1144,2024-08-26,23.5
CB-1144,2024-09-02,18.8
CB-1144,2024-09-09,20.2
CB-1144,2024-09-16,19.8
CB-1144,2024-09-23,26.0
CB-1144,2024-09-30,27.2
CB-1144,2024-10-07,25.2
CB-1144,2024-10-14,22.2
CB-1144,2024-10-21,17.8
CB-1144,2024-10-28,23.2
CB-1144,2024-11-04,27.2
CB-1144,2024-11-11,32.2
CB-1144,2024-11-18,33.8
CB-1144,2024-11-25,29.8
CB-1144,2024-12-02,30.5
CB-1144,2024-12-09,27.5
CB-1144,2024-12-16,28.2
CB-1144,2024-12-23,27.5
CB-1144,2024-12-30,25.5
CB-1144,2025-01-06,28.0
CB-1144,2025-01-13,27.2
CB-1144,2025-01-20,31.0
CB-1144,2025-01-27,34.2
CB-1144,2025-02-03,34.5
CB-1144,2025-02-10,35.2
CB-1144,2025-02-17,35.5
CB-1144,2025-02-24,33.5
CB-1144,2025-03-03,34.8
CB-1144,2025-03-10,41.8
CB-1144,2025-03-17,37.2
CB-1144,2025-03-24,47.0
CB-1144,2025-03-31,46.8
CB-1144,2025-04-07,44.5
CB-1144,2025-04-14,46.2
CB-1144,2025-04-21,42.2
CB-1144,2025-04-28,41.8
CB-1144,2025-05-05,38.5
CB-1144,2025-05-12,38.8
CB-1144,2025-05-19,33.5
CB-1144,2025-05-26,34.8
CB-1144,2025-06-02,36.0
CB-1144,2025-06-09,37.0
CB-1144,2025-06-16,34.8
CB-1144,2025-06-23,30.2
CB-1144,2025-06-30,27.5
CB-1144,2025-07-07,28.0
CB-1144,2025-07-14,31.0
CB-1144,2025-07-21,34.5
CB-1144,2025-07-28,35.0
CB-1144,2025-08-04,34.0
CB-1144,2025-08-11,31.2
CB-1144,2025-08-18,24.2
CB-1144,2025-08-25,23.0
CB-1144,2025-09-01,20.5
CB-1144,2025-09-08,18.0
CB-1144,2025-09-15,20.5
CB-1144,2025-09-22,21.2
CB-1144,2025-09-29,19.5
CB-1144,2025-10-06,20.2
CB-1144,2025-10-13,25.2
CB-1144,2025-10-20,21.5
CB-1144,2025-10-27,24.0
CB-1144,2025-11-03,23.5
CB-1144,2025-11-10,18.8
CB-1144,2025-11-17,22.8
CB-1144,2025-11-24,21.5
CB-1144,2025-12-01,26.8
CB-1144,2025-12-08,33.5
CB-1144,2025-12-15,37.5
CB-1144,2025-12-22,43.3
CB-1145,2024-01-01,22.0
CB-1145,2024-01-08,11.0
CB-1145,2024-01-15,7.3
CB-1145,2024-01-22,15.2
CB-1145,2024-01-29,9.8
CB-1145,2024-02-05,9.8
CB-1145,2024-02-12,9.8
CB-1145,2024-02-19,0.0
CB-1145,2024-02-26,0.0
CB-1145,2024-03-04,12.0
CB-1145,2024-03-11,17.8
CB-1145,2024-03-18,17.8
CB-1145,2024-03-25,17.8
CB-1145,2024-04-01,17.5
CB-1145,2024-04-08,11.8
CB-1145,2024-04-15,11.8
CB-1145,2024-04-22,11.8
CB-1145,2024-04-29,0.0
CB-1145,2024-05-06,1.5
CB-1145,2024-05-13,1.5
CB-1145,2024-05-20,1.5
CB-1145,2024-05-27,1.5
CB-1145,2024-06-03,0.0
CB-1145,2024-06-10,0.0
CB-1145,2024-06-17,0.0
CB-1145,2024-06-24,0.0
CB-1145,2024-07-01,0.0
CB-1145,2024-07-08,0.0
CB-1145,2024-07-15,0.0
CB-1145,2024-07-22,0.0
CB-1145,2024-07-29,0.0
CB-1145,2024-08-05,0.0
CB-1145,2024-08-12,0.0
CB-1145,2024-08-19,0.0
CB-1145,2024-08-26,1.2
CB-1145,2024-09-02,4.8
CB-1145,2024-09-09,4.8
CB-1145,2024-09-16,4.8
CB-1145,2024-09-23,3.5
CB-1145,2024-09-30,0.0
CB-1145,2024-10-07,0.0
CB-1145,2024-10-14,0.0
CB-1145,2024-10-21,0.0
CB-1145,2024-10-28,3.2
CB-1145,2024-11-04,3.2
CB-1145,2024-11-11,9.2
CB-1145,2024-11-18,9.2
CB-1145,2024-11-25,6.0
CB-1145,2024-12-02,6.0
CB-1145,2024-12-09,0.0
CB-1145,2024-12-16,0.0
CB-1145,2024-12-23,0.0
CB-1145,2024-12-30,13.0
CB-1145,2025-01-06,13.0
CB-1145,2025-01-13,13.0
CB-1145,2025-01-20,13.0
CB-1145,2025-01-27,0.0
CB-1145,2025-02-03,0.0
CB-1145,2025-02-10,0.0
CB-1145,2025-02-17,0.0
CB-1145,2025-02-24,0.0
CB-1145,2025-03-03,0.0
CB-1145,2025-03-10,0.0
CB-1145,2025-03-17,0.0
CB-1145,2025-03-24,0.0
CB-1145,2025-03-31,0.0
CB-1145,2025-04-07,0.0
CB-1145,2025-04-14,3.5
CB-1145,2025-04-21,3.5
CB-1145,2025-04-28,3.5
CB-1145,2025-05-05,3.5
CB-1145,2025-05-12,0.0
CB-1145,2025-05-19,0.0
CB-1145,2025-05-26,0.0
CB-1145,2025-06-02,0.0
CB-1145,2025-06-09,0.0
CB-1145,2025-06-16,0.0
CB-1145,2025-06-23,0.0
CB-1145,2025-06-30,0.0
CB-1145,2025-07-07,8.8
CB-1145,2025-07-14,8.8
CB-1145,2025-07-21,8.8
CB-1145,2025-07-28,8.8
CB-1145,2025-08-04,14.8
CB-1145,2025-08-11,16.5
CB-1145,2025-08-18,16.5
CB-1145,2025-08-25,16.5
CB-1145,2025-09-01,1.8
CB-1145,2025-09-08,0.0
CB-1145,2025-09-15,0.0
CB-1145,2025-09-22,2.0
CB-1145,2025-09-29,2.0
CB-1145,2025-10-06,2.0
CB-1145,2025-10-13,9.8
CB-1145,2025-10-20,7.8
CB-1145,2025-10-27,7.8
CB-1145,2025-11-03,7.8
CB-1145,2025-11-10,0.0
CB-1145,2025-11-17,0.0
CB-1145,2025-11-24,0.0
CB-1145,2025-12-01,0.0
CB-1145,2025-12-08,14.2
CB-1145,2025-12-15,14.2
CB-1145,2025-12-22,19.0
CB-1146,2024-01-01,88.0
CB-1146,2024-01-08,90.5
CB-1146,2024-01-15,96.0
CB-1146,2024-01-22,95.8
CB-1146,2024-01-29,96.5
CB-1146,2024-02-05,99.8
CB-1146,2024-02-12,96.5
CB-1146,2024-02-19,98.5
CB-1146,2024-02-26,101.0
CB-1146,2024-03-04,100.0
CB-1146,2024-03-11,103.2
CB-1146,2024-03-18,106.8
CB-1146,2024-03-25,111.5
CB-1146,2024-04-01,115.5
CB-1146,2024-04-08,117.0
CB-1146,2024-04-15,114.5
CB-1146,2024-04-22,106.5
CB-1146,2024-04-29,104.8
CB-1146,2024-05-06,98.2
CB-1146,2024-05-13,93.5
CB-1146,2024-05-20,96.8
CB-1146,2024-05-27,94.8
CB-1146,2024-06-03,96.8
CB-1146,2024-06-10,101.8
CB-1146,2024-06-17,100.8
CB-1146,2024-06-24,97.2
CB-1146,2024-07-01,98.0
CB-1146,2024-07-08,95.2
CB-1146,2024-07-15,92.8
CB-1146,2024-07-22,89.5
CB-1146,2024-07-29,83.8
CB-1146,2024-08-05,76.5
CB-1146,2024-08-12,73.5
CB-1146,2024-08-19,71.2
CB-1146,2024-08-26,70.0
CB-1146,2024-09-02,71.2
CB-1146,2024-09-09,67.2
CB-1146,2024-09-16,66.2
CB-1146,2024-09-23,65.5
CB-1146,2024-09-30,64.8
CB-1146,2024-10-07,67.0
CB-1146,2024-10-14,69.0
CB-1146,2024-10-21,69.5
CB-1146,2024-10-28,68.5
CB-1146,2024-11-04,70.0
CB-1146,2024-11-11,71.8
CB-1146,2024-11-18,74.5
CB-1146,2024-11-25,79.2
CB-1146,2024-12-02,83.2
CB-1146,2024-12-09,87.5
CB-1146,2024-12-16,89.8
CB-1146,2024-12-23,89.5
CB-1146,2024-12-30,94.5
CB-1146,2025-01-06,97.2
CB-1146,2025-01-13,99.5
CB-1146,2025-01-20,106.2
CB-1146,2025-01-27,109.0
CB-1146,2025-02-03,115.0
CB-1146,2025-02-10,120.0
CB-1146,2025-02-17,124.2
CB-1146,2025-02-24,121.0
CB-1146,2025-03-03,118.8
CB-1146,2025-03-10,119.0
CB-1146,2025-03-17,118.8
CB-1146,2025-03-24,126.8
CB-1146,2025-03-31,128.0
CB-1146,2025-04-07,126.8
CB-1146,2025-04-14,122.8
CB-1146,2025-04-21,122.2
CB-1146,2025-04-28,122.2
CB-1146,2025-05-05,124.5
CB-1146,2025-05-12,125.2
CB-1146,2025-05-19,120.2
CB-1146,2025-05-26,114.8
CB-1146,2025-06-02,112.5
CB-1146,2025-06-09,108.2
CB-1146,2025-06-16,104.2
CB-1146,2025-06-23,102.5
CB-1146,2025-06-30,92.2
CB-1146,2025-07-07,91.5
CB-1146,2025-07-14,87.8
CB-1146,2025-07-21,85.8
CB-1146,2025-07-28,89.5
CB-1146,2025-08-04,90.5
CB-1146,2025-08-11,90.2
CB-1146,2025-08-18,89.0
CB-1146,2025-08-25,88.0
CB-1146,2025-09-01,84.8
CB-1146,2025-09-08,83.8
CB-1146,2025-09-15,82.8
CB-1146,2025-09-22,82.5
CB-1146,2025-09-29,77.2
CB-1146,2025-10-06,80.0
CB-1146,2025-10-13,82.8
CB-1146,2025-10-20,83.0
CB-1146,2025-10-27,85.5
CB-1146,2025-11-03,85.8
CB-1146,2025-11-10,84.0
CB-1146,2025-11-17,86.8
CB-1146,2025-11-24,89.5
CB-1146,2025-12-01,94.8
CB-1146,2025-12-08,96.0
CB-1146,2025-12-15,98.5
CB-1146,2025-12-22,103.0
CB-1147,2024-01-01,45.0
CB-1147,2024-01-08,43.0
CB-1147,2024-01-15,44.7
CB-1147,2024-01-22,44.0
CB-1147,2024-01-29,44.0
CB-1147,2024-02-05,45.5
CB-1147,2024-02-12,46.2
CB-1147,2024-02-19,48.5
CB-1147,2024-02-26,50.5
CB-1147,2024-03-04,51.8
CB-1147,2024-03-11,52.5
CB-1147,2024-03-18,51.8
CB-1147,2024-03-25,52.0
CB-1147,2024-04-01,53.8
CB-1147,2024-04-08,51.5
CB-1147,2024-04-15,53.0
CB-1147,2024-04-22,53.0
CB-1147,2024-04-29,52.5
CB-1147,2024-05-06,54.5
CB-1147,2024-05-13,53.5
CB-1147,2024-05-20,52.5
CB-1147,2024-05-27,49.5
CB-1147,2024-06-03,47.5
CB-1147,2024-06-10,45.0
CB-1147,2024-06-17,44.8
CB-1147,2024-06-24,44.5
CB-1147,2024-07-01,43.0
CB-1147,2024-07-08,43.2
CB-1147,2024-07-15,41.8
CB-1147,2024-07-22,41.0
CB-1147,2024-07-29,39.8
CB-1147,2024-08-05,36.2
CB-1147,2024-08-12,34.8
CB-1147,2024-08-19,32.5
CB-1147,2024-08-26,33.0
CB-1147,2024-09-02,35.2
CB-1147,2024-09-09,35.0
CB-1147,2024-09-16,36.5
CB-1147,2024-09-23,36.5
CB-1147,2024-09-30,37.0
CB-1147,2024-10-07,37.2
CB-1147,2024-10-14,37.2
CB-1147,2024-10-21,37.0
CB-1147,2024-10-28,35.5
CB-1147,2024-11-04,37.2
CB-1147,2024-11-11,37.2
CB-1147,2024-11-18,39.0
CB-1147,2024-11-25,40.5
CB-1147,2024-12-02,40.5
CB-1147,2024-12-09,39.5
CB-1147,2024-12-16,39.8
CB-1147,2024-12-23,41.5
CB-1147,2024-12-30,42.8
CB-1147,2025-01-06,47.5
CB-1147,2025-01-13,48.0
CB-1147,2025-01-20,50.2
CB-1147,2025-01-27,52.5
CB-1147,2025-02-03,55.2
CB-1147,2025-02-10,58.5
CB-1147,2025-02-17,58.5
CB-1147,2025-02-24,56.8
CB-1147,2025-03-03,57.2
CB-1147,2025-03-10,58.0
CB-1147,2025-03-17,59.0
CB-1147,2025-03-24,59.0
CB-1147,2025-03-31,56.0
CB-1147,2025-04-07,56.0
CB-1147,2025-04-14,56.5
CB-1147,2025-04-21,56.0
CB-1147,2025-04-28,57.5
CB-1147,2025-05-05,54.5
CB-1147,2025-05-12,54.8
CB-1147,2025-05-19,56.2
CB-1147,2025-05-26,54.0
CB-1147,2025-06-02,55.8
CB-1147,2025-06-09,53.5
CB-1147,2025-06-16,53.5
CB-1147,2025-06-23,52.8
CB-1147,2025-06-30,50.5
CB-1147,2025-07-07,48.5
CB-1147,2025-07-14,46.0
CB-1147,2025-07-21,46.2
CB-1147,2025-07-28,44.5
CB-1147,2025-08-04,44.2
CB-1147,2025-08-11,42.2
CB-1147,2025-08-18,38.0
CB-1147,2025-08-25,37.8
CB-1147,2025-09-01,36.8
CB-1147,2025-09-08,36.8
CB-1147,2025-09-15,37.0
CB-1147,2025-09-22,36.8
CB-1147,2025-09-29,36.5
CB-1147,2025-10-06,36.0
CB-1147,2025-10-13,36.2
CB-1147,2025-10-20,36.2
CB-1147,2025-10-27,37.2
CB-1147,2025-11-03,39.0
CB-1147,2025-11-10,40.2
CB-1147,2025-11-17,41.8
CB-1147,2025-11-24,43.2
CB-1147,2025-12-01,43.2
CB-1147,2025-12-08,45.5
CB-1147,2025-12-15,48.0
CB-1147,2025-12-22,48.0
CB-1148,2024-01-01,47.0
CB-1148,2024-01-08,47.5
CB-1148,2024-01-15,50.0
CB-1148,2024-01-22,50.5
CB-1148,2024-01-29,49.8
CB-1148,2024-02-05,51.5
CB-1148,2024-02-12,52.2
CB-1148,2024-02-19,54.5
CB-1148,2024-02-26,57.0
CB-1148,2024-03-04,57.8
CB-1148,2024-03-11,59.2
CB-1148,2024-03-18,59.0
CB-1148,2024-03-25,58.8
CB-1148,2024-04-01,60.8
CB-1148,2024-04-08,59.5
CB-1148,2024-04-15,60.8
CB-1148,2024-04-22,60.8
CB-1148,2024-04-29,58.8
CB-1148,2024-05-06,59.0
CB-1148,2024-05-13,57.0
CB-1148,2024-05-20,56.5
CB-1148,2024-05-27,53.0
CB-1148,2024-06-03,53.0
CB-1148,2024-06-10,52.0
CB-1148,2024-06-17,53.2
CB-1148,2024-06-24,55.5
CB-1148,2024-07-01,53.2
CB-1148,2024-07-08,51.5
CB-1148,2024-07-15,49.2
CB-1148,2024-07-22,48.2
CB-1148,2024-07-29,46.2
CB-1148,2024-08-05,46.8
CB-1148,2024-08-12,44.0
CB-1148,2024-08-19,40.5
CB-1148,2024-08-26,40.5
CB-1148,2024-09-02,37.5
CB-1148,2024-09-09,39.8
CB-1148,2024-09-16,41.5
CB-1148,2024-09-23,41.5
CB-1148,2024-09-30,42.8
CB-1148,2024-10-07,40.5
CB-1148,2024-10-14,38.5
CB-1148,2024-10-21,39.0
CB-1148,2024-10-28,37.8
CB-1148,2024-11-04,40.8
CB-1148,2024-11-11,43.8
CB-1148,2024-11-18,43.5
CB-1148,2024-11-25,46.5
CB-1148,2024-12-02,46.8
CB-1148,2024-12-09,47.5
CB-1148,2024-12-16,50.8
CB-1148,2024-12-23,53.5
CB-1148,2024-12-30,55.0
CB-1148,2025-01-06,56.0
CB-1148,2025-01-13,57.8
CB-1148,2025-01-20,55.5
CB-1148,2025-01-27,57.5
CB-1148,2025-02-03,60.8
CB-1148,2025-02-10,59.5
CB-1148,2025-02-17,64.5
CB-1148,2025-02-24,65.0
CB-1148,2025-03-03,64.5
CB-1148,2025-03-10,67.8
CB-1148,2025-03-17,65.8
CB-1148,2025-03-24,67.5
CB-1148,2025-03-31,65.8
CB-1148,2025-04-07,65.0
CB-1148,2025-04-14,66.5
CB-1148,2025-04-21,64.5
CB-1148,2025-04-28,67.2
CB-1148,2025-05-05,66.2
CB-1148,2025-05-12,66.8
CB-1148,2025-05-19,67.2
CB-1148,2025-05-26,66.2
CB-1148,2025-06-02,65.5
CB-1148,2025-06-09,62.2
CB-1148,2025-06-16,59.8
CB-1148,2025-06-23,58.0
CB-1148,2025-06-30,55.8
CB-1148,2025-07-07,55.8
CB-1148,2025-07-14,54.5
CB-1148,2025-07-21,53.0
CB-1148,2025-07-28,50.5
CB-1148,2025-08-04,49.0
CB-1148,2025-08-11,47.2
CB-1148,2025-08-18,44.8
CB-1148,2025-08-25,46.5
CB-1148,2025-09-01,45.2
CB-1148,2025-09-08,46.0
CB-1148,2025-09-15,46.8
CB-1148,2025-09-22,45.0
CB-1148,2025-09-29,44.0
CB-1148,2025-10-06,43.8
CB-1148,2025-10-13,44.8
CB-1148,2025-10-20,45.2
CB-1148,2025-10-27,48.2
CB-1148,2025-11-03,48.2
CB-1148,2025-11-10,47.0
CB-1148,2025-11-17,46.5
CB-1148,2025-11-24,44.2
CB-1148,2025-12-01,45.5
CB-1148,2025-12-08,48.2
CB-1148,2025-12-15,52.5
CB-1148,2025-12-22,55.0
CB-1149,2024-01-01,0.0
CB-1149,2024-01-08,0.0
CB-1149,2024-01-15,0.0
CB-1149,2024-01-22,12.8
CB-1149,2024-01-29,12.8
CB-1149,2024-02-05,12.8
CB-1149,2024-02-12,12.8
CB-1149,2024-02-19,9.0
CB-1149,2024-02-26,9.0
CB-1149,2024-03-04,9.0
CB-1149,2024-03-11,9.0
CB-1149,2024-03-18,5.0
CB-1149,2024-03-25,5.0
CB-1149,2024-04-01,5.0
CB-1149,2024-04-08,6.2
CB-1149,2024-04-15,1.2
CB-1149,2024-04-22,1.2
CB-1149,2024-04-29,1.2
CB-1149,2024-05-06,9.8
CB-1149,2024-05-13,9.8
CB-1149,2024-05-20,9.8
CB-1149,2024-05-27,9.8
CB-1149,2024-06-03,0.0
CB-1149,2024-06-10,0.0
CB-1149,2024-06-17,0.0
CB-1149,2024-06-24,4.0
CB-1149,2024-07-01,15.8
CB-1149,2024-07-08,29.5
CB-1149,2024-07-15,39.0
CB-1149,2024-07-22,35.0
CB-1149,2024-07-29,23.2
CB-1149,2024-08-05,9.5
CB-1149,2024-08-12,0.0
CB-1149,2024-08-19,0.0
CB-1149,2024-08-26,0.0
CB-1149,2024-09-02,0.0
CB-1149,2024-09-09,0.0
CB-1149,2024-09-16,0.0
CB-1149,2024-09-23,0.0
CB-1149,2024-09-30,0.0
CB-1149,2024-10-07,0.0
CB-1149,2024-10-14,0.0
CB-1149,2024-10-21,0.0
CB-1149,2024-10-28,0.0
CB-1149,2024-11-04,2.0
CB-1149,2024-11-11,2.0
CB-1149,2024-11-18,2.0
CB-1149,2024-11-25,2.0
CB-1149,2024-12-02,0.0
CB-1149,2024-12-09,0.0
CB-1149,2024-12-16,0.0
CB-1149,2024-12-23,0.0
CB-1149,2024-12-30,9.2
CB-1149,2025-01-06,9.2
CB-1149,2025-01-13,22.0
CB-1149,2025-01-20,22.0
CB-1149,2025-01-27,25.8
CB-1149,2025-02-03,25.8
CB-1149,2025-02-10,13.0
CB-1149,2025-02-17,13.0
CB-1149,2025-02-24,0.0
CB-1149,2025-03-03,0.0
CB-1149,2025-03-10,0.0
CB-1149,2025-03-17,0.0
CB-1149,2025-03-24,0.0
CB-1149,2025-03-31,0.0
CB-1149,2025-04-07,0.0
CB-1149,2025-04-14,0.0
CB-1149,2025-04-21,4.5
CB-1149,2025-04-28,4.5
CB-1149,2025-05-05,4.5
CB-1149,2025-05-12,16.5
CB-1149,2025-05-19,20.8
CB-1149,2025-05-26,20.8
CB-1149,2025-06-02,20.8
CB-1149,2025-06-09,8.8
CB-1149,2025-06-16,13.5
CB-1149,2025-06-23,13.5
CB-1149,2025-06-30,13.5
CB-1149,2025-07-07,22.8
CB-1149,2025-07-14,9.2
CB-1149,2025-07-21,9.2
CB-1149,2025-07-28,9.2
CB-1149,2025-08-04,0.0
CB-1149,2025-08-11,0.0
CB-1149,2025-08-18,0.0
CB-1149,2025-08-25,0.0
CB-1149,2025-09-01,0.0
CB-1149,2025-09-08,0.0
CB-1149,2025-09-15,13.2
CB-1149,2025-09-22,17.8
CB-1149,2025-09-29,17.8
CB-1149,2025-10-06,17.8
CB-1149,2025-10-13,4.5
CB-1149,2025-10-20,0.0
CB-1149,2025-10-27,0.0
CB-1149,2025-11-03,0.0
CB-1149,2025-11-10,0.0
CB-1149,2025-11-17,0.0
CB-1149,2025-11-24,0.0
CB-1149,2025-12-01,14.2
CB-1149,2025-12-08,19.2
CB-1149,2025-12-15,19.2
CB-1149,2025-12-22,25.7
CB-1150,2024-01-01,75.0
CB-1150,2024-01-08,84.5
CB-1150,2024-01-15,88.0
CB-1150,2024-01-22,89.5
CB-1150,2024-01-29,93.8
CB-1150,2024-02-05,95.8
CB-1150,2024-02-12,97.0
CB-1150,2024-02-19,99.8
CB-1150,2024-02-26,108.0
CB-1150,2024-03-04,110.2
CB-1150,2024-03-11,114.0
CB-1150,2024-03-18,114.5
CB-1150,2024-03-25,109.2
CB-1150,2024-04-01,109.2
CB-1150,2024-04-08,113.8
CB-1150,2024-04-15,114.0
CB-1150,2024-04-22,116.2
CB-1150,2024-04-29,113.8
CB-1150,2024-05-06,101.5
CB-1150,2024-05-13,99.2
CB-1150,2024-05-20,101.8
CB-1150,2024-05-27,103.0
CB-1150,2024-06-03,110.0
CB-1150,2024-06-10,108.8
CB-1150,2024-06-17,97.2
CB-1150,2024-06-24,91.8
CB-1150,2024-07-01,86.8
CB-1150,2024-07-08,85.2
CB-1150,2024-07-15,87.0
CB-1150,2024-07-22,85.5
CB-1150,2024-07-29,84.0
CB-1150,2024-08-05,80.8
CB-1150,2024-08-12,79.2
CB-1150,2024-08-19,78.5
CB-1150,2024-08-26,74.8
CB-1150,2024-09-02,72.8
CB-1150,2024-09-09,70.5
CB-1150,2024-09-16,72.2
CB-1150,2024-09-23,73.8
CB-1150,2024-09-30,76.2
CB-1150,2024-10-07,75.8
CB-1150,2024-10-14,71.5
CB-1150,2024-10-21,72.5
CB-1150,2024-10-28,73.8
CB-1150,2024-11-04,76.8
CB-1150,2024-11-11,80.0
CB-1150,2024-11-18,78.0
CB-1150,2024-11-25,80.2
CB-1150,2024-12-02,84.8
CB-1150,2024-12-09,86.8
CB-1150,2024-12-16,90.8
CB-1150,2024-12-23,94.8
CB-1150,2024-12-30,94.2
CB-1150,2025-01-06,102.5
CB-1150,2025-01-13,106.8
CB-1150,2025-01-20,106.5
CB-1150,2025-01-27,111.0
CB-1150,2025-02-03,109.2
CB-1150,2025-02-10,114.8
CB-1150,2025-02-17,120.2
CB-1150,2025-02-24,125.0
CB-1150,2025-03-03,128.2
CB-1150,2025-03-10,126.2
CB-1150,2025-03-17,125.5
CB-1150,2025-03-24,122.8
CB-1150,2025-03-31,126.5
CB-1150,2025-04-07,130.2
CB-1150,2025-04-14,130.0
CB-1150,2025-04-21,128.2
CB-1150,2025-04-28,127.5
CB-1150,2025-05-05,124.2
CB-1150,2025-05-12,122.5
CB-1150,2025-05-19,126.8
CB-1150,2025-05-26,119.8
CB-1150,2025-06-02,116.5
CB-1150,2025-06-09,114.0
CB-1150,2025-06-16,105.0
CB-1150,2025-06-23,104.2
CB-1150,2025-06-30,100.5
CB-1150,2025-07-07,97.0
CB-1150,2025-07-14,95.5
CB-1150,2025-07-21,91.0
CB-1150,2025-07-28,88.2
CB-1150,2025-08-04,87.2
CB-1150,2025-08-11,86.0
CB-1150,2025-08-18,85.0
CB-1150,2025-08-25,88.5
CB-1150,2025-09-01,86.2
CB-1150,2025-09-08,86.2
CB-1150,2025-09-15,86.2
CB-1150,2025-09-22,81.8
CB-1150,2025-09-29,82.2
CB-1150,2025-10-06,81.5
CB-1150,2025-10-13,81.2
CB-1150,2025-10-20,81.2
CB-1150,2025-10-27,81.2
CB-1150,2025-11-03,82.8
CB-1150,2025-11-10,80.8
CB-1150,2025-11-17,86.8
CB-1150,2025-11-24,94.2
CB-1150,2025-12-01,97.5
CB-1150,2025-12-08,105.5
CB-1150,2025-12-15,108.2
CB-1150,2025-12-22,107.0
CB-1151,2024-01-01,106.0
CB-1151,2024-01-08,98.5
CB-1151,2024-01-15,99.7
CB-1151,2024-01-22,99.0
CB-1151,2024-01-29,102.0
CB-1151,2024-02-05,104.0
CB-1151,2024-02-12,107.2
CB-1151,2024-02-19,111.0
CB-1151,2024-02-26,109.5
CB-1151,2024-03-04,112.8
CB-1151,2024-03-11,110.2
CB-1151,2024-03-18,104.5
CB-1151,2024-03-25,107.0
CB-1151,2024-04-01,106.0
CB-1151,2024-04-08,110.5
CB-1151,2024-04-15,117.0
CB-1151,2024-04-22,117.0
CB-1151,2024-04-29,119.2
CB-1151,2024-05-06,110.2
CB-1151,2024-05-13,109.5
CB-1151,2024-05-20,104.5
CB-1151,2024-05-27,103.2
CB-1151,2024-06-03,107.8
CB-1151,2024-06-10,105.5
CB-1151,2024-06-17,103.2
CB-1151,2024-06-24,96.8
CB-1151,2024-07-01,92.2
CB-1151,2024-07-08,85.2
CB-1151,2024-07-15,82.2
CB-1151,2024-07-22,79.0
CB-1151,2024-07-29,75.0
CB-1151,2024-08-05,76.0
CB-1151,2024-08-12,75.8
CB-1151,2024-08-19,76.2
CB-1151,2024-08-26,76.2
CB-1151,2024-09-02,73.2
CB-1151,2024-09-09,70.8
CB-1151,2024-09-16,68.8
CB-1151,2024-09-23,68.8
CB-1151,2024-09-30,67.8
CB-1151,2024-10-07,69.5
CB-1151,2024-10-14,70.2
CB-1151,2024-10-21,71.8
CB-1151,2024-10-28,76.5
CB-1151,2024-11-04,77.5
CB-1151,2024-11-11,81.5
CB-1151,2024-11-18,79.8
CB-1151,2024-11-25,80.0
CB-1151,2024-12-02,84.0
CB-1151,2024-12-09,86.5
CB-1151,2024-12-16,96.2
CB-1151,2024-12-23,103.5
CB-1151,2024-12-30,105.2
CB-1151,2025-01-06,107.0
CB-1151,2025-01-13,104.8
CB-1151,2025-01-20,103.5
CB-1151,2025-01-27,105.0
CB-1151,2025-02-03,107.0
CB-1151,2025-02-10,109.5
CB-1151,2025-02-17,114.0
CB-1151,2025-02-24,121.2
CB-1151,2025-03-03,126.8
CB-1151,2025-03-10,129.8
CB-1151,2025-03-17,132.5
CB-1151,2025-03-24,130.2
CB-1151,2025-03-31,128.5
CB-1151,2025-04-07,129.2
CB-1151,2025-04-14,126.2
CB-1151,2025-04-21,126.5
CB-1151,2025-04-28,126.2
CB-1151,2025-05-05,123.8
CB-1151,2025-05-12,120.8
CB-1151,2025-05-19,118.0
CB-1151,2025-05-26,116.5
CB-1151,2025-06-02,115.2
CB-1151,2025-06-09,112.2
CB-1151,2025-06-16,111.8
CB-1151,2025-06-23,110.2
CB-1151,2025-06-30,104.0
CB-1151,2025-07-07,106.2
CB-1151,2025-07-14,100.2
CB-1151,2025-07-21,95.5
CB-1151,2025-07-28,98.8
CB-1151,2025-08-04,96.5
CB-1151,2025-08-11,96.2
CB-1151,2025-08-18,94.2
CB-1151,2025-08-25,88.0
CB-1151,2025-09-01,80.0
CB-1151,2025-09-08,78.2
CB-1151,2025-09-15,79.0
CB-1151,2025-09-22,79.5
CB-1151,2025-09-29,82.2
CB-1151,2025-10-06,80.2
CB-1151,2025-10-13,77.8
CB-1151,2025-10-20,81.8
CB-1151,2025-10-27,83.8
CB-1151,2025-11-03,85.8
CB-1151,2025-11-10,93.5
CB-1151,2025-11-17,91.2
CB-1151,2025-11-24,94.5
CB-1151,2025-12-01,95.8
CB-1151,2025-12-08,93.5
CB-1151,2025-12-15,99.8
CB-1151,2025-12-22,99.7
CB-1152,2024-01-01,74.0
CB-1152,2024-01-08,73.0
CB-1152,2024-01-15,77.0
CB-1152,2024-01-22,79.0
CB-1152,2024-01-29,82.5
CB-1152,2024-02-05,86.2
CB-1152,2024-02-12,87.0
CB-1152,2024-02-19,90.5
CB-1152,2024-02-26,93.5
CB-1152,2024-03-04,97.8
CB-1152,2024-03-11,100.0
CB-1152,2024-03-18,101.5
CB-1152,2024-03-25,99.5
CB-1152,2024-04-01,97.0
CB-1152,2024-04-08,98.8
CB-1152,2024-04-15,97.8
CB-1152,2024-04-22,97.8
CB-1152,2024-04-29,95.5
CB-1152,2024-05-06,92.0
CB-1152,2024-05-13,88.0
CB-1152,2024-05-20,90.2
CB-1152,2024-05-27,92.0
CB-1152,2024-06-03,89.5
CB-1152,2024-06-10,87.2
CB-1152,2024-06-17,81.0
CB-1152,2024-06-24,76.8
CB-1152,2024-07-01,75.5
CB-1152,2024-07-08,76.8
CB-1152,2024-07-15,74.2
CB-1152,2024-07-22,76.2
CB-1152,2024-07-29,73.2
CB-1152,2024-08-05,67.8
CB-1152,2024-08-12,69.8
CB-1152,2024-08-19,66.5
CB-1152,2024-08-26,66.2
CB-1152,2024-09-02,67.2
CB-1152,2024-09-09,64.5
CB-1152,2024-09-16,62.2
CB-1152,2024-09-23,60.2
CB-1152,2024-09-30,56.8
CB-1152,2024-10-07,55.2
CB-1152,2024-10-14,57.8
CB-1152,2024-10-21,62.5
CB-1152,2024-10-28,66.2
CB-1152,2024-11-04,67.5
CB-1152,2024-11-11,67.2
CB-1152,2024-11-18,67.2
CB-1152,2024-11-25,70.2
CB-1152,2024-12-02,69.8
CB-1152,2024-12-09,76.8
CB-1152,2024-12-16,80.5
CB-1152,2024-12-23,82.0
CB-1152,2024-12-30,87.2
CB-1152,2025-01-06,86.8
CB-1152,2025-01-13,88.5
CB-1152,2025-01-20,91.8
CB-1152,2025-01-27,96.5
CB-1152,2025-02-03,97.0
CB-1152,2025-02-10,99.2
CB-1152,2025-02-17,102.5
CB-1152,2025-02-24,104.2
CB-1152,2025-03-03,106.8
CB-1152,2025-03-10,110.2
CB-1152,2025-03-17,106.5
CB-1152,2025-03-24,104.8
CB-1152,2025-03-31,104.5
CB-1152,2025-04-07,100.2
CB-1152,2025-04-14,102.8
CB-1152,2025-04-21,106.8
CB-1152,2025-04-28,105.8
CB-1152,2025-05-05,102.5
CB-1152,2025-05-12,101.2
CB-1152,2025-05-19,97.2
CB-1152,2025-05-26,96.0
CB-1152,2025-06-02,99.0
CB-1152,2025-06-09,98.8
CB-1152,2025-06-16,96.2
CB-1152,2025-06-23,91.8
CB-1152,2025-06-30,87.5
CB-1152,2025-07-07,83.0
CB-1152,2025-07-14,80.2
CB-1152,2025-07-21,81.0
CB-1152,2025-07-28,80.0
CB-1152,2025-08-04,80.0
CB-1152,2025-08-11,77.8
CB-1152,2025-08-18,77.0
CB-1152,2025-08-25,75.8
CB-1152,2025-09-01,73.5
CB-1152,2025-09-08,74.0
CB-1152,2025-09-15,70.0
CB-1152,2025-09-22,65.5
CB-1152,2025-09-29,64.2
CB-1152,2025-10-06,64.5
CB-1152,2025-10-13,66.0
CB-1152,2025-10-20,69.5
CB-1152,2025-10-27,70.2
CB-1152,2025-11-03,67.8
CB-1152,2025-11-10,71.5
CB-1152,2025-11-17,73.5
CB-1152,2025-11-24,76.2
CB-1152,2025-12-01,80.5
CB-1152,2025-12-08,83.2
CB-1152,2025-12-15,87.8
CB-1152,2025-12-22,90.7
CB-1153,2024-01-01,31.0
CB-1153,2024-01-08,33.5
CB-1153,2024-01-15,32.3
CB-1153,2024-01-22,30.0
CB-1153,2024-01-29,36.2
CB-1153,2024-02-05,37.5
CB-1153,2024-02-12,44.0
CB-1153,2024-02-19,51.0
CB-1153,2024-02-26,51.2
CB-1153,2024-03-04,44.5
CB-1153,2024-03-11,39.0
CB-1153,2024-03-18,41.0
CB-1153,2024-03-25,33.5
CB-1153,2024-04-01,43.8
CB-1153,2024-04-08,41.5
CB-1153,2024-04-15,39.0
CB-1153,2024-04-22,51.2
CB-1153,2024-04-29,52.8
CB-1153,2024-05-06,50.8
CB-1153,2024-05-13,53.5
CB-1153,2024-05-20,53.2
CB-1153,2024-05-27,60.0
CB-1153,2024-06-03,68.5
CB-1153,2024-06-10,59.0
CB-1153,2024-06-17,52.2
CB-1153,2024-06-24,46.0
CB-1153,2024-07-01,42.5
CB-1153,2024-07-08,50.0
CB-1153,2024-07-15,44.5
CB-1153,2024-07-22,39.0
CB-1153,2024-07-29,31.0
CB-1153,2024-08-05,23.8
CB-1153,2024-08-12,25.5
CB-1153,2024-08-19,22.5
CB-1153,2024-08-26,25.8
CB-1153,2024-09-02,26.5
CB-1153,2024-09-09,27.0
CB-1153,2024-09-16,27.2
CB-1153,2024-09-23,30.8
CB-1153,2024-09-30,34.0
CB-1153,2024-10-07,32.2
CB-1153,2024-10-14,36.5
CB-1153,2024-10-21,33.8
CB-1153,2024-10-28,38.0
CB-1153,2024-11-04,43.0
CB-1153,2024-11-11,39.0
CB-1153,2024-11-18,42.0
CB-1153,2024-11-25,38.0
CB-1153,2024-12-02,37.8
CB-1153,2024-12-09,44.0
CB-1153,2024-12-16,41.2
CB-1153,2024-12-23,43.5
CB-1153,2024-12-30,34.5
CB-1153,2025-01-06,31.2
CB-1153,2025-01-13,43.5
CB-1153,2025-01-20,37.2
CB-1153,2025-01-27,40.0
CB-1153,2025-02-03,43.0
CB-1153,2025-02-10,44.5
CB-1153,2025-02-17,53.2
CB-1153,2025-02-24,52.2
CB-1153,2025-03-03,44.0
CB-1153,2025-03-10,38.8
CB-1153,2025-03-17,32.0
CB-1153,2025-03-24,42.0
CB-1153,2025-03-31,51.2
CB-1153,2025-04-07,48.8
CB-1153,2025-04-14,63.2
CB-1153,2025-04-21,65.2
CB-1153,2025-04-28,69.8
CB-1153,2025-05-05,75.8
CB-1153,2025-05-12,65.5
CB-1153,2025-05-19,61.0
CB-1153,2025-05-26,53.0
CB-1153,2025-06-02,50.8
CB-1153,2025-06-09,47.8
CB-1153,2025-06-16,54.5
CB-1153,2025-06-23,51.8
CB-1153,2025-06-30,48.2
CB-1153,2025-07-07,48.8
CB-1153,2025-07-14,38.8
CB-1153,2025-07-21,48.0
CB-1153,2025-07-28,44.5
CB-1153,2025-08-04,43.2
CB-1153,2025-08-11,41.8
CB-1153,2025-08-18,33.2
CB-1153,2025-08-25,33.8
CB-1153,2025-09-01,30.8
CB-1153,2025-09-08,31.0
CB-1153,2025-09-15,32.2
CB-1153,2025-09-22,35.5
CB-1153,2025-09-29,38.8
CB-1153,2025-10-06,40.2
CB-1153,2025-10-13,37.5
CB-1153,2025-10-20,33.0
CB-1153,2025-10-27,30.5
CB-1153,2025-11-03,25.8
CB-1153,2025-11-10,25.5
CB-1153,2025-11-17,31.5
CB-1153,2025-11-24,34.2
CB-1153,2025-12-01,39.5
CB-1153,2025-12-08,41.8
CB-1153,2025-12-15,44.8
CB-1153,2025-12-22,47.7
CB-1154,2024-01-01,88.0
CB-1154,2024-01-08,84.5
CB-1154,2024-01-15,85.7
CB-1154,2024-01-22,88.2
CB-1154,2024-01-29,89.2
CB-1154,2024-02-05,98.5
CB-1154,2024-02-12,99.8
CB-1154,2024-02-19,114.5
CB-1154,2024-02-26,116.2
CB-1154,2024-03-04,96.8
CB-1154,2024-03-11,104.0
CB-1154,2024-03-18,93.8
CB-1154,2024-03-25,94.5
CB-1154,2024-04-01,107.5
CB-1154,2024-04-08,83.5
CB-1154,2024-04-15,63.0
CB-1154,2024-04-22,76.8
CB-1154,2024-04-29,73.2
CB-1154,2024-05-06,99.2
CB-1154,2024-05-13,101.8
CB-1154,2024-05-20,77.2
CB-1154,2024-05-27,86.2
CB-1154,2024-06-03,75.5
CB-1154,2024-06-10,91.0
CB-1154,2024-06-17,97.5
CB-1154,2024-06-24,88.2
CB-1154,2024-07-01,82.0
CB-1154,2024-07-08,67.5
CB-1154,2024-07-15,74.8
CB-1154,2024-07-22,84.2
CB-1154,2024-07-29,80.2
CB-1154,2024-08-05,79.5
CB-1154,2024-08-12,66.0
CB-1154,2024-08-19,56.0
CB-1154,2024-08-26,60.0
CB-1154,2024-09-02,68.5
CB-1154,2024-09-09,69.5
CB-1154,2024-09-16,66.2
CB-1154,2024-09-23,80.5
CB-1154,2024-09-30,74.5
CB-1154,2024-10-07,84.2
CB-1154,2024-10-14,93.8
CB-1154,2024-10-21,83.8
CB-1154,2024-10-28,76.0
CB-1154,2024-11-04,68.0
CB-1154,2024-11-11,58.0
CB-1154,2024-11-18,57.0
CB-1154,2024-11-25,63.8
CB-1154,2024-12-02,71.2
CB-1154,2024-12-09,84.0
CB-1154,2024-12-16,95.2
CB-1154,2024-12-23,102.0
CB-1154,2024-12-30,91.0
CB-1154,2025-01-06,89.8
CB-1154,2025-01-13,98.8
CB-1154,2025-01-20,105.2
CB-1154,2025-01-27,120.5
CB-1154,2025-02-03,118.0
CB-1154,2025-02-10,101.0
CB-1154,2025-02-17,108.8
CB-1154,2025-02-24,105.8
CB-1154,2025-03-03,113.5
CB-1154,2025-03-10,124.5
CB-1154,2025-03-17,123.0
CB-1154,2025-03-24,130.5
CB-1154,2025-03-31,118.8
CB-1154,2025-04-07,105.0
CB-1154,2025-04-14,101.0
CB-1154,2025-04-21,94.8
CB-1154,2025-04-28,97.2
CB-1154,2025-05-05,107.5
CB-1154,2025-05-12,115.2
CB-1154,2025-05-19,124.8
CB-1154,2025-05-26,140.8
CB-1154,2025-06-02,125.0
CB-1154,2025-06-09,104.0
CB-1154,2025-06-16,88.2
CB-1154,2025-06-23,73.8
CB-1154,2025-06-30,80.8
CB-1154,2025-07-07,84.0
CB-1154,2025-07-14,81.5
CB-1154,2025-07-21,81.8
CB-1154,2025-07-28,71.8
CB-1154,2025-08-04,89.8
CB-1154,2025-08-11,90.2
CB-1154,2025-08-18,91.8
CB-1154,2025-08-25,95.8
CB-1154,2025-09-01,82.0
CB-1154,2025-09-08,81.2
CB-1154,2025-09-15,79.0
CB-1154,2025-09-22,81.0
CB-1154,2025-09-29,86.8
CB-1154,2025-10-06,76.8
CB-1154,2025-10-13,77.8
CB-1154,2025-10-20,80.5
CB-1154,2025-10-27,65.2
CB-1154,2025-11-03,89.8
CB-1154,2025-11-10,98.8
CB-1154,2025-11-17,85.0
CB-1154,2025-11-24,95.5
CB-1154,2025-12-01,90.0
CB-1154,2025-12-08,83.0
CB-1154,2025-12-15,113.8
CB-1154,2025-12-22,121.0
CB-1155,2024-01-01,0.0
CB-1155,2024-01-08,4.5
CB-1155,2024-01-15,3.0
CB-1155,2024-01-22,2.2
CB-1155,2024-01-29,2.2
CB-1155,2024-02-05,0.0
CB-1155,2024-02-12,0.0
CB-1155,2024-02-19,0.0
CB-1155,2024-02-26,0.0
CB-1155,2024-03-04,10.5
CB-1155,2024-03-11,10.5
CB-1155,2024-03-18,10.5
CB-1155,2024-03-25,10.5
CB-1155,2024-04-01,9.0
CB-1155,2024-04-08,9.0
CB-1155,2024-04-15,23.8
CB-1155,2024-04-22,37.5
CB-1155,2024-04-29,28.5
CB-1155,2024-05-06,37.2
CB-1155,2024-05-13,22.5
CB-1155,2024-05-20,8.8
CB-1155,2024-05-27,8.8
CB-1155,2024-06-03,14.0
CB-1155,2024-06-10,14.0
CB-1155,2024-06-17,27.5
CB-1155,2024-06-24,30.0
CB-1155,2024-07-01,16.0
CB-1155,2024-07-08,16.0
CB-1155,2024-07-15,2.5
CB-1155,2024-07-22,0.0
CB-1155,2024-07-29,14.8
CB-1155,2024-08-05,17.8
CB-1155,2024-08-12,20.0
CB-1155,2024-08-19,20.0
CB-1155,2024-08-26,5.2
CB-1155,2024-09-02,2.2
CB-1155,2024-09-09,0.0
CB-1155,2024-09-16,13.2
CB-1155,2024-09-23,13.2
CB-1155,2024-09-30,13.2
CB-1155,2024-10-07,13.2
CB-1155,2024-10-14,8.2
CB-1155,2024-10-21,8.2
CB-1155,2024-10-28,19.2
CB-1155,2024-11-04,19.2
CB-1155,2024-11-11,11.0
CB-1155,2024-11-18,11.0
CB-1155,2024-11-25,0.0
CB-1155,2024-12-02,0.0
CB-1155,2024-12-09,0.0
CB-1155,2024-12-16,0.0
CB-1155,2024-12-23,14.8
CB-1155,2024-12-30,14.8
CB-1155,2025-01-06,14.8
CB-1155,2025-01-13,14.8
CB-1155,2025-01-20,0.0
CB-1155,2025-01-27,0.0
CB-1155,2025-02-03,4.2
CB-1155,2025-02-10,4.2
CB-1155,2025-02-17,4.2
CB-1155,2025-02-24,4.2
CB-1155,2025-03-03,0.0
CB-1155,2025-03-10,0.0
CB-1155,2025-03-17,0.0
CB-1155,2025-03-24,0.0
CB-1155,2025-03-31,0.0
CB-1155,2025-04-07,4.5
CB-1155,2025-04-14,4.5
CB-1155,2025-04-21,4.5
CB-1155,2025-04-28,4.5
CB-1155,2025-05-05,0.0
CB-1155,2025-05-12,0.0
CB-1155,2025-05-19,6.5
CB-1155,2025-05-26,16.8
CB-1155,2025-06-02,24.2
CB-1155,2025-06-09,24.2
CB-1155,2025-06-16,17.8
CB-1155,2025-06-23,7.5
CB-1155,2025-06-30,0.0
CB-1155,2025-07-07,0.0
CB-1155,2025-07-14,0.0
CB-1155,2025-07-21,2.0
CB-1155,2025-07-28,5.2
CB-1155,2025-08-04,5.2
CB-1155,2025-08-11,5.2
CB-1155,2025-08-18,3.2
CB-1155,2025-08-25,0.0
CB-1155,2025-09-01,0.0
CB-1155,2025-09-08,8.2
CB-1155,2025-09-15,8.2
CB-1155,2025-09-22,13.0
CB-1155,2025-09-29,13.0
CB-1155,2025-10-06,4.8
CB-1155,2025-10-13,4.8
CB-1155,2025-10-20,3.8
CB-1155,2025-10-27,3.8
CB-1155,2025-11-03,3.8
CB-1155,2025-11-10,9.2
CB-1155,2025-11-17,5.5
CB-1155,2025-11-24,5.5
CB-1155,2025-12-01,5.5
CB-1155,2025-12-08,0.0
CB-1155,2025-12-15,0.0
CB-1155,2025-12-22,0.0
CB-1156,2024-01-01,50.0
CB-1156,2024-01-08,48.5
CB-1156,2024-01-15,48.0
CB-1156,2024-01-22,51.2
CB-1156,2024-01-29,51.2
CB-1156,2024-02-05,52.0
CB-1156,2024-02-12,54.5
CB-1156,2024-02-19,54.0
CB-1156,2024-02-26,56.8
CB-1156,2024-03-04,61.2
CB-1156,2024-03-11,61.0
CB-1156,2024-03-18,60.5
CB-1156,2024-03-25,62.2
CB-1156,2024-04-01,61.5
CB-1156,2024-04-08,63.5
CB-1156,2024-04-15,63.5
CB-1156,2024-04-22,62.8
CB-1156,2024-04-29,62.2
CB-1156,2024-05-06,61.0
CB-1156,2024-05-13,60.2
CB-1156,2024-05-20,58.2
CB-1156,2024-05-27,58.0
CB-1156,2024-06-03,55.5
CB-1156,2024-06-10,54.2
CB-1156,2024-06-17,52.2
CB-1156,2024-06-24,48.8
CB-1156,2024-07-01,48.5
CB-1156,2024-07-08,49.0
CB-1156,2024-07-15,48.5
CB-1156,2024-07-22,47.8
CB-1156,2024-07-29,46.8
CB-1156,2024-08-05,45.0
CB-1156,2024-08-12,42.2
CB-1156,2024-08-19,42.0
CB-1156,2024-08-26,40.2
CB-1156,2024-09-02,38.8
CB-1156,2024-09-09,39.8
CB-1156,2024-09-16,38.2
CB-1156,2024-09-23,39.0
CB-1156,2024-09-30,39.2
CB-1156,2024-10-07,38.8
CB-1156,2024-10-14,40.2
CB-1156,2024-10-21,41.0
CB-1156,2024-10-28,41.8
CB-1156,2024-11-04,43.5
CB-1156,2024-11-11,42.8
CB-1156,2024-11-18,45.2
CB-1156,2024-11-25,45.2
CB-1156,2024-12-02,46.0
CB-1156,2024-12-09,47.8
CB-1156,2024-12-16,47.0
CB-1156,2024-12-23,49.2
CB-1156,2024-12-30,50.0
CB-1156,2025-01-06,53.2
CB-1156,2025-01-13,53.8
CB-1156,2025-01-20,57.0
CB-1156,2025-01-27,60.2
CB-1156,2025-02-03,60.0
CB-1156,2025-02-10,63.5
CB-1156,2025-02-17,63.5
CB-1156,2025-02-24,62.5
CB-1156,2025-03-03,62.8
CB-1156,2025-03-10,64.0
CB-1156,2025-03-17,65.8
CB-1156,2025-03-24,68.0
CB-1156,2025-03-31,69.2
CB-1156,2025-04-07,68.2
CB-1156,2025-04-14,67.0
CB-1156,2025-04-21,64.0
CB-1156,2025-04-28,64.0
CB-1156,2025-05-05,64.2
CB-1156,2025-05-12,64.0
CB-1156,2025-05-19,67.8
CB-1156,2025-05-26,65.5
CB-1156,2025-06-02,62.8
CB-1156,2025-06-09,61.2
CB-1156,2025-06-16,57.8
CB-1156,2025-06-23,55.2
CB-1156,2025-06-30,55.2
CB-1156,2025-07-07,54.0
CB-1156,2025-07-14,50.0
CB-1156,2025-07-21,50.5
CB-1156,2025-07-28,47.5
CB-1156,2025-08-04,45.2
CB-1156,2025-08-11,45.0
CB-1156,2025-08-18,44.5
CB-1156,2025-08-25,45.8
CB-1156,2025-09-01,45.8
CB-1156,2025-09-08,44.5
CB-1156,2025-09-15,43.8
CB-1156,2025-09-22,41.8
CB-1156,2025-09-29,40.2
CB-1156,2025-10-06,42.5
CB-1156,2025-10-13,43.2
CB-1156,2025-10-20,43.5
CB-1156,2025-10-27,43.8
CB-1156,2025-11-03,42.5
CB-1156,2025-11-10,42.2
CB-1156,2025-11-17,43.8
CB-1156,2025-11-24,46.0
CB-1156,2025-12-01,48.5
CB-1156,2025-12-08,51.5
CB-1156,2025-12-15,54.0
CB-1156,2025-12-22,55.7
CB-1157,2024-01-01,20.0
CB-1157,2024-01-08,23.5
CB-1157,2024-01-15,24.7
CB-1157,2024-01-22,21.0
CB-1157,2024-01-29,23.2
CB-1157,2024-02-05,29.2
CB-1157,2024-02-12,34.5
CB-1157,2024-02-19,43.2
CB-1157,2024-02-26,46.2
CB-1157,2024-03-04,48.2
CB-1157,2024-03-11,42.5
CB-1157,2024-03-18,37.8
CB-1157,2024-03-25,41.5
CB-1157,2024-04-01,36.8
CB-1157,2024-04-08,38.2
CB-1157,2024-04-15,43.5
CB-1157,2024-04-22,37.8
CB-1157,2024-04-29,34.8
CB-1157,2024-05-06,33.8
CB-1157,2024-05-13,32.5
CB-1157,2024-05-20,34.2
CB-1157,2024-05-27,41.2
CB-1157,2024-06-03,42.5
CB-1157,2024-06-10,39.8
CB-1157,2024-06-17,42.5
CB-1157,2024-06-24,39.5
CB-1157,2024-07-01,40.0
CB-1157,2024-07-08,35.8
CB-1157,2024-07-15,28.5
CB-1157,2024-07-22,22.2
CB-1157,2024-07-29,21.0
CB-1157,2024-08-05,23.2
CB-1157,2024-08-12,28.5
CB-1157,2024-08-19,26.8
CB-1157,2024-08-26,23.5
CB-1157,2024-09-02,24.8
CB-1157,2024-09-09,21.5
CB-1157,2024-09-16,19.0
CB-1157,2024-09-23,17.5
CB-1157,2024-09-30,16.2
CB-1157,2024-10-07,18.2
CB-1157,2024-10-14,28.8
CB-1157,2024-10-21,32.0
CB-1157,2024-10-28,32.8
CB-1157,2024-11-04,28.2
CB-1157,2024-11-11,26.0
CB-1157,2024-11-18,31.8
CB-1157,2024-11-25,36.2
CB-1157,2024-12-02,39.0
CB-1157,2024-12-09,36.0
CB-1157,2024-12-16,33.0
CB-1157,2024-12-23,35.0
CB-1157,2024-12-30,35.0
CB-1157,2025-01-06,32.8
CB-1157,2025-01-13,32.8
CB-1157,2025-01-20,28.8
CB-1157,2025-01-27,24.8
CB-1157,2025-02-03,32.5
CB-1157,2025-02-10,36.5
CB-1157,2025-02-17,45.2
CB-1157,2025-02-24,47.2
CB-1157,2025-03-03,49.8
CB-1157,2025-03-10,52.2
CB-1157,2025-03-17,47.8
CB-1157,2025-03-24,49.2
CB-1157,2025-03-31,42.5
CB-1157,2025-04-07,39.2
CB-1157,2025-04-14,37.5
CB-1157,2025-04-21,39.2
CB-1157,2025-04-28,48.2
CB-1157,2025-05-05,45.8
CB-1157,2025-05-12,37.8
CB-1157,2025-05-19,38.5
CB-1157,2025-05-26,34.5
CB-1157,2025-06-02,36.5
CB-1157,2025-06-09,44.0
CB-1157,2025-06-16,48.8
CB-1157,2025-06-23,42.5
CB-1157,2025-06-30,39.0
CB-1157,2025-07-07,41.5
CB-1157,2025-07-14,29.8
CB-1157,2025-07-21,32.0
CB-1157,2025-07-28,35.8
CB-1157,2025-08-04,33.5
CB-1157,2025-08-11,40.2
CB-1157,2025-08-18,41.5
CB-1157,2025-08-25,34.8
CB-1157,2025-09-01,34.2
CB-1157,2025-09-08,29.0
CB-1157,2025-09-15,24.0
CB-1157,2025-09-22,27.2
CB-1157,2025-09-29,22.5
CB-1157,2025-10-06,26.0
CB-1157,2025-10-13,30.2
CB-1157,2025-10-20,34.2
CB-1157,2025-10-27,37.0
CB-1157,2025-11-03,35.5
CB-1157,2025-11-10,37.0
CB-1157,2025-11-17,31.0
CB-1157,2025-11-24,33.5
CB-1157,2025-12-01,36.2
CB-1157,2025-12-08,36.8
CB-1157,2025-12-15,34.2
CB-1157,2025-12-22,30.7
CB-1158,2024-01-01,17.0
CB-1158,2024-01-08,26.5
CB-1158,2024-01-15,25.3
CB-1158,2024-01-22,26.0
CB-1158,2024-01-29,29.5
CB-1158,2024-02-05,33.2
CB-1158,2024-02-12,37.5
CB-1158,2024-02-19,40.0
CB-1158,2024-02-26,44.5
CB-1158,2024-03-04,38.5
CB-1158,2024-03-11,40.5
CB-1158,2024-03-18,42.5
CB-1158,2024-03-25,41.8
CB-1158,2024-04-01,43.2
CB-1158,2024-04-08,38.8
CB-1158,2024-04-15,33.2
CB-1158,2024-04-22,28.0
CB-1158,2024-04-29,25.5
CB-1158,2024-05-06,27.5
CB-1158,2024-05-13,29.2
CB-1158,2024-05-20,32.5
CB-1158,2024-05-27,36.0
CB-1158,2024-06-03,31.5
CB-1158,2024-06-10,28.5
CB-1158,2024-06-17,25.8
CB-1158,2024-06-24,21.8
CB-1158,2024-07-01,21.5
CB-1158,2024-07-08,27.8
CB-1158,2024-07-15,24.0
CB-1158,2024-07-22,29.8
CB-1158,2024-07-29,32.0
CB-1158,2024-08-05,29.2
CB-1158,2024-08-12,34.0
CB-1158,2024-08-19,30.0
CB-1158,2024-08-26,32.0
CB-1158,2024-09-02,27.2
CB-1158,2024-09-09,24.8
CB-1158,2024-09-16,21.8
CB-1158,2024-09-23,15.0
CB-1158,2024-09-30,15.8
CB-1158,2024-10-07,20.0
CB-1158,2024-10-14,21.5
CB-1158,2024-10-21,29.2
CB-1158,2024-10-28,35.2
CB-1158,2024-11-04,38.2
CB-1158,2024-11-11,43.2
CB-1158,2024-11-18,45.2
CB-1158,2024-11-25,42.5
CB-1158,2024-12-02,37.5
CB-1158,2024-12-09,35.0
CB-1158,2024-12-16,30.5
CB-1158,2024-12-23,31.0
CB-1158,2024-12-30,33.5
CB-1158,2025-01-06,32.2
CB-1158,2025-01-13,29.0
CB-1158,2025-01-20,30.8
CB-1158,2025-01-27,27.5
CB-1158,2025-02-03,28.0
CB-1158,2025-02-10,32.5
CB-1158,2025-02-17,31.0
CB-1158,2025-02-24,37.5
CB-1158,2025-03-03,39.2
CB-1158,2025-03-10,44.2
CB-1158,2025-03-17,46.5
CB-1158,2025-03-24,42.8
CB-1158,2025-03-31,44.2
CB-1158,2025-04-07,36.0
CB-1158,2025-04-14,36.5
CB-1158,2025-04-21,39.5
CB-1158,2025-04-28,42.0
CB-1158,2025-05-05,41.5
CB-1158,2025-05-12,35.0
CB-1158,2025-05-19,30.0
CB-1158,2025-05-26,30.2
CB-1158,2025-06-02,34.8
CB-1158,2025-06-09,36.5
CB-1158,2025-06-16,33.0
CB-1158,2025-06-23,26.0
CB-1158,2025-06-30,22.2
CB-1158,2025-07-07,26.2
CB-1158,2025-07-14,32.2
CB-1158,2025-07-21,30.5
CB-1158,2025-07-28,33.8
CB-1158,2025-08-04,32.0
CB-1158,2025-08-11,26.0
CB-1158,2025-08-18,27.8
CB-1158,2025-08-25,26.0
CB-1158,2025-09-01,24.2
CB-1158,2025-09-08,22.8
CB-1158,2025-09-15,23.0
CB-1158,2025-09-22,23.5
CB-1158,2025-09-29,26.5
CB-1158,2025-10-06,28.8
CB-1158,2025-10-13,27.5
CB-1158,2025-10-20,25.8
CB-1158,2025-10-27,23.2
CB-1158,2025-11-03,25.5
CB-1158,2025-11-10,28.8
CB-1158,2025-11-17,27.2
CB-1158,2025-11-24,28.5
CB-1158,2025-12-01,27.2
CB-1158,2025-12-08,26.2
CB-1158,2025-12-15,35.0
CB-1158,2025-12-22,35.3
CB-1159,2024-01-01,49.0
CB-1159,2024-01-08,57.5
CB-1159,2024-01-15,55.7
CB-1159,2024-01-22,54.0
CB-1159,2024-01-29,60.8
CB-1159,2024-02-05,59.0
CB-1159,2024-02-12,63.5
CB-1159,2024-02-19,68.5
CB-1159,2024-02-26,49.5
CB-1159,2024-03-04,48.5
CB-1159,2024-03-11,40.0
CB-1159,2024-03-18,33.0
CB-1159,2024-03-25,55.0
CB-1159,2024-04-01,54.0
CB-1159,2024-04-08,69.2
CB-1159,2024-04-15,66.2
CB-1159,2024-04-22,53.2
CB-1159,2024-04-29,58.5
CB-1159,2024-05-06,46.5
CB-1159,2024-05-13,54.5
CB-1159,2024-05-20,58.5
CB-1159,2024-05-27,53.0
CB-1159,2024-06-03,52.2
CB-1159,2024-06-10,50.5
CB-1159,2024-06-17,52.5
CB-1159,2024-06-24,58.8
CB-1159,2024-07-01,58.0
CB-1159,2024-07-08,54.2
CB-1159,2024-07-15,48.2
CB-1159,2024-07-22,45.8
CB-1159,2024-07-29,48.0
CB-1159,2024-08-05,41.8
CB-1159,2024-08-12,36.0
CB-1159,2024-08-19,26.8
CB-1159,2024-08-26,24.0
CB-1159,2024-09-02,29.8
CB-1159,2024-09-09,37.5
CB-1159,2024-09-16,39.2
CB-1159,2024-09-23,42.8
CB-1159,2024-09-30,45.2
CB-1159,2024-10-07,44.0
CB-1159,2024-10-14,48.5
CB-1159,2024-10-21,38.8
CB-1159,2024-10-28,36.8
CB-1159,2024-11-04,37.8
CB-1159,2024-11-11,37.2
CB-1159,2024-11-18,37.5
CB-1159,2024-11-25,38.0
CB-1159,2024-12-02,40.5
CB-1159,2024-12-09,41.8
CB-1159,2024-12-16,55.0
CB-1159,2024-12-23,60.8
CB-1159,2024-12-30,60.2
CB-1159,2025-01-06,63.0
CB-1159,2025-01-13,58.5
CB-1159,2025-01-20,57.5
CB-1159,2025-01-27,63.5
CB-1159,2025-02-03,61.5
CB-1159,2025-02-10,65.8
CB-1159,2025-02-17,71.5
CB-1159,2025-02-24,72.5
CB-1159,2025-03-03,80.8
CB-1159,2025-03-10,93.0
CB-1159,2025-03-17,92.5
CB-1159,2025-03-24,86.5
CB-1159,2025-03-31,82.8
CB-1159,2025-04-07,72.2
CB-1159,2025-04-14,71.8
CB-1159,2025-04-21,82.5
CB-1159,2025-04-28,69.8
CB-1159,2025-05-05,74.8
CB-1159,2025-05-12,80.5
CB-1159,2025-05-19,74.2
CB-1159,2025-05-26,85.8
CB-1159,2025-06-02,75.0
CB-1159,2025-06-09,63.8
CB-1159,2025-06-16,62.8
CB-1159,2025-06-23,61.2
CB-1159,2025-06-30,64.5
CB-1159,2025-07-07,65.8
CB-1159,2025-07-14,64.8
CB-1159,2025-07-21,63.5
CB-1159,2025-07-28,54.5
CB-1159,2025-08-04,53.8
CB-1159,2025-08-11,55.8
CB-1159,2025-08-18,51.2
CB-1159,2025-08-25,60.0
CB-1159,2025-09-01,52.5
CB-1159,2025-09-08,44.5
CB-1159,2025-09-15,41.8
CB-1159,2025-09-22,40.8
CB-1159,2025-09-29,50.0
CB-1159,2025-10-06,50.0
CB-1159,2025-10-13,57.0
CB-1159,2025-10-20,58.8
CB-1159,2025-10-27,53.2
CB-1159,2025-11-03,55.0
CB-1159,2025-11-10,54.8
CB-1159,2025-11-17,46.2
CB-1159,2025-11-24,48.2
CB-1159,2025-12-01,58.8
CB-1159,2025-12-08,55.0
CB-1159,2025-12-15,64.2
CB-1159,2025-12-22,68.3
CB-1160,2024-01-01,84.0
CB-1160,2024-01-08,74.0
CB-1160,2024-01-15,72.3
CB-1160,2024-01-22,76.5
CB-1160,2024-01-29,68.8
CB-1160,2024-02-05,62.2
CB-1160,2024-02-12,69.8
CB-1160,2024-02-19,63.8
CB-1160,2024-02-26,71.2
CB-1160,2024-03-04,73.5
CB-1160,2024-03-11,67.0
CB-1160,2024-03-18,60.8
CB-1160,2024-03-25,56.8
CB-1160,2024-04-01,57.8
CB-1160,2024-04-08,50.8
CB-1160,2024-04-15,55.2
CB-1160,2024-04-22,41.8
CB-1160,2024-04-29,38.5
CB-1160,2024-05-06,47.2
CB-1160,2024-05-13,50.2
CB-1160,2024-05-20,56.5
CB-1160,2024-05-27,64.8
CB-1160,2024-06-03,54.8
CB-1160,2024-06-10,55.0
CB-1160,2024-06-17,58.8
CB-1160,2024-06-24,53.0
CB-1160,2024-07-01,55.8
CB-1160,2024-07-08,62.2
CB-1160,2024-07-15,58.0
CB-1160,2024-07-22,59.0
CB-1160,2024-07-29,61.2
CB-1160,2024-08-05,44.5
CB-1160,2024-08-12,40.5
CB-1160,2024-08-19,36.0
CB-1160,2024-08-26,34.5
CB-1160,2024-09-02,36.2
CB-1160,2024-09-09,41.0
CB-1160,2024-09-16,46.2
CB-1160,2024-09-23,40.2
CB-1160,2024-09-30,41.2
CB-1160,2024-10-07,36.5
CB-1160,2024-10-14,34.8
CB-1160,2024-10-21,39.0
CB-1160,2024-10-28,43.0
CB-1160,2024-11-04,44.8
CB-1160,2024-11-11,43.8
CB-1160,2024-11-18,38.8
CB-1160,2024-11-25,36.0
CB-1160,2024-12-02,49.0
CB-1160,2024-12-09,50.0
CB-1160,2024-12-16,50.5
CB-1160,2024-12-23,50.0
CB-1160,2024-12-30,36.8
CB-1160,2025-01-06,33.0
CB-1160,2025-01-13,45.0
CB-1160,2025-01-20,42.0
CB-1160,2025-01-27,53.8
CB-1160,2025-02-03,62.5
CB-1160,2025-02-10,57.2
CB-1160,2025-02-17,68.2
CB-1160,2025-02-24,62.0
CB-1160,2025-03-03,68.2
CB-1160,2025-03-10,68.0
CB-1160,2025-03-17,64.8
CB-1160,2025-03-24,68.0
CB-1160,2025-03-31,67.5
CB-1160,2025-04-07,75.5
CB-1160,2025-04-14,61.2
CB-1160,2025-04-21,65.8
CB-1160,2025-04-28,50.0
CB-1160,2025-05-05,43.8
CB-1160,2025-05-12,59.0
CB-1160,2025-05-19,54.2
CB-1160,2025-05-26,67.0
CB-1160,2025-06-02,72.0
CB-1160,2025-06-09,67.0
CB-1160,2025-06-16,63.2
CB-1160,2025-06-23,58.5
CB-1160,2025-06-30,44.8
CB-1160,2025-07-07,45.0
CB-1160,2025-07-14,54.2
CB-1160,2025-07-21,45.5
CB-1160,2025-07-28,50.2
CB-1160,2025-08-04,48.5
CB-1160,2025-08-11,49.2
CB-1160,2025-08-18,53.0
CB-1160,2025-08-25,51.5
CB-1160,2025-09-01,48.8
CB-1160,2025-09-08,39.2
CB-1160,2025-09-15,42.0
CB-1160,2025-09-22,40.0
CB-1160,2025-09-29,48.2
CB-1160,2025-10-06,49.5
CB-1160,2025-10-13,52.2
CB-1160,2025-10-20,55.0
CB-1160,2025-10-27,52.8
CB-1160,2025-11-03,51.5
CB-1160,2025-11-10,55.8
CB-1160,2025-11-17,59.0
CB-1160,2025-11-24,59.5
CB-1160,2025-12-01,60.0
CB-1160,2025-12-08,52.5
CB-1160,2025-12-15,55.2
CB-1160,2025-12-22,55.0
CB-1161,2024-01-01,98.0
CB-1161,2024-01-08,100.5
CB-1161,2024-01-15,96.7
CB-1161,2024-01-22,97.0
CB-1161,2024-01-29,96.5
CB-1161,2024-02-05,98.5
CB-1161,2024-02-12,102.5
CB-1161,2024-02-19,105.8
CB-1161,2024-02-26,108.2
CB-1161,2024-03-04,109.2
CB-1161,2024-03-11,110.2
CB-1161,2024-03-18,114.5
CB-1161,2024-03-25,119.2
CB-1161,2024-04-01,121.0
CB-1161,2024-04-08,123.2
CB-1161,2024-04-15,116.2
CB-1161,2024-04-22,113.8
CB-1161,2024-04-29,111.0
CB-1161,2024-05-06,111.2
CB-1161,2024-05-13,116.2
CB-1161,2024-05-20,116.2
CB-1161,2024-05-27,118.8
CB-1161,2024-06-03,114.8
CB-1161,2024-06-10,109.8
CB-1161,2024-06-17,108.8
CB-1161,2024-06-24,103.8
CB-1161,2024-07-01,101.8
CB-1161,2024-07-08,103.8
CB-1161,2024-07-15,100.0
CB-1161,2024-07-22,96.8
CB-1161,2024-07-29,93.5
CB-1161,2024-08-05,89.8
CB-1161,2024-08-12,86.8
CB-1161,2024-08-19,85.0
CB-1161,2024-08-26,85.5
CB-1161,2024-09-02,83.2
CB-1161,2024-09-09,82.5
CB-1161,2024-09-16,82.8
CB-1161,2024-09-23,81.8
CB-1161,2024-09-30,81.0
CB-1161,2024-10-07,79.2
CB-1161,2024-10-14,81.5
CB-1161,2024-10-21,79.8
CB-1161,2024-10-28,80.8
CB-1161,2024-11-04,81.2
CB-1161,2024-11-11,80.0
CB-1161,2024-11-18,83.2
CB-1161,2024-11-25,85.5
CB-1161,2024-12-02,91.0
CB-1161,2024-12-09,92.2
CB-1161,2024-12-16,96.2
CB-1161,2024-12-23,102.2
CB-1161,2024-12-30,102.2
CB-1161,2025-01-06,105.8
CB-1161,2025-01-13,111.2
CB-1161,2025-01-20,111.8
CB-1161,2025-01-27,118.2
CB-1161,2025-02-03,125.8
CB-1161,2025-02-10,124.5
CB-1161,2025-02-17,125.5
CB-1161,2025-02-24,125.8
CB-1161,2025-03-03,124.5
CB-1161,2025-03-10,132.0
CB-1161,2025-03-17,130.2
CB-1161,2025-03-24,129.8
CB-1161,2025-03-31,127.5
CB-1161,2025-04-07,128.0
CB-1161,2025-04-14,130.8
CB-1161,2025-04-21,132.5
CB-1161,2025-04-28,131.0
CB-1161,2025-05-05,125.2
CB-1161,2025-05-12,127.8
CB-1161,2025-05-19,127.5
CB-1161,2025-05-26,129.5
CB-1161,2025-06-02,124.0
CB-1161,2025-06-09,118.2
CB-1161,2025-06-16,115.0
CB-1161,2025-06-23,110.0
CB-1161,2025-06-30,112.0
CB-1161,2025-07-07,111.5
CB-1161,2025-07-14,107.0
CB-1161,2025-07-21,107.5
CB-1161,2025-07-28,103.0
CB-1161,2025-08-04,100.5
CB-1161,2025-08-11,102.8
CB-1161,2025-08-18,97.0
CB-1161,2025-08-25,96.5
CB-1161,2025-09-01,95.0
CB-1161,2025-09-08,88.2
CB-1161,2025-09-15,88.2
CB-1161,2025-09-22,85.2
CB-1161,2025-09-29,82.5
CB-1161,2025-10-06,83.8
CB-1161,2025-10-13,85.0
CB-1161,2025-10-20,88.5
CB-1161,2025-10-27,86.5
CB-1161,2025-11-03,87.0
CB-1161,2025-11-10,90.8
CB-1161,2025-11-17,93.0
CB-1161,2025-11-24,97.2
CB-1161,2025-12-01,103.5
CB-1161,2025-12-08,108.5
CB-1161,2025-12-15,110.8
CB-1161,2025-12-22,116.0
CB-1162,2024-01-01,104.0
CB-1162,2024-01-08,110.0
CB-1162,2024-01-15,116.3
CB-1162,2024-01-22,118.0
CB-1162,2024-01-29,119.0
CB-1162,2024-02-05,123.2
CB-1162,2024-02-12,121.2
CB-1162,2024-02-19,120.5
CB-1162,2024-02-26,122.8
CB-1162,2024-03-04,127.0
CB-1162,2024-03-11,129.0
CB-1162,2024-03-18,134.8
CB-1162,2024-03-25,142.0
CB-1162,2024-04-01,140.0
CB-1162,2024-04-08,143.5
CB-1162,2024-04-15,143.5
CB-1162,2024-04-22,142.0
CB-1162,2024-04-29,138.5
CB-1162,2024-05-06,134.2
CB-1162,2024-05-13,131.5
CB-1162,2024-05-20,128.8
CB-1162,2024-05-27,129.8
CB-1162,2024-06-03,132.2
CB-1162,2024-06-10,130.5
CB-1162,2024-06-17,126.0
CB-1162,2024-06-24,116.8
CB-1162,2024-07-01,109.0
CB-1162,2024-07-08,102.0
CB-1162,2024-07-15,99.2
CB-1162,2024-07-22,101.8
CB-1162,2024-07-29,100.8
CB-1162,2024-08-05,104.5
CB-1162,2024-08-12,104.2
CB-1162,2024-08-19,105.0
CB-1162,2024-08-26,104.0
CB-1162,2024-09-02,100.5
CB-1162,2024-09-09,97.5
CB-1162,2024-09-16,91.0
CB-1162,2024-09-23,88.2
CB-1162,2024-09-30,86.2
CB-1162,2024-10-07,86.0
CB-1162,2024-10-14,86.5
CB-1162,2024-10-21,89.2
CB-1162,2024-10-28,88.8
CB-1162,2024-11-04,88.8
CB-1162,2024-11-11,90.8
CB-1162,2024-11-18,92.0
CB-1162,2024-11-25,94.8
CB-1162,2024-12-02,100.5
CB-1162,2024-12-09,107.5
CB-1162,2024-12-16,113.0
CB-1162,2024-12-23,117.2
CB-1162,2024-12-30,118.2
CB-1162,2025-01-06,119.2
CB-1162,2025-01-13,123.5
CB-1162,2025-01-20,131.5
CB-1162,2025-01-27,139.5
CB-1162,2025-02-03,148.2
CB-1162,2025-02-10,155.0
CB-1162,2025-02-17,154.2
CB-1162,2025-02-24,160.8
CB-1162,2025-03-03,158.8
CB-1162,2025-03-10,159.0
CB-1162,2025-03-17,164.2
CB-1162,2025-03-24,154.8
CB-1162,2025-03-31,153.5
CB-1162,2025-04-07,146.8
CB-1162,2025-04-14,138.8
CB-1162,2025-04-21,147.0
CB-1162,2025-04-28,155.2
CB-1162,2025-05-05,156.8
CB-1162,2025-05-12,163.0
CB-1162,2025-05-19,162.5
CB-1162,2025-05-26,154.2
CB-1162,2025-06-02,152.2
CB-1162,2025-06-09,146.0
CB-1162,2025-06-16,139.8
CB-1162,2025-06-23,138.0
CB-1162,2025-06-30,135.8
CB-1162,2025-07-07,134.0
CB-1162,2025-07-14,128.8
CB-1162,2025-07-21,119.2
CB-1162,2025-07-28,116.5
CB-1162,2025-08-04,109.2
CB-1162,2025-08-11,107.8
CB-1162,2025-08-18,110.2
CB-1162,2025-08-25,103.5
CB-1162,2025-09-01,103.0
CB-1162,2025-09-08,104.2
CB-1162,2025-09-15,101.2
CB-1162,2025-09-22,100.5
CB-1162,2025-09-29,103.2
CB-1162,2025-10-06,97.8
CB-1162,2025-10-13,94.8
CB-1162,2025-10-20,99.5
CB-1162,2025-10-27,97.5
CB-1162,2025-11-03,101.8
CB-1162,2025-11-10,106.2
CB-1162,2025-11-17,109.8
CB-1162,2025-11-24,115.5
CB-1162,2025-12-01,112.0
CB-1162,2025-12-08,118.8
CB-1162,2025-12-15,120.2
CB-1162,2025-12-22,119.7
CB-1163,2024-01-01,0.0
CB-1163,2024-01-08,0.0
CB-1163,2024-01-15,7.0
CB-1163,2024-01-22,5.2
CB-1163,2024-01-29,5.2
CB-1163,2024-02-05,5.2
CB-1163,2024-02-12,4.2
CB-1163,2024-02-19,12.8
CB-1163,2024-02-26,18.8
CB-1163,2024-03-04,18.8
CB-1163,2024-03-11,14.5
CB-1163,2024-03-18,6.0
CB-1163,2024-03-25,6.2
CB-1163,2024-04-01,6.2
CB-1163,2024-04-08,13.5
CB-1163,2024-04-15,13.5
CB-1163,2024-04-22,21.0
CB-1163,2024-04-29,24.8
CB-1163,2024-05-06,31.5
CB-1163,2024-05-13,31.5
CB-1163,2024-05-20,17.8
CB-1163,2024-05-27,14.0
CB-1163,2024-06-03,0.0
CB-1163,2024-06-10,0.0
CB-1163,2024-06-17,0.0
CB-1163,2024-06-24,0.0
CB-1163,2024-07-01,0.0
CB-1163,2024-07-08,0.0
CB-1163,2024-07-15,13.2
CB-1163,2024-07-22,28.2
CB-1163,2024-07-29,28.2
CB-1163,2024-08-05,33.8
CB-1163,2024-08-12,20.5
CB-1163,2024-08-19,5.5
CB-1163,2024-08-26,5.5
CB-1163,2024-09-02,0.0
CB-1163,2024-09-09,8.8
CB-1163,2024-09-16,8.8
CB-1163,2024-09-23,8.8
CB-1163,2024-09-30,8.8
CB-1163,2024-10-07,0.0
CB-1163,2024-10-14,10.5
CB-1163,2024-10-21,10.5
CB-1163,2024-10-28,10.5
CB-1163,2024-11-04,21.2
CB-1163,2024-11-11,10.8
CB-1163,2024-11-18,14.2
CB-1163,2024-11-25,14.2
CB-1163,2024-12-02,11.5
CB-1163,2024-12-09,11.5
CB-1163,2024-12-16,8.0
CB-1163,2024-12-23,8.0
CB-1163,2024-12-30,0.0
CB-1163,2025-01-06,7.5
CB-1163,2025-01-13,10.0
CB-1163,2025-01-20,19.5
CB-1163,2025-01-27,22.8
CB-1163,2025-02-03,15.2
CB-1163,2025-02-10,23.8
CB-1163,2025-02-17,14.2
CB-1163,2025-02-24,11.0
CB-1163,2025-03-03,12.2
CB-1163,2025-03-10,1.2
CB-1163,2025-03-17,1.2
CB-1163,2025-03-24,7.2
CB-1163,2025-03-31,6.0
CB-1163,2025-04-07,14.8
CB-1163,2025-04-14,14.8
CB-1163,2025-04-21,8.8
CB-1163,2025-04-28,8.8
CB-1163,2025-05-05,0.0
CB-1163,2025-05-12,0.0
CB-1163,2025-05-19,0.0
CB-1163,2025-05-26,0.0
CB-1163,2025-06-02,0.0
CB-1163,2025-06-09,0.0
CB-1163,2025-06-16,14.8
CB-1163,2025-06-23,14.8
CB-1163,2025-06-30,23.8
CB-1163,2025-07-07,23.8
CB-1163,2025-07-14,9.0
CB-1163,2025-07-21,9.0
CB-1163,2025-07-28,10.5
CB-1163,2025-08-04,21.0
CB-1163,2025-08-11,21.0
CB-1163,2025-08-18,21.0
CB-1163,2025-08-25,18.5
CB-1163,2025-09-01,8.0
CB-1163,2025-09-08,11.8
CB-1163,2025-09-15,24.8
CB-1163,2025-09-22,16.8
CB-1163,2025-09-29,16.8
CB-1163,2025-10-06,13.0
CB-1163,2025-10-13,0.0
CB-1163,2025-10-20,0.0
CB-1163,2025-10-27,4.0
CB-1163,2025-11-03,16.8
CB-1163,2025-11-10,16.8
CB-1163,2025-11-17,16.8
CB-1163,2025-11-24,12.8
CB-1163,2025-12-01,0.0
CB-1163,2025-12-08,0.0
CB-1163,2025-12-15,0.0
CB-1163,2025-12-22,0.0
CB-1164,2024-01-01,48.0
CB-1164,2024-01-08,47.0
CB-1164,2024-01-15,49.7
CB-1164,2024-01-22,50.2
CB-1164,2024-01-29,51.2
CB-1164,2024-02-05,53.0
CB-1164,2024-02-12,54.5
CB-1164,2024-02-19,55.0
CB-1164,2024-02-26,55.8
CB-1164,2024-03-04,58.8
CB-1164,2024-03-11,58.8
CB-1164,2024-03-18,62.0
CB-1164,2024-03-25,63.2
CB-1164,2024-04-01,62.5
CB-1164,2024-04-08,63.0
CB-1164,2024-04-15,63.5
CB-1164,2024-04-22,65.5
CB-1164,2024-04-29,66.5
CB-1164,2024-05-06,65.0
CB-1164,2024-05-13,61.2
CB-1164,2024-05-20,59.5
CB-1164,2024-05-27,58.8
CB-1164,2024-06-03,59.8
CB-1164,2024-06-10,59.8
CB-1164,2024-06-17,58.5
CB-1164,2024-06-24,56.2
CB-1164,2024-07-01,53.5
CB-1164,2024-07-08,52.2
CB-1164,2024-07-15,50.0
CB-1164,2024-07-22,47.2
CB-1164,2024-07-29,45.2
CB-1164,2024-08-05,43.2
CB-1164,2024-08-12,40.8
CB-1164,2024-08-19,40.5
CB-1164,2024-08-26,40.2
CB-1164,2024-09-02,40.8
CB-1164,2024-09-09,42.5
CB-1164,2024-09-16,43.0
CB-1164,2024-09-23,43.8
CB-1164,2024-09-30,42.2
CB-1164,2024-10-07,40.2
CB-1164,2024-10-14,40.2
CB-1164,2024-10-21,40.8
CB-1164,2024-10-28,43.5
CB-1164,2024-11-04,45.8
CB-1164,2024-11-11,44.2
CB-1164,2024-11-18,44.5
CB-1164,2024-11-25,45.0
CB-1164,2024-12-02,47.2
CB-1164,2024-12-09,52.0
CB-1164,2024-12-16,54.2
CB-1164,2024-12-23,54.8
CB-1164,2024-12-30,54.2
CB-1164,2025-01-06,55.0
CB-1164,2025-01-13,55.0
CB-1164,2025-01-20,59.0
CB-1164,2025-01-27,59.5
CB-1164,2025-02-03,61.2
CB-1164,2025-02-10,64.0
CB-1164,2025-02-17,63.5
CB-1164,2025-02-24,65.8
CB-1164,2025-03-03,63.2
CB-1164,2025-03-10,63.0
CB-1164,2025-03-17,63.2
CB-1164,2025-03-24,66.5
CB-1164,2025-03-31,68.8
CB-1164,2025-04-07,70.2
CB-1164,2025-04-14,69.0
CB-1164,2025-04-21,68.0
CB-1164,2025-04-28,65.5
CB-1164,2025-05-05,67.2
CB-1164,2025-05-12,68.0
CB-1164,2025-05-19,62.5
CB-1164,2025-05-26,63.5
CB-1164,2025-06-02,58.2
CB-1164,2025-06-09,56.2
CB-1164,2025-06-16,58.0
CB-1164,2025-06-23,56.5
CB-1164,2025-06-30,55.0
CB-1164,2025-07-07,53.0
CB-1164,2025-07-14,52.8
CB-1164,2025-07-21,53.2
CB-1164,2025-07-28,52.5
CB-1164,2025-08-04,52.2
CB-1164,2025-08-11,49.0
CB-1164,2025-08-18,46.8
CB-1164,2025-08-25,46.0
CB-1164,2025-09-01,45.0
CB-1164,2025-09-08,45.8
CB-1164,2025-09-15,45.2
CB-1164,2025-09-22,44.0
CB-1164,2025-09-29,45.2
CB-1164,2025-10-06,44.8
CB-1164,2025-10-13,46.5
CB-1164,2025-10-20,48.2
CB-1164,2025-10-27,49.8
CB-1164,2025-11-03,52.0
CB-1164,2025-11-10,51.8
CB-1164,2025-11-17,52.0
CB-1164,2025-11-24,50.8
CB-1164,2025-12-01,51.8
CB-1164,2025-12-08,53.2
CB-1164,2025-12-15,55.0
CB-1164,2025-12-22,56.7
CB-1165,2024-01-01,49.0
CB-1165,2024-01-08,77.0
CB-1165,2024-01-15,82.7
CB-1165,2024-01-22,91.0
CB-1165,2024-01-29,107.0
CB-1165,2024-02-05,101.5
CB-1165,2024-02-12,98.8
CB-1165,2024-02-19,106.0
CB-1165,2024-02-26,98.2
CB-1165,2024-03-04,106.5
CB-1165,2024-03-11,105.8
CB-1165,2024-03-18,77.8
CB-1165,2024-03-25,70.8
CB-1165,2024-04-01,68.5
CB-1165,2024-04-08,77.8
CB-1165,2024-04-15,96.2
CB-1165,2024-04-22,115.2
CB-1165,2024-04-29,114.5
CB-1165,2024-05-06,101.8
CB-1165,2024-05-13,102.0
CB-1165,2024-05-20,92.8
CB-1165,2024-05-27,83.8
CB-1165,2024-06-03,91.8
CB-1165,2024-06-10,85.8
CB-1165,2024-06-17,78.2
CB-1165,2024-06-24,79.5
CB-1165,2024-07-01,83.2
CB-1165,2024-07-08,89.5
CB-1165,2024-07-15,92.8
CB-1165,2024-07-22,92.0
CB-1165,2024-07-29,72.2
CB-1165,2024-08-05,71.2
CB-1165,2024-08-12,74.0
CB-1165,2024-08-19,76.2
CB-1165,2024-08-26,71.0
CB-1165,2024-09-02,60.2
CB-1165,2024-09-09,52.8
CB-1165,2024-09-16,51.5
CB-1165,2024-09-23,60.8
CB-1165,2024-09-30,59.0
CB-1165,2024-10-07,63.2
CB-1165,2024-10-14,56.0
CB-1165,2024-10-21,56.0
CB-1165,2024-10-28,59.2
CB-1165,2024-11-04,65.0
CB-1165,2024-11-11,75.5
CB-1165,2024-11-18,87.0
CB-1165,2024-11-25,88.5
CB-1165,2024-12-02,92.5
CB-1165,2024-12-09,78.2
CB-1165,2024-12-16,88.2
CB-1165,2024-12-23,105.8
CB-1165,2024-12-30,102.0
CB-1165,2025-01-06,122.8
CB-1165,2025-01-13,111.0
CB-1165,2025-01-20,96.5
CB-1165,2025-01-27,90.8
CB-1165,2025-02-03,86.2
CB-1165,2025-02-10,93.5
CB-1165,2025-02-17,101.0
CB-1165,2025-02-24,125.8
CB-1165,2025-03-03,128.8
CB-1165,2025-03-10,111.8
CB-1165,2025-03-17,124.2
CB-1165,2025-03-24,96.0
CB-1165,2025-03-31,90.5
CB-1165,2025-04-07,107.0
CB-1165,2025-04-14,95.5
CB-1165,2025-04-21,93.0
CB-1165,2025-04-28,90.8
CB-1165,2025-05-05,74.0
CB-1165,2025-05-12,74.5
CB-1165,2025-05-19,96.5
CB-1165,2025-05-26,91.2
CB-1165,2025-06-02,110.8
CB-1165,2025-06-09,110.8
CB-1165,2025-06-16,93.2
CB-1165,2025-06-23,86.2
CB-1165,2025-06-30,67.8
CB-1165,2025-07-07,53.5
CB-1165,2025-07-14,67.0
CB-1165,2025-07-21,78.8
CB-1165,2025-07-28,77.8
CB-1165,2025-08-04,80.8
CB-1165,2025-08-11,59.8
CB-1165,2025-08-18,62.0
CB-1165,2025-08-25,61.0
CB-1165,2025-09-01,53.8
CB-1165,2025-09-08,63.0
CB-1165,2025-09-15,69.2
CB-1165,2025-09-22,87.5
CB-1165,2025-09-29,86.2
CB-1165,2025-10-06,80.8
CB-1165,2025-10-13,74.0
CB-1165,2025-10-20,69.2
CB-1165,2025-10-27,62.8
CB-1165,2025-11-03,68.2
CB-1165,2025-11-10,63.8
CB-1165,2025-11-17,45.2
CB-1165,2025-11-24,51.8
CB-1165,2025-12-01,49.5
CB-1165,2025-12-08,55.8
CB-1165,2025-12-15,79.5
CB-1165,2025-12-22,91.7
CB-1166,2024-01-01,0.0
CB-1166,2024-01-08,0.0
CB-1166,2024-01-15,0.0
CB-1166,2024-01-22,0.0
CB-1166,2024-01-29,0.0
CB-1166,2024-02-05,0.0
CB-1166,2024-02-12,0.0
CB-1166,2024-02-19,14.0
CB-1166,2024-02-26,14.0
CB-1166,2024-03-04,14.0
CB-1166,2024-03-11,14.0
CB-1166,2024-03-18,2.0
CB-1166,2024-03-25,13.5
CB-1166,2024-04-01,13.5
CB-1166,2024-04-08,14.8
CB-1166,2024-04-15,19.5
CB-1166,2024-04-22,8.0
CB-1166,2024-04-29,8.0
CB-1166,2024-05-06,6.8
CB-1166,2024-05-13,0.0
CB-1166,2024-05-20,0.0
CB-1166,2024-05-27,0.0
CB-1166,2024-06-03,0.0
CB-1166,2024-06-10,0.0
CB-1166,2024-06-17,0.0
CB-1166,2024-06-24,0.0
CB-1166,2024-07-01,0.0
CB-1166,2024-07-08,1.8
CB-1166,2024-07-15,1.8
CB-1166,2024-07-22,1.8
CB-1166,2024-07-29,5.2
CB-1166,2024-08-05,3.5
CB-1166,2024-08-12,3.5
CB-1166,2024-08-19,3.5
CB-1166,2024-08-26,0.0
CB-1166,2024-09-02,0.0
CB-1166,2024-09-09,0.0
CB-1166,2024-09-16,0.0
CB-1166,2024-09-23,0.0
CB-1166,2024-09-30,0.0
CB-1166,2024-10-07,0.0
CB-1166,2024-10-14,0.0
CB-1166,2024-10-21,0.0
CB-1166,2024-10-28,10.0
CB-1166,2024-11-04,10.0
CB-1166,2024-11-11,22.5
CB-1166,2024-11-18,22.5
CB-1166,2024-11-25,12.5
CB-1166,2024-12-02,12.5
CB-1166,2024-12-09,8.2
CB-1166,2024-12-16,17.8
CB-1166,2024-12-23,17.8
CB-1166,2024-12-30,17.8
CB-1166,2025-01-06,9.5
CB-1166,2025-01-13,0.0
CB-1166,2025-01-20,0.0
CB-1166,2025-01-27,0.0
CB-1166,2025-02-03,13.8
CB-1166,2025-02-10,18.0
CB-1166,2025-02-17,18.0
CB-1166,2025-02-24,18.0
CB-1166,2025-03-03,4.2
CB-1166,2025-03-10,0.0
CB-1166,2025-03-17,0.0
CB-1166,2025-03-24,0.0
CB-1166,2025-03-31,12.2
CB-1166,2025-04-07,12.2
CB-1166,2025-04-14,12.2
CB-1166,2025-04-21,12.2
CB-1166,2025-04-28,0.0
CB-1166,2025-05-05,0.0
CB-1166,2025-05-12,0.0
CB-1166,2025-05-19,0.0
CB-1166,2025-05-26,0.0
CB-1166,2025-06-02,0.0
CB-1166,2025-06-09,0.0
CB-1166,2025-06-16,12.5
CB-1166,2025-06-23,12.5
CB-1166,2025-06-30,12.5
CB-1166,2025-07-07,23.5
CB-1166,2025-07-14,11.0
CB-1166,2025-07-21,11.0
CB-1166,2025-07-28,15.5
CB-1166,2025-08-04,16.5
CB-1166,2025-08-11,16.5
CB-1166,2025-08-18,16.5
CB-1166,2025-08-25,12.0
CB-1166,2025-09-01,0.0
CB-1166,2025-09-08,0.0
CB-1166,2025-09-15,13.2
CB-1166,2025-09-22,13.2
CB-1166,2025-09-29,13.2
CB-1166,2025-10-06,13.2
CB-1166,2025-10-13,0.0
CB-1166,2025-10-20,0.0
CB-1166,2025-10-27,0.0
CB-1166,2025-11-03,0.0
CB-1166,2025-11-10,0.0
CB-1166,2025-11-17,0.0
CB-1166,2025-11-24,0.0
CB-1166,2025-12-01,0.0
CB-1166,2025-12-08,0.0
CB-1166,2025-12-15,0.0
CB-1166,2025-12-22,0.0
CB-1167,2024-01-01,46.0
CB-1167,2024-01-08,43.5
CB-1167,2024-01-15,44.7
CB-1167,2024-01-22,45.5
CB-1167,2024-01-29,46.2
CB-1167,2024-02-05,49.2
CB-1167,2024-02-12,51.2
CB-1167,2024-02-19,53.0
CB-1167,2024-02-26,54.5
CB-1167,2024-03-04,55.0
CB-1167,2024-03-11,52.5
CB-1167,2024-03-18,53.5
CB-1167,2024-03-25,54.2
CB-1167,2024-04-01,53.2
CB-1167,2024-04-08,56.2
CB-1167,2024-04-15,56.0
CB-1167,2024-04-22,56.5
CB-1167,2024-04-29,57.8
CB-1167,2024-05-06,57.2
CB-1167,2024-05-13,57.0
CB-1167,2024-05-20,54.5
CB-1167,2024-05-27,53.5
CB-1167,2024-06-03,51.5
CB-1167,2024-06-10,50.5
CB-1167,2024-06-17,48.2
CB-1167,2024-06-24,47.5
CB-1167,2024-07-01,47.0
CB-1167,2024-07-08,45.5
CB-1167,2024-07-15,45.0
CB-1167,2024-07-22,43.0
CB-1167,2024-07-29,41.8
CB-1167,2024-08-05,40.0
CB-1167,2024-08-12,39.0
CB-1167,2024-08-19,38.5
CB-1167,2024-08-26,36.2
CB-1167,2024-09-02,34.8
CB-1167,2024-09-09,33.8
CB-1167,2024-09-16,33.5
CB-1167,2024-09-23,35.0
CB-1167,2024-09-30,35.8
CB-1167,2024-10-07,38.0
CB-1167,2024-10-14,37.2
CB-1167,2024-10-21,37.8
CB-1167,2024-10-28,38.0
CB-1167,2024-11-04,37.8
CB-1167,2024-11-11,40.0
CB-1167,2024-11-18,42.2
CB-1167,2024-11-25,43.0
CB-1167,2024-12-02,45.0
CB-1167,2024-12-09,45.8
CB-1167,2024-12-16,45.8
CB-1167,2024-12-23,48.0
CB-1167,2024-12-30,48.5
CB-1167,2025-01-06,46.0
CB-1167,2025-01-13,49.0
CB-1167,2025-01-20,49.5
CB-1167,2025-01-27,51.0
CB-1167,2025-02-03,55.8
CB-1167,2025-02-10,54.5
CB-1167,2025-02-17,56.8
CB-1167,2025-02-24,58.0
CB-1167,2025-03-03,58.5
CB-1167,2025-03-10,60.5
CB-1167,2025-03-17,60.8
CB-1167,2025-03-24,62.5
CB-1167,2025-03-31,62.0
CB-1167,2025-04-07,60.8
CB-1167,2025-04-14,61.8
CB-1167,2025-04-21,59.5
CB-1167,2025-04-28,59.5
CB-1167,2025-05-05,59.2
CB-1167,2025-05-12,57.5
CB-1167,2025-05-19,57.5
CB-1167,2025-05-26,57.5
CB-1167,2025-06-02,56.0
CB-1167,2025-06-09,55.8
CB-1167,2025-06-16,55.8
CB-1167,2025-06-23,52.8
CB-1167,2025-06-30,51.0
CB-1167,2025-07-07,49.5
CB-1167,2025-07-14,48.2
CB-1167,2025-07-21,46.8
CB-1167,2025-07-28,47.5
CB-1167,2025-08-04,46.8
CB-1167,2025-08-11,43.2
CB-1167,2025-08-18,45.5
CB-1167,2025-08-25,43.8
CB-1167,2025-09-01,41.8
CB-1167,2025-09-08,41.2
CB-1167,2025-09-15,40.2
CB-1167,2025-09-22,40.8
CB-1167,2025-09-29,41.8
CB-1167,2025-10-06,43.8
CB-1167,2025-10-13,43.2
CB-1167,2025-10-20,45.8
CB-1167,2025-10-27,46.2
CB-1167,2025-11-03,46.2
CB-1167,2025-11-10,46.2
CB-1167,2025-11-17,43.2
CB-1167,2025-11-24,42.0
CB-1167,2025-12-01,42.0
CB-1167,2025-12-08,45.8
CB-1167,2025-12-15,49.2
CB-1167,2025-12-22,51.7
CB-1168,2024-01-01,56.0
CB-1168,2024-01-08,53.5
CB-1168,2024-01-15,55.0
CB-1168,2024-01-22,56.0
CB-1168,2024-01-29,55.8
CB-1168,2024-02-05,60.0
CB-1168,2024-02-12,60.5
CB-1168,2024-02-19,60.2
CB-1168,2024-02-26,63.5
CB-1168,2024-03-04,62.8
CB-1168,2024-03-11,64.5
CB-1168,2024-03-18,65.0
CB-1168,2024-03-25,65.5
CB-1168,2024-04-01,68.8
CB-1168,2024-04-08,66.8
CB-1168,2024-04-15,68.8
CB-1168,2024-04-22,66.5
CB-1168,2024-04-29,66.5
CB-1168,2024-05-06,69.2
CB-1168,2024-05-13,68.2
CB-1168,2024-05-20,66.8
CB-1168,2024-05-27,61.2
CB-1168,2024-06-03,59.2
CB-1168,2024-06-10,56.0
CB-1168,2024-06-17,54.8
CB-1168,2024-06-24,54.5
CB-1168,2024-07-01,52.5
CB-1168,2024-07-08,53.0
CB-1168,2024-07-15,52.5
CB-1168,2024-07-22,51.8
CB-1168,2024-07-29,49.2
CB-1168,2024-08-05,48.0
CB-1168,2024-08-12,47.5
CB-1168,2024-08-19,46.0
CB-1168,2024-08-26,46.8
CB-1168,2024-09-02,45.0
CB-1168,2024-09-09,43.5
CB-1168,2024-09-16,41.0
CB-1168,2024-09-23,38.0
CB-1168,2024-09-30,38.2
CB-1168,2024-10-07,38.8
CB-1168,2024-10-14,39.8
CB-1168,2024-10-21,41.2
CB-1168,2024-10-28,43.5
CB-1168,2024-11-04,45.5
CB-1168,2024-11-11,46.2
CB-1168,2024-11-18,47.8
CB-1168,2024-11-25,48.0
CB-1168,2024-12-02,48.0
CB-1168,2024-12-09,50.0
CB-1168,2024-12-16,51.8
CB-1168,2024-12-23,54.5
CB-1168,2024-12-30,58.2
CB-1168,2025-01-06,60.0
CB-1168,2025-01-13,63.0
CB-1168,2025-01-20,63.5
CB-1168,2025-01-27,62.5
CB-1168,2025-02-03,64.8
CB-1168,2025-02-10,64.0
CB-1168,2025-02-17,67.2
CB-1168,2025-02-24,72.2
CB-1168,2025-03-03,73.2
CB-1168,2025-03-10,75.0
CB-1168,2025-03-17,75.5
CB-1168,2025-03-24,75.8
CB-1168,2025-03-31,75.0
CB-1168,2025-04-07,75.8
CB-1168,2025-04-14,74.2
CB-1168,2025-04-21,71.0
CB-1168,2025-04-28,72.8
CB-1168,2025-05-05,71.5
CB-1168,2025-05-12,69.8
CB-1168,2025-05-19,69.8
CB-1168,2025-05-26,66.0
CB-1168,2025-06-02,62.8
CB-1168,2025-06-09,63.2
CB-1168,2025-06-16,60.8
CB-1168,2025-06-23,63.8
CB-1168,2025-06-30,67.2
CB-1168,2025-07-07,63.8
CB-1168,2025-07-14,65.8
CB-1168,2025-07-21,62.5
CB-1168,2025-07-28,57.8
CB-1168,2025-08-04,54.2
CB-1168,2025-08-11,50.8
CB-1168,2025-08-18,48.5
CB-1168,2025-08-25,48.5
CB-1168,2025-09-01,50.0
CB-1168,2025-09-08,47.5
CB-1168,2025-09-15,46.5
CB-1168,2025-09-22,46.5
CB-1168,2025-09-29,46.2
CB-1168,2025-10-06,47.0
CB-1168,2025-10-13,46.2
CB-1168,2025-10-20,46.2
CB-1168,2025-10-27,46.2
CB-1168,2025-11-03,48.5
CB-1168,2025-11-10,50.2
CB-1168,2025-11-17,51.0
CB-1168,2025-11-24,56.0
CB-1168,2025-12-01,56.5
CB-1168,2025-12-08,58.5
CB-1168,2025-12-15,61.5
CB-1168,2025-12-22,60.0
CB-1169,2024-01-01,58.0
CB-1169,2024-01-08,29.0
CB-1169,2024-01-15,35.0
CB-1169,2024-01-22,33.8
CB-1169,2024-01-29,38.2
CB-1169,2024-02-05,57.5
CB-1169,2024-02-12,62.0
CB-1169,2024-02-19,63.0
CB-1169,2024-02-26,66.5
CB-1169,2024-03-04,60.8
CB-1169,2024-03-11,69.2
CB-1169,2024-03-18,77.5
CB-1169,2024-03-25,73.0
CB-1169,2024-04-01,72.2
CB-1169,2024-04-08,70.2
CB-1169,2024-04-15,72.0
CB-1169,2024-04-22,76.8
CB-1169,2024-04-29,79.8
CB-1169,2024-05-06,71.5
CB-1169,2024-05-13,70.5
CB-1169,2024-05-20,69.2
CB-1169,2024-05-27,72.5
CB-1169,2024-06-03,72.2
CB-1169,2024-06-10,59.5
CB-1169,2024-06-17,54.8
CB-1169,2024-06-24,42.0
CB-1169,2024-07-01,40.2
CB-1169,2024-07-08,47.0
CB-1169,2024-07-15,36.0
CB-1169,2024-07-22,42.5
CB-1169,2024-07-29,49.2
CB-1169,2024-08-05,47.2
CB-1169,2024-08-12,54.8
CB-1169,2024-08-19,60.8
CB-1169,2024-08-26,54.5
CB-1169,2024-09-02,52.8
CB-1169,2024-09-09,50.0
CB-1169,2024-09-16,42.8
CB-1169,2024-09-23,44.5
CB-1169,2024-09-30,50.8
CB-1169,2024-10-07,40.5
CB-1169,2024-10-14,36.0
CB-1169,2024-10-21,31.2
CB-1169,2024-10-28,24.0
CB-1169,2024-11-04,23.8
CB-1169,2024-11-11,25.0
CB-1169,2024-11-18,26.2
CB-1169,2024-11-25,29.0
CB-1169,2024-12-02,37.0
CB-1169,2024-12-09,41.5
CB-1169,2024-12-16,44.8
CB-1169,2024-12-23,46.5
CB-1169,2024-12-30,59.0
CB-1169,2025-01-06,60.8
CB-1169,2025-01-13,56.5
CB-1169,2025-01-20,54.5
CB-1169,2025-01-27,48.2
CB-1169,2025-02-03,55.8
CB-1169,2025-02-10,57.0
CB-1169,2025-02-17,67.5
CB-1169,2025-02-24,70.5
CB-1169,2025-03-03,77.2
CB-1169,2025-03-10,85.2
CB-1169,2025-03-17,78.5
CB-1169,2025-03-24,83.0
CB-1169,2025-03-31,76.2
CB-1169,2025-04-07,71.5
CB-1169,2025-04-14,68.8
CB-1169,2025-04-21,67.2
CB-1169,2025-04-28,62.5
CB-1169,2025-05-05,55.5
CB-1169,2025-05-12,63.0
CB-1169,2025-05-19,55.2
CB-1169,2025-05-26,45.2
CB-1169,2025-06-02,51.0
CB-1169,2025-06-09,55.0
CB-1169,2025-06-16,63.2
CB-1169,2025-06-23,74.8
CB-1169,2025-06-30,76.2
CB-1169,2025-07-07,70.8
CB-1169,2025-07-14,63.5
CB-1169,2025-07-21,52.5
CB-1169,2025-07-28,46.0
CB-1169,2025-08-04,39.2
CB-1169,2025-08-11,43.2
CB-1169,2025-08-18,51.2
CB-1169,2025-08-25,49.8
CB-1169,2025-09-01,51.5
CB-1169,2025-09-08,43.5
CB-1169,2025-09-15,38.0
CB-1169,2025-09-22,39.8
CB-1169,2025-09-29,44.8
CB-1169,2025-10-06,46.2
CB-1169,2025-10-13,48.0
CB-1169,2025-10-20,51.5
CB-1169,2025-10-27,42.8
CB-1169,2025-11-03,44.2
CB-1169,2025-11-10,49.2
CB-1169,2025-11-17,56.2
CB-1169,2025-11-24,56.5
CB-1169,2025-12-01,50.2
CB-1169,2025-12-08,47.5
CB-1169,2025-12-15,48.2
CB-1169,2025-12-22,54.0
CB-1170,2024-01-01,97.0
CB-1170,2024-01-08,91.0
CB-1170,2024-01-15,91.7
CB-1170,2024-01-22,89.5
CB-1170,2024-01-29,90.8
CB-1170,2024-02-05,91.2
CB-1170,2024-02-12,97.8
CB-1170,2024-02-19,107.8
CB-1170,2024-02-26,110.2
CB-1170,2024-03-04,113.2
CB-1170,2024-03-11,112.8
CB-1170,2024-03-18,114.8
CB-1170,2024-03-25,116.5
CB-1170,2024-04-01,123.2
CB-1170,2024-04-08,121.5
CB-1170,2024-04-15,115.2
CB-1170,2024-04-22,113.8
CB-1170,2024-04-29,106.0
CB-1170,2024-05-06,111.2
CB-1170,2024-05-13,112.2
CB-1170,2024-05-20,112.5
CB-1170,2024-05-27,114.0
CB-1170,2024-06-03,103.8
CB-1170,2024-06-10,104.0
CB-1170,2024-06-17,97.8
CB-1170,2024-06-24,96.8
CB-1170,2024-07-01,98.0
CB-1170,2024-07-08,92.8
CB-1170,2024-07-15,91.0
CB-1170,2024-07-22,87.8
CB-1170,2024-07-29,83.0
CB-1170,2024-08-05,81.8
CB-1170,2024-08-12,81.8
CB-1170,2024-08-19,80.0
CB-1170,2024-08-26,79.0
CB-1170,2024-09-02,79.5
CB-1170,2024-09-09,75.5
CB-1170,2024-09-16,72.2
CB-1170,2024-09-23,72.5
CB-1170,2024-09-30,68.8
CB-1170,2024-10-07,72.5
CB-1170,2024-10-14,76.2
CB-1170,2024-10-21,77.2
CB-1170,2024-10-28,79.8
CB-1170,2024-11-04,80.5
CB-1170,2024-11-11,85.0
CB-1170,2024-11-18,87.5
CB-1170,2024-11-25,87.8
CB-1170,2024-12-02,90.0
CB-1170,2024-12-09,84.2
CB-1170,2024-12-16,86.8
CB-1170,2024-12-23,93.2
CB-1170,2024-12-30,97.2
CB-1170,2025-01-06,106.2
CB-1170,2025-01-13,111.0
CB-1170,2025-01-20,114.5
CB-1170,2025-01-27,119.5
CB-1170,2025-02-03,122.8
CB-1170,2025-02-10,123.2
CB-1170,2025-02-17,117.8
CB-1170,2025-02-24,119.2
CB-1170,2025-03-03,121.5
CB-1170,2025-03-10,124.5
CB-1170,2025-03-17,129.8
CB-1170,2025-03-24,130.8
CB-1170,2025-03-31,129.5
CB-1170,2025-04-07,129.2
CB-1170,2025-04-14,130.8
CB-1170,2025-04-21,129.0
CB-1170,2025-04-28,126.0
CB-1170,2025-05-05,126.2
CB-1170,2025-05-12,123.0
CB-1170,2025-05-19,118.5
CB-1170,2025-05-26,121.2
CB-1170,2025-06-02,115.2
CB-1170,2025-06-09,116.5
CB-1170,2025-06-16,115.5
CB-1170,2025-06-23,107.0
CB-1170,2025-06-30,109.2
CB-1170,2025-07-07,105.0
CB-1170,2025-07-14,102.8
CB-1170,2025-07-21,105.2
CB-1170,2025-07-28,102.2
CB-1170,2025-08-04,99.2
CB-1170,2025-08-11,97.0
CB-1170,2025-08-18,93.5
CB-1170,2025-08-25,88.2
CB-1170,2025-09-01,83.8
CB-1170,2025-09-08,81.8
CB-1170,2025-09-15,82.5
CB-1170,2025-09-22,83.5
CB-1170,2025-09-29,84.0
CB-1170,2025-10-06,85.5
CB-1170,2025-10-13,83.2
CB-1170,2025-10-20,79.5
CB-1170,2025-10-27,84.5
CB-1170,2025-11-03,82.8
CB-1170,2025-11-10,88.8
CB-1170,2025-11-17,97.0
CB-1170,2025-11-24,97.5
CB-1170,2025-12-01,103.0
CB-1170,2025-12-08,107.8
CB-1170,2025-12-15,111.0
CB-1170,2025-12-22,115.7
CB-1171,2024-01-01,44.0
CB-1171,2024-01-08,32.5
CB-1171,2024-01-15,21.7
CB-1171,2024-01-22,16.2
CB-1171,2024-01-29,5.2
CB-1171,2024-02-05,0.0
CB-1171,2024-02-12,2.0
CB-1171,2024-02-19,2.0
CB-1171,2024-02-26,11.2
CB-1171,2024-03-04,11.2
CB-1171,2024-03-11,15.8
CB-1171,2024-03-18,15.8
CB-1171,2024-03-25,6.5
CB-1171,2024-04-01,6.5
CB-1171,2024-04-08,0.0
CB-1171,2024-04-15,12.2
CB-1171,2024-04-22,12.2
CB-1171,2024-04-29,12.2
CB-1171,2024-05-06,12.2
CB-1171,2024-05-13,0.0
CB-1171,2024-05-20,5.0
CB-1171,2024-05-27,5.0
CB-1171,2024-06-03,5.0
CB-1171,2024-06-10,5.0
CB-1171,2024-06-17,0.0
CB-1171,2024-06-24,0.0
CB-1171,2024-07-01,0.0
CB-1171,2024-07-08,0.0
CB-1171,2024-07-15,0.0
CB-1171,2024-07-22,0.0
CB-1171,2024-07-29,0.0
CB-1171,2024-08-05,0.0
CB-1171,2024-08-12,0.0
CB-1171,2024-08-19,0.0
CB-1171,2024-08-26,4.0
CB-1171,2024-09-02,4.0
CB-1171,2024-09-09,4.0
CB-1171,2024-09-16,4.0
CB-1171,2024-09-23,2.0
CB-1171,2024-09-30,2.0
CB-1171,2024-10-07,2.0
CB-1171,2024-10-14,2.0
CB-1171,2024-10-21,0.0
CB-1171,2024-10-28,0.0
CB-1171,2024-11-04,0.0
CB-1171,2024-11-11,14.0
CB-1171,2024-11-18,14.0
CB-1171,2024-11-25,14.0
CB-1171,2024-12-02,14.0
CB-1171,2024-12-09,0.0
CB-1171,2024-12-16,2.8
CB-1171,2024-12-23,2.8
CB-1171,2024-12-30,2.8
CB-1171,2025-01-06,2.8
CB-1171,2025-01-13,10.0
CB-1171,2025-01-20,15.5
CB-1171,2025-01-27,23.5
CB-1171,2025-02-03,26.0
CB-1171,2025-02-10,26.2
CB-1171,2025-02-17,24.0
CB-1171,2025-02-24,16.0
CB-1171,2025-03-03,13.5
CB-1171,2025-03-10,3.2
CB-1171,2025-03-17,0.0
CB-1171,2025-03-24,0.0
CB-1171,2025-03-31,0.0
CB-1171,2025-04-07,0.0
CB-1171,2025-04-14,0.0
CB-1171,2025-04-21,5.2
CB-1171,2025-04-28,12.0
CB-1171,2025-05-05,12.0
CB-1171,2025-05-12,20.8
CB-1171,2025-05-19,15.5
CB-1171,2025-05-26,8.8
CB-1171,2025-06-02,23.2
CB-1171,2025-06-09,16.5
CB-1171,2025-06-16,16.5
CB-1171,2025-06-23,29.0
CB-1171,2025-06-30,27.0
CB-1171,2025-07-07,39.0
CB-1171,2025-07-14,53.2
CB-1171,2025-07-21,54.0
CB-1171,2025-07-28,41.5
CB-1171,2025-08-04,27.5
CB-1171,2025-08-11,23.0
CB-1171,2025-08-18,9.8
CB-1171,2025-08-25,9.8
CB-1171,2025-09-01,9.8
CB-1171,2025-09-08,0.0
CB-1171,2025-09-15,0.0
CB-1171,2025-09-22,0.0
CB-1171,2025-09-29,3.0
CB-1171,2025-10-06,3.0
CB-1171,2025-10-13,3.0
CB-1171,2025-10-20,3.0
CB-1171,2025-10-27,6.0
CB-1171,2025-11-03,6.0
CB-1171,2025-11-10,6.0
CB-1171,2025-11-17,6.0
CB-1171,2025-11-24,6.0
CB-1171,2025-12-01,16.2
CB-1171,2025-12-08,16.2
CB-1171,2025-12-15,22.0
CB-1171,2025-12-22,21.3
CB-1172,2024-01-01,106.0
CB-1172,2024-01-08,103.0
CB-1172,2024-01-15,99.7
CB-1172,2024-01-22,106.8
CB-1172,2024-01-29,108.8
CB-1172,2024-02-05,112.0
CB-1172,2024-02-12,122.5
CB-1172,2024-02-19,125.2
CB-1172,2024-02-26,127.8
CB-1172,2024-03-04,135.5
CB-1172,2024-03-11,141.2
CB-1172,2024-03-18,144.2
CB-1172,2024-03-25,150.8
CB-1172,2024-04-01,150.0
CB-1172,2024-04-08,143.5
CB-1172,2024-04-15,139.8
CB-1172,2024-04-22,137.2
CB-1172,2024-04-29,132.0
CB-1172,2024-05-06,130.0
CB-1172,2024-05-13,124.8
CB-1172,2024-05-20,122.2
CB-1172,2024-05-27,123.8
CB-1172,2024-06-03,121.8
CB-1172,2024-06-10,124.8
CB-1172,2024-06-17,118.8
CB-1172,2024-06-24,114.0
CB-1172,2024-07-01,114.2
CB-1172,2024-07-08,111.2
CB-1172,2024-07-15,109.0
CB-1172,2024-07-22,108.0
CB-1172,2024-07-29,101.8
CB-1172,2024-08-05,96.5
CB-1172,2024-08-12,95.8
CB-1172,2024-08-19,94.0
CB-1172,2024-08-26,94.0
CB-1172,2024-09-02,93.2
CB-1172,2024-09-09,89.8
CB-1172,2024-09-16,88.2
CB-1172,2024-09-23,88.0
CB-1172,2024-09-30,88.5
CB-1172,2024-10-07,89.5
CB-1172,2024-10-14,91.0
CB-1172,2024-10-21,88.8
CB-1172,2024-10-28,88.0
CB-1172,2024-11-04,90.5
CB-1172,2024-11-11,88.8
CB-1172,2024-11-18,93.0
CB-1172,2024-11-25,97.2
CB-1172,2024-12-02,97.0
CB-1172,2024-12-09,102.0
CB-1172,2024-12-16,102.2
CB-1172,2024-12-23,110.5
CB-1172,2024-12-30,118.8
CB-1172,2025-01-06,123.8
CB-1172,2025-01-13,132.2
CB-1172,2025-01-20,132.8
CB-1172,2025-01-27,138.5
CB-1172,2025-02-03,137.2
CB-1172,2025-02-10,143.8
CB-1172,2025-02-17,148.8
CB-1172,2025-02-24,148.8
CB-1172,2025-03-03,155.2
CB-1172,2025-03-10,144.0
CB-1172,2025-03-17,138.0
CB-1172,2025-03-24,141.0
CB-1172,2025-03-31,145.8
CB-1172,2025-04-07,157.8
CB-1172,2025-04-14,161.2
CB-1172,2025-04-21,164.8
CB-1172,2025-04-28,163.0
CB-1172,2025-05-05,158.2
CB-1172,2025-05-12,163.2
CB-1172,2025-05-19,152.2
CB-1172,2025-05-26,142.8
CB-1172,2025-06-02,140.0
CB-1172,2025-06-09,128.5
CB-1172,2025-06-16,127.5
CB-1172,2025-06-23,130.2
CB-1172,2025-06-30,127.8
CB-1172,2025-07-07,126.2
CB-1172,2025-07-14,123.8
CB-1172,2025-07-21,113.0
CB-1172,2025-07-28,106.5
CB-1172,2025-08-04,102.5
CB-1172,2025-08-11,97.8
CB-1172,2025-08-18,100.0
CB-1172,2025-08-25,103.8
CB-1172,2025-09-01,102.5
CB-1172,2025-09-08,100.0
CB-1172,2025-09-15,97.8
CB-1172,2025-09-22,97.5
CB-1172,2025-09-29,100.2
CB-1172,2025-10-06,104.2
CB-1172,2025-10-13,103.2
CB-1172,2025-10-20,101.8
CB-1172,2025-10-27,101.2
CB-1172,2025-11-03,102.0
CB-1172,2025-11-10,106.2
CB-1172,2025-11-17,107.5
CB-1172,2025-11-24,108.2
CB-1172,2025-12-01,109.0
CB-1172,2025-12-08,117.5
CB-1172,2025-12-15,124.8
CB-1172,2025-12-22,129.3
CB-1173,2024-01-01,0.0
CB-1173,2024-01-08,0.0
CB-1173,2024-01-15,1.7
CB-1173,2024-01-22,8.8
CB-1173,2024-01-29,8.8
CB-1173,2024-02-05,8.8
CB-1173,2024-02-12,7.5
CB-1173,2024-02-19,0.0
CB-1173,2024-02-26,4.2
CB-1173,2024-03-04,4.2
CB-1173,2024-03-11,4.2
CB-1173,2024-03-18,7.5
CB-1173,2024-03-25,3.2
CB-1173,2024-04-01,13.5
CB-1173,2024-04-08,15.8
CB-1173,2024-04-15,12.5
CB-1173,2024-04-22,12.5
CB-1173,2024-04-29,2.2
CB-1173,2024-05-06,14.8
CB-1173,2024-05-13,14.8
CB-1173,2024-05-20,14.8
CB-1173,2024-05-27,21.5
CB-1173,2024-06-03,18.5
CB-1173,2024-06-10,18.5
CB-1173,2024-06-17,18.5
CB-1173,2024-06-24,15.5
CB-1173,2024-07-01,16.8
CB-1173,2024-07-08,19.5
CB-1173,2024-07-15,19.5
CB-1173,2024-07-22,30.5
CB-1173,2024-07-29,31.5
CB-1173,2024-08-05,28.8
CB-1173,2024-08-12,28.8
CB-1173,2024-08-19,14.0
CB-1173,2024-08-26,0.0
CB-1173,2024-09-02,0.0
CB-1173,2024-09-09,13.8
CB-1173,2024-09-16,13.8
CB-1173,2024-09-23,13.8
CB-1173,2024-09-30,13.8
CB-1173,2024-10-07,0.0
CB-1173,2024-10-14,0.0
CB-1173,2024-10-21,0.0
CB-1173,2024-10-28,7.0
CB-1173,2024-11-04,20.0
CB-1173,2024-11-11,34.5
CB-1173,2024-11-18,34.5
CB-1173,2024-11-25,27.5
CB-1173,2024-12-02,14.5
CB-1173,2024-12-09,9.0
CB-1173,2024-12-16,11.8
CB-1173,2024-12-23,11.8
CB-1173,2024-12-30,11.8
CB-1173,2025-01-06,2.8
CB-1173,2025-01-13,11.5
CB-1173,2025-01-20,12.8
CB-1173,2025-01-27,22.0
CB-1173,2025-02-03,22.0
CB-1173,2025-02-10,11.8
CB-1173,2025-02-17,10.5
CB-1173,2025-02-24,1.2
CB-1173,2025-03-03,12.8
CB-1173,2025-03-10,11.5
CB-1173,2025-03-17,11.5
CB-1173,2025-03-24,25.5
CB-1173,2025-03-31,14.0
CB-1173,2025-04-07,14.0
CB-1173,2025-04-14,14.0
CB-1173,2025-04-21,0.0
CB-1173,2025-04-28,0.0
CB-1173,2025-05-05,0.0
CB-1173,2025-05-12,11.8
CB-1173,2025-05-19,25.0
CB-1173,2025-05-26,25.0
CB-1173,2025-06-02,32.0
CB-1173,2025-06-09,20.2
CB-1173,2025-06-16,7.0
CB-1173,2025-06-23,7.0
CB-1173,2025-06-30,3.8
CB-1173,2025-07-07,3.8
CB-1173,2025-07-14,3.8
CB-1173,2025-07-21,3.8
CB-1173,2025-07-28,0.0
CB-1173,2025-08-04,0.0
CB-1173,2025-08-11,0.0
CB-1173,2025-08-18,0.0
CB-1173,2025-08-25,0.0
CB-1173,2025-09-01,0.0
CB-1173,2025-09-08,0.0
CB-1173,2025-09-15,11.5
CB-1173,2025-09-22,23.0
CB-1173,2025-09-29,23.0
CB-1173,2025-10-06,23.0
CB-1173,2025-10-13,24.2
CB-1173,2025-10-20,20.5
CB-1173,2025-10-27,20.5
CB-1173,2025-11-03,20.5
CB-1173,2025-11-10,18.5
CB-1173,2025-11-17,10.8
CB-1173,2025-11-24,10.8
CB-1173,2025-12-01,10.8
CB-1173,2025-12-08,0.0
CB-1173,2025-12-15,0.0
CB-1173,2025-12-22,0.0
CB-1174,2024-01-01,0.0
CB-1174,2024-01-08,27.5
CB-1174,2024-01-15,18.3
CB-1174,2024-01-22,13.8
CB-1174,2024-01-29,13.8
CB-1174,2024-02-05,0.0
CB-1174,2024-02-12,0.0
CB-1174,2024-02-19,10.0
CB-1174,2024-02-26,10.0
CB-1174,2024-03-04,10.0
CB-1174,2024-03-11,23.8
CB-1174,2024-03-18,13.8
CB-1174,2024-03-25,13.8
CB-1174,2024-04-01,13.8
CB-1174,2024-04-08,0.0
CB-1174,2024-04-15,0.0
CB-1174,2024-04-22,0.0
CB-1174,2024-04-29,12.0
CB-1174,2024-05-06,12.0
CB-1174,2024-05-13,12.0
CB-1174,2024-05-20,12.0
CB-1174,2024-05-27,0.0
CB-1174,2024-06-03,0.0
CB-1174,2024-06-10,0.0
CB-1174,2024-06-17,0.0
CB-1174,2024-06-24,0.0
CB-1174,2024-07-01,12.8
CB-1174,2024-07-08,12.8
CB-1174,2024-07-15,12.8
CB-1174,2024-07-22,22.5
CB-1174,2024-07-29,9.8
CB-1174,2024-08-05,9.8
CB-1174,2024-08-12,9.8
CB-1174,2024-08-19,0.0
CB-1174,2024-08-26,0.0
CB-1174,2024-09-02,2.8
CB-1174,2024-09-09,2.8
CB-1174,2024-09-16,2.8
CB-1174,2024-09-23,6.8
CB-1174,2024-09-30,4.0
CB-1174,2024-10-07,11.0
CB-1174,2024-10-14,11.0
CB-1174,2024-10-21,7.0
CB-1174,2024-10-28,7.0
CB-1174,2024-11-04,1.2
CB-1174,2024-11-11,12.8
CB-1174,2024-11-18,12.8
CB-1174,2024-11-25,26.8
CB-1174,2024-12-02,25.5
CB-1174,2024-12-09,19.0
CB-1174,2024-12-16,19.0
CB-1174,2024-12-23,5.0
CB-1174,2024-12-30,5.0
CB-1174,2025-01-06,12.0
CB-1174,2025-01-13,18.0
CB-1174,2025-01-20,18.0
CB-1174,2025-01-27,18.0
CB-1174,2025-02-03,10.0
CB-1174,2025-02-10,4.0
CB-1174,2025-02-17,9.8
CB-1174,2025-02-24,12.5
CB-1174,2025-03-03,8.5
CB-1174,2025-03-10,17.0
CB-1174,2025-03-17,11.2
CB-1174,2025-03-24,18.5
CB-1174,2025-03-31,18.5
CB-1174,2025-04-07,10.0
CB-1174,2025-04-14,10.0
CB-1174,2025-04-21,0.0
CB-1174,2025-04-28,0.0
CB-1174,2025-05-05,0.0
CB-1174,2025-05-12,0.0
CB-1174,2025-05-19,0.0
CB-1174,2025-05-26,2.2
CB-1174,2025-06-02,7.5
CB-1174,2025-06-09,7.5
CB-1174,2025-06-16,7.5
CB-1174,2025-06-23,19.5
CB-1174,2025-06-30,14.2
CB-1174,2025-07-07,14.2
CB-1174,2025-07-14,14.2
CB-1174,2025-07-21,0.0
CB-1174,2025-07-28,0.0
CB-1174,2025-08-04,4.5
CB-1174,2025-08-11,4.5
CB-1174,2025-08-18,6.2
CB-1174,2025-08-25,6.2
CB-1174,2025-09-01,1.8
CB-1174,2025-09-08,1.8
CB-1174,2025-09-15,0.0
CB-1174,2025-09-22,0.0
CB-1174,2025-09-29,0.0
CB-1174,2025-10-06,0.0
CB-1174,2025-10-13,0.0
CB-1174,2025-10-20,5.0
CB-1174,2025-10-27,5.0
CB-1174,2025-11-03,5.0
CB-1174,2025-11-10,5.0
CB-1174,2025-11-17,0.0
CB-1174,2025-11-24,0.0
CB-1174,2025-12-01,9.5
CB-1174,2025-12-08,9.5
CB-1174,2025-12-15,9.5
CB-1174,2025-12-22,12.7
CB-1175,2024-01-01,60.0
CB-1175,2024-01-08,64.5
CB-1175,2024-01-15,64.3
CB-1175,2024-01-22,64.5
CB-1175,2024-01-29,66.8
CB-1175,2024-02-05,65.8
CB-1175,2024-02-12,66.2
CB-1175,2024-02-19,67.8
CB-1175,2024-02-26,67.2
CB-1175,2024-03-04,69.0
CB-1175,2024-03-11,74.0
CB-1175,2024-03-18,76.5
CB-1175,2024-03-25,79.0
CB-1175,2024-04-01,82.0
CB-1175,2024-04-08,78.0
CB-1175,2024-04-15,80.0
CB-1175,2024-04-22,78.5
CB-1175,2024-04-29,78.8
CB-1175,2024-05-06,82.2
CB-1175,2024-05-13,75.2
CB-1175,2024-05-20,77.0
CB-1175,2024-05-27,72.5
CB-1175,2024-06-03,67.5
CB-1175,2024-06-10,69.2
CB-1175,2024-06-17,64.2
CB-1175,2024-06-24,63.5
CB-1175,2024-07-01,61.2
CB-1175,2024-07-08,59.0
CB-1175,2024-07-15,60.2
CB-1175,2024-07-22,58.5
CB-1175,2024-07-29,57.8
CB-1175,2024-08-05,56.5
CB-1175,2024-08-12,52.0
CB-1175,2024-08-19,49.5
CB-1175,2024-08-26,48.2
CB-1175,2024-09-02,47.5
CB-1175,2024-09-09,48.8
CB-1175,2024-09-16,49.5
CB-1175,2024-09-23,49.8
CB-1175,2024-09-30,48.2
CB-1175,2024-10-07,49.2
CB-1175,2024-10-14,48.2
CB-1175,2024-10-21,49.2
CB-1175,2024-10-28,50.8
CB-1175,2024-11-04,51.0
CB-1175,2024-11-11,52.2
CB-1175,2024-11-18,54.2
CB-1175,2024-11-25,57.5
CB-1175,2024-12-02,59.8
CB-1175,2024-12-09,62.5
CB-1175,2024-12-16,62.8
CB-1175,2024-12-23,66.8
CB-1175,2024-12-30,66.2
CB-1175,2025-01-06,69.5
CB-1175,2025-01-13,72.8
CB-1175,2025-01-20,71.0
CB-1175,2025-01-27,74.8
CB-1175,2025-02-03,74.5
CB-1175,2025-02-10,76.5
CB-1175,2025-02-17,78.8
CB-1175,2025-02-24,84.2
CB-1175,2025-03-03,88.2
CB-1175,2025-03-10,89.5
CB-1175,2025-03-17,91.0
CB-1175,2025-03-24,90.5
CB-1175,2025-03-31,87.5
CB-1175,2025-04-07,86.5
CB-1175,2025-04-14,82.2
CB-1175,2025-04-21,79.8
CB-1175,2025-04-28,82.2
CB-1175,2025-05-05,80.2
CB-1175,2025-05-12,84.8
CB-1175,2025-05-19,81.5
CB-1175,2025-05-26,78.2
CB-1175,2025-06-02,78.5
CB-1175,2025-06-09,76.8
CB-1175,2025-06-16,74.8
CB-1175,2025-06-23,73.8
CB-1175,2025-06-30,72.5
CB-1175,2025-07-07,69.0
CB-1175,2025-07-14,69.2
CB-1175,2025-07-21,67.8
CB-1175,2025-07-28,64.2
CB-1175,2025-08-04,63.8
CB-1175,2025-08-11,61.2
CB-1175,2025-08-18,58.8
CB-1175,2025-08-25,59.8
CB-1175,2025-09-01,56.0
CB-1175,2025-09-08,55.5
CB-1175,2025-09-15,54.2
CB-1175,2025-09-22,55.0
CB-1175,2025-09-29,58.2
CB-1175,2025-10-06,58.0
CB-1175,2025-10-13,59.8
CB-1175,2025-10-20,57.8
CB-1175,2025-10-27,55.5
CB-1175,2025-11-03,56.8
CB-1175,2025-11-10,57.5
CB-1175,2025-11-17,57.0
CB-1175,2025-11-24,59.5
CB-1175,2025-12-01,61.2
CB-1175,2025-12-08,63.8
CB-1175,2025-12-15,67.8
CB-1175,2025-12-22,68.7
CB-1176,2024-01-01,72.0
CB-1176,2024-01-08,65.5
CB-1176,2024-01-15,59.7
CB-1176,2024-01-22,60.8
CB-1176,2024-01-29,47.0
CB-1176,2024-02-05,56.2
CB-1176,2024-02-12,59.8
CB-1176,2024-02-19,69.2
CB-1176,2024-02-26,75.2
CB-1176,2024-03-04,60.2
CB-1176,2024-03-11,61.8
CB-1176,2024-03-18,53.2
CB-1176,2024-03-25,60.0
CB-1176,2024-04-01,67.2
CB-1176,2024-04-08,62.0
CB-1176,2024-04-15,52.2
CB-1176,2024-04-22,51.8
CB-1176,2024-04-29,43.8
CB-1176,2024-05-06,39.5
CB-1176,2024-05-13,44.8
CB-1176,2024-05-20,44.5
CB-1176,2024-05-27,59.8
CB-1176,2024-06-03,70.5
CB-1176,2024-06-10,77.8
CB-1176,2024-06-17,77.2
CB-1176,2024-06-24,67.8
CB-1176,2024-07-01,72.2
CB-1176,2024-07-08,58.8
CB-1176,2024-07-15,52.8
CB-1176,2024-07-22,48.5
CB-1176,2024-07-29,40.0
CB-1176,2024-08-05,40.8
CB-1176,2024-08-12,44.0
CB-1176,2024-08-19,46.5
CB-1176,2024-08-26,45.0
CB-1176,2024-09-02,50.5
CB-1176,2024-09-09,52.5
CB-1176,2024-09-16,49.8
CB-1176,2024-09-23,48.5
CB-1176,2024-09-30,43.2
CB-1176,2024-10-07,34.8
CB-1176,2024-10-14,41.2
CB-1176,2024-10-21,37.0
CB-1176,2024-10-28,42.5
CB-1176,2024-11-04,48.5
CB-1176,2024-11-11,48.0
CB-1176,2024-11-18,45.5
CB-1176,2024-11-25,48.0
CB-1176,2024-12-02,47.2
CB-1176,2024-12-09,41.5
CB-1176,2024-12-16,48.5
CB-1176,2024-12-23,51.2
CB-1176,2024-12-30,56.8
CB-1176,2025-01-06,60.5
CB-1176,2025-01-13,57.5
CB-1176,2025-01-20,48.8
CB-1176,2025-01-27,50.8
CB-1176,2025-02-03,46.0
CB-1176,2025-02-10,52.5
CB-1176,2025-02-17,74.8
CB-1176,2025-02-24,74.8
CB-1176,2025-03-03,87.0
CB-1176,2025-03-10,82.2
CB-1176,2025-03-17,60.5
CB-1176,2025-03-24,63.0
CB-1176,2025-03-31,57.5
CB-1176,2025-04-07,71.0
CB-1176,2025-04-14,79.0
CB-1176,2025-04-21,95.0
CB-1176,2025-04-28,93.5
CB-1176,2025-05-05,88.2
CB-1176,2025-05-12,82.2
CB-1176,2025-05-19,66.8
CB-1176,2025-05-26,71.2
CB-1176,2025-06-02,63.0
CB-1176,2025-06-09,65.0
CB-1176,2025-06-16,64.5
CB-1176,2025-06-23,66.8
CB-1176,2025-06-30,63.5
CB-1176,2025-07-07,61.2
CB-1176,2025-07-14,61.0
CB-1176,2025-07-21,52.5
CB-1176,2025-07-28,58.5
CB-1176,2025-08-04,63.5
CB-1176,2025-08-11,48.5
CB-1176,2025-08-18,44.2
CB-1176,2025-08-25,41.2
CB-1176,2025-09-01,40.8
CB-1176,2025-09-08,49.2
CB-1176,2025-09-15,55.2
CB-1176,2025-09-22,55.8
CB-1176,2025-09-29,55.2
CB-1176,2025-10-06,51.0
CB-1176,2025-10-13,50.8
CB-1176,2025-10-20,55.2
CB-1176,2025-10-27,58.5
CB-1176,2025-11-03,59.8
CB-1176,2025-11-10,57.0
CB-1176,2025-11-17,60.5
CB-1176,2025-11-24,61.5
CB-1176,2025-12-01,60.8
CB-1176,2025-12-08,58.8
CB-1176,2025-12-15,61.0
CB-1176,2025-12-22,55.0
CB-1177,2024-01-01,0.0
CB-1177,2024-01-08,0.0
CB-1177,2024-01-15,13.3
CB-1177,2024-01-22,21.5
CB-1177,2024-01-29,21.5
CB-1177,2024-02-05,21.5
CB-1177,2024-02-12,11.5
CB-1177,2024-02-19,0.0
CB-1177,2024-02-26,0.0
CB-1177,2024-03-04,0.0
CB-1177,2024-03-11,0.0
CB-1177,2024-03-18,9.5
CB-1177,2024-03-25,9.5
CB-1177,2024-04-01,9.5
CB-1177,2024-04-08,9.5
CB-1177,2024-04-15,0.0
CB-1177,2024-04-22,7.8
CB-1177,2024-04-29,7.8
CB-1177,2024-05-06,7.8
CB-1177,2024-05-13,13.2
CB-1177,2024-05-20,5.5
CB-1177,2024-05-27,12.0
CB-1177,2024-06-03,19.8
CB-1177,2024-06-10,17.0
CB-1177,2024-06-17,17.0
CB-1177,2024-06-24,14.0
CB-1177,2024-07-01,6.2
CB-1177,2024-07-08,5.2
CB-1177,2024-07-15,5.2
CB-1177,2024-07-22,1.8
CB-1177,2024-07-29,1.8
CB-1177,2024-08-05,0.0
CB-1177,2024-08-12,0.0
CB-1177,2024-08-19,0.0
CB-1177,2024-08-26,0.0
CB-1177,2024-09-02,0.0
CB-1177,2024-09-09,0.0
CB-1177,2024-09-16,0.0
CB-1177,2024-09-23,0.0
CB-1177,2024-09-30,0.0
CB-1177,2024-10-07,13.8
CB-1177,2024-10-14,13.8
CB-1177,2024-10-21,13.8
CB-1177,2024-10-28,13.8
CB-1177,2024-11-04,0.0
CB-1177,2024-11-11,14.2
CB-1177,2024-11-18,14.2
CB-1177,2024-11-25,14.2
CB-1177,2024-12-02,14.2
CB-1177,2024-12-09,0.0
CB-1177,2024-12-16,0.0
CB-1177,2024-12-23,0.0
CB-1177,2024-12-30,0.0
CB-1177,2025-01-06,0.0
CB-1177,2025-01-13,0.0
CB-1177,2025-01-20,0.0
CB-1177,2025-01-27,0.0
CB-1177,2025-02-03,0.0
CB-1177,2025-02-10,0.0
CB-1177,2025-02-17,0.0
CB-1177,2025-02-24,0.0
CB-1177,2025-03-03,2.2
CB-1177,2025-03-10,2.2
CB-1177,2025-03-17,2.2
CB-1177,2025-03-24,2.2
CB-1177,2025-03-31,0.0
CB-1177,2025-04-07,0.0
CB-1177,2025-04-14,0.0
CB-1177,2025-04-21,0.0
CB-1177,2025-04-28,0.0
CB-1177,2025-05-05,0.0
CB-1177,2025-05-12,0.0
CB-1177,2025-05-19,3.5
CB-1177,2025-05-26,3.5
CB-1177,2025-06-02,3.5
CB-1177,2025-06-09,3.5
CB-1177,2025-06-16,0.0
CB-1177,2025-06-23,0.0
CB-1177,2025-06-30,0.0
CB-1177,2025-07-07,12.5
CB-1177,2025-07-14,12.5
CB-1177,2025-07-21,12.5
CB-1177,2025-07-28,16.5
CB-1177,2025-08-04,4.0
CB-1177,2025-08-11,4.0
CB-1177,2025-08-18,4.0
CB-1177,2025-08-25,0.0
CB-1177,2025-09-01,0.0
CB-1177,2025-09-08,0.0
CB-1177,2025-09-15,0.0
CB-1177,2025-09-22,10.5
CB-1177,2025-09-29,10.5
CB-1177,2025-10-06,10.5
CB-1177,2025-10-13,10.5
CB-1177,2025-10-20,0.0
CB-1177,2025-10-27,0.0
CB-1177,2025-11-03,0.0
CB-1177,2025-11-10,0.0
CB-1177,2025-11-17,0.0
CB-1177,2025-11-24,0.0
CB-1177,2025-12-01,0.0
CB-1177,2025-12-08,0.0
CB-1177,2025-12-15,15.0
CB-1177,2025-12-22,20.0
CB-1178,2024-01-01,86.0
CB-1178,2024-01-08,87.5
CB-1178,2024-01-15,84.7
CB-1178,2024-01-22,86.0
CB-1178,2024-01-29,86.0
CB-1178,2024-02-05,87.2
CB-1178,2024-02-12,90.8
CB-1178,2024-02-19,95.8
CB-1178,2024-02-26,102.0
CB-1178,2024-03-04,105.8
CB-1178,2024-03-11,106.2
CB-1178,2024-03-18,105.0
CB-1178,2024-03-25,101.0
CB-1178,2024-04-01,100.0
CB-1178,2024-04-08,104.2
CB-1178,2024-04-15,106.5
CB-1178,2024-04-22,110.0
CB-1178,2024-04-29,112.2
CB-1178,2024-05-06,110.5
CB-1178,2024-05-13,106.8
CB-1178,2024-05-20,106.0
CB-1178,2024-05-27,103.5
CB-1178,2024-06-03,100.0
CB-1178,2024-06-10,99.2
CB-1178,2024-06-17,94.8
CB-1178,2024-06-24,87.2
CB-1178,2024-07-01,86.5
CB-1178,2024-07-08,81.0
CB-1178,2024-07-15,79.8
CB-1178,2024-07-22,78.5
CB-1178,2024-07-29,74.5
CB-1178,2024-08-05,74.0
CB-1178,2024-08-12,73.2
CB-1178,2024-08-19,73.0
CB-1178,2024-08-26,71.0
CB-1178,2024-09-02,70.8
CB-1178,2024-09-09,67.5
CB-1178,2024-09-16,68.5
CB-1178,2024-09-23,68.0
CB-1178,2024-09-30,67.5
CB-1178,2024-10-07,71.5
CB-1178,2024-10-14,70.8
CB-1178,2024-10-21,73.2
CB-1178,2024-10-28,71.8
CB-1178,2024-11-04,68.5
CB-1178,2024-11-11,71.2
CB-1178,2024-11-18,72.5
CB-1178,2024-11-25,78.2
CB-1178,2024-12-02,82.5
CB-1178,2024-12-09,82.0
CB-1178,2024-12-16,87.2
CB-1178,2024-12-23,86.8
CB-1178,2024-12-30,87.5
CB-1178,2025-01-06,93.2
CB-1178,2025-01-13,97.5
CB-1178,2025-01-20,100.8
CB-1178,2025-01-27,105.5
CB-1178,2025-02-03,108.2
CB-1178,2025-02-10,109.0
CB-1178,2025-02-17,116.0
CB-1178,2025-02-24,116.8
CB-1178,2025-03-03,120.5
CB-1178,2025-03-10,123.8
CB-1178,2025-03-17,126.8
CB-1178,2025-03-24,130.0
CB-1178,2025-03-31,128.8
CB-1178,2025-04-07,124.8
CB-1178,2025-04-14,116.8
CB-1178,2025-04-21,114.5
CB-1178,2025-04-28,113.5
CB-1178,2025-05-05,113.2
CB-1178,2025-05-12,116.8
CB-1178,2025-05-19,112.2
CB-1178,2025-05-26,109.8
CB-1178,2025-06-02,112.2
CB-1178,2025-06-09,110.5
CB-1178,2025-06-16,112.5
CB-1178,2025-06-23,111.0
CB-1178,2025-06-30,103.2
CB-1178,2025-07-07,95.2
CB-1178,2025-07-14,92.2
CB-1178,2025-07-21,84.5
CB-1178,2025-07-28,82.0
CB-1178,2025-08-04,82.8
CB-1178,2025-08-11,78.8
CB-1178,2025-08-18,84.2
CB-1178,2025-08-25,86.0
CB-1178,2025-09-01,86.2
CB-1178,2025-09-08,84.5
CB-1178,2025-09-15,83.2
CB-1178,2025-09-22,80.8
CB-1178,2025-09-29,77.5
CB-1178,2025-10-06,79.0
CB-1178,2025-10-13,78.0
CB-1178,2025-10-20,77.0
CB-1178,2025-10-27,79.8
CB-1178,2025-11-03,81.8
CB-1178,2025-11-10,80.2
CB-1178,2025-11-17,82.8
CB-1178,2025-11-24,83.2
CB-1178,2025-12-01,87.2
CB-1178,2025-12-08,90.2
CB-1178,2025-12-15,94.5
CB-1178,2025-12-22,98.0
CB-1179,2024-01-01,45.0
CB-1179,2024-01-08,50.0
CB-1179,2024-01-15,53.3
CB-1179,2024-01-22,45.2
CB-1179,2024-01-29,47.0
CB-1179,2024-02-05,43.8
CB-1179,2024-02-12,46.0
CB-1179,2024-02-19,54.2
CB-1179,2024-02-26,55.8
CB-1179,2024-03-04,56.5
CB-1179,2024-03-11,64.0
CB-1179,2024-03-18,59.0
CB-1179,2024-03-25,57.8
CB-1179,2024-04-01,62.8
CB-1179,2024-04-08,52.2
CB-1179,2024-04-15,55.0
CB-1179,2024-04-22,47.2
CB-1179,2024-04-29,42.5
CB-1179,2024-05-06,38.2
CB-1179,2024-05-13,50.5
CB-1179,2024-05-20,71.0
CB-1179,2024-05-27,73.5
CB-1179,2024-06-03,70.5
CB-1179,2024-06-10,64.0
CB-1179,2024-06-17,46.8
CB-1179,2024-06-24,43.0
CB-1179,2024-07-01,45.8
CB-1179,2024-07-08,38.8
CB-1179,2024-07-15,40.2
CB-1179,2024-07-22,36.2
CB-1179,2024-07-29,35.0
CB-1179,2024-08-05,39.8
CB-1179,2024-08-12,40.0
CB-1179,2024-08-19,44.5
CB-1179,2024-08-26,38.2
CB-1179,2024-09-02,37.0
CB-1179,2024-09-09,34.0
CB-1179,2024-09-16,37.0
CB-1179,2024-09-23,45.2
CB-1179,2024-09-30,39.8
CB-1179,2024-10-07,36.5
CB-1179,2024-10-14,40.8
CB-1179,2024-10-21,43.5
CB-1179,2024-10-28,49.2
CB-1179,2024-11-04,62.8
CB-1179,2024-11-11,56.8
CB-1179,2024-11-18,60.5
CB-1179,2024-11-25,56.8
CB-1179,2024-12-02,54.5
CB-1179,2024-12-09,52.5
CB-1179,2024-12-16,46.2
CB-1179,2024-12-23,50.2
CB-1179,2024-12-30,42.5
CB-1179,2025-01-06,48.8
CB-1179,2025-01-13,51.2
CB-1179,2025-01-20,42.0
CB-1179,2025-01-27,47.5
CB-1179,2025-02-03,45.5
CB-1179,2025-02-10,53.5
CB-1179,2025-02-17,67.0
CB-1179,2025-02-24,79.2
CB-1179,2025-03-03,85.2
CB-1179,2025-03-10,78.0
CB-1179,2025-03-17,76.8
CB-1179,2025-03-24,66.5
CB-1179,2025-03-31,66.8
CB-1179,2025-04-07,70.5
CB-1179,2025-04-14,67.0
CB-1179,2025-04-21,69.0
CB-1179,2025-04-28,68.2
CB-1179,2025-05-05,61.5
CB-1179,2025-05-12,66.5
CB-1179,2025-05-19,56.5
CB-1179,2025-05-26,58.8
CB-1179,2025-06-02,66.2
CB-1179,2025-06-09,71.5
CB-1179,2025-06-16,73.2
CB-1179,2025-06-23,71.2
CB-1179,2025-06-30,71.2
CB-1179,2025-07-07,60.2
CB-1179,2025-07-14,62.8
CB-1179,2025-07-21,50.8
CB-1179,2025-07-28,38.8
CB-1179,2025-08-04,35.0
CB-1179,2025-08-11,30.2
CB-1179,2025-08-18,40.2
CB-1179,2025-08-25,39.2
CB-1179,2025-09-01,42.0
CB-1179,2025-09-08,48.0
CB-1179,2025-09-15,42.5
CB-1179,2025-09-22,49.8
CB-1179,2025-09-29,52.8
CB-1179,2025-10-06,49.5
CB-1179,2025-10-13,48.8
CB-1179,2025-10-20,46.5
CB-1179,2025-10-27,49.0
CB-1179,2025-11-03,60.5
CB-1179,2025-11-10,56.0
CB-1179,2025-11-17,49.2
CB-1179,2025-11-24,48.0
CB-1179,2025-12-01,46.0
CB-1179,2025-12-08,62.8
CB-1179,2025-12-15,77.5
CB-1179,2025-12-22,82.0
CB-1180,2024-01-01,88.0
CB-1180,2024-01-08,82.0
CB-1180,2024-01-15,83.7
CB-1180,2024-01-22,85.8
CB-1180,2024-01-29,86.5
CB-1180,2024-02-05,91.0
CB-1180,2024-02-12,96.2
CB-1180,2024-02-19,96.2
CB-1180,2024-02-26,99.8
CB-1180,2024-03-04,102.0
CB-1180,2024-03-11,98.5
CB-1180,2024-03-18,98.8
CB-1180,2024-03-25,94.8
CB-1180,2024-04-01,95.8
CB-1180,2024-04-08,97.8
CB-1180,2024-04-15,98.2
CB-1180,2024-04-22,97.5
CB-1180,2024-04-29,96.5
CB-1180,2024-05-06,95.2
CB-1180,2024-05-13,94.5
CB-1180,2024-05-20,95.0
CB-1180,2024-05-27,92.2
CB-1180,2024-06-03,91.8
CB-1180,2024-06-10,90.5
CB-1180,2024-06-17,88.2
CB-1180,2024-06-24,86.2
CB-1180,2024-07-01,84.8
CB-1180,2024-07-08,83.0
CB-1180,2024-07-15,82.8
CB-1180,2024-07-22,80.0
CB-1180,2024-07-29,74.8
CB-1180,2024-08-05,71.2
CB-1180,2024-08-12,67.0
CB-1180,2024-08-19,67.5
CB-1180,2024-08-26,68.0
CB-1180,2024-09-02,68.2
CB-1180,2024-09-09,69.8
CB-1180,2024-09-16,67.8
CB-1180,2024-09-23,65.8
CB-1180,2024-09-30,65.0
CB-1180,2024-10-07,64.2
CB-1180,2024-10-14,67.8
CB-1180,2024-10-21,70.8
CB-1180,2024-10-28,72.5
CB-1180,2024-11-04,76.5
CB-1180,2024-11-11,76.5
CB-1180,2024-11-18,75.0
CB-1180,2024-11-25,76.5
CB-1180,2024-12-02,76.8
CB-1180,2024-12-09,78.5
CB-1180,2024-12-16,82.8
CB-1180,2024-12-23,85.8
CB-1180,2024-12-30,87.8
CB-1180,2025-01-06,91.8
CB-1180,2025-01-13,92.2
CB-1180,2025-01-20,94.5
CB-1180,2025-01-27,94.2
CB-1180,2025-02-03,92.5
CB-1180,2025-02-10,98.5
CB-1180,2025-02-17,102.2
CB-1180,2025-02-24,107.5
CB-1180,2025-03-03,114.0
CB-1180,2025-03-10,118.0
CB-1180,2025-03-17,118.2
CB-1180,2025-03-24,120.5
CB-1180,2025-03-31,117.5
CB-1180,2025-04-07,116.0
CB-1180,2025-04-14,113.5
CB-1180,2025-04-21,116.5
CB-1180,2025-04-28,119.5
CB-1180,2025-05-05,114.2
CB-1180,2025-05-12,113.8
CB-1180,2025-05-19,109.0
CB-1180,2025-05-26,103.8
CB-1180,2025-06-02,105.5
CB-1180,2025-06-09,104.2
CB-1180,2025-06-16,103.8
CB-1180,2025-06-23,102.0
CB-1180,2025-06-30,102.8
CB-1180,2025-07-07,102.0
CB-1180,2025-07-14,94.2
CB-1180,2025-07-21,95.2
CB-1180,2025-07-28,90.0
CB-1180,2025-08-04,87.2
CB-1180,2025-08-11,88.2
CB-1180,2025-08-18,80.8
CB-1180,2025-08-25,74.5
CB-1180,2025-09-01,72.2
CB-1180,2025-09-08,72.2
CB-1180,2025-09-15,73.8
CB-1180,2025-09-22,78.5
CB-1180,2025-09-29,80.2
CB-1180,2025-10-06,78.2
CB-1180,2025-10-13,80.0
CB-1180,2025-10-20,80.8
CB-1180,2025-10-27,80.0
CB-1180,2025-11-03,81.2
CB-1180,2025-11-10,81.5
CB-1180,2025-11-17,77.2
CB-1180,2025-11-24,80.2
CB-1180,2025-12-01,84.5
CB-1180,2025-12-08,87.5
CB-1180,2025-12-15,95.0
CB-1180,2025-12-22,96.7
CB-1181,2024-01-01,69.0
CB-1181,2024-01-08,69.5
CB-1181,2024-01-15,74.3
CB-1181,2024-01-22,76.8
CB-1181,2024-01-29,79.8
CB-1181,2024-02-05,84.0
CB-1181,2024-02-12,82.0
CB-1181,2024-02-19,82.0
CB-1181,2024-02-26,85.5
CB-1181,2024-03-04,84.2
CB-1181,2024-03-11,85.5
CB-1181,2024-03-18,86.8
CB-1181,2024-03-25,85.5
CB-1181,2024-04-01,88.5
CB-1181,2024-04-08,88.0
CB-1181,2024-04-15,83.2
CB-1181,2024-04-22,84.2
CB-1181,2024-04-29,80.5
CB-1181,2024-05-06,81.2
CB-1181,2024-05-13,81.2
CB-1181,2024-05-20,80.2
CB-1181,2024-05-27,81.2
CB-1181,2024-06-03,81.0
CB-1181,2024-06-10,83.2
CB-1181,2024-06-17,76.5
CB-1181,2024-06-24,72.8
CB-1181,2024-07-01,69.8
CB-1181,2024-07-08,66.2
CB-1181,2024-07-15,67.0
CB-1181,2024-07-22,66.8
CB-1181,2024-07-29,66.8
CB-1181,2024-08-05,64.2
CB-1181,2024-08-12,63.0
CB-1181,2024-08-19,62.0
CB-1181,2024-08-26,58.2
CB-1181,2024-09-02,58.8
CB-1181,2024-09-09,58.2
CB-1181,2024-09-16,56.8
CB-1181,2024-09-23,58.2
CB-1181,2024-09-30,58.2
CB-1181,2024-10-07,57.5
CB-1181,2024-10-14,56.5
CB-1181,2024-10-21,56.8
CB-1181,2024-10-28,57.8
CB-1181,2024-11-04,58.0
CB-1181,2024-11-11,61.5
CB-1181,2024-11-18,64.5
CB-1181,2024-11-25,65.5
CB-1181,2024-12-02,67.8
CB-1181,2024-12-09,68.0
CB-1181,2024-12-16,66.0
CB-1181,2024-12-23,72.2
CB-1181,2024-12-30,75.2
CB-1181,2025-01-06,77.5
CB-1181,2025-01-13,80.8
CB-1181,2025-01-20,79.5
CB-1181,2025-01-27,81.2
CB-1181,2025-02-03,87.8
CB-1181,2025-02-10,89.5
CB-1181,2025-02-17,89.2
CB-1181,2025-02-24,93.2
CB-1181,2025-03-03,91.8
CB-1181,2025-03-10,94.8
CB-1181,2025-03-17,99.8
CB-1181,2025-03-24,99.8
CB-1181,2025-03-31,100.5
CB-1181,2025-04-07,98.5
CB-1181,2025-04-14,94.0
CB-1181,2025-04-21,92.0
CB-1181,2025-04-28,89.2
CB-1181,2025-05-05,91.5
CB-1181,2025-05-12,90.2
CB-1181,2025-05-19,89.5
CB-1181,2025-05-26,89.8
CB-1181,2025-06-02,87.5
CB-1181,2025-06-09,89.8
CB-1181,2025-06-16,87.8
CB-1181,2025-06-23,84.8
CB-1181,2025-06-30,84.5
CB-1181,2025-07-07,81.0
CB-1181,2025-07-14,81.5
CB-1181,2025-07-21,80.0
CB-1181,2025-07-28,75.8
CB-1181,2025-08-04,74.0
CB-1181,2025-08-11,70.2
CB-1181,2025-08-18,68.2
CB-1181,2025-08-25,67.0
CB-1181,2025-09-01,67.8
CB-1181,2025-09-08,67.8
CB-1181,2025-09-15,69.0
CB-1181,2025-09-22,66.8
CB-1181,2025-09-29,63.2
CB-1181,2025-10-06,62.2
CB-1181,2025-10-13,62.2
CB-1181,2025-10-20,64.0
CB-1181,2025-10-27,65.5
CB-1181,2025-11-03,68.5
CB-1181,2025-11-10,70.2
CB-1181,2025-11-17,74.2
CB-1181,2025-11-24,76.5
CB-1181,2025-12-01,76.0
CB-1181,2025-12-08,79.0
CB-1181,2025-12-15,79.5
CB-1181,2025-12-22,81.7
CB-1182,2024-01-01,96.0
CB-1182,2024-01-08,89.0
CB-1182,2024-01-15,92.7
CB-1182,2024-01-22,92.8
CB-1182,2024-01-29,93.5
CB-1182,2024-02-05,98.5
CB-1182,2024-02-12,99.2
CB-1182,2024-02-19,102.2
CB-1182,2024-02-26,103.8
CB-1182,2024-03-04,104.5
CB-1182,2024-03-11,109.5
CB-1182,2024-03-18,111.2
CB-1182,2024-03-25,112.8
CB-1182,2024-04-01,113.2
CB-1182,2024-04-08,109.8
CB-1182,2024-04-15,108.2
CB-1182,2024-04-22,110.0
CB-1182,2024-04-29,109.0
CB-1182,2024-05-06,104.0
CB-1182,2024-05-13,104.2
CB-1182,2024-05-20,100.2
CB-1182,2024-05-27,99.0
CB-1182,2024-06-03,103.8
CB-1182,2024-06-10,96.0
CB-1182,2024-06-17,97.2
CB-1182,2024-06-24,98.0
CB-1182,2024-07-01,92.5
CB-1182,2024-07-08,94.5
CB-1182,2024-07-15,90.0
CB-1182,2024-07-22,86.2
CB-1182,2024-07-29,83.8
CB-1182,2024-08-05,79.8
CB-1182,2024-08-12,80.0
CB-1182,2024-08-19,78.8
CB-1182,2024-08-26,78.5
CB-1182,2024-09-02,80.0
CB-1182,2024-09-09,76.5
CB-1182,2024-09-16,75.2
CB-1182,2024-09-23,71.5
CB-1182,2024-09-30,70.5
CB-1182,2024-10-07,69.0
CB-1182,2024-10-14,68.2
CB-1182,2024-10-21,73.2
CB-1182,2024-10-28,72.2
CB-1182,2024-11-04,72.2
CB-1182,2024-11-11,73.2
CB-1182,2024-11-18,74.5
CB-1182,2024-11-25,81.0
CB-1182,2024-12-02,88.8
CB-1182,2024-12-09,92.0
CB-1182,2024-12-16,96.2
CB-1182,2024-12-23,99.2
CB-1182,2024-12-30,100.5
CB-1182,2025-01-06,104.2
CB-1182,2025-01-13,104.8
CB-1182,2025-01-20,104.0
CB-1182,2025-01-27,103.2
CB-1182,2025-02-03,106.8
CB-1182,2025-02-10,110.2
CB-1182,2025-02-17,114.2
CB-1182,2025-02-24,120.8
CB-1182,2025-03-03,121.5
CB-1182,2025-03-10,121.0
CB-1182,2025-03-17,122.5
CB-1182,2025-03-24,124.0
CB-1182,2025-03-31,122.5
CB-1182,2025-04-07,125.5
CB-1182,2025-04-14,126.0
CB-1182,2025-04-21,121.5
CB-1182,2025-04-28,122.5
CB-1182,2025-05-05,117.0
CB-1182,2025-05-12,116.0
CB-1182,2025-05-19,113.0
CB-1182,2025-05-26,114.2
CB-1182,2025-06-02,115.8
CB-1182,2025-06-09,111.8
CB-1182,2025-06-16,114.8
CB-1182,2025-06-23,107.2
CB-1182,2025-06-30,103.0
CB-1182,2025-07-07,97.8
CB-1182,2025-07-14,94.8
CB-1182,2025-07-21,97.8
CB-1182,2025-07-28,93.5
CB-1182,2025-08-04,93.0
CB-1182,2025-08-11,88.2
CB-1182,2025-08-18,81.8
CB-1182,2025-08-25,82.8
CB-1182,2025-09-01,82.5
CB-1182,2025-09-08,81.8
CB-1182,2025-09-15,80.0
CB-1182,2025-09-22,79.8
CB-1182,2025-09-29,77.8
CB-1182,2025-10-06,76.8
CB-1182,2025-10-13,76.0
CB-1182,2025-10-20,76.0
CB-1182,2025-10-27,78.2
CB-1182,2025-11-03,82.2
CB-1182,2025-11-10,87.0
CB-1182,2025-11-17,90.2
CB-1182,2025-11-24,93.8
CB-1182,2025-12-01,90.5
CB-1182,2025-12-08,89.5
CB-1182,2025-12-15,91.8
CB-1182,2025-12-22,90.3
CB-1183,2024-01-01,74.0
CB-1183,2024-01-08,74.5
CB-1183,2024-01-15,78.0
CB-1183,2024-01-22,80.2
CB-1183,2024-01-29,81.8
CB-1183,2024-02-05,84.5
CB-1183,2024-02-12,85.8
CB-1183,2024-02-19,87.2
CB-1183,2024-02-26,93.0
CB-1183,2024-03-04,94.5
CB-1183,2024-03-11,97.5
CB-1183,2024-03-18,95.5
CB-1183,2024-03-25,92.0
CB-1183,2024-04-01,88.5
CB-1183,2024-04-08,86.8
CB-1183,2024-04-15,90.0
CB-1183,2024-04-22,86.2
CB-1183,2024-04-29,90.0
CB-1183,2024-05-06,90.0
CB-1183,2024-05-13,88.8
CB-1183,2024-05-20,90.0
CB-1183,2024-05-27,89.5
CB-1183,2024-06-03,86.8
CB-1183,2024-06-10,85.0
CB-1183,2024-06-17,85.0
CB-1183,2024-06-24,82.2
CB-1183,2024-07-01,81.8
CB-1183,2024-07-08,78.2
CB-1183,2024-07-15,76.8
CB-1183,2024-07-22,75.8
CB-1183,2024-07-29,72.0
CB-1183,2024-08-05,69.0
CB-1183,2024-08-12,67.8
CB-1183,2024-08-19,66.2
CB-1183,2024-08-26,66.5
CB-1183,2024-09-02,67.5
CB-1183,2024-09-09,62.8
CB-1183,2024-09-16,59.5
CB-1183,2024-09-23,56.8
CB-1183,2024-09-30,55.8
CB-1183,2024-10-07,60.8
CB-1183,2024-10-14,60.5
CB-1183,2024-10-21,64.8
CB-1183,2024-10-28,65.2
CB-1183,2024-11-04,63.5
CB-1183,2024-11-11,67.5
CB-1183,2024-11-18,67.8
CB-1183,2024-11-25,71.2
CB-1183,2024-12-02,73.2
CB-1183,2024-12-09,75.2
CB-1183,2024-12-16,74.8
CB-1183,2024-12-23,75.0
CB-1183,2024-12-30,78.5
CB-1183,2025-01-06,79.0
CB-1183,2025-01-13,85.2
CB-1183,2025-01-20,88.0
CB-1183,2025-01-27,90.2
CB-1183,2025-02-03,92.2
CB-1183,2025-02-10,94.5
CB-1183,2025-02-17,96.5
CB-1183,2025-02-24,101.2
CB-1183,2025-03-03,107.0
CB-1183,2025-03-10,105.5
CB-1183,2025-03-17,108.0
CB-1183,2025-03-24,105.5
CB-1183,2025-03-31,104.8
CB-1183,2025-04-07,105.5
CB-1183,2025-04-14,104.5
CB-1183,2025-04-21,105.2
CB-1183,2025-04-28,100.2
CB-1183,2025-05-05,99.5
CB-1183,2025-05-12,100.2
CB-1183,2025-05-19,98.8
CB-1183,2025-05-26,102.2
CB-1183,2025-06-02,99.8
CB-1183,2025-06-09,95.5
CB-1183,2025-06-16,91.0
CB-1183,2025-06-23,86.0
CB-1183,2025-06-30,87.8
CB-1183,2025-07-07,86.8
CB-1183,2025-07-14,85.5
CB-1183,2025-07-21,82.2
CB-1183,2025-07-28,74.2
CB-1183,2025-08-04,70.5
CB-1183,2025-08-11,70.5
CB-1183,2025-08-18,69.8
CB-1183,2025-08-25,69.2
CB-1183,2025-09-01,67.8
CB-1183,2025-09-08,66.5
CB-1183,2025-09-15,66.2
CB-1183,2025-09-22,66.2
CB-1183,2025-09-29,67.0
CB-1183,2025-10-06,69.2
CB-1183,2025-10-13,71.5
CB-1183,2025-10-20,75.0
CB-1183,2025-10-27,74.0
CB-1183,2025-11-03,72.2
CB-1183,2025-11-10,71.2
CB-1183,2025-11-17,72.0
CB-1183,2025-11-24,78.2
CB-1183,2025-12-01,81.2
CB-1183,2025-12-08,83.2
CB-1183,2025-12-15,84.0
CB-1183,2025-12-22,83.0
CB-1184,2024-01-01,0.0
CB-1184,2024-01-08,0.0
CB-1184,2024-01-15,0.0
CB-1184,2024-01-22,14.8
CB-1184,2024-01-29,14.8
CB-1184,2024-02-05,14.8
CB-1184,2024-02-12,14.8
CB-1184,2024-02-19,0.0
CB-1184,2024-02-26,0.0
CB-1184,2024-03-04,0.0
CB-1184,2024-03-11,0.0
CB-1184,2024-03-18,0.0
CB-1184,2024-03-25,13.2
CB-1184,2024-04-01,13.2
CB-1184,2024-04-08,13.2
CB-1184,2024-04-15,13.2
CB-1184,2024-04-22,0.0
CB-1184,2024-04-29,0.0
CB-1184,2024-05-06,0.0
CB-1184,2024-05-13,2.5
CB-1184,2024-05-20,2.5
CB-1184,2024-05-27,2.5
CB-1184,2024-06-03,2.5
CB-1184,2024-06-10,1.8
CB-1184,2024-06-17,1.8
CB-1184,2024-06-24,1.8
CB-1184,2024-07-01,4.0
CB-1184,2024-07-08,14.5
CB-1184,2024-07-15,14.5
CB-1184,2024-07-22,14.5
CB-1184,2024-07-29,12.2
CB-1184,2024-08-05,0.0
CB-1184,2024-08-12,0.0
CB-1184,2024-08-19,0.0
CB-1184,2024-08-26,0.0
CB-1184,2024-09-02,0.0
CB-1184,2024-09-09,0.0
CB-1184,2024-09-16,0.0
CB-1184,2024-09-23,0.0
CB-1184,2024-09-30,6.8
CB-1184,2024-10-07,6.8
CB-1184,2024-10-14,6.8
CB-1184,2024-10-21,14.2
CB-1184,2024-10-28,7.5
CB-1184,2024-11-04,7.5
CB-1184,2024-11-11,7.5
CB-1184,2024-11-18,3.8
CB-1184,2024-11-25,3.8
CB-1184,2024-12-02,16.0
CB-1184,2024-12-09,16.0
CB-1184,2024-12-16,12.2
CB-1184,2024-12-23,17.8
CB-1184,2024-12-30,5.5
CB-1184,2025-01-06,8.8
CB-1184,2025-01-13,8.8
CB-1184,2025-01-20,5.5
CB-1184,2025-01-27,5.5
CB-1184,2025-02-03,2.2
CB-1184,2025-02-10,11.2
CB-1184,2025-02-17,9.0
CB-1184,2025-02-24,9.0
CB-1184,2025-03-03,9.0
CB-1184,2025-03-10,2.0
CB-1184,2025-03-17,2.0
CB-1184,2025-03-24,2.0
CB-1184,2025-03-31,2.0
CB-1184,2025-04-07,0.0
CB-1184,2025-04-14,0.0
CB-1184,2025-04-21,0.0
CB-1184,2025-04-28,0.0
CB-1184,2025-05-05,0.0
CB-1184,2025-05-12,0.0
CB-1184,2025-05-19,0.0
CB-1184,2025-05-26,0.0
CB-1184,2025-06-02,0.0
CB-1184,2025-06-09,0.0
CB-1184,2025-06-16,0.0
CB-1184,2025-06-23,0.0
CB-1184,2025-06-30,0.0
CB-1184,2025-07-07,12.0
CB-1184,2025-07-14,12.0
CB-1184,2025-07-21,12.0
CB-1184,2025-07-28,24.2
CB-1184,2025-08-04,12.2
CB-1184,2025-08-11,23.5
CB-1184,2025-08-18,23.5
CB-1184,2025-08-25,16.0
CB-1184,2025-09-01,16.0
CB-1184,2025-09-08,4.8
CB-1184,2025-09-15,4.8
CB-1184,2025-09-22,4.8
CB-1184,2025-09-29,4.8
CB-1184,2025-10-06,14.8
CB-1184,2025-10-13,26.8
CB-1184,2025-10-20,22.0
CB-1184,2025-10-27,22.0
CB-1184,2025-11-03,21.5
CB-1184,2025-11-10,9.5
CB-1184,2025-11-17,9.5
CB-1184,2025-11-24,12.0
CB-1184,2025-12-01,2.5
CB-1184,2025-12-08,2.5
CB-1184,2025-12-15,2.5
CB-1184,2025-12-22,0.0
CB-1185,2024-01-01,80.0
CB-1185,2024-01-08,88.5
CB-1185,2024-01-15,97.7
CB-1185,2024-01-22,93.2
CB-1185,2024-01-29,80.5
CB-1185,2024-02-05,70.5
CB-1185,2024-02-12,75.2
CB-1185,2024-02-19,65.0
CB-1185,2024-02-26,81.0
CB-1185,2024-03-04,69.2
CB-1185,2024-03-11,46.2
CB-1185,2024-03-18,63.2
CB-1185,2024-03-25,60.8
CB-1185,2024-04-01,76.0
CB-1185,2024-04-08,79.8
CB-1185,2024-04-15,59.2
CB-1185,2024-04-22,63.5
CB-1185,2024-04-29,63.8
CB-1185,2024-05-06,58.5
CB-1185,2024-05-13,71.8
CB-1185,2024-05-20,69.8
CB-1185,2024-05-27,69.0
CB-1185,2024-06-03,78.8
CB-1185,2024-06-10,77.2
CB-1185,2024-06-17,67.2
CB-1185,2024-06-24,67.2
CB-1185,2024-07-01,69.0
CB-1185,2024-07-08,72.8
CB-1185,2024-07-15,79.5
CB-1185,2024-07-22,73.8
CB-1185,2024-07-29,71.0
CB-1185,2024-08-05,65.8
CB-1185,2024-08-12,56.5
CB-1185,2024-08-19,56.5
CB-1185,2024-08-26,55.0
CB-1185,2024-09-02,58.2
CB-1185,2024-09-09,52.5
CB-1185,2024-09-16,61.5
CB-1185,2024-09-23,63.2
CB-1185,2024-09-30,57.5
CB-1185,2024-10-07,64.8
CB-1185,2024-10-14,59.5
CB-1185,2024-10-21,51.8
CB-1185,2024-10-28,50.8
CB-1185,2024-11-04,45.8
CB-1185,2024-11-11,36.2
CB-1185,2024-11-18,53.2
CB-1185,2024-11-25,56.2
CB-1185,2024-12-02,66.8
CB-1185,2024-12-09,77.5
CB-1185,2024-12-16,62.2
CB-1185,2024-12-23,62.2
CB-1185,2024-12-30,63.8
CB-1185,2025-01-06,65.0
CB-1185,2025-01-13,67.2
CB-1185,2025-01-20,74.8
CB-1185,2025-01-27,77.8
CB-1185,2025-02-03,84.0
CB-1185,2025-02-10,96.5
CB-1185,2025-02-17,93.8
CB-1185,2025-02-24,92.8
CB-1185,2025-03-03,103.0
CB-1185,2025-03-10,91.2
CB-1185,2025-03-17,78.5
CB-1185,2025-03-24,85.0
CB-1185,2025-03-31,68.8
CB-1185,2025-04-07,67.8
CB-1185,2025-04-14,89.8
CB-1185,2025-04-21,83.8
CB-1185,2025-04-28,78.2
CB-1185,2025-05-05,101.2
CB-1185,2025-05-12,80.8
CB-1185,2025-05-19,80.0
CB-1185,2025-05-26,74.5
CB-1185,2025-06-02,59.8
CB-1185,2025-06-09,65.8
CB-1185,2025-06-16,70.0
CB-1185,2025-06-23,81.8
CB-1185,2025-06-30,86.2
CB-1185,2025-07-07,86.0
CB-1185,2025-07-14,68.5
CB-1185,2025-07-21,68.0
CB-1185,2025-07-28,56.0
CB-1185,2025-08-04,46.5
CB-1185,2025-08-11,48.8
CB-1185,2025-08-18,41.8
CB-1185,2025-08-25,50.0
CB-1185,2025-09-01,62.8
CB-1185,2025-09-08,66.0
CB-1185,2025-09-15,71.8
CB-1185,2025-09-22,52.8
CB-1185,2025-09-29,46.0
CB-1185,2025-10-06,50.0
CB-1185,2025-10-13,48.8
CB-1185,2025-10-20,57.0
CB-1185,2025-10-27,60.8
CB-1185,2025-11-03,61.8
CB-1185,2025-11-10,62.5
CB-1185,2025-11-17,72.0
CB-1185,2025-11-24,76.0
CB-1185,2025-12-01,79.2
CB-1185,2025-12-08,92.8
CB-1185,2025-12-15,95.8
CB-1185,2025-12-22,101.7
CB-1186,2024-01-01,91.0
CB-1186,2024-01-08,92.0
CB-1186,2024-01-15,97.7
CB-1186,2024-01-22,96.0
CB-1186,2024-01-29,98.8
CB-1186,2024-02-05,102.8
CB-1186,2024-02-12,102.8
CB-1186,2024-02-19,107.0
CB-1186,2024-02-26,110.0
CB-1186,2024-03-04,113.2
CB-1186,2024-03-11,118.0
CB-1186,2024-03-18,119.8
CB-1186,2024-03-25,118.2
CB-1186,2024-04-01,120.0
CB-1186,2024-04-08,114.2
CB-1186,2024-04-15,118.2
CB-1186,2024-04-22,122.8
CB-1186,2024-04-29,122.0
CB-1186,2024-05-06,125.0
CB-1186,2024-05-13,115.0
CB-1186,2024-05-20,108.0
CB-1186,2024-05-27,103.5
CB-1186,2024-06-03,98.5
CB-1186,2024-06-10,100.2
CB-1186,2024-06-17,101.2
CB-1186,2024-06-24,97.8
CB-1186,2024-07-01,94.2
CB-1186,2024-07-08,93.8
CB-1186,2024-07-15,91.0
CB-1186,2024-07-22,88.2
CB-1186,2024-07-29,89.2
CB-1186,2024-08-05,85.5
CB-1186,2024-08-12,84.5
CB-1186,2024-08-19,83.2
CB-1186,2024-08-26,82.2
CB-1186,2024-09-02,77.8
CB-1186,2024-09-09,75.0
CB-1186,2024-09-16,73.2
CB-1186,2024-09-23,69.5
CB-1186,2024-09-30,74.0
CB-1186,2024-10-07,75.0
CB-1186,2024-10-14,73.0
CB-1186,2024-10-21,76.2
CB-1186,2024-10-28,76.5
CB-1186,2024-11-04,75.5
CB-1186,2024-11-11,79.0
CB-1186,2024-11-18,77.5
CB-1186,2024-11-25,78.5
CB-1186,2024-12-02,82.0
CB-1186,2024-12-09,87.8
CB-1186,2024-12-16,94.0
CB-1186,2024-12-23,95.5
CB-1186,2024-12-30,99.5
CB-1186,2025-01-06,100.8
CB-1186,2025-01-13,101.2
CB-1186,2025-01-20,103.0
CB-1186,2025-01-27,107.0
CB-1186,2025-02-03,111.5
CB-1186,2025-02-10,117.8
CB-1186,2025-02-17,122.0
CB-1186,2025-02-24,123.2
CB-1186,2025-03-03,120.8
CB-1186,2025-03-10,118.5
CB-1186,2025-03-17,121.8
CB-1186,2025-03-24,123.0
CB-1186,2025-03-31,123.0
CB-1186,2025-04-07,123.0
CB-1186,2025-04-14,122.0
CB-1186,2025-04-21,123.2
CB-1186,2025-04-28,124.5
CB-1186,2025-05-05,126.5
CB-1186,2025-05-12,126.5
CB-1186,2025-05-19,121.8
CB-1186,2025-05-26,122.2
CB-1186,2025-06-02,116.5
CB-1186,2025-06-09,111.8
CB-1186,2025-06-16,112.8
CB-1186,2025-06-23,112.5
CB-1186,2025-06-30,114.2
CB-1186,2025-07-07,115.0
CB-1186,2025-07-14,105.2
CB-1186,2025-07-21,97.5
CB-1186,2025-07-28,92.5
CB-1186,2025-08-04,92.0
CB-1186,2025-08-11,92.8
CB-1186,2025-08-18,93.5
CB-1186,2025-08-25,92.8
CB-1186,2025-09-01,87.5
CB-1186,2025-09-08,86.5
CB-1186,2025-09-15,82.2
CB-1186,2025-09-22,76.5
CB-1186,2025-09-29,77.8
CB-1186,2025-10-06,77.0
CB-1186,2025-10-13,76.5
CB-1186,2025-10-20,82.8
CB-1186,2025-10-27,82.8
CB-1186,2025-11-03,87.0
CB-1186,2025-11-10,94.2
CB-1186,2025-11-17,94.0
CB-1186,2025-11-24,94.2
CB-1186,2025-12-01,95.0
CB-1186,2025-12-08,97.8
CB-1186,2025-12-15,98.2
CB-1186,2025-12-22,100.3
CB-1187,2024-01-01,51.0
CB-1187,2024-01-08,54.0
CB-1187,2024-01-15,36.7
CB-1187,2024-01-22,44.8
CB-1187,2024-01-29,44.8
CB-1187,2024-02-05,47.5
CB-1187,2024-02-12,54.0
CB-1187,2024-02-19,41.5
CB-1187,2024-02-26,48.8
CB-1187,2024-03-04,40.2
CB-1187,2024-03-11,44.5
CB-1187,2024-03-18,54.8
CB-1187,2024-03-25,50.8
CB-1187,2024-04-01,59.8
CB-1187,2024-04-08,62.2
CB-1187,2024-04-15,55.2
CB-1187,2024-04-22,54.8
CB-1187,2024-04-29,52.8
CB-1187,2024-05-06,43.5
CB-1187,2024-05-13,53.5
CB-1187,2024-05-20,39.5
CB-1187,2024-05-27,39.8
CB-1187,2024-06-03,44.0
CB-1187,2024-06-10,39.8
CB-1187,2024-06-17,51.0
CB-1187,2024-06-24,45.5
CB-1187,2024-07-01,48.5
CB-1187,2024-07-08,44.2
CB-1187,2024-07-15,43.5
CB-1187,2024-07-22,49.8
CB-1187,2024-07-29,42.8
CB-1187,2024-08-05,33.2
CB-1187,2024-08-12,28.5
CB-1187,2024-08-19,19.0
CB-1187,2024-08-26,21.5
CB-1187,2024-09-02,27.0
CB-1187,2024-09-09,30.2
CB-1187,2024-09-16,27.5
CB-1187,2024-09-23,29.5
CB-1187,2024-09-30,34.0
CB-1187,2024-10-07,32.5
CB-1187,2024-10-14,38.0
CB-1187,2024-10-21,40.0
CB-1187,2024-10-28,38.8
CB-1187,2024-11-04,37.5
CB-1187,2024-11-11,38.5
CB-1187,2024-11-18,38.8
CB-1187,2024-11-25,42.8
CB-1187,2024-12-02,39.0
CB-1187,2024-12-09,38.0
CB-1187,2024-12-16,33.2
CB-1187,2024-12-23,33.8
CB-1187,2024-12-30,44.0
CB-1187,2025-01-06,45.0
CB-1187,2025-01-13,47.2
CB-1187,2025-01-20,49.0
CB-1187,2025-01-27,47.0
CB-1187,2025-02-03,56.0
CB-1187,2025-02-10,68.8
CB-1187,2025-02-17,72.0
CB-1187,2025-02-24,74.8
CB-1187,2025-03-03,78.0
CB-1187,2025-03-10,71.5
CB-1187,2025-03-17,65.0
CB-1187,2025-03-24,61.0
CB-1187,2025-03-31,48.8
CB-1187,2025-04-07,47.8
CB-1187,2025-04-14,52.5
CB-1187,2025-04-21,48.5
CB-1187,2025-04-28,49.5
CB-1187,2025-05-05,50.0
CB-1187,2025-05-12,50.0
CB-1187,2025-05-19,56.0
CB-1187,2025-05-26,58.2
CB-1187,2025-06-02,50.8
CB-1187,2025-06-09,42.8
CB-1187,2025-06-16,41.5
CB-1187,2025-06-23,41.2
CB-1187,2025-06-30,46.2
CB-1187,2025-07-07,45.5
CB-1187,2025-07-14,43.5
CB-1187,2025-07-21,45.8
CB-1187,2025-07-28,45.5
CB-1187,2025-08-04,47.0
CB-1187,2025-08-11,43.5
CB-1187,2025-08-18,34.5
CB-1187,2025-08-25,31.8
CB-1187,2025-09-01,32.5
CB-1187,2025-09-08,37.2
CB-1187,2025-09-15,40.5
CB-1187,2025-09-22,39.0
CB-1187,2025-09-29,36.5
CB-1187,2025-10-06,41.2
CB-1187,2025-10-13,38.5
CB-1187,2025-10-20,36.0
CB-1187,2025-10-27,32.5
CB-1187,2025-11-03,25.5
CB-1187,2025-11-10,31.5
CB-1187,2025-11-17,34.8
CB-1187,2025-11-24,47.2
CB-1187,2025-12-01,49.8
CB-1187,2025-12-08,52.2
CB-1187,2025-12-15,52.5
CB-1187,2025-12-22,48.0
CB-1188,2024-01-01,83.0
CB-1188,2024-01-08,86.0
CB-1188,2024-01-15,88.7
CB-1188,2024-01-22,86.8
CB-1188,2024-01-29,89.0
CB-1188,2024-02-05,89.8
CB-1188,2024-02-12,90.0
CB-1188,2024-02-19,95.5
CB-1188,2024-02-26,97.0
CB-1188,2024-03-04,95.5
CB-1188,2024-03-11,97.2
CB-1188,2024-03-18,95.5
CB-1188,2024-03-25,98.2
CB-1188,2024-04-01,104.8
CB-1188,2024-04-08,101.0
CB-1188,2024-04-15,101.5
CB-1188,2024-04-22,101.0
CB-1188,2024-04-29,95.8
CB-1188,2024-05-06,101.0
CB-1188,2024-05-13,103.5
CB-1188,2024-05-20,101.0
CB-1188,2024-05-27,100.8
CB-1188,2024-06-03,92.8
CB-1188,2024-06-10,90.0
CB-1188,2024-06-17,91.5
CB-1188,2024-06-24,93.8
CB-1188,2024-07-01,95.5
CB-1188,2024-07-08,90.0
CB-1188,2024-07-15,85.5
CB-1188,2024-07-22,80.0
CB-1188,2024-07-29,78.8
CB-1188,2024-08-05,78.8
CB-1188,2024-08-12,75.5
CB-1188,2024-08-19,75.2
CB-1188,2024-08-26,74.5
CB-1188,2024-09-02,72.0
CB-1188,2024-09-09,69.5
CB-1188,2024-09-16,64.0
CB-1188,2024-09-23,61.5
CB-1188,2024-09-30,60.5
CB-1188,2024-10-07,62.5
CB-1188,2024-10-14,65.8
CB-1188,2024-10-21,66.8
CB-1188,2024-10-28,70.5
CB-1188,2024-11-04,72.0
CB-1188,2024-11-11,74.0
CB-1188,2024-11-18,79.0
CB-1188,2024-11-25,81.2
CB-1188,2024-12-02,82.5
CB-1188,2024-12-09,84.8
CB-1188,2024-12-16,86.2
CB-1188,2024-12-23,88.5
CB-1188,2024-12-30,89.8
CB-1188,2025-01-06,95.0
CB-1188,2025-01-13,99.0
CB-1188,2025-01-20,103.8
CB-1188,2025-01-27,112.0
CB-1188,2025-02-03,117.5
CB-1188,2025-02-10,121.2
CB-1188,2025-02-17,122.0
CB-1188,2025-02-24,120.5
CB-1188,2025-03-03,113.5
CB-1188,2025-03-10,111.2
CB-1188,2025-03-17,113.0
CB-1188,2025-03-24,114.5
CB-1188,2025-03-31,115.0
CB-1188,2025-04-07,114.5
CB-1188,2025-04-14,114.8
CB-1188,2025-04-21,111.8
CB-1188,2025-04-28,115.8
CB-1188,2025-05-05,116.5
CB-1188,2025-05-12,116.0
CB-1188,2025-05-19,120.5
CB-1188,2025-05-26,117.2
CB-1188,2025-06-02,114.5
CB-1188,2025-06-09,110.0
CB-1188,2025-06-16,105.0
CB-1188,2025-06-23,104.5
CB-1188,2025-06-30,104.0
CB-1188,2025-07-07,96.8
CB-1188,2025-07-14,93.5
CB-1188,2025-07-21,90.5
CB-1188,2025-07-28,85.0
CB-1188,2025-08-04,83.0
CB-1188,2025-08-11,80.0
CB-1188,2025-08-18,76.0
CB-1188,2025-08-25,77.2
CB-1188,2025-09-01,80.0
CB-1188,2025-09-08,77.8
CB-1188,2025-09-15,75.0
CB-1188,2025-09-22,72.8
CB-1188,2025-09-29,73.2
CB-1188,2025-10-06,74.2
CB-1188,2025-10-13,78.8
CB-1188,2025-10-20,78.0
CB-1188,2025-10-27,79.8
CB-1188,2025-11-03,83.2
CB-1188,2025-11-10,81.2
CB-1188,2025-11-17,81.5
CB-1188,2025-11-24,86.0
CB-1188,2025-12-01,88.8
CB-1188,2025-12-08,92.0
CB-1188,2025-12-15,94.5
CB-1188,2025-12-22,91.0
CB-1189,2024-01-01,92.0
CB-1189,2024-01-08,93.5
CB-1189,2024-01-15,98.0
CB-1189,2024-01-22,102.5
CB-1189,2024-01-29,104.5
CB-1189,2024-02-05,104.8
CB-1189,2024-02-12,106.0
CB-1189,2024-02-19,108.2
CB-1189,2024-02-26,110.2
CB-1189,2024-03-04,116.5
CB-1189,2024-03-11,115.2
CB-1189,2024-03-18,112.8
CB-1189,2024-03-25,112.0
CB-1189,2024-04-01,110.8
CB-1189,2024-04-08,112.8
CB-1189,2024-04-15,114.2
CB-1189,2024-04-22,120.5
CB-1189,2024-04-29,118.8
CB-1189,2024-05-06,113.5
CB-1189,2024-05-13,110.2
CB-1189,2024-05-20,105.2
CB-1189,2024-05-27,104.8
CB-1189,2024-06-03,106.8
CB-1189,2024-06-10,108.0
CB-1189,2024-06-17,105.2
CB-1189,2024-06-24,102.2
CB-1189,2024-07-01,98.5
CB-1189,2024-07-08,89.8
CB-1189,2024-07-15,87.5
CB-1189,2024-07-22,85.5
CB-1189,2024-07-29,82.8
CB-1189,2024-08-05,83.2
CB-1189,2024-08-12,80.2
CB-1189,2024-08-19,76.8
CB-1189,2024-08-26,75.5
CB-1189,2024-09-02,74.8
CB-1189,2024-09-09,73.5
CB-1189,2024-09-16,72.8
CB-1189,2024-09-23,72.2
CB-1189,2024-09-30,71.2
CB-1189,2024-10-07,73.0
CB-1189,2024-10-14,74.8
CB-1189,2024-10-21,76.5
CB-1189,2024-10-28,78.5
CB-1189,2024-11-04,81.0
CB-1189,2024-11-11,83.5
CB-1189,2024-11-18,86.5
CB-1189,2024-11-25,89.5
CB-1189,2024-12-02,89.8
CB-1189,2024-12-09,92.0
CB-1189,2024-12-16,93.5
CB-1189,2024-12-23,92.5
CB-1189,2024-12-30,96.5
CB-1189,2025-01-06,100.2
CB-1189,2025-01-13,103.8
CB-1189,2025-01-20,112.5
CB-1189,2025-01-27,113.2
CB-1189,2025-02-03,111.2
CB-1189,2025-02-10,113.0
CB-1189,2025-02-17,109.2
CB-1189,2025-02-24,114.2
CB-1189,2025-03-03,118.5
CB-1189,2025-03-10,124.5
CB-1189,2025-03-17,132.2
CB-1189,2025-03-24,130.0
CB-1189,2025-03-31,130.5
CB-1189,2025-04-07,129.8
CB-1189,2025-04-14,129.8
CB-1189,2025-04-21,126.5
CB-1189,2025-04-28,128.5
CB-1189,2025-05-05,120.2
CB-1189,2025-05-12,114.8
CB-1189,2025-05-19,120.8
CB-1189,2025-05-26,125.0
CB-1189,2025-06-02,127.8
CB-1189,2025-06-09,123.8
CB-1189,2025-06-16,117.2
CB-1189,2025-06-23,107.5
CB-1189,2025-06-30,103.8
CB-1189,2025-07-07,101.8
CB-1189,2025-07-14,99.0
CB-1189,2025-07-21,96.8
CB-1189,2025-07-28,95.0
CB-1189,2025-08-04,92.5
CB-1189,2025-08-11,89.8
CB-1189,2025-08-18,86.0
CB-1189,2025-08-25,82.5
CB-1189,2025-09-01,81.2
CB-1189,2025-09-08,82.0
CB-1189,2025-09-15,81.2
CB-1189,2025-09-22,79.5
CB-1189,2025-09-29,82.2
CB-1189,2025-10-06,82.0
CB-1189,2025-10-13,80.5
CB-1189,2025-10-20,83.8
CB-1189,2025-10-27,82.0
CB-1189,2025-11-03,84.2
CB-1189,2025-11-10,88.0
CB-1189,2025-11-17,90.8
CB-1189,2025-11-24,94.5
CB-1189,2025-12-01,93.2
CB-1189,2025-12-08,100.2
CB-1189,2025-12-15,105.2
CB-1189,2025-12-22,107.7
CB-1190,2024-01-01,43.0
CB-1190,2024-01-08,46.5
CB-1190,2024-01-15,49.7
CB-1190,2024-01-22,48.8
CB-1190,2024-01-29,49.5
CB-1190,2024-02-05,48.2
CB-1190,2024-02-12,44.5
CB-1190,2024-02-19,47.0
CB-1190,2024-02-26,48.0
CB-1190,2024-03-04,50.8
CB-1190,2024-03-11,55.0
CB-1190,2024-03-18,53.2
CB-1190,2024-03-25,53.2
CB-1190,2024-04-01,54.5
CB-1190,2024-04-08,53.2
CB-1190,2024-04-15,53.5
CB-1190,2024-04-22,53.0
CB-1190,2024-04-29,50.8
CB-1190,2024-05-06,52.0
CB-1190,2024-05-13,53.0
CB-1190,2024-05-20,53.8
CB-1190,2024-05-27,54.5
CB-1190,2024-06-03,53.2
CB-1190,2024-06-10,51.8
CB-1190,2024-06-17,53.0
CB-1190,2024-06-24,50.0
CB-1190,2024-07-01,48.5
CB-1190,2024-07-08,46.5
CB-1190,2024-07-15,43.5
CB-1190,2024-07-22,42.5
CB-1190,2024-07-29,40.8
CB-1190,2024-08-05,42.0
CB-1190,2024-08-12,40.8
CB-1190,2024-08-19,40.2
CB-1190,2024-08-26,38.5
CB-1190,2024-09-02,36.0
CB-1190,2024-09-09,34.2
CB-1190,2024-09-16,34.2
CB-1190,2024-09-23,35.2
CB-1190,2024-09-30,35.0
CB-1190,2024-10-07,36.8
CB-1190,2024-10-14,37.2
CB-1190,2024-10-21,37.0
CB-1190,2024-10-28,38.0
CB-1190,2024-11-04,37.2
CB-1190,2024-11-11,37.0
CB-1190,2024-11-18,37.0
CB-1190,2024-11-25,37.5
CB-1190,2024-12-02,39.0
CB-1190,2024-12-09,39.0
CB-1190,2024-12-16,42.0
CB-1190,2024-12-23,44.8
CB-1190,2024-12-30,46.2
CB-1190,2025-01-06,46.5
CB-1190,2025-01-13,47.0
CB-1190,2025-01-20,46.0
CB-1190,2025-01-27,47.0
CB-1190,2025-02-03,52.8
CB-1190,2025-02-10,51.8
CB-1190,2025-02-17,53.5
CB-1190,2025-02-24,56.0
CB-1190,2025-03-03,54.5
CB-1190,2025-03-10,57.0
CB-1190,2025-03-17,61.0
CB-1190,2025-03-24,61.0
CB-1190,2025-03-31,63.2
CB-1190,2025-04-07,65.0
CB-1190,2025-04-14,62.8
CB-1190,2025-04-21,63.8
CB-1190,2025-04-28,64.5
CB-1190,2025-05-05,61.2
CB-1190,2025-05-12,60.2
CB-1190,2025-05-19,57.8
CB-1190,2025-05-26,54.0
CB-1190,2025-06-02,56.0
CB-1190,2025-06-09,55.0
CB-1190,2025-06-16,55.8
CB-1190,2025-06-23,56.0
CB-1190,2025-06-30,55.0
CB-1190,2025-07-07,52.2
CB-1190,2025-07-14,48.2
CB-1190,2025-07-21,45.2
CB-1190,2025-07-28,43.8
CB-1190,2025-08-04,43.0
CB-1190,2025-08-11,41.8
CB-1190,2025-08-18,40.2
CB-1190,2025-08-25,40.2
CB-1190,2025-09-01,40.0
CB-1190,2025-09-08,40.5
CB-1190,2025-09-15,40.2
CB-1190,2025-09-22,38.5
CB-1190,2025-09-29,37.2
CB-1190,2025-10-06,36.2
CB-1190,2025-10-13,36.8
CB-1190,2025-10-20,36.8
CB-1190,2025-10-27,38.0
CB-1190,2025-11-03,40.8
CB-1190,2025-11-10,42.8
CB-1190,2025-11-17,43.0
CB-1190,2025-11-24,46.0
CB-1190,2025-12-01,45.8
CB-1190,2025-12-08,46.2
CB-1190,2025-12-15,49.2
CB-1190,2025-12-22,49.0
CB-1191,2024-01-01,104.0
CB-1191,2024-01-08,118.0
CB-1191,2024-01-15,116.3
CB-1191,2024-01-22,119.8
CB-1191,2024-01-29,125.5
CB-1191,2024-02-05,125.2
CB-1191,2024-02-12,128.8
CB-1191,2024-02-19,128.5
CB-1191,2024-02-26,134.2
CB-1191,2024-03-04,138.0
CB-1191,2024-03-11,139.0
CB-1191,2024-03-18,138.2
CB-1191,2024-03-25,133.8
CB-1191,2024-04-01,134.5
CB-1191,2024-04-08,139.5
CB-1191,2024-04-15,144.0
CB-1191,2024-04-22,140.8
CB-1191,2024-04-29,139.2
CB-1191,2024-05-06,138.2
CB-1191,2024-05-13,135.5
CB-1191,2024-05-20,143.0
CB-1191,2024-05-27,135.5
CB-1191,2024-06-03,131.2
CB-1191,2024-06-10,125.8
CB-1191,2024-06-17,120.2
CB-1191,2024-06-24,122.0
CB-1191,2024-07-01,121.2
CB-1191,2024-07-08,121.5
CB-1191,2024-07-15,115.0
CB-1191,2024-07-22,109.5
CB-1191,2024-07-29,102.0
CB-1191,2024-08-05,97.2
CB-1191,2024-08-12,98.0
CB-1191,2024-08-19,99.0
CB-1191,2024-08-26,94.8
CB-1191,2024-09-02,94.0
CB-1191,2024-09-09,90.2
CB-1191,2024-09-16,85.5
CB-1191,2024-09-23,88.2
CB-1191,2024-09-30,90.5
CB-1191,2024-10-07,92.2
CB-1191,2024-10-14,96.8
CB-1191,2024-10-21,95.8
CB-1191,2024-10-28,94.8
CB-1191,2024-11-04,93.5
CB-1191,2024-11-11,93.8
CB-1191,2024-11-18,98.2
CB-1191,2024-11-25,103.0
CB-1191,2024-12-02,110.5
CB-1191,2024-12-09,115.0
CB-1191,2024-12-16,116.0
CB-1191,2024-12-23,114.5
CB-1191,2024-12-30,116.8
CB-1191,2025-01-06,122.8
CB-1191,2025-01-13,128.5
CB-1191,2025-01-20,131.5
CB-1191,2025-01-27,139.8
CB-1191,2025-02-03,141.0
CB-1191,2025-02-10,145.0
CB-1191,2025-02-17,148.8
CB-1191,2025-02-24,145.8
CB-1191,2025-03-03,148.8
CB-1191,2025-03-10,151.8
CB-1191,2025-03-17,154.8
CB-1191,2025-03-24,155.8
CB-1191,2025-03-31,152.5
CB-1191,2025-04-07,156.5
CB-1191,2025-04-14,161.2
CB-1191,2025-04-21,159.2
CB-1191,2025-04-28,156.8
CB-1191,2025-05-05,151.0
CB-1191,2025-05-12,145.0
CB-1191,2025-05-19,143.2
CB-1191,2025-05-26,141.0
CB-1191,2025-06-02,134.5
CB-1191,2025-06-09,133.2
CB-1191,2025-06-16,130.5
CB-1191,2025-06-23,136.8
CB-1191,2025-06-30,137.5
CB-1191,2025-07-07,130.8
CB-1191,2025-07-14,124.2
CB-1191,2025-07-21,115.2
CB-1191,2025-07-28,109.5
CB-1191,2025-08-04,112.0
CB-1191,2025-08-11,113.2
CB-1191,2025-08-18,105.5
CB-1191,2025-08-25,102.0
CB-1191,2025-09-01,95.8
CB-1191,2025-09-08,94.5
CB-1191,2025-09-15,95.2
CB-1191,2025-09-22,97.0
CB-1191,2025-09-29,95.2
CB-1191,2025-10-06,94.5
CB-1191,2025-10-13,98.0
CB-1191,2025-10-20,101.8
CB-1191,2025-10-27,106.8
CB-1191,2025-11-03,107.0
CB-1191,2025-11-10,112.2
CB-1191,2025-11-17,111.8
CB-1191,2025-11-24,116.2
CB-1191,2025-12-01,120.0
CB-1191,2025-12-08,120.5
CB-1191,2025-12-15,122.8
CB-1191,2025-12-22,121.7
CB-1192,2024-01-01,37.0
CB-1192,2024-01-08,45.5
CB-1192,2024-01-15,42.0
CB-1192,2024-01-22,37.5
CB-1192,2024-01-29,42.8
CB-1192,2024-02-05,42.0
CB-1192,2024-02-12,46.2
CB-1192,2024-02-19,56.5
CB-1192,2024-02-26,59.2
CB-1192,2024-03-04,59.8
CB-1192,2024-03-11,55.5
CB-1192,2024-03-18,50.5
CB-1192,2024-03-25,50.8
CB-1192,2024-04-01,52.8
CB-1192,2024-04-08,55.8
CB-1192,2024-04-15,55.0
CB-1192,2024-04-22,54.8
CB-1192,2024-04-29,52.5
CB-1192,2024-05-06,58.2
CB-1192,2024-05-13,65.8
CB-1192,2024-05-20,60.5
CB-1192,2024-05-27,65.0
CB-1192,2024-06-03,61.0
CB-1192,2024-06-10,56.8
CB-1192,2024-06-17,47.5
CB-1192,2024-06-24,37.8
CB-1192,2024-07-01,32.0
CB-1192,2024-07-08,28.2
CB-1192,2024-07-15,36.8
CB-1192,2024-07-22,40.2
CB-1192,2024-07-29,44.0
CB-1192,2024-08-05,41.8
CB-1192,2024-08-12,42.8
CB-1192,2024-08-19,47.2
CB-1192,2024-08-26,44.0
CB-1192,2024-09-02,43.5
CB-1192,2024-09-09,38.2
CB-1192,2024-09-16,32.0
CB-1192,2024-09-23,31.2
CB-1192,2024-09-30,27.8
CB-1192,2024-10-07,25.2
CB-1192,2024-10-14,28.5
CB-1192,2024-10-21,35.0
CB-1192,2024-10-28,46.8
CB-1192,2024-11-04,53.2
CB-1192,2024-11-11,47.2
CB-1192,2024-11-18,42.2
CB-1192,2024-11-25,32.0
CB-1192,2024-12-02,26.2
CB-1192,2024-12-09,32.5
CB-1192,2024-12-16,38.0
CB-1192,2024-12-23,54.0
CB-1192,2024-12-30,61.5
CB-1192,2025-01-06,55.5
CB-1192,2025-01-13,54.2
CB-1192,2025-01-20,45.8
CB-1192,2025-01-27,45.0
CB-1192,2025-02-03,54.8
CB-1192,2025-02-10,50.2
CB-1192,2025-02-17,53.8
CB-1192,2025-02-24,61.0
CB-1192,2025-03-03,68.0
CB-1192,2025-03-10,77.0
CB-1192,2025-03-17,82.8
CB-1192,2025-03-24,77.2
CB-1192,2025-03-31,68.0
CB-1192,2025-04-07,74.2
CB-1192,2025-04-14,60.8
CB-1192,2025-04-21,60.8
CB-1192,2025-04-28,68.2
CB-1192,2025-05-05,58.8
CB-1192,2025-05-12,64.0
CB-1192,2025-05-19,64.0
CB-1192,2025-05-26,57.5
CB-1192,2025-06-02,63.0
CB-1192,2025-06-09,68.0
CB-1192,2025-06-16,68.0
CB-1192,2025-06-23,71.0
CB-1192,2025-06-30,65.5
CB-1192,2025-07-07,63.2
CB-1192,2025-07-14,57.2
CB-1192,2025-07-21,58.0
CB-1192,2025-07-28,56.0
CB-1192,2025-08-04,40.0
CB-1192,2025-08-11,49.8
CB-1192,2025-08-18,41.2
CB-1192,2025-08-25,38.0
CB-1192,2025-09-01,45.8
CB-1192,2025-09-08,40.2
CB-1192,2025-09-15,36.5
CB-1192,2025-09-22,35.5
CB-1192,2025-09-29,35.5
CB-1192,2025-10-06,32.8
CB-1192,2025-10-13,34.5
CB-1192,2025-10-20,40.2
CB-1192,2025-10-27,44.0
CB-1192,2025-11-03,47.5
CB-1192,2025-11-10,52.8
CB-1192,2025-11-17,50.2
CB-1192,2025-11-24,46.2
CB-1192,2025-12-01,54.2
CB-1192,2025-12-08,57.8
CB-1192,2025-12-15,67.5
CB-1192,2025-12-22,79.3
CB-1193,2024-01-01,59.0
CB-1193,2024-01-08,65.0
CB-1193,2024-01-15,66.3
CB-1193,2024-01-22,67.0
CB-1193,2024-01-29,66.8
CB-1193,2024-02-05,67.8
CB-1193,2024-02-12,68.0
CB-1193,2024-02-19,69.0
CB-1193,2024-02-26,75.5
CB-1193,2024-03-04,75.0
CB-1193,2024-03-11,76.2
CB-1193,2024-03-18,78.5
CB-1193,2024-03-25,79.2
CB-1193,2024-04-01,80.8
CB-1193,2024-04-08,84.8
CB-1193,2024-04-15,82.5
CB-1193,2024-04-22,78.5
CB-1193,2024-04-29,76.2
CB-1193,2024-05-06,70.5
CB-1193,2024-05-13,72.0
CB-1193,2024-05-20,71.8
CB-1193,2024-05-27,70.8
CB-1193,2024-06-03,72.5
CB-1193,2024-06-10,71.8
CB-1193,2024-06-17,73.0
CB-1193,2024-06-24,74.5
CB-1193,2024-07-01,71.0
CB-1193,2024-07-08,68.2
CB-1193,2024-07-15,65.5
CB-1193,2024-07-22,62.0
CB-1193,2024-07-29,61.5
CB-1193,2024-08-05,58.0
CB-1193,2024-08-12,55.2
CB-1193,2024-08-19,54.8
CB-1193,2024-08-26,55.0
CB-1193,2024-09-02,56.8
CB-1193,2024-09-09,57.2
CB-1193,2024-09-16,56.2
CB-1193,2024-09-23,54.2
CB-1193,2024-09-30,51.2
CB-1193,2024-10-07,49.8
CB-1193,2024-10-14,49.2
CB-1193,2024-10-21,50.5
CB-1193,2024-10-28,54.0
CB-1193,2024-11-04,56.8
CB-1193,2024-11-11,60.2
CB-1193,2024-11-18,61.2
CB-1193,2024-11-25,60.8
CB-1193,2024-12-02,61.8
CB-1193,2024-12-09,61.5
CB-1193,2024-12-16,64.5
CB-1193,2024-12-23,67.2
CB-1193,2024-12-30,69.5
CB-1193,2025-01-06,73.8
CB-1193,2025-01-13,74.0
CB-1193,2025-01-20,78.5
CB-1193,2025-01-27,78.8
CB-1193,2025-02-03,80.2
CB-1193,2025-02-10,83.0
CB-1193,2025-02-17,84.5
CB-1193,2025-02-24,85.8
CB-1193,2025-03-03,84.0
CB-1193,2025-03-10,86.8
CB-1193,2025-03-17,85.8
CB-1193,2025-03-24,88.8
CB-1193,2025-03-31,90.8
CB-1193,2025-04-07,91.2
CB-1193,2025-04-14,92.2
CB-1193,2025-04-21,92.5
CB-1193,2025-04-28,91.0
CB-1193,2025-05-05,89.5
CB-1193,2025-05-12,86.2
CB-1193,2025-05-19,83.5
CB-1193,2025-05-26,81.8
CB-1193,2025-06-02,79.0
CB-1193,2025-06-09,80.5
CB-1193,2025-06-16,80.0
CB-1193,2025-06-23,79.8
CB-1193,2025-06-30,78.0
CB-1193,2025-07-07,74.5
CB-1193,2025-07-14,72.2
CB-1193,2025-07-21,71.0
CB-1193,2025-07-28,67.5
CB-1193,2025-08-04,65.5
CB-1193,2025-08-11,61.5
CB-1193,2025-08-18,60.5
CB-1193,2025-08-25,59.2
CB-1193,2025-09-01,59.5
CB-1193,2025-09-08,57.8
CB-1193,2025-09-15,58.2
CB-1193,2025-09-22,57.2
CB-1193,2025-09-29,54.2
CB-1193,2025-10-06,57.5
CB-1193,2025-10-13,56.8
CB-1193,2025-10-20,58.8
CB-1193,2025-10-27,62.2
CB-1193,2025-11-03,62.2
CB-1193,2025-11-10,62.5
CB-1193,2025-11-17,64.2
CB-1193,2025-11-24,64.2
CB-1193,2025-12-01,64.5
CB-1193,2025-12-08,67.0
CB-1193,2025-12-15,69.5
CB-1193,2025-12-22,70.3
CB-1194,2024-01-01,121.0
CB-1194,2024-01-08,119.0
CB-1194,2024-01-15,120.0
CB-1194,2024-01-22,121.2
CB-1194,2024-01-29,123.0
CB-1194,2024-02-05,130.0
CB-1194,2024-02-12,132.0
CB-1194,2024-02-19,131.0
CB-1194,2024-02-26,134.0
CB-1194,2024-03-04,130.0
CB-1194,2024-03-11,131.2
CB-1194,2024-03-18,136.5
CB-1194,2024-03-25,133.8
CB-1194,2024-04-01,134.8
CB-1194,2024-04-08,136.8
CB-1194,2024-04-15,134.0
CB-1194,2024-04-22,138.5
CB-1194,2024-04-29,136.2
CB-1194,2024-05-06,131.0
CB-1194,2024-05-13,136.0
CB-1194,2024-05-20,127.5
CB-1194,2024-05-27,128.0
CB-1194,2024-06-03,132.8
CB-1194,2024-06-10,125.0
CB-1194,2024-06-17,129.2
CB-1194,2024-06-24,127.8
CB-1194,2024-07-01,120.2
CB-1194,2024-07-08,116.8
CB-1194,2024-07-15,106.0
CB-1194,2024-07-22,100.8
CB-1194,2024-07-29,98.2
CB-1194,2024-08-05,96.2
CB-1194,2024-08-12,102.8
CB-1194,2024-08-19,101.5
CB-1194,2024-08-26,100.0
CB-1194,2024-09-02,100.0
CB-1194,2024-09-09,94.8
CB-1194,2024-09-16,93.0
CB-1194,2024-09-23,91.0
CB-1194,2024-09-30,88.0
CB-1194,2024-10-07,88.0
CB-1194,2024-10-14,88.5
CB-1194,2024-10-21,91.0
CB-1194,2024-10-28,91.2
CB-1194,2024-11-04,92.8
CB-1194,2024-11-11,98.5
CB-1194,2024-11-18,99.5
CB-1194,2024-11-25,108.0
CB-1194,2024-12-02,111.2
CB-1194,2024-12-09,111.5
CB-1194,2024-12-16,115.8
CB-1194,2024-12-23,115.0
CB-1194,2024-12-30,113.5
CB-1194,2025-01-06,119.8
CB-1194,2025-01-13,129.2
CB-1194,2025-01-20,135.0
CB-1194,2025-01-27,145.2
CB-1194,2025-02-03,146.0
CB-1194,2025-02-10,146.8
CB-1194,2025-02-17,148.5
CB-1194,2025-02-24,150.5
CB-1194,2025-03-03,148.5
CB-1194,2025-03-10,145.5
CB-1194,2025-03-17,148.2
CB-1194,2025-03-24,151.5
CB-1194,2025-03-31,160.0
CB-1194,2025-04-07,157.2
CB-1194,2025-04-14,151.5
CB-1194,2025-04-21,149.8
CB-1194,2025-04-28,143.5
CB-1194,2025-05-05,149.5
CB-1194,2025-05-12,147.5
CB-1194,2025-05-19,143.2
CB-1194,2025-05-26,143.0
CB-1194,2025-06-02,139.0
CB-1194,2025-06-09,138.0
CB-1194,2025-06-16,130.0
CB-1194,2025-06-23,127.2
CB-1194,2025-06-30,123.5
CB-1194,2025-07-07,125.0
CB-1194,2025-07-14,125.8
CB-1194,2025-07-21,123.5
CB-1194,2025-07-28,120.0
CB-1194,2025-08-04,117.2
CB-1194,2025-08-11,115.0
CB-1194,2025-08-18,107.0
CB-1194,2025-08-25,103.5
CB-1194,2025-09-01,99.0
CB-1194,2025-09-08,98.5
CB-1194,2025-09-15,97.8
CB-1194,2025-09-22,96.5
CB-1194,2025-09-29,97.8
CB-1194,2025-10-06,96.8
CB-1194,2025-10-13,100.0
CB-1194,2025-10-20,105.8
CB-1194,2025-10-27,103.2
CB-1194,2025-11-03,108.2
CB-1194,2025-11-10,113.5
CB-1194,2025-11-17,111.8
CB-1194,2025-11-24,117.2
CB-1194,2025-12-01,118.0
CB-1194,2025-12-08,120.0
CB-1194,2025-12-15,123.0
CB-1194,2025-12-22,124.7
CB-1195,2024-01-01,96.0
CB-1195,2024-01-08,89.5
CB-1195,2024-01-15,95.0
CB-1195,2024-01-22,97.0
CB-1195,2024-01-29,96.5
CB-1195,2024-02-05,103.2
CB-1195,2024-02-12,104.8
CB-1195,2024-02-19,111.2
CB-1195,2024-02-26,116.2
CB-1195,2024-03-04,120.5
CB-1195,2024-03-11,126.2
CB-1195,2024-03-18,123.2
CB-1195,2024-03-25,125.5
CB-1195,2024-04-01,128.8
CB-1195,2024-04-08,126.2
CB-1195,2024-04-15,128.5
CB-1195,2024-04-22,127.2
CB-1195,2024-04-29,124.0
CB-1195,2024-05-06,122.2
CB-1195,2024-05-13,115.8
CB-1195,2024-05-20,114.2
CB-1195,2024-05-27,108.0
CB-1195,2024-06-03,106.2
CB-1195,2024-06-10,106.0
CB-1195,2024-06-17,105.2
CB-1195,2024-06-24,105.2
CB-1195,2024-07-01,99.8
CB-1195,2024-07-08,98.0
CB-1195,2024-07-15,95.2
CB-1195,2024-07-22,94.5
CB-1195,2024-07-29,92.8
CB-1195,2024-08-05,89.2
CB-1195,2024-08-12,89.0
CB-1195,2024-08-19,84.8
CB-1195,2024-08-26,84.5
CB-1195,2024-09-02,83.8
CB-1195,2024-09-09,79.5
CB-1195,2024-09-16,81.2
CB-1195,2024-09-23,81.0
CB-1195,2024-09-30,83.8
CB-1195,2024-10-07,83.8
CB-1195,2024-10-14,80.0
CB-1195,2024-10-21,79.5
CB-1195,2024-10-28,77.2
CB-1195,2024-11-04,79.2
CB-1195,2024-11-11,85.2
CB-1195,2024-11-18,89.0
CB-1195,2024-11-25,92.8
CB-1195,2024-12-02,93.8
CB-1195,2024-12-09,95.2
CB-1195,2024-12-16,95.5
CB-1195,2024-12-23,97.0
CB-1195,2024-12-30,103.8
CB-1195,2025-01-06,105.8
CB-1195,2025-01-13,111.0
CB-1195,2025-01-20,116.5
CB-1195,2025-01-27,119.8
CB-1195,2025-02-03,124.0
CB-1195,2025-02-10,125.8
CB-1195,2025-02-17,127.0
CB-1195,2025-02-24,127.0
CB-1195,2025-03-03,129.5
CB-1195,2025-03-10,133.2
CB-1195,2025-03-17,136.2
CB-1195,2025-03-24,138.0
CB-1195,2025-03-31,137.8
CB-1195,2025-04-07,136.0
CB-1195,2025-04-14,139.2
CB-1195,2025-04-21,137.2
CB-1195,2025-04-28,137.0
CB-1195,2025-05-05,132.2
CB-1195,2025-05-12,127.0
CB-1195,2025-05-19,123.8
CB-1195,2025-05-26,118.5
CB-1195,2025-06-02,127.5
CB-1195,2025-06-09,126.0
CB-1195,2025-06-16,128.8
CB-1195,2025-06-23,130.2
CB-1195,2025-06-30,123.5
CB-1195,2025-07-07,119.2
CB-1195,2025-07-14,116.5
CB-1195,2025-07-21,113.2
CB-1195,2025-07-28,108.0
CB-1195,2025-08-04,106.0
CB-1195,2025-08-11,99.8
CB-1195,2025-08-18,95.8
CB-1195,2025-08-25,93.5
CB-1195,2025-09-01,92.0
CB-1195,2025-09-08,94.0
CB-1195,2025-09-15,90.5
CB-1195,2025-09-22,92.0
CB-1195,2025-09-29,90.5
CB-1195,2025-10-06,89.8
CB-1195,2025-10-13,92.0
CB-1195,2025-10-20,91.8
CB-1195,2025-10-27,93.5
CB-1195,2025-11-03,89.8
CB-1195,2025-11-10,96.0
CB-1195,2025-11-17,96.0
CB-1195,2025-11-24,99.2
CB-1195,2025-12-01,103.5
CB-1195,2025-12-08,100.5
CB-1195,2025-12-15,105.5
CB-1195,2025-12-22,105.3
CB-1196,2024-01-01,38.0
CB-1196,2024-01-08,62.0
CB-1196,2024-01-15,68.3
CB-1196,2024-01-22,54.2
CB-1196,2024-01-29,63.0
CB-1196,2024-02-05,68.2
CB-1196,2024-02-12,62.8
CB-1196,2024-02-19,87.8
CB-1196,2024-02-26,97.2
CB-1196,2024-03-04,86.2
CB-1196,2024-03-11,96.0
CB-1196,2024-03-18,100.0
CB-1196,2024-03-25,89.5
CB-1196,2024-04-01,97.0
CB-1196,2024-04-08,107.5
CB-1196,2024-04-15,93.0
CB-1196,2024-04-22,104.2
CB-1196,2024-04-29,96.2
CB-1196,2024-05-06,84.0
CB-1196,2024-05-13,94.0
CB-1196,2024-05-20,69.2
CB-1196,2024-05-27,72.5
CB-1196,2024-06-03,75.5
CB-1196,2024-06-10,71.5
CB-1196,2024-06-17,85.0
CB-1196,2024-06-24,79.2
CB-1196,2024-07-01,78.0
CB-1196,2024-07-08,71.8
CB-1196,2024-07-15,77.0
CB-1196,2024-07-22,85.0
CB-1196,2024-07-29,75.5
CB-1196,2024-08-05,82.2
CB-1196,2024-08-12,73.2
CB-1196,2024-08-19,76.2
CB-1196,2024-08-26,85.2
CB-1196,2024-09-02,83.2
CB-1196,2024-09-09,84.8
CB-1196,2024-09-16,91.2
CB-1196,2024-09-23,84.0
CB-1196,2024-09-30,79.2
CB-1196,2024-10-07,80.2
CB-1196,2024-10-14,60.0
CB-1196,2024-10-21,67.5
CB-1196,2024-10-28,64.0
CB-1196,2024-11-04,71.2
CB-1196,2024-11-11,86.5
CB-1196,2024-11-18,84.8
CB-1196,2024-11-25,85.5
CB-1196,2024-12-02,79.8
CB-1196,2024-12-09,55.8
CB-1196,2024-12-16,53.5
CB-1196,2024-12-23,67.0
CB-1196,2024-12-30,70.2
CB-1196,2025-01-06,87.5
CB-1196,2025-01-13,88.8
CB-1196,2025-01-20,95.8
CB-1196,2025-01-27,99.8
CB-1196,2025-02-03,124.0
CB-1196,2025-02-10,123.5
CB-1196,2025-02-17,117.5
CB-1196,2025-02-24,115.8
CB-1196,2025-03-03,120.5
CB-1196,2025-03-10,129.0
CB-1196,2025-03-17,149.0
CB-1196,2025-03-24,150.0
CB-1196,2025-03-31,145.8
CB-1196,2025-04-07,145.5
CB-1196,2025-04-14,132.5
CB-1196,2025-04-21,124.5
CB-1196,2025-04-28,112.0
CB-1196,2025-05-05,99.8
CB-1196,2025-05-12,92.8
CB-1196,2025-05-19,89.0
CB-1196,2025-05-26,83.0
CB-1196,2025-06-02,100.5
CB-1196,2025-06-09,100.5
CB-1196,2025-06-16,101.8
CB-1196,2025-06-23,84.8
CB-1196,2025-06-30,76.8
CB-1196,2025-07-07,81.8
CB-1196,2025-07-14,82.2
CB-1196,2025-07-21,110.2
CB-1196,2025-07-28,103.8
CB-1196,2025-08-04,76.0
CB-1196,2025-08-11,70.8
CB-1196,2025-08-18,58.8
CB-1196,2025-08-25,58.0
CB-1196,2025-09-01,79.2
CB-1196,2025-09-08,81.0
CB-1196,2025-09-15,75.8
CB-1196,2025-09-22,74.2
CB-1196,2025-09-29,63.8
CB-1196,2025-10-06,69.0
CB-1196,2025-10-13,66.5
CB-1196,2025-10-20,68.5
CB-1196,2025-10-27,72.5
CB-1196,2025-11-03,78.0
CB-1196,2025-11-10,90.5
CB-1196,2025-11-17,82.8
CB-1196,2025-11-24,69.5
CB-1196,2025-12-01,78.2
CB-1196,2025-12-08,65.0
CB-1196,2025-12-15,73.5
CB-1196,2025-12-22,87.7
CB-1197,2024-01-01,39.0
CB-1197,2024-01-08,50.0
CB-1197,2024-01-15,50.3
CB-1197,2024-01-22,53.2
CB-1197,2024-01-29,54.8
CB-1197,2024-02-05,57.8
CB-1197,2024-02-12,56.5
CB-1197,2024-02-19,44.8
CB-1197,2024-02-26,49.8
CB-1197,2024-03-04,50.2
CB-1197,2024-03-11,50.8
CB-1197,2024-03-18,68.2
CB-1197,2024-03-25,62.5
CB-1197,2024-04-01,62.5
CB-1197,2024-04-08,74.8
CB-1197,2024-04-15,68.8
CB-1197,2024-04-22,72.0
CB-1197,2024-04-29,67.5
CB-1197,2024-05-06,66.0
CB-1197,2024-05-13,67.0
CB-1197,2024-05-20,77.8
CB-1197,2024-05-27,78.5
CB-1197,2024-06-03,66.2
CB-1197,2024-06-10,60.5
CB-1197,2024-06-17,49.0
CB-1197,2024-06-24,37.5
CB-1197,2024-07-01,37.0
CB-1197,2024-07-08,36.5
CB-1197,2024-07-15,36.0
CB-1197,2024-07-22,51.2
CB-1197,2024-07-29,52.2
CB-1197,2024-08-05,45.8
CB-1197,2024-08-12,40.2
CB-1197,2024-08-19,32.5
CB-1197,2024-08-26,31.8
CB-1197,2024-09-02,43.5
CB-1197,2024-09-09,49.5
CB-1197,2024-09-16,51.2
CB-1197,2024-09-23,50.0
CB-1197,2024-09-30,48.2
CB-1197,2024-10-07,42.0
CB-1197,2024-10-14,42.5
CB-1197,2024-10-21,42.5
CB-1197,2024-10-28,34.0
CB-1197,2024-11-04,40.0
CB-1197,2024-11-11,43.0
CB-1197,2024-11-18,43.5
CB-1197,2024-11-25,56.5
CB-1197,2024-12-02,48.8
CB-1197,2024-12-09,39.8
CB-1197,2024-12-16,42.5
CB-1197,2024-12-23,36.0
CB-1197,2024-12-30,41.5
CB-1197,2025-01-06,49.0
CB-1197,2025-01-13,48.5
CB-1197,2025-01-20,50.0
CB-1197,2025-01-27,56.2
CB-1197,2025-02-03,53.5
CB-1197,2025-02-10,57.0
CB-1197,2025-02-17,56.5
CB-1197,2025-02-24,49.2
CB-1197,2025-03-03,58.2
CB-1197,2025-03-10,70.0
CB-1197,2025-03-17,80.8
CB-1197,2025-03-24,90.2
CB-1197,2025-03-31,82.5
CB-1197,2025-04-07,70.8
CB-1197,2025-04-14,70.8
CB-1197,2025-04-21,55.0
CB-1197,2025-04-28,56.2
CB-1197,2025-05-05,61.5
CB-1197,2025-05-12,48.0
CB-1197,2025-05-19,63.0
CB-1197,2025-05-26,66.0
CB-1197,2025-06-02,53.0
CB-1197,2025-06-09,58.5
CB-1197,2025-06-16,51.5
CB-1197,2025-06-23,50.0
CB-1197,2025-06-30,59.2
CB-1197,2025-07-07,59.0
CB-1197,2025-07-14,61.0
CB-1197,2025-07-21,58.8
CB-1197,2025-07-28,49.2
CB-1197,2025-08-04,46.0
CB-1197,2025-08-11,41.0
CB-1197,2025-08-18,42.5
CB-1197,2025-08-25,49.0
CB-1197,2025-09-01,50.8
CB-1197,2025-09-08,59.8
CB-1197,2025-09-15,54.0
CB-1197,2025-09-22,49.0
CB-1197,2025-09-29,45.0
CB-1197,2025-10-06,32.5
CB-1197,2025-10-13,28.2
CB-1197,2025-10-20,33.2
CB-1197,2025-10-27,29.8
CB-1197,2025-11-03,32.2
CB-1197,2025-11-10,38.8
CB-1197,2025-11-17,35.8
CB-1197,2025-11-24,46.8
CB-1197,2025-12-01,53.2
CB-1197,2025-12-08,51.5
CB-1197,2025-12-15,59.8
CB-1197,2025-12-22,57.0
CB-1198,2024-01-01,106.0
CB-1198,2024-01-08,107.5
CB-1198,2024-01-15,117.3
CB-1198,2024-01-22,119.0
CB-1198,2024-01-29,123.2
CB-1198,2024-02-05,128.2
CB-1198,2024-02-12,129.0
CB-1198,2024-02-19,129.5
CB-1198,2024-02-26,131.2
CB-1198,2024-03-04,135.0
CB-1198,2024-03-11,130.5
CB-1198,2024-03-18,136.8
CB-1198,2024-03-25,134.8
CB-1198,2024-04-01,133.0
CB-1198,2024-04-08,133.0
CB-1198,2024-04-15,127.0
CB-1198,2024-04-22,134.8
CB-1198,2024-04-29,137.5
CB-1198,2024-05-06,143.8
CB-1198,2024-05-13,141.2
CB-1198,2024-05-20,132.8
CB-1198,2024-05-27,128.5
CB-1198,2024-06-03,124.8
CB-1198,2024-06-10,124.0
CB-1198,2024-06-17,122.5
CB-1198,2024-06-24,116.0
CB-1198,2024-07-01,114.8
CB-1198,2024-07-08,112.5
CB-1198,2024-07-15,110.8
CB-1198,2024-07-22,110.5
CB-1198,2024-07-29,106.0
CB-1198,2024-08-05,102.2
CB-1198,2024-08-12,101.8
CB-1198,2024-08-19,96.8
CB-1198,2024-08-26,94.5
CB-1198,2024-09-02,91.5
CB-1198,2024-09-09,87.8
CB-1198,2024-09-16,92.0
CB-1198,2024-09-23,90.5
CB-1198,2024-09-30,94.2
CB-1198,2024-10-07,92.8
CB-1198,2024-10-14,89.0
CB-1198,2024-10-21,91.5
CB-1198,2024-10-28,93.0
CB-1198,2024-11-04,98.5
CB-1198,2024-11-11,102.5
CB-1198,2024-11-18,102.0
CB-1198,2024-11-25,105.8
CB-1198,2024-12-02,107.8
CB-1198,2024-12-09,110.5
CB-1198,2024-12-16,111.2
CB-1198,2024-12-23,115.8
CB-1198,2024-12-30,120.2
CB-1198,2025-01-06,123.0
CB-1198,2025-01-13,133.5
CB-1198,2025-01-20,135.8
CB-1198,2025-01-27,139.2
CB-1198,2025-02-03,147.0
CB-1198,2025-02-10,149.2
CB-1198,2025-02-17,152.5
CB-1198,2025-02-24,153.8
CB-1198,2025-03-03,159.8
CB-1198,2025-03-10,157.5
CB-1198,2025-03-17,160.8
CB-1198,2025-03-24,162.5
CB-1198,2025-03-31,158.8
CB-1198,2025-04-07,165.2
CB-1198,2025-04-14,161.8
CB-1198,2025-04-21,163.2
CB-1198,2025-04-28,161.5
CB-1198,2025-05-05,154.2
CB-1198,2025-05-12,157.0
CB-1198,2025-05-19,155.0
CB-1198,2025-05-26,150.5
CB-1198,2025-06-02,152.8
CB-1198,2025-06-09,143.8
CB-1198,2025-06-16,138.2
CB-1198,2025-06-23,134.8
CB-1198,2025-06-30,130.0
CB-1198,2025-07-07,127.5
CB-1198,2025-07-14,125.8
CB-1198,2025-07-21,124.8
CB-1198,2025-07-28,118.5
CB-1198,2025-08-04,120.5
CB-1198,2025-08-11,114.2
CB-1198,2025-08-18,107.2
CB-1198,2025-08-25,107.5
CB-1198,2025-09-01,97.0
CB-1198,2025-09-08,99.8
CB-1198,2025-09-15,101.8
CB-1198,2025-09-22,96.5
CB-1198,2025-09-29,98.8
CB-1198,2025-10-06,92.8
CB-1198,2025-10-13,94.0
CB-1198,2025-10-20,95.0
CB-1198,2025-10-27,99.5
CB-1198,2025-11-03,104.2
CB-1198,2025-11-10,104.8
CB-1198,2025-11-17,111.8
CB-1198,2025-11-24,115.5
CB-1198,2025-12-01,122.5
CB-1198,2025-12-08,126.0
CB-1198,2025-12-15,128.8
CB-1198,2025-12-22,129.7
CB-1199,2024-01-01,19.0
CB-1199,2024-01-08,19.0
CB-1199,2024-01-15,21.3
CB-1199,2024-01-22,22.0
CB-1199,2024-01-29,24.5
CB-1199,2024-02-05,25.8
CB-1199,2024-02-12,24.2
CB-1199,2024-02-19,25.2
CB-1199,2024-02-26,22.5
CB-1199,2024-03-04,24.5
CB-1199,2024-03-11,25.5
CB-1199,2024-03-18,25.8
CB-1199,2024-03-25,28.5
CB-1199,2024-04-01,31.2
CB-1199,2024-04-08,33.0
CB-1199,2024-04-15,32.8
CB-1199,2024-04-22,30.5
CB-1199,2024-04-29,28.2
CB-1199,2024-05-06,26.5
CB-1199,2024-05-13,22.5
CB-1199,2024-05-20,23.5
CB-1199,2024-05-27,21.8
CB-1199,2024-06-03,20.0
CB-1199,2024-06-10,22.8
CB-1199,2024-06-17,22.5
CB-1199,2024-06-24,21.2
CB-1199,2024-07-01,24.8
CB-1199,2024-07-08,21.8
CB-1199,2024-07-15,24.8
CB-1199,2024-07-22,24.2
CB-1199,2024-07-29,22.2
CB-1199,2024-08-05,24.5
CB-1199,2024-08-12,17.5
CB-1199,2024-08-19,15.2
CB-1199,2024-08-26,13.2
CB-1199,2024-09-02,14.2
CB-1199,2024-09-09,14.8
CB-1199,2024-09-16,15.0
CB-1199,2024-09-23,15.8
CB-1199,2024-09-30,14.8
CB-1199,2024-10-07,17.5
CB-1199,2024-10-14,17.5
CB-1199,2024-10-21,15.0
CB-1199,2024-10-28,15.5
CB-1199,2024-11-04,17.8
CB-1199,2024-11-11,19.0
CB-1199,2024-11-18,20.0
CB-1199,2024-11-25,19.0
CB-1199,2024-12-02,18.0
CB-1199,2024-12-09,18.8
CB-1199,2024-12-16,24.2
CB-1199,2024-12-23,27.8
CB-1199,2024-12-30,28.0
CB-1199,2025-01-06,25.0
CB-1199,2025-01-13,21.5
CB-1199,2025-01-20,19.0
CB-1199,2025-01-27,17.5
CB-1199,2025-02-03,23.0
CB-1199,2025-02-10,25.8
CB-1199,2025-02-17,23.2
CB-1199,2025-02-24,27.8
CB-1199,2025-03-03,27.8
CB-1199,2025-03-10,28.5
CB-1199,2025-03-17,35.2
CB-1199,2025-03-24,31.2
CB-1199,2025-03-31,34.8
CB-1199,2025-04-07,33.5
CB-1199,2025-04-14,35.5
CB-1199,2025-04-21,35.2
CB-1199,2025-04-28,35.5
CB-1199,2025-05-05,33.2
CB-1199,2025-05-12,35.2
CB-1199,2025-05-19,34.8
CB-1199,2025-05-26,33.0
CB-1199,2025-06-02,34.0
CB-1199,2025-06-09,28.5
CB-1199,2025-06-16,30.2
CB-1199,2025-06-23,24.8
CB-1199,2025-06-30,19.0
CB-1199,2025-07-07,22.0
CB-1199,2025-07-14,21.5
CB-1199,2025-07-21,17.5
CB-1199,2025-07-28,23.2
CB-1199,2025-08-04,18.5
CB-1199,2025-08-11,16.5
CB-1199,2025-08-18,20.2
CB-1199,2025-08-25,19.2
CB-1199,2025-09-01,19.8
CB-1199,2025-09-08,20.8
CB-1199,2025-09-15,24.2
CB-1199,2025-09-22,26.0
CB-1199,2025-09-29,23.5
CB-1199,2025-10-06,20.8
CB-1199,2025-10-13,18.0
CB-1199,2025-10-20,17.2
CB-1199,2025-10-27,18.0
CB-1199,2025-11-03,22.2
CB-1199,2025-11-10,25.0
CB-1199,2025-11-17,25.8
CB-1199,2025-11-24,25.8
CB-1199,2025-12-01,26.2
CB-1199,2025-12-08,30.0
CB-1199,2025-12-15,26.2
CB-1199,2025-12-22,28.0
CB-1200,2024-01-01,89.0
CB-1200,2024-01-08,91.0
CB-1200,2024-01-15,86.3
CB-1200,2024-01-22,88.5
CB-1200,2024-01-29,88.8
CB-1200,2024-02-05,89.0
CB-1200,2024-02-12,93.2
CB-1200,2024-02-19,96.5
CB-1200,2024-02-26,98.8
CB-1200,2024-03-04,99.5
CB-1200,2024-03-11,100.5
CB-1200,2024-03-18,98.5
CB-1200,2024-03-25,97.2
CB-1200,2024-04-01,97.8
CB-1200,2024-04-08,99.2
CB-1200,2024-04-15,100.5
CB-1200,2024-04-22,104.8
CB-1200,2024-04-29,105.5
CB-1200,2024-05-06,103.2
CB-1200,2024-05-13,99.5
CB-1200,2024-05-20,96.2
CB-1200,2024-05-27,94.0
CB-1200,2024-06-03,93.0
CB-1200,2024-06-10,93.2
CB-1200,2024-06-17,91.5
CB-1200,2024-06-24,90.0
CB-1200,2024-07-01,87.5
CB-1200,2024-07-08,83.5
CB-1200,2024-07-15,79.2
CB-1200,2024-07-22,77.8
CB-1200,2024-07-29,75.2
CB-1200,2024-08-05,72.5
CB-1200,2024-08-12,73.2
CB-1200,2024-08-19,68.8
CB-1200,2024-08-26,68.0
CB-1200,2024-09-02,69.2
CB-1200,2024-09-09,66.5
CB-1200,2024-09-16,64.0
CB-1200,2024-09-23,64.0
CB-1200,2024-09-30,65.0
CB-1200,2024-10-07,66.2
CB-1200,2024-10-14,67.0
CB-1200,2024-10-21,70.0
CB-1200,2024-10-28,67.5
CB-1200,2024-11-04,66.2
CB-1200,2024-11-11,72.0
CB-1200,2024-11-18,71.8
CB-1200,2024-11-25,75.8
CB-1200,2024-12-02,78.8
CB-1200,2024-12-09,82.2
CB-1200,2024-12-16,84.2
CB-1200,2024-12-23,84.2
CB-1200,2024-12-30,90.2
CB-1200,2025-01-06,91.2
CB-1200,2025-01-13,96.2
CB-1200,2025-01-20,103.0
CB-1200,2025-01-27,108.5
CB-1200,2025-02-03,110.2
CB-1200,2025-02-10,110.8
CB-1200,2025-02-17,113.5
CB-1200,2025-02-24,109.8
CB-1200,2025-03-03,114.0
CB-1200,2025-03-10,108.8
CB-1200,2025-03-17,108.2
CB-1200,2025-03-24,109.8
CB-1200,2025-03-31,108.0
CB-1200,2025-04-07,112.8
CB-1200,2025-04-14,114.8
CB-1200,2025-04-21,113.2
CB-1200,2025-04-28,113.5
CB-1200,2025-05-05,114.5
CB-1200,2025-05-12,112.2
CB-1200,2025-05-19,115.0
CB-1200,2025-05-26,113.0
CB-1200,2025-06-02,112.8
CB-1200,2025-06-09,109.8
CB-1200,2025-06-16,103.2
CB-1200,2025-06-23,100.0
CB-1200,2025-06-30,95.0
CB-1200,2025-07-07,93.0
CB-1200,2025-07-14,91.5
CB-1200,2025-07-21,87.8
CB-1200,2025-07-28,85.5
CB-1200,2025-08-04,79.8
CB-1200,2025-08-11,77.0
CB-1200,2025-08-18,76.5
CB-1200,2025-08-25,77.8
CB-1200,2025-09-01,80.5
CB-1200,2025-09-08,78.2
CB-1200,2025-09-15,77.8
CB-1200,2025-09-22,75.0
CB-1200,2025-09-29,72.5
CB-1200,2025-10-06,73.8
CB-1200,2025-10-13,73.2
CB-1200,2025-10-20,76.5
CB-1200,2025-10-27,77.5
CB-1200,2025-11-03,80.0
CB-1200,2025-11-10,78.2
CB-1200,2025-11-17,79.0
CB-1200,2025-11-24,84.0
CB-1200,2025-12-01,84.0
CB-1200,2025-12-08,90.0
CB-1200,2025-12-15,92.5
CB-1200,2025-12-22,91.3
